Date,PortfolioValue
2007-10-17,0.9795855710540322
2007-10-18,0.9405327173363386
2007-10-19,0.9151545032192542
2007-10-22,0.9093106621339012
2007-10-23,0.9633783386213249
2007-10-24,0.9675823915607963
2007-10-25,0.9812189300340282
2007-10-26,1.0062181213456303
2007-10-29,1.0444443714785185
2007-10-30,1.0374540276703934
2007-10-31,1.0434540688763774
2007-11-01,1.0370192325810994
2007-11-02,1.0494233515090001
2007-11-05,1.03340595262138
2007-11-06,1.0219729735300815
2007-11-07,1.0211931381075394
2007-11-08,1.0054840159191254
2007-11-12,0.9901557557397335
2007-11-13,1.0048414221862438
2007-11-14,1.0503639821816886
2007-11-15,1.0455081351746482
2007-11-16,1.0445202952621608
2007-11-19,1.0446707779384194
2007-11-20,1.0208226500392972
2007-11-21,0.9795156990922149
2007-11-22,0.9717006943102329
2007-11-23,0.9884190831966837
2007-11-26,1.0115017866334268
2007-11-27,1.0052020682860832
2007-11-28,0.9900735393816006
2007-11-29,0.9932709174808794
2007-11-30,1.0173070466253884
2007-12-03,1.0365126173738266
2007-12-04,1.0352621756047984
2007-12-05,1.050614435813478
2007-12-06,1.0533808783384753
2007-12-07,1.0570699286109115
2007-12-10,1.0544908201077245
2007-12-11,1.080212763100705
2007-12-12,1.0919093014406958
2007-12-13,1.072820612331702
2007-12-14,1.0708610388509594
2007-12-17,1.0198607000246047
2007-12-18,1.0133427348396868
2007-12-19,1.015004463788983
2007-12-20,1.0178869420152832
2007-12-24,1.0589431870101544
2007-12-26,1.0750670738852142
2007-12-27,1.0770926254548059
2007-12-28,1.0767534617677288
2007-12-31,1.087852626972982
2008-01-01,1.0889368289515995
2008-01-02,1.0955461060939067
2008-01-03,1.095385746552835
2008-01-04,1.1134475430285458
2008-01-07,1.1143539304424819
2008-01-08,1.116006179161417
2008-01-09,1.113012963630582
2008-01-10,1.0912898693669508
2008-01-11,1.099427461678926
2008-01-14,1.1006915147834273
2008-01-15,1.075681232078955
2008-01-16,1.049584728134586
2008-01-17,1.0453421845331452
2008-01-18,1.0062371361722569
2008-01-21,0.9130657082813346
2008-01-22,0.8553403485944213
2008-01-23,0.9118292502571577
2008-01-24,0.8801417220389519
2008-01-25,0.9452404169780625
2008-01-28,0.9248299598171581
2008-01-29,0.926079962549119
2008-01-30,0.9049579296521819
2008-01-31,0.8993401198718833
2008-02-01,0.9328295059963886
2008-02-04,0.9601288805655921
2008-02-05,0.9639432987346436
2008-02-06,0.9337665233671911
2008-02-07,0.8984310950648919
2008-02-08,0.8960288328556061
2008-02-11,0.8469948195933246
2008-02-12,0.8435158106061129
2008-02-13,0.8604335495207519
2008-02-14,0.911051709704479
2008-02-15,0.9298537532196276
2008-02-18,0.9250029216552417
2008-02-19,0.92573029872912
2008-02-20,0.902163515556438
2008-02-21,0.9091190515793707
2008-02-22,0.8940183744543064
2008-02-25,0.9107603053936827
2008-02-26,0.9236822514124765
2008-02-27,0.9233745654048835
2008-02-28,0.9264888790808905
2008-02-29,0.9149991438149142
2008-03-03,0.8645831902244753
2008-03-04,0.848099727544706
2008-03-05,0.8587017362551516
2008-03-07,0.8308913795185019
2008-03-10,0.8362273250148046
2008-03-11,0.8483676374722059
2008-03-12,0.8494992541465023
2008-03-13,0.8034154023804044
2008-03-14,0.826008286865187
2008-03-17,0.7810628226575633
2008-03-18,0.7865808743372322
2008-03-19,0.7941414570464557
2008-03-24,0.8007734084031853
2008-03-25,0.8502422290588236
2008-03-26,0.8412188543171265
2008-03-27,0.841478334767369
2008-03-28,0.862192264058919
2008-03-31,0.8236744963416127
2008-04-01,0.8246092511486434
2008-04-02,0.8273213277004524
2008-04-03,0.8305430284154874
2008-04-04,0.8074671570701369
2008-04-07,0.8285806782874324
2008-04-08,0.8190353443885554
2008-04-09,0.8259556634044868
2008-04-10,0.8233546363945611
2008-04-11,0.8316468060587405
2008-04-15,0.8505099488933517
2008-04-16,0.8519286413293373
2008-04-17,0.8651156430653301
2008-04-21,0.8797070553337383
2008-04-22,0.8819926855422833
2008-04-23,0.8770675143851927
2008-04-24,0.8728036249899012
2008-04-25,0.8935784585519495
2008-04-28,0.8894771418322868
2008-04-29,0.9091596197545264
2008-04-30,0.9036484021246999
2008-05-02,0.9152437882486729
2008-05-05,0.908547602948418
2008-05-06,0.89968540260719
2008-05-07,0.8979828798138128
2008-05-08,0.8879734889125002
2008-05-09,0.8695485239451317
2008-05-12,0.875128355281752
2008-05-13,0.8649395464098196
2008-05-14,0.8749540959067477
2008-05-15,0.894179604932065
2008-05-16,0.9020750972739339
2008-05-20,0.8922587324228689
2008-05-21,0.8946204862509036
2008-05-22,0.8774714611705773
2008-05-23,0.8628133230908345
2008-05-26,0.8495435918722675
2008-05-27,0.84671599115556
2008-05-28,0.85756999780221
2008-05-29,0.8421624708499196
2008-05-30,0.8486115395774174
2008-06-02,0.8244166755847635
2008-06-03,0.8200303726645537
2008-06-04,0.7959229516455343
2008-06-05,0.8127933560923217
2008-06-06,0.8037049860488046
2008-06-09,0.7802652422013566
2008-06-10,0.7708305304426182
2008-06-11,0.7844330120928307
2008-06-12,0.787339000273232
2008-06-13,0.7832328037712057
2008-06-16,0.7934535306041459
2008-06-17,0.8083164899925124
2008-06-18,0.7952669465987903
2008-06-19,0.7808361597157477
2008-06-20,0.7519327822003946
2008-06-23,0.7369991970410754
2008-06-24,0.7231590427513921
2008-06-25,0.7344589296062897
2008-06-26,0.7460725581892858
2008-06-27,0.7131119800396098
2008-06-30,0.6954851864312501
2008-07-01,0.6691492930693874
2008-07-02,0.7050700795225474
2008-07-03,0.6743537519936246
2008-07-04,0.6908488149469302
2008-07-07,0.6934112860493827
2008-07-08,0.6858228634088133
2008-07-09,0.7166595299028183
2008-07-10,0.7175950271598271
2008-07-11,0.6968293900936872
2008-07-14,0.6951264258103285
2008-07-15,0.6624272040854533
2008-07-16,0.6543222020242507
2008-07-17,0.6781265218706604
2008-07-18,0.704640879554742
2008-07-21,0.7169616990295199
2008-07-22,0.7317436590407844
2008-07-23,0.7752069099297619
2008-07-24,0.7672383893039803
2008-07-25,0.7448300385333914
2008-07-28,0.7485518998334776
2008-07-29,0.7223991513527369
2008-07-30,0.7450920012691548
2008-07-31,0.7486575566536193
2008-08-01,0.7634750274648887
2008-08-04,0.7601252741197086
2008-08-05,0.7799059803028573
2008-08-06,0.782614955747488
2008-08-07,0.783776264145611
2008-08-08,0.7848177814038257
2008-08-11,0.8015758365329194
2008-08-12,0.7889960892452188
2008-08-13,0.7847176830445378
2008-08-14,0.7665867309675017
2008-08-18,0.7596556647552211
2008-08-19,0.7550927690489858
2008-08-20,0.7638290795961695
2008-08-21,0.739553041371533
2008-08-22,0.7475617805833451
2008-08-25,0.7490138198542619
2008-08-26,0.7494090281185282
2008-08-27,0.7410630742556116
2008-08-28,0.7267154981577395
2008-08-29,0.7535049837642454
2008-09-01,0.7514178952597024
2008-09-02,0.7799793449456152
2008-09-04,0.7696148325577389
2008-09-05,0.7520416059167749
2008-09-08,0.7759421641500047
2008-09-09,0.7734372288533046
2008-09-10,0.7608317260459823
2008-09-11,0.7406039146536888
2008-09-12,0.7292439507671689
2008-09-15,0.7007006576775826
2008-09-16,0.7010667582534106
2008-09-17,0.6888660912068943
2008-09-18,0.6943336240957427
2008-09-19,0.7322221485396335
2008-09-22,0.728147989163592
2008-09-23,0.7105085843707846
2008-09-24,0.7168009651858734
2008-09-25,0.7075086050376105
2008-09-26,0.6845617150424973
2008-09-29,0.659851575423516
2008-09-30,0.672826230435529
2008-10-01,0.678221134876827
2008-10-03,0.6540283869188818
2008-10-06,0.614671450642393
2008-10-07,0.6154430425822252
2008-10-08,0.5985665648390891
2008-10-10,0.5562067339967516
2008-10-13,0.5942325232541157
2008-10-14,0.5992950412411974
2008-10-15,0.5666301265809108
2008-10-16,0.5541511187560343
2008-10-17,0.5189919829247104
2008-10-20,0.5276944481938729
2008-10-21,0.5478495511339884
2008-10-22,0.5172614953005378
2008-10-23,0.4953556563297813
2008-10-24,0.43103919751683245
2008-10-27,0.42042548249280914
2008-10-29,0.45105756580116546
2008-10-31,0.4846090118942825
2008-11-03,0.5128864909084435
2008-11-04,0.5305010666156609
2008-11-05,0.5040667205097
2008-11-06,0.48574712311307694
2008-11-07,0.5001034189740268
2008-11-10,0.5314698112116356
2008-11-11,0.49382176029810865
2008-11-12,0.4776941394667345
2008-11-14,0.4708957466628584
2008-11-17,0.4689702991276668
2008-11-18,0.4482234447977818
2008-11-19,0.4396651612515564
2008-11-20,0.42513393502267666
2008-11-21,0.4499909462548863
2008-11-24,0.45262181778981775
2008-11-25,0.4429749105373618
2008-11-26,0.46042318152370487
2008-11-28,0.46093048830779015
2008-12-01,0.44807827118746324
2008-12-02,0.443617990096101
2008-12-03,0.4433782207515497
2008-12-04,0.4667399700905594
2008-12-05,0.45362998363038015
2008-12-08,0.46600595791690363
2008-12-10,0.4916968797678383
2008-12-11,0.4902497043289346
2008-12-12,0.4904640949333352
2008-12-15,0.5011553411939677
2008-12-16,0.5119855638066388
2008-12-17,0.49633295345802075
2008-12-18,0.5153522306927267
2008-12-19,0.5183530009142103
2008-12-22,0.51150707821023
2008-12-23,0.4988558477999955
2008-12-24,0.4895942517685879
2008-12-26,0.4789501063542576
2008-12-29,0.4905342114647126
2008-12-30,0.500768460784306
2008-12-31,0.49712929614149387
2009-01-02,0.5127877403609042
2009-01-05,0.5261648645729831
2009-01-06,0.5246134841723625
2009-01-07,0.4901122007507601
2009-01-09,0.48164826684149475
2009-01-12,0.46382853897164517
2009-01-13,0.4588188102670698
2009-01-14,0.4748873732116982
2009-01-15,0.45731580309059366
2009-01-16,0.4736289116249045
2009-01-19,0.47679140549234655
2009-01-20,0.4679507384734168
2009-01-21,0.45184721519400656
2009-01-22,0.45320631433860026
2009-01-23,0.4469427887583264
2009-01-27,0.46341841767074793
2009-01-28,0.4773228084510067
2009-01-29,0.4727689776699175
2009-01-30,0.481826833312324
2009-02-02,0.4625403929381447
2009-02-03,0.46560889335259714
2009-02-04,0.469016750484572
2009-02-05,0.4649220045050427
2009-02-06,0.47614101468938086
2009-02-09,0.4898260268096242
2009-02-10,0.4924320080354701
2009-02-11,0.4908607812639522
2009-02-12,0.48503234482895013
2009-02-13,0.4948969997298792
2009-02-16,0.4770639389021336
2009-02-17,0.46316452151847
2009-02-18,0.4641695067961714
2009-02-19,0.46651781815492505
2009-02-20,0.45710404537725186
2009-02-24,0.4566508163885872
2009-02-25,0.46173370711183276
2009-02-26,0.4658506996921324
2009-02-27,0.46193612551351126
2009-03-02,0.4460991042213839
2009-03-03,0.43683536649310784
2009-03-04,0.44087643559485723
2009-03-05,0.42872883287104047
2009-03-06,0.43642101862354826
2009-03-09,0.42809151721608907
2009-03-12,0.43593334621509
2009-03-13,0.45397312963441233
2009-03-16,0.4642758196320215
2009-03-17,0.4607539848429563
2009-03-18,0.4673765976767831
2009-03-19,0.46959194105553603
2009-03-20,0.4695741680851007
2009-03-23,0.4932201171400547
2009-03-24,0.4930059201122117
2009-03-25,0.5011544768164673
2009-03-26,0.5186467290620026
2009-03-27,0.5233733168696183
2009-03-30,0.49999614862072994
2009-03-31,0.5076416504706242
2009-04-01,0.5146861992645636
2009-04-02,0.5416527966507525
2009-04-06,0.5498281096672449
2009-04-08,0.5653400362545844
2009-04-09,0.5651781101461291
2009-04-13,0.5724744556838616
2009-04-15,0.5907607698220854
2009-04-16,0.5700769791928318
2009-04-17,0.5727591911420142
2009-04-20,0.5714447435911093
2009-04-21,0.5693202484545705
2009-04-22,0.563020220003963
2009-04-23,0.5798209703549214
2009-04-24,0.5901010355800218
2009-04-27,0.5881619202614944
2009-04-28,0.5687475773311532
2009-04-29,0.5888330418783817
2009-05-04,0.6213046267531263
2009-05-05,0.6227338477748017
2009-05-06,0.6160661885297858
2009-05-07,0.6267076280542513
2009-05-08,0.6152679044828397
2009-05-11,0.6033166402196513
2009-05-12,0.6261614059530868
2009-05-13,0.6178630786204206
2009-05-14,0.6103038691866329
2009-05-15,0.6244351859873989
2009-05-18,0.7423265930383307
2009-05-19,0.7414679609036143
2009-05-20,0.7326715417160817
2009-05-21,0.721827821204716
2009-05-22,0.7268617949449253
2009-05-25,0.7266884168740755
2009-05-26,0.7046378224627797
2009-05-27,0.7336586199085079
2009-05-28,0.7448036347182106
2009-05-29,0.7652407849513009
2009-06-01,0.7800556422922589
2009-06-02,0.7792036759516446
2009-06-03,0.7802022082325953
2009-06-04,0.7878884211399053
2009-06-05,0.7905009028510462
2009-06-08,0.7617120481494236
2009-06-09,0.7838585116385721
2009-06-10,0.8029729137901921
2009-06-11,0.7997520541272357
2009-06-12,0.789788908121803
2009-06-15,0.7715646077550604
2009-06-16,0.7777527816981574
2009-06-17,0.7481432413666727
2009-06-18,0.7290016694068974
2009-06-19,0.7403499467476728
2009-06-22,0.72604196626029
2009-06-23,0.7281851636305009
2009-06-24,0.7365679530168925
2009-06-25,0.7272392701892996
2009-06-26,0.751619190350723
2009-06-29,0.7544430673344278
2009-06-30,0.736189065791037
2009-07-01,0.7452796121287695
2009-07-02,0.7467319206830605
2009-07-03,0.7605072721991136
2009-07-06,0.7132194238364089
2009-07-07,0.7198594657621387
2009-07-08,0.6973945530829259
2009-07-09,0.697767495118139
2009-07-10,0.6837502066175647
2009-07-13,0.6783264762489146
2009-07-14,0.7032710027717495
2009-07-15,0.7254933858059707
2009-07-16,0.7251104596681316
2009-07-17,0.751284201192681
2009-07-20,0.774543708338286
2009-07-21,0.7684757833267712
2009-07-22,0.7556320862885586
2009-07-23,0.7784510977093051
2009-07-24,0.7866536779564142
2009-07-27,0.7873407117656605
2009-07-28,0.7858383726569895
2009-07-29,0.7765685579310372
2009-07-30,0.7871772755072887
2009-07-31,0.7990862273821021
2009-08-03,0.8128304320609449
2009-08-04,0.8071582688167104
2009-08-05,0.8096628644719177
2009-08-06,0.7897231821572349
2009-08-07,0.7706474615054965
2009-08-10,0.7626424541161049
2009-08-11,0.768804742047143
2009-08-12,0.7662709449082744
2009-08-13,0.7932498707846412
2009-08-14,0.7886769260469682
2009-08-17,0.7534714087200186
2009-08-18,0.766443501376449
2009-08-19,0.7545921534523152
2009-08-20,0.7654365503688363
2009-08-21,0.7792161065477322
2009-08-24,0.8000860502272885
2009-08-25,0.8031206684038596
2009-08-26,0.8070637480234074
2009-08-27,0.808412145229541
2009-08-28,0.8165123883907313
2009-08-31,0.8036158288118278
2009-09-01,0.7968757362612631
2009-09-02,0.7937594557607238
2009-09-03,0.79104704544758
2009-09-04,0.8069605496213402
2009-09-07,0.8257638825368958
2009-09-08,0.8298695677143518
2009-09-09,0.8315233486790119
2009-09-10,0.8324697741743535
2009-09-11,0.8343352043641139
2009-09-14,0.8304843818552619
2009-09-15,0.8458284639005772
2009-09-16,0.8580251216814532
2009-09-17,0.8593415590181119
2009-09-18,0.86127499323486
2009-09-22,0.8694057935941147
2009-09-23,0.8601464715846646
2009-09-24,0.8632032212389504
2009-09-25,0.8581197841330934
2009-09-29,0.8669390903942341
2009-09-30,0.8811434138331797
2009-10-01,0.8810419337291507
2009-10-05,0.8662523240329769
2009-10-06,0.8707104082477294
2009-10-07,0.8630352750884395
2009-10-08,0.8660742255551601
2009-10-09,0.8555646419079577
2009-10-12,0.8756387135797044
2009-10-14,0.8874270287261714
2009-10-15,0.8857020920443512
2009-10-16,0.8918446296611962
2009-10-20,0.8867329777460303
2009-10-21,0.8773524488472972
2009-10-22,0.8635257792707601
2009-10-23,0.8650820311745233
2009-10-26,0.8602652677929419
2009-10-27,0.837395615035279
2009-10-28,0.8336177697186877
2009-10-29,0.8197236786558985
2009-10-30,0.8125910126349459
2009-11-03,0.7854696635301903
2009-11-04,0.8123699212424543
2009-11-05,0.822415730734288
2009-11-06,0.8280345211948
2009-11-09,0.8468173343956228
2009-11-10,0.8437455835825934
2009-11-11,0.8662273744849321
2009-11-12,0.8567784930610939
2009-11-13,0.8653007827778197
2009-11-16,0.8761854341898965
2009-11-17,0.8769595822710333
2009-11-18,0.8755679857530548
2009-11-19,0.8634591396258005
2009-11-20,0.8751434444406033
2009-11-23,0.8845609613998529
2009-11-24,0.8821635620040744
2009-11-25,0.8854087594824702
2009-11-26,0.8664866486109153
2009-11-27,0.8547357503692985
2009-11-30,0.8714734728313028
2009-12-01,0.8879264785735888
2009-12-02,0.8881570412866896
2009-12-03,0.8897157055909758
2009-12-04,0.8855096787841378
2009-12-07,0.8777272172532433
2009-12-08,0.892703338793204
2009-12-09,0.8860702516243506
2009-12-10,0.890247451657177
2009-12-11,0.8870467628329313
2009-12-14,0.8849073694605223
2009-12-15,0.8715099213399342
2009-12-16,0.8731680767984752
2009-12-17,0.8731128346240297
2009-12-18,0.8631536261775182
2009-12-21,0.8566905732654712
2009-12-22,0.8628101869034324
2009-12-23,0.8920403614604986
2009-12-24,0.8982761115559731
2009-12-29,0.9000387879437348
2009-12-30,0.8966238817023658
2009-12-31,0.9024555026682055
2010-01-04,0.9082064568802463
2010-01-05,0.9166467062153335
2010-01-06,0.9173673757992906
2010-01-07,0.9139116618538298
2010-01-08,0.9105213269788047
2010-01-11,0.9113802431728087
2010-01-12,0.9041758702398544
2010-01-13,0.9085241732279137
2010-01-14,0.9133168814314818
2010-01-15,0.9118943566711036
2010-01-18,0.9160785449482605
2010-01-19,0.9069871391227816
2010-01-20,0.9062577364849015
2010-01-21,0.8827038334762493
2010-01-22,0.8719828676955335
2010-01-25,0.8668059449044339
2010-01-27,0.8382971881841497
2010-01-28,0.8408977898177742
2010-01-29,0.8436183426816596
2010-02-01,0.8468635299064777
2010-02-02,0.8340639593034604
2010-02-03,0.8527586924428268
2010-02-04,0.8368448877927288
2010-02-05,0.8135618996200331
2010-02-08,0.8212208799328065
2010-02-09,0.8271404190160966
2010-02-10,0.8206307663526818
2010-02-11,0.8334145233557645
2010-02-15,0.8288400982188161
2010-02-16,0.8387205187432398
2010-02-17,0.8494258104717408
2010-02-18,0.84459787744641
2010-02-19,0.8367195424197238
2010-02-22,0.8388327130790586
2010-02-23,0.8413413169577947
2010-02-24,0.8392366915134093
2010-02-25,0.8394480286873193
2010-02-26,0.8509440476378906
2010-03-02,0.8683631369323682
2010-03-03,0.8814570394403501
2010-03-04,0.8800100605633999
2010-03-05,0.8815674991401637
2010-03-08,0.8880742268981596
2010-03-09,0.8839250276413404
2010-03-10,0.886644290482427
2010-03-11,0.889806575012527
2010-03-12,0.8904705419011841
2010-03-15,0.8889765719101824
2010-03-16,0.901738463193807
2010-03-17,0.907977129763854
2010-03-18,0.9105622761881775
2010-03-19,0.9136834321990039
2010-03-22,0.903043470462369
2010-03-23,0.906753697317168
2010-03-25,0.9132344891883796
2010-03-26,0.9172243788554642
2010-03-29,0.9210767392900772
2010-03-30,0.913610388205347
2010-03-31,0.9111443539729256
2010-04-01,0.9187905121551811
2010-04-05,0.9331850698352138
2010-04-06,0.9327411974572396
2010-04-07,0.9343409887295611
2010-04-08,0.9213562818892251
2010-04-09,0.9319459413584541
2010-04-12,0.9278680980331624
2010-04-13,0.9247712078261685
2010-04-15,0.915648756779888
2010-04-16,0.9136166055263043
2010-04-19,0.9027275430053696
2010-04-20,0.9076097831199315
2010-04-21,0.910342450544498
2010-04-22,0.9148578019151473
2010-04-23,0.9212771803472345
2010-04-26,0.9246684210054522
2010-04-27,0.9220620384017526
2010-04-28,0.9048925454447458
2010-04-29,0.9120367604018332
2010-04-30,0.9164417174059446
2010-05-03,0.9062344527603543
2010-05-04,0.8925262847957813
2010-05-05,0.8881732140449228
2010-05-06,0.8818945313299561
2010-05-07,0.8684761201660322
2010-05-10,0.9008031720755595
2010-05-11,0.8902010075843357
2010-05-12,0.8939814783156453
2010-05-13,0.8980857161286536
2010-05-14,0.8823285079049902
2010-05-17,0.8761355779416147
2010-05-18,0.8772963094239162
2010-05-19,0.8502945369144715
2010-05-20,0.8554345197136903
2010-05-21,0.8524082692516283
2010-05-24,0.8547625648301737
2010-05-25,0.8295238193483497
2010-05-26,0.8498413062776227
2010-05-27,0.8656002007526025
2010-05-28,0.8772803772568726
2010-05-31,0.8809189815454596
2010-06-01,0.8595242717948343
2010-06-02,0.8686600235405182
2010-06-03,0.8853504739000684
2010-06-04,0.8899586966973958
2010-06-07,0.8712434831040686
2010-06-08,0.8626069409370399
2010-06-09,0.8650361829486467
2010-06-10,0.8794488131724004
2010-06-11,0.8869570124612411
2010-06-14,0.9014003949061833
2010-06-15,0.9059488441140902
2010-06-16,0.9079791992364459
2010-06-17,0.915640205814133
2010-06-18,0.9133776857004555
2010-06-21,0.9301270195906158
2010-06-22,0.9233331115251295
2010-06-23,0.9245527202226234
2010-06-24,0.9240815134460133
2010-06-25,0.9145552534620758
2010-06-28,0.9264578992854898
2010-06-29,0.9121618550445371
2010-06-30,0.9225668162502141
2010-07-01,0.9112771158056756
2010-07-02,0.9086368533127273
2010-07-05,0.9084152924605822
2010-07-06,0.9182268329447866
2010-07-07,0.9093695624243607
2010-07-08,0.9196616733741231
2010-07-09,0.9299330247798961
2010-07-12,0.9355804319676998
2010-07-13,0.9388443608303279
2010-07-14,0.9361623705030889
2010-07-15,0.9347938844971454
2010-07-16,0.937595354424101
2010-07-19,0.9362175315642131
2010-07-20,0.9328054711143958
2010-07-21,0.9386018812002748
2010-07-22,0.9464812631749877
2010-07-23,0.9478043830592185
2010-07-26,0.9421597541686121
2010-07-27,0.9443797917289459
2010-07-28,0.9382645193767565
2010-07-29,0.9403637969273793
2010-07-30,0.9327240920469319
2010-08-02,0.944566294466176
2010-08-03,0.9460280139144411
2010-08-04,0.9512649056885917
2010-08-05,0.9474239030618382
2010-08-06,0.9459711370561973
2010-08-09,0.9546497922017797
2010-08-10,0.9499378405287513
2010-08-11,0.9425156189941565
2010-08-12,0.941747867461302
2010-08-13,0.9483429443599727
2010-08-16,0.9420874204367151
2010-08-17,0.9413196919102665
2010-08-18,0.9533440486544957
2010-08-19,0.9646463233350963
2010-08-20,0.9628770253723056
2010-08-23,0.9652573857500365
2010-08-24,0.9581431077906706
2010-08-25,0.9502264311403185
2010-08-26,0.9531045858902891
2010-08-27,0.9402939009409341
2010-08-30,0.9415424801841339
2010-08-31,0.9391283135551778
2010-09-01,0.9519738813253448
2010-09-02,0.9546209339507947
2010-09-03,0.9533712255633688
2010-09-06,0.9714304563617094
2010-09-07,0.9764437219273131
2010-09-08,0.9771574987868972
2010-09-09,0.9831273254500805
2010-09-13,1.0053742209901904
2010-09-14,1.011976351555202
2010-09-15,1.0241269506501307
2010-09-16,1.0181310129585404
2010-09-17,1.0285853405244996
2010-09-20,1.0463453232180873
2010-09-21,1.0516693825775876
2010-09-22,1.048308235152835
2010-09-23,1.0424528609811061
2010-09-24,1.0533871983850276
2010-09-27,1.0566183532164026
2010-09-28,1.0554728298380218
2010-09-29,1.0483578615297628
2010-09-30,1.0555537433056021
2010-10-01,1.076684333714221
2010-10-04,1.079677316365307
2010-10-05,1.077131431632806
2010-10-06,1.0847119104950735
2010-10-07,1.0723710077727406
2010-10-08,1.0692297481473825
2010-10-11,1.0752689696313864
2010-10-12,1.0668875886340339
2010-10-13,1.0935386718874922
2010-10-14,1.0829839435735535
2010-10-15,1.0615882885064047
2010-10-18,1.0640662609025144
2010-10-19,1.0550009557593145
2010-10-20,1.0465829870592835
2010-10-21,1.0688092063287287
2010-10-22,1.0622019093028194
2010-10-25,1.0696078438069077
2010-10-26,1.0651717876080757
2010-10-27,1.0522488292702352
2010-10-28,1.0476030388668571
2010-10-29,1.053187735479892
2010-11-01,1.0717813252118102
2010-11-02,1.0720516568005822
2010-11-03,1.0797878086158603
2010-11-04,1.1024094538569198
2010-11-08,1.1008036992020012
2010-11-09,1.106096791172425
2010-11-10,1.1012690789739095
2010-11-11,1.0860613271972923
2010-11-12,1.0631896473069637
2010-11-15,1.072496071326863
2010-11-16,1.0477220193461338
2010-11-18,1.0496020273749291
2010-11-19,1.0294029441593853
2010-11-22,1.0516608598445867
2010-11-23,1.037650497381306
2010-11-24,1.0248142112840408
2010-11-25,1.0125452681526066
2010-11-26,1.003666086828849
2010-11-29,1.0181567273089223
2010-11-30,1.0242330111798672
2010-12-01,1.0424867950147385
2010-12-02,1.0519397279846792
2010-12-03,1.0484208358777798
2010-12-06,1.0483184933971048
2010-12-07,1.045396023770139
2010-12-08,1.0318379136718003
2010-12-09,1.0063236203381798
2010-12-10,1.023192739132792
2010-12-13,1.0325417183296928
2010-12-14,1.039320229952872
2010-12-15,1.0296833353224994
2010-12-16,1.0401793861454185
2010-12-20,1.0398630688290178
2010-12-21,1.0498350577573896
2010-12-22,1.0468101107193137
2010-12-23,1.0459912086532417
2010-12-24,1.05187228616141
2010-12-27,1.0493589630406135
2010-12-28,1.0489680398042893
2010-12-29,1.0609462373244478
2010-12-30,1.068676342235947
2010-12-31,1.0747606079950893
2011-01-03,1.0790667466864075
2011-01-04,1.076969106574515
2011-01-05,1.0645617989267129
2011-01-06,1.0586839299410058
2011-01-07,1.0319302486099673
2011-01-10,1.0055715145074442
2011-01-11,1.0039469935427445
2011-01-12,1.0242097418731753
2011-01-13,1.0035139179728034
2011-01-14,0.9854425886615609
2011-01-17,0.9854797104444445
2011-01-18,0.9983298521395787
2011-01-19,0.9922059784899087
2011-01-20,0.9960181207474259
2011-01-21,0.9932163613885641
2011-01-24,1.0018891549018072
2011-01-25,0.9915227654883058
2011-01-27,0.9761081716459885
2011-01-28,0.9590311119807492
2011-01-31,0.9578741120791391
2011-02-01,0.9414552166184592
2011-02-02,0.9441918863752461
2011-02-03,0.9617154064107826
2011-02-04,0.9374610543581006
2011-02-07,0.9375072693681472
2011-02-08,0.9220806171667495
2011-02-09,0.9111848072541185
2011-02-10,0.9060637665065882
2011-02-11,0.9215969589154075
2011-02-14,0.9485582692705403
2011-02-15,0.9531828385452098
2011-02-16,0.9533124004246947
2011-02-17,0.9652936292724563
2011-02-18,0.9490906825731031
2011-02-21,0.9601251135595862
2011-02-22,0.9509804733405376
2011-02-23,0.9450879654171324
2011-02-24,0.912788531492967
2011-02-25,0.920327138101382
2011-02-28,0.9258108737411402
2011-03-01,0.9607287801226634
2011-03-03,0.9633018373944435
2011-03-04,0.9637738995068771
2011-03-07,0.949777143816473
2011-03-08,0.9604411110230234
2011-03-09,0.962329184354813
2011-03-10,0.9555536450272347
2011-03-11,0.94649576565846
2011-03-14,0.9624096574972818
2011-03-15,0.9472573810412817
2011-03-16,0.9586314573758292
2011-03-17,0.9466940285592388
2011-03-18,0.9332029908242754
2011-03-21,0.9315492142738047
2011-03-22,0.9406207392219501
2011-03-23,0.9528956230925121
2011-03-24,0.9606936218579684
2011-03-25,0.9850986402025348
2011-03-28,0.9912159472644425
2011-03-29,1.0003211568115697
2011-03-30,1.0098394952947014
2011-03-31,1.018397914850898
2011-04-01,1.0169676612279956
2011-04-04,1.0322716221637374
2011-04-05,1.0325689776653664
2011-04-06,1.0291671209701434
2011-04-07,1.0280427112926593
2011-04-08,1.0199211780183979
2011-04-11,1.0094630591620641
2011-04-13,1.0328167808351887
2011-04-15,1.0166531924823428
2011-04-18,0.9989265415312736
2011-04-19,1.0010878216332844
2011-04-20,1.021664550514123
2011-04-21,1.027804247407019
2011-04-25,1.0259086933164785
2011-04-26,1.0247752071676273
2011-04-27,1.0183650359232161
2011-04-28,1.009366387381217
2011-04-29,1.0026928736068397
2011-05-02,0.9937489459859223
2011-05-03,0.9685174876626559
2011-05-04,0.9633142669828746
2011-05-05,0.9490055156599041
2011-05-06,0.9659459906038517
2011-05-09,0.9658811753498068
2011-05-10,0.9640575870063898
2011-05-11,0.9684632396558936
2011-05-12,0.9538538464235183
2011-05-13,0.964694466719368
2011-05-16,0.9562253026901575
2011-05-17,0.9451149015637215
2011-05-18,0.9417221697083463
2011-05-19,0.9431085370438601
2011-05-20,0.9538769421685451
2011-05-23,0.9354147920738878
2011-05-24,0.9369484503519386
2011-05-25,0.9284666175936963
2011-05-26,0.9401758373363648
2011-05-27,0.9519585427962611
2011-05-30,0.9514036494206075
2011-06-01,0.9733951339764075
2011-06-02,0.9656811696957553
2011-06-03,0.9594610956784464
2011-06-06,0.9622923023999326
2011-06-07,0.9667527799795697
2011-06-08,0.961328428424477
2011-06-09,0.9602549689390995
2011-06-10,0.9537316945367472
2011-06-13,0.9531767505582303
2011-06-14,0.9564508415025337
2011-06-15,0.946645155500532
2011-06-16,0.937261595132158
2011-06-17,0.9316533079737788
2011-06-20,0.9116112338751357
2011-06-21,0.9149226073134132
2011-06-22,0.9153746169441024
2011-06-23,0.9230691900137276
2011-06-24,0.9509920330116427
2011-06-27,0.9612285058503816
2011-06-28,0.9646890550785346
2011-06-29,0.9748973343094292
2011-06-30,0.9835931526389885
2011-07-01,0.9798498610938231
2011-07-04,0.9841666526434704
2011-07-05,0.9807567740844533
2011-07-06,0.9795246687234634
2011-07-07,0.9986998761954603
2011-07-08,0.986031406880465
2011-07-11,0.9777746046014866
2011-07-12,0.9611118172411772
2011-07-13,0.9720854323257138
2011-07-15,0.9712798927427982
2011-07-18,0.9686782264252846
2011-07-19,0.9772871531660265
2011-07-20,0.9686736624387035
2011-07-21,0.9639619714467141
2011-07-22,0.98105439735108
2011-07-25,0.989641917945608
2011-07-26,0.9700943005748445
2011-07-27,0.9649008047303067
2011-07-28,0.9539713053330361
2011-07-29,0.9529077735675535
2011-08-01,0.9593439845648708
2011-08-02,0.9481962707358751
2011-08-03,0.9386280298275987
2011-08-04,0.925139072055372
2011-08-05,0.9028833685037853
2011-08-08,0.8857853693473133
2011-08-09,0.8773797972837882
2011-08-10,0.8936015980950712
2011-08-11,0.8894196243729142
2011-08-12,0.8773839094914474
2011-08-16,0.8705474053768303
2011-08-17,0.874373318012573
2011-08-18,0.8536842879942051
2011-08-19,0.8355882492643657
2011-08-22,0.8453400403690845
2011-08-23,0.8545386449172689
2011-08-24,0.8435152360449897
2011-08-25,0.8344648185685416
2011-08-26,0.8176231836151808
2011-08-29,0.8491025749944235
2011-08-30,0.8640510148457048
2011-09-02,0.8712205131284556
2011-09-05,0.8670270743146515
2011-09-06,0.8756873189856738
2011-09-07,0.8867905469855197
2011-09-08,0.8920563668402042
2011-09-09,0.874779911280982
2011-09-12,0.854056091540308
2011-09-13,0.8529815318291826
2011-09-14,0.8661332178736245
2011-09-15,0.8777435238010135
2011-09-16,0.8793166714794403
2011-09-19,0.8696925719666005
2011-09-20,0.889599257678093
2011-09-21,0.8883194255294303
2011-09-22,0.8497263088889528
2011-09-23,0.8394616486835956
2011-09-26,0.8335257043648322
2011-09-27,0.8584422700809634
2011-09-28,0.8537846211027289
2011-09-29,0.8665591118711089
2011-09-30,0.8532861370212619
2011-10-03,0.8360676487457608
2011-10-04,0.8218788068462888
2011-10-05,0.8180581025570143
2011-10-07,0.8431100030750197
2011-10-10,0.8599115777328666
2011-10-11,0.8589469488512268
2011-10-12,0.8819219022484207
2011-10-13,0.8779564198791433
2011-10-14,0.8879732488403631
2011-10-17,0.8853868244955695
2011-10-18,0.8705241927001296
2011-10-19,0.8892144112456568
2011-10-20,0.8805156252284254
2011-10-21,0.8727972165578964
2011-10-24,0.8816976748816333
2011-10-25,0.898856221907782
2011-10-28,0.9300074005531423
2011-10-31,0.9237128875391677
2011-11-01,0.9110460423742
2011-11-02,0.9111382221165976
2011-11-03,0.9124840185376077
2011-11-04,0.9158858095259176
2011-11-08,0.9168355450639598
2011-11-09,0.9042389455144603
2011-11-11,0.8946198316512473
2011-11-14,0.8908446307072646
2011-11-15,0.8761434920334354
2011-11-16,0.8691452356597347
2011-11-17,0.8515522336469692
2011-11-18,0.846236793127028
2011-11-21,0.8228450518536288
2011-11-22,0.8290746587236775
2011-11-23,0.809662509830923
2011-11-25,0.8103213917128058
2011-11-28,0.8361774244535461
2011-11-29,0.8277047372519676
2011-11-30,0.8326440744783122
2011-12-01,0.8518587085663901
2011-12-02,0.8726599098364051
2011-12-05,0.8706374725261808
2011-12-07,0.8749483747219563
2011-12-08,0.8530750100774263
2011-12-09,0.8389467685361921
2011-12-12,0.8202197949512026
2011-12-13,0.8268137794161874
2011-12-14,0.8199692192440805
2011-12-15,0.8168737963053658
2011-12-16,0.7995231345955618
2011-12-19,0.7924821884699318
2011-12-20,0.7798883863260071
2011-12-21,0.8070875955892987
2011-12-22,0.8145348187463752
2011-12-23,0.8109006973723953
2011-12-27,0.8175812530540146
2011-12-28,0.8093958013407517
2011-12-29,0.7984977344501326
2011-12-30,0.7944839769410993
2012-01-03,0.8202590497501311
2012-01-04,0.8173927997926066
2012-01-05,0.8174477862829219
2012-01-06,0.818207675830972
2012-01-09,0.816138361054959
2012-01-10,0.8356834886468354
2012-01-11,0.837773755616574
2012-01-12,0.8323273934995796
2012-01-13,0.8386972714912492
2012-01-16,0.8401460315897608
2012-01-17,0.8572763811343507
2012-01-18,0.8551646435280035
2012-01-19,0.866658152026018
2012-01-20,0.8722073975448562
2012-01-23,0.8717754049206764
2012-01-24,0.886682700235748
2012-01-25,0.8923774341066899
2012-01-27,0.9009183661062623
2012-01-30,0.879296115709976
2012-01-31,0.8998841226514557
2012-02-01,0.906596670222574
2012-02-02,0.9128975814817308
2012-02-03,0.9232100568725881
2012-02-06,0.9298129440021433
2012-02-07,0.9249232167266598
2012-02-08,0.9310103753970168
2012-02-09,0.9391667225584378
2012-02-10,0.9334894000877475
2012-02-13,0.935076641474499
2012-02-14,0.9398479546733867
2012-02-15,0.9612473488700994
2012-02-16,0.9593985123059807
2012-02-17,0.9672273554582791
2012-02-21,0.9751525784925977
2012-02-22,0.9563152643917395
2012-02-23,0.9522398465918982
2012-02-24,0.9422619328219795
2012-02-27,0.9149140718695992
2012-02-28,0.9322960859683541
2012-02-29,0.9340861027457409
2012-03-01,0.9256980251438075
2012-03-02,0.9293133578993428
2012-03-05,0.9147380153320139
2012-03-06,0.9040565572107463
2012-03-07,0.9036974397994813
2012-03-09,0.9245288095706102
2012-03-12,0.9293241458709262
2012-03-13,0.9422294864285577
2012-03-14,0.9485812699936983
2012-03-15,0.9331756571081907
2012-03-16,0.9216236511514221
2012-03-19,0.9104030439234133
2012-03-20,0.9136829422998372
2012-03-21,0.9302884548234973
2012-03-22,0.9051043675335919
2012-03-23,0.9142678467293919
2012-03-26,0.8969526710021634
2012-03-27,0.9077954297255367
2012-03-28,0.8988791880641421
2012-03-29,0.8959518508192644
2012-03-30,0.9174332578480878
2012-04-02,0.9215531369874868
2012-04-03,0.929039121590248
2012-04-04,0.9224718710544236
2012-04-09,0.9061530142546327
2012-04-10,0.9078476381086272
2012-04-11,0.9047620365552967
2012-04-12,0.9139708983832501
2012-04-13,0.9011812649326536
2012-04-16,0.9046337350593174
2012-04-17,0.9163287852662285
2012-04-18,0.9182271990946365
2012-04-19,0.9241997465967428
2012-04-20,0.9165375419374436
2012-04-23,0.8999028929911292
2012-04-24,0.9039625427133774
2012-04-25,0.9001596055363689
2012-04-26,0.8977661015640931
2012-04-27,0.8980606574120044
2012-04-30,0.9086549895093742
2012-05-02,0.9069970185402797
2012-05-03,0.8976489323201797
2012-05-04,0.8789552956882833
2012-05-07,0.8839743167164008
2012-05-08,0.8629717288074239
2012-05-09,0.8583530554117429
2012-05-10,0.8566825236924767
2012-05-11,0.8499274153942846
2012-05-14,0.8460561055406873
2012-05-15,0.8524759129134822
2012-05-16,0.8369605001976136
2012-05-17,0.8391509925145522
2012-05-18,0.8430467674683242
2012-05-22,0.8373710724132244
2012-05-23,0.8328158799204515
2012-05-24,0.8485292704236295
2012-05-25,0.8483458195434641
2012-05-28,0.8603158337773823
2012-05-29,0.8611328992099626
2012-05-30,0.8539077242738313
2012-05-31,0.8490444647285856
2012-06-01,0.833881842524307
2012-06-04,0.8350821308440016
2012-06-05,0.8378586751789019
2012-06-06,0.8623853357001222
2012-06-07,0.8720346410162656
2012-06-08,0.8754706970598771
2012-06-11,0.8728517211696837
2012-06-12,0.8842077206547303
2012-06-13,0.8852284011128728
2012-06-14,0.8729616057876098
2012-06-15,0.8884520423890454
2012-06-18,0.8746928401154872
2012-06-19,0.8819702748567846
2012-06-20,0.8850407565898589
2012-06-21,0.8932152712599398
2012-06-22,0.8897283580958241
2012-06-25,0.8839520097835275
2012-06-26,0.8850829056676094
2012-06-27,0.8889632677182516
2012-06-28,0.8902969114642242
2012-06-29,0.9141666865040492
2012-07-02,0.9141114454431346
2012-07-03,0.9158342585218857
2012-07-04,0.9185246308848061
2012-07-05,0.9230862905618802
2012-07-06,0.9211781922416956
2012-07-09,0.9134726712232324
2012-07-10,0.9264069048718093
2012-07-11,0.9192059257316069
2012-07-12,0.9061103213096988
2012-07-13,0.9046370753224036
2012-07-16,0.8991129440020552
2012-07-17,0.8983030553618734
2012-07-18,0.9026192014924795
2012-07-19,0.9074798476253118
2012-07-20,0.9005549626011166
2012-07-23,0.884511811612646
2012-07-24,0.8863966454717723
2012-07-25,0.8829759061077493
2012-07-26,0.8707303521700966
2012-07-27,0.8811743688880286
2012-07-30,0.8995493795060376
2012-07-31,0.9049242223364111
2012-08-01,0.9070417692449038
2012-08-02,0.9046937244702494
2012-08-03,0.9024749743055488
2012-08-06,0.9147822817556442
2012-08-07,0.9247596813425515
2012-08-08,0.9249993304455186
2012-08-09,0.9222245070937265
2012-08-10,0.9217543792669585
2012-08-13,0.9268236472980081
2012-08-14,0.9328073881860982
2012-08-16,0.9295976479974575
2012-08-17,0.930215418323834
2012-08-21,0.9403042088870973
2012-08-22,0.9388000870877428
2012-08-23,0.9392614352105616
2012-08-24,0.9339742475357254
2012-08-27,0.9272498468404032
2012-08-29,0.9157339405150646
2012-08-30,0.9207550817934762
2012-08-31,0.9103316789357697
2012-09-03,0.9094567495252266
2012-09-04,0.91318649592071
2012-09-05,0.9042882099750158
2012-09-06,0.9066264964023772
2012-09-07,0.925722872525134
2012-09-10,0.9296593744373779
2012-09-11,0.934555838364361
2012-09-12,0.9421196721107072
2012-09-13,0.9429225821792987
2012-09-14,0.9691886127878881
2012-09-17,0.9751696193079172
2012-09-18,0.9733293112191248
2012-09-20,0.9648595110003516
2012-09-21,0.9901631757422331
2012-09-24,0.9861739215299
2012-09-25,0.9869696986409491
2012-09-26,0.98503564777344
2012-09-27,0.9824540250326604
2012-09-28,0.9924086419154857
2012-10-01,0.9952783496080425
2012-10-03,0.9975838088867642
2012-10-04,1.0080198634183815
2012-10-05,1.0004867985124772
2012-10-08,0.9873445658227955
2012-10-09,0.9926379753835929
2012-10-10,0.9829271885976838
2012-10-11,0.9932705179556005
2012-10-12,0.9873457492951063
2012-10-15,0.9894187062656868
2012-10-16,0.9821533136750555
2012-10-17,0.9844198480749209
2012-10-18,0.9952359891397866
2012-10-19,0.9888568502251252
2012-10-22,0.994946558560936
2012-10-23,0.9901785279377967
2012-10-25,0.9927515752938647
2012-10-29,0.9854015125946286
2012-10-30,0.972873018943172
2012-10-31,0.9769042249142369
2012-11-01,0.9815929172954135
2012-11-02,0.9913339917707205
2012-11-05,0.9925372958499217
2012-11-06,0.9962770131581059
2012-11-07,1.0028879402026563
2012-11-08,0.99893278188511
2012-11-09,0.9892093429487385
2012-11-12,0.9887373768517113
2012-11-15,0.9789829076236474
2012-11-16,0.9684481044029479
2012-11-19,0.9679582387320191
2012-11-20,0.9679859491029666
2012-11-21,0.9759809915897704
2012-11-22,0.9783760991939165
2012-11-23,0.97816339618906
2012-11-26,0.9798836035959131
2012-11-27,0.9968196714859394
2012-11-29,1.0148840618947053
2012-11-30,1.0250521555013312
2012-12-03,1.0234013094387286
2012-12-04,1.0267954174174792
2012-12-05,1.0288823964294904
2012-12-06,1.0345225475242514
2012-12-07,1.030161118027174
2012-12-10,1.0304394362672713
2012-12-11,1.0285653782175475
2012-12-12,1.0265617101635751
2012-12-13,1.0197907267097857
2012-12-14,1.0250013935518074
2012-12-17,1.0209762447677984
2012-12-18,1.0281900403257798
2012-12-19,1.0342752613863502
2012-12-20,1.031825449613683
2012-12-21,1.0190773564944022
2012-12-24,1.0205699756960207
2012-12-26,1.0298141452357903
2012-12-27,1.023227492016707
2012-12-28,1.0303216321126691
2012-12-31,1.0297186122941147
2013-01-02,1.0460737709883723
2013-01-03,1.0490916019649523
2013-01-04,1.050326786844175
2013-01-07,1.0451720036004464
2013-01-08,1.0476419060949795
2013-01-09,1.0420328479185073
2013-01-10,1.0415036728901637
2013-01-11,1.0382823945548048
2013-01-14,1.0517868876353933
2013-01-15,1.0578338285936506
2013-01-16,1.047659299838691
2013-01-17,1.05459624558379
2013-01-18,1.0592783803966273
2013-01-21,1.0626050875038286
2013-01-22,1.0563221912824279
2013-01-23,1.0573999057554189
2013-01-24,1.050905184570068
2013-01-25,1.0611777556851454
2013-01-28,1.061205617983307
2013-01-29,1.0565774742092502
2013-01-30,1.0576645451892053
2013-01-31,1.0537620629867188
2013-02-01,1.0471014339419606
2013-02-04,1.0449378136206553
2013-02-05,1.0393018942205747
2013-02-06,1.0397289122344955
2013-02-07,1.0359417644168272
2013-02-08,1.0293901159497874
2013-02-11,1.0283418946131266
2013-02-12,1.0329148885986337
2013-02-13,1.0348541015519432
2013-02-14,1.0281729311053813
2013-02-15,1.0264012031880194
2013-02-18,1.0284046175390436
2013-02-19,1.0361036160111778
2013-02-20,1.0367253068334281
2013-02-21,1.019872165128294
2013-02-22,1.0195105533190938
2013-02-25,1.0203357059772573
2013-02-26,1.003016707277899
2013-02-27,1.0096018129343238
2013-02-28,0.9903574801795784
2013-03-01,0.9952902654433196
2013-03-04,0.9913650998705315
2013-03-05,1.0072377275764166
2013-03-06,1.0136020845839542
2013-03-07,1.0218871375617526
2013-03-08,1.0371674322507516
2013-03-11,1.036545640494987
2013-03-12,1.0313025147366635
2013-03-13,1.0196320270408539
2013-03-14,1.0303396267541134
2013-03-15,1.0235956310726924
2013-03-18,1.0166688515374573
2013-03-19,1.0001144994555233
2013-03-20,0.9905676377366855
2013-03-21,0.983969275639577
2013-03-22,0.9826001962054056
2013-03-25,0.9793627369545741
2013-03-26,0.9807961838849932
2013-03-28,0.9883709442183265
2013-04-01,0.9924145771907165
2013-04-02,1.0005038256899172
2013-04-03,0.9865769073932082
2013-04-04,0.9684151727911134
2013-04-05,0.9644412788061331
2013-04-08,0.9625380141521487
2013-04-09,0.9536970145619166
2013-04-10,0.9654415062731443
2013-04-11,0.971964795660505
2013-04-12,0.959864927230316
2013-04-15,0.9672264882244838
2013-04-16,0.9895061022313414
2013-04-17,0.9894598355891391
2013-04-18,1.0069300524750877
2013-04-22,1.0164338228161682
2013-04-23,1.0168972319094676
2013-04-25,1.0316154900537968
2013-04-26,1.0232946346726393
2013-04-29,1.0293491422953633
2013-04-30,1.0341907852052379
2013-05-02,1.0470219034762882
2013-05-03,1.036743833262567
2013-05-06,1.0417637720521982
2013-05-07,1.0552223195446373
2013-05-08,1.06000609432026
2013-05-09,1.0564475042473997
2013-05-10,1.0647337769887801
2013-05-13,1.0434880179387358
2013-05-14,1.0462634327297455
2013-05-15,1.0743660794449188
2013-05-16,1.078671321058634
2013-05-17,1.0819079987365445
2013-05-20,1.0762520822541368
2013-05-21,1.0682916742658741
2013-05-22,1.064647852192609
2013-05-23,1.0409586718480617
2013-05-24,1.0440213361530601
2013-05-27,1.0625119724438594
2013-05-28,1.0677341877218867
2013-05-29,1.0664421602872578
2013-05-30,1.0701133783259043
2013-05-31,1.0444375089455515
2013-06-03,1.035776942983283
2013-06-04,1.0320937490763975
2013-06-05,1.0329099976628813
2013-06-06,1.0324554276806697
2013-06-07,1.0249604755603152
2013-06-10,1.0244041630559813
2013-06-11,1.0078636420089182
2013-06-12,1.0025656051250675
2013-06-13,0.9912504957576371
2013-06-14,1.011477806505767
2013-06-17,1.0191949302466847
2013-06-18,1.012438250088692
2013-06-19,1.0140410386058467
2013-06-20,0.9832141729352387
2013-06-21,0.9853875041119348
2013-06-24,0.9710693815445627
2013-06-25,0.97455335039107
2013-06-26,0.9707821279896544
2013-06-27,0.9880906472871026
2013-06-28,1.0176655506822592
2013-07-01,1.0281650703622092
2013-07-02,1.0205057498047632
2013-07-03,1.0044433966012989
2013-07-04,1.0166754199893322
2013-07-05,1.022411226683499
2013-07-08,1.011964524502714
2013-07-09,1.0207558215872423
2013-07-10,1.012914696943528
2013-07-11,1.0348522995348284
2013-07-12,1.048562247725258
2013-07-15,1.0526097420078502
2013-07-16,1.0385794261910293
2013-07-17,1.0419287246698667
2013-07-18,1.0539459747501447
2013-07-19,1.052302407845043
2013-07-22,1.0527851670707422
2013-07-23,1.0613278108728568
2013-07-24,1.0451075418207418
2013-07-25,1.0297005578906402
2013-07-26,1.025750308936101
2013-07-29,1.0156357874109858
2013-07-30,1.0014413722597053
2013-07-31,0.999025232330084
2013-08-01,0.9964057930261998
2013-08-02,0.9871604417052824
2013-08-05,0.9885478455800065
2013-08-06,0.9620647126594051
2013-08-07,0.9577889955387763
2013-08-08,0.9663842960113042
2013-08-12,0.9750211827173745
2013-08-13,0.9910841716072963
2013-08-14,0.9990402512264248
2013-08-16,0.9556403795515565
2013-08-19,0.938453218573617
2013-08-20,0.9360006502806452
2013-08-21,0.9177656653242868
2013-08-22,0.9372679836025767
2013-08-23,0.9489397058818948
2013-08-26,0.9498161971823976
2013-08-27,0.9149299430371218
2013-08-28,0.9144788315521375
2013-08-29,0.9373172685158783
2013-08-30,0.94888693916219
2013-09-02,0.9634542405637025
2013-09-03,0.9248006469816916
2013-09-04,0.9444474111312783
2013-09-05,0.9711647453041807
2013-09-06,0.9873214186049447
2013-09-10,1.0273323232422824
2013-09-11,1.0303723760444867
2013-09-12,1.0187940079765596
2013-09-13,1.0187754622405125
2013-09-16,1.0169133819132983
2013-09-17,1.0187011729336533
2013-09-18,1.0278259852617582
2013-09-19,1.0678853136580266
2013-09-20,1.0486650208541615
2013-09-23,1.0259581898589702
2013-09-24,1.0264586501322863
2013-09-25,1.0230111650875748
2013-09-26,1.024567752017752
2013-09-27,1.015477496009317
2013-09-30,0.997343668749086
2013-10-01,1.005623536072675
2013-10-03,1.029623981735707
2013-10-04,1.0291790055693502
2013-10-07,1.0289658461674718
2013-10-08,1.0330903160581701
2013-10-09,1.0477473438357108
2013-10-10,1.0502525402763903
2013-10-11,1.064218694647711
2013-10-14,1.0672834600433097
2013-10-15,1.062889798190659
2013-10-17,1.0548663483519694
2013-10-18,1.081506309801594
2013-10-21,1.0844066767907992
2013-10-22,1.0840068122725914
2013-10-23,1.0794604971564161
2013-10-24,1.0768579182621347
2013-10-25,1.073242681833584
2013-10-28,1.0651031968766842
2013-10-29,1.08735582323948
2013-10-30,1.0930839806866552
2013-10-31,1.1019113348234926
2013-11-01,1.1034097012059059
2013-11-05,1.0933487310167491
2013-11-06,1.0862792897618865
2013-11-07,1.0810908807742308
2013-11-08,1.0724459977620386
2013-11-11,1.0609343279625894
2013-11-12,1.0496530429566306
2013-11-13,1.0443733408658558
2013-11-14,1.0567199120105872
2013-11-18,1.0813840976564018
2013-11-19,1.0840519143180956
2013-11-20,1.0690932602324703
2013-11-21,1.0460843307333547
2013-11-22,1.045416477194531
2013-11-25,1.0676612512356847
2013-11-26,1.0572122131812738
2013-11-27,1.056840912566762
2013-11-28,1.06329212441257
2013-11-29,1.0789385423461404
2013-12-02,1.0866988776985886
2013-12-03,1.0837235789372188
2013-12-04,1.076119245412465
2013-12-05,1.0910148222433547
2013-12-06,1.0945115713139193
2013-12-09,1.1138592085484964
2013-12-10,1.1080768174776943
2013-12-11,1.1034318119151407
2013-12-12,1.0902449096143148
2013-12-13,1.077476805736614
2013-12-16,1.0749306303457853
2013-12-17,1.072022322697276
2013-12-18,1.0865332737409092
2013-12-19,1.0771428606446065
2013-12-20,1.0971404804666607
2013-12-23,1.099047547300142
2013-12-24,1.0960517261047915
2013-12-26,1.0980051895204657
2013-12-27,1.1044988065632786
2013-12-30,1.1002737130684914
2013-12-31,1.1026742157335823
2014-01-02,1.0872548798976407
2014-01-03,1.0853953535876009
2014-01-06,1.0817325186943694
2014-01-07,1.0763043306262825
2014-01-08,1.0785994632906353
2014-01-09,1.0774378194080452
2014-01-10,1.078013975559981
2014-01-13,1.0968412476319567
2014-01-14,1.0910923506036225
2014-01-15,1.1057948308870273
2014-01-16,1.1054225529777923
2014-01-17,1.094766313690458
2014-01-20,1.1026352792923633
2014-01-21,1.104468352229218
2014-01-22,1.109149462064381
2014-01-23,1.1103967599132152
2014-01-24,1.0957068148495241
2014-01-27,1.0713549096953217
2014-01-28,1.0695713982444401
2014-01-29,1.068456826719218
2014-01-30,1.059810188130393
2014-01-31,1.062743566502714
2014-02-03,1.0464585186787956
2014-02-04,1.046291572100017
2014-02-05,1.050280134881078
2014-02-06,1.052859358148221
2014-02-07,1.057851647791695
2014-02-10,1.056041687269086
2014-02-11,1.0577586522974183
2014-02-12,1.061712662111694
2014-02-13,1.0463200105550572
2014-02-14,1.0550855187709907
2014-02-18,1.069702003298247
2014-02-19,1.0744666990889455
2014-02-20,1.0630766811099268
2014-02-21,1.074960759179311
2014-02-24,1.0806558874780674
2014-02-25,1.083248736299255
2014-02-26,1.0904522825294567
2014-02-28,1.097547181785159
2014-03-03,1.0872217284739032
2014-03-04,1.1014459844002045
2014-03-05,1.1071586636583937
2014-03-06,1.1206538357144396
2014-03-07,1.1440313772926847
2014-03-10,1.1460083428953645
2014-03-11,1.1412799457091867
2014-03-12,1.1422123324783673
2014-03-13,1.1377739899527421
2014-03-14,1.1398435228339023
2014-03-18,1.1421649341395628
2014-03-19,1.143544911778707
2014-03-20,1.1359078134012641
2014-03-21,1.1377907147247017
2014-03-24,1.1546264477843355
2014-03-25,1.1557927371255317
2014-03-26,1.1579668141934363
2014-03-27,1.1654977039303263
2014-03-28,1.1756081007998371
2014-03-31,1.1771586611233624
2014-04-01,1.180306550725208
2014-04-02,1.1861924101524834
2014-04-03,1.1831178206479989
2014-04-04,1.1753156117931882
2014-04-07,1.1754463203290406
2014-04-09,1.19434181130162
2014-04-10,1.1943791532914694
2014-04-11,1.190620752550718
2014-04-15,1.1825446232168042
2014-04-16,1.1717433703230915
2014-04-17,1.1911859771617233
2014-04-21,1.1983368883923422
2014-04-22,1.1979067810905752
2014-04-23,1.2026662584863064
2014-04-25,1.1918074884330334
2014-04-28,1.1877879111074068
2014-04-29,1.1791896354155982
2014-04-30,1.1756677380135772
2014-05-02,1.175368834282377
2014-05-05,1.1762188316162847
2014-05-06,1.1791983755432565
2014-05-07,1.1674743481682517
2014-05-08,1.1688374902636853
2014-05-09,1.2059888412261495
2014-05-12,1.2350710951848418
2014-05-13,1.2527756150520613
2014-05-14,1.2527756150520613
2014-05-15,1.2554757236073437
2014-05-16,1.2704502575680354
2014-05-19,1.2818134045787848
2014-05-20,1.28405724786363
2014-05-21,1.279813266332931
2014-05-22,1.284225356854275
2014-05-23,1.3012577052352803
2014-05-26,1.2997447709768124
2014-05-27,1.2920306035619462
2014-05-28,1.2942190922609702
2014-05-29,1.2765589559030002
2014-05-30,1.2754890206611236
2014-06-02,1.3003696945560514
2014-06-03,1.310395479358251
2014-06-04,1.307838512503058
2014-06-05,1.3213455269421588
2014-06-06,1.341905308818898
2014-06-09,1.355310738081887
2014-06-10,1.3556498034075666
2014-06-11,1.350082829970759
2014-06-12,1.354424172783788
2014-06-13,1.334116575351684
2014-06-16,1.3325073231511977
2014-06-17,1.3509788842610966
2014-06-18,1.3371350552373036
2014-06-19,1.3338409568957488
2014-06-20,1.3283359245797428
2014-06-23,1.324930222361509
2014-06-24,1.3412693521276329
2014-06-25,1.3392077786470316
2014-06-26,1.324891345002718
2014-06-27,1.3278260758613278
2014-06-30,1.3471212721453614
2014-07-01,1.3515184630876507
2014-07-02,1.3685549007268931
2014-07-03,1.36660397208723
2014-07-04,1.3735400014332462
2014-07-07,1.3802423776096355
2014-07-08,1.3493231173153157
2014-07-09,1.3421288619842553
2014-07-10,1.338881210944986
2014-07-11,1.3185228396939206
2014-07-14,1.3174978351161624
2014-07-15,1.3311320904413613
2014-07-16,1.3495261603123847
2014-07-17,1.3525488964113148
2014-07-18,1.356965750723176
2014-07-21,1.360790147963245
2014-07-22,1.3765517207411826
2014-07-23,1.3818123295602476
2014-07-24,1.388384923279128
2014-07-25,1.3808106500986606
2014-07-28,1.3729371165850788
2014-07-30,1.3809869762890168
2014-07-31,1.36776688852655
2014-08-01,1.345394469480808
2014-08-04,1.3606554026962074
2014-08-05,1.3725068715938609
2014-08-06,1.3584624418231173
2014-08-07,1.3541669887692198
2014-08-08,1.3389660789976607
2014-08-11,1.349770795533899
2014-08-12,1.3688103669534266
2014-08-13,1.3711663991184366
2014-08-14,1.3809968549587335
2014-08-18,1.3965643284153644
2014-08-19,1.4009518203487343
2014-08-20,1.3967616470162376
2014-08-21,1.3997433334763694
2014-08-22,1.40391439577129
2014-08-25,1.4026118176517552
2014-08-26,1.402319279297969
2014-08-27,1.408227300171854
2014-08-28,1.4116824592311839
2014-09-01,1.4255332523005402
2014-09-02,1.4359911019932263
2014-09-03,1.4419548806771616
2014-09-04,1.4384287147912609
2014-09-05,1.4367083989155665
2014-09-08,1.4531634284740147
2014-09-09,1.4492006050041735
2014-09-10,1.4380704161559261
2014-09-11,1.4364825004430166
2014-09-12,1.4402252023591544
2014-09-15,1.4282200977299282
2014-09-16,1.407604409459135
2014-09-17,1.4156470908933165
2014-09-18,1.4419457686289987
2014-09-19,1.4432125535145166
2014-09-22,1.4479110391848162
2014-09-23,1.4235626432242607
2014-09-24,1.420700532850684
2014-09-25,1.403595991287073
2014-09-26,1.414355205456815
2014-09-29,1.412476165265781
2014-09-30,1.4135902405423604
2014-10-01,1.4099551014281608
2014-10-07,1.3923675507913102
2014-10-08,1.390537548095339
2014-10-09,1.4127699754687375
2014-10-10,1.3937737937639705
2014-10-13,1.3983585569817325
2014-10-14,1.3945371366223163
2014-10-16,1.372687911769118
2014-10-17,1.3786256788493603
2014-10-20,1.3974239977431302
2014-10-21,1.4065477616339817
2014-10-22,1.4194128094121528
2014-10-27,1.4186195741812746
2014-10-28,1.4254000732389207
2014-10-29,1.4372741166399452
2014-10-30,1.4521594685457062
2014-10-31,1.4810974231252914
2014-11-03,1.4814667111323006
2014-11-05,1.4841460772618864
2014-11-07,1.4838999164763498
2014-11-10,1.4852729288256001
2014-11-11,1.4887578072278456
2014-11-12,1.4926691823735183
2014-11-13,1.4878476918634964
2014-11-14,1.493918467344579
2014-11-17,1.5016577307325858
2014-11-18,1.5007386511219725
2014-11-19,1.4924759374996723
2014-11-20,1.4961891929762965
2014-11-21,1.510484890817687
2014-11-24,1.520494987401995
2014-11-25,1.5077783064597787
2014-11-26,1.5101763308835374
2014-11-27,1.5136741078767035
2014-11-28,1.5315064922086767
2014-12-01,1.5253685211980479
2014-12-02,1.5194500709586507
2014-12-03,1.5219060534470386
2014-12-04,1.5269796378773373
2014-12-05,1.5220282361004545
2014-12-08,1.503052039008171
2014-12-09,1.4845640505577007
2014-12-10,1.4873953442617533
2014-12-11,1.4755102805129874
2014-12-12,1.4624854887517749
2014-12-15,1.461634042289215
2014-12-16,1.4328751729694522
2014-12-17,1.4257318417292868
2014-12-18,1.4501968027228989
2014-12-19,1.4626592596134067
2014-12-22,1.481352922292759
2014-12-23,1.4705599030674814
2014-12-24,1.4529769560305534
2014-12-26,1.4580078322716625
2014-12-29,1.466633876333756
2014-12-30,1.4670029238852096
2014-12-31,1.4735222466065108
2015-01-02,1.4948646308131057
2015-01-05,1.4916345089068273
2015-01-06,1.4440786891994228
2015-01-07,1.4393051015481146
2015-01-08,1.464349532375496
2015-01-09,1.4737911811065274
2015-01-12,1.481078571044707
2015-01-13,1.4766102471498277
2015-01-14,1.4724738343214
2015-01-15,1.5134703586308214
2015-01-16,1.5171955209908914
2015-01-19,1.5241921800171614
2015-01-20,1.5516740516626384
2015-01-21,1.558110514908719
2015-01-22,1.5641687555230164
2015-01-23,1.5782632998338657
2015-01-27,1.5924986823362444
2015-01-28,1.5932212523077711
2015-01-29,1.6004569916665392
2015-01-30,1.573170557235072
2015-02-02,1.570985345223955
2015-02-03,1.563223630192445
2015-02-04,1.556983984542526
2015-02-05,1.5547051841402242
2015-02-06,1.5450875212044592
2015-02-09,1.5195197776062535
2015-02-10,1.5269529307349665
2015-02-11,1.5386844930395491
2015-02-12,1.5546529277688659
2015-02-13,1.5724922085224078
2015-02-16,1.5732236722116832
2015-02-18,1.5845770781011197
2015-02-19,1.589557658941484
2015-02-20,1.5778264204828008
2015-02-23,1.5628792622230099
2015-02-24,1.5642372123714998
2015-02-25,1.5652155217661832
2015-02-26,1.5493731402409638
2015-02-27,1.5798897538491083
2015-03-02,1.6012050329526701
2015-03-03,1.6087184105868495
2015-03-04,1.5947149409637476
2015-03-05,1.5975863596793147
2015-03-09,1.563162755137626
2015-03-10,1.5546726650917402
2015-03-11,1.5523752916782112
2015-03-12,1.566813712189684
2015-03-13,1.5424513300636606
2015-03-16,1.5396806192012507
2015-03-17,1.556787304773099
2015-03-18,1.5496857259991648
2015-03-19,1.5399568137576725
2015-03-20,1.5278595931463326
2015-03-23,1.5240661933096344
2015-03-24,1.5225585055519677
2015-03-25,1.5202544232736288
2015-03-26,1.4844840383204951
2015-03-27,1.4843420343758156
2015-03-30,1.5129129526945027
2015-03-31,1.512666571049711
2015-04-01,1.5307213003289009
2015-04-06,1.5446917144091445
2015-04-07,1.544767518719275
2015-04-08,1.5550352335664441
2015-04-09,1.5671674801134987
2015-04-10,1.5675568470873638
2015-04-13,1.577748063101891
2015-04-16,1.5535572967925402
2015-04-17,1.5344391573174245
2015-04-20,1.504483892497545
2015-04-21,1.4911538407674856
2015-04-22,1.5009922269926728
2015-04-23,1.495043240362672
2015-04-24,1.477418632075949
2015-04-27,1.4601094268504329
2015-04-28,1.4736896273556213
2015-04-29,1.4650128320548719
2015-04-30,1.4539932543607554
2015-05-04,1.482442047066755
2015-05-05,1.4810884093237466
2015-05-06,1.4379660851339997
2015-05-07,1.4304644009748968
2015-05-08,1.4558146544689368
2015-05-11,1.4811063572678715
2015-05-12,1.443569934955609
2015-05-13,1.464075965331818
2015-05-14,1.461947971246565
2015-05-15,1.4691634930513828
2015-05-18,1.4902209732644038
2015-05-19,1.488706130832168
2015-05-20,1.4996122548527695
2015-05-21,1.4991860450479888
2015-05-22,1.5063746978238333
2015-05-25,1.4895679861938425
2015-05-26,1.4837170212257018
2015-05-27,1.4828178257036861
2015-05-28,1.4798648599638182
2015-05-29,1.5015652780020625
2015-06-01,1.5015179181584066
2015-06-02,1.4642078671118472
2015-06-03,1.4450375869987921
2015-06-04,1.4441965077026975
2015-06-05,1.4411821459721887
2015-06-08,1.4278504057151893
2015-06-09,1.4237426610199502
2015-06-10,1.4430127213901467
2015-06-11,1.4129458490759519
2015-06-12,1.4162581864469004
2015-06-15,1.4221099271167348
2015-06-16,1.428416248208294
2015-06-17,1.4367734233391334
2015-06-18,1.452464016839987
2015-06-19,1.4619827863560833
2015-06-22,1.4862191374467955
2015-06-23,1.491605084367654
2015-06-24,1.4876854496459242
2015-06-25,1.494718856111309
2015-06-26,1.4915183252914024
2015-06-29,1.4796461213391203
2015-06-30,1.4891279915690654
2015-07-01,1.5051360493590793
2015-07-02,1.5035921096321265
2015-07-03,1.511169804717433
2015-07-06,1.5182286623684131
2015-07-07,1.5160771299149285
2015-07-08,1.4880731318471867
2015-07-09,1.4815415207962481
2015-07-10,1.4875982205678795
2015-07-13,1.5063597682772152
2015-07-14,1.5053081163230106
2015-07-15,1.5185129722074922
2015-07-16,1.5344826738632917
2015-07-17,1.5348240429769673
2015-07-20,1.5336102493092112
2015-07-21,1.5195751431775575
2015-07-22,1.5392986457248632
2015-07-23,1.5310085222342695
2015-07-24,1.5180654060504746
2015-07-27,1.4876339097766351
2015-07-28,1.4830904078605898
2015-07-29,1.4902923874186549
2015-07-30,1.499143692863249
2015-07-31,1.5201765259527973
2015-08-03,1.5221100520862494
2015-08-04,1.5171528490647355
2015-08-05,1.526828573291897
2015-08-06,1.53075348070715
2015-08-07,1.5261925744383258
2015-08-10,1.5187980796624614
2015-08-11,1.5068092369008652
2015-08-12,1.4854197372202627
2015-08-13,1.486631097003196
2015-08-14,1.5174305001448074
2015-08-17,1.5096122650956083
2015-08-18,1.507575420170221
2015-08-19,1.5129940457028555
2015-08-20,1.4897992485388114
2015-08-21,1.4760166384819589
2015-08-24,1.3831211052741468
2015-08-25,1.3966333266604818
2015-08-26,1.3798793798449474
2015-08-27,1.4094812138506894
2015-08-28,1.4194804543363495
2015-08-31,1.413695349752305
2015-09-01,1.3787012790062365
2015-09-02,1.3657291777758935
2015-09-03,1.3856893176730396
2015-09-04,1.3540363320914786
2015-09-07,1.3359219024917421
2015-09-08,1.3602648165033662
2015-09-09,1.3848033699292337
2015-09-10,1.3790555840852672
2015-09-11,1.379281614602364
2015-09-14,1.3949099804184506
2015-09-15,1.3867747707748146
2015-09-16,1.3999768593758946
2015-09-18,1.415581369238916
2015-09-21,1.4146756496631356
2015-09-22,1.383522583699899
2015-09-23,1.3899200487664327
2015-09-24,1.3941704378259026
2015-09-28,1.380445962125121
2015-09-29,1.3894142450088522
2015-09-30,1.4093181769970091
2015-10-01,1.4096954655674394
2015-10-05,1.4414636561971101
2015-10-06,1.4478106384876077
2015-10-07,1.4524398536351215
2015-10-08,1.4433592195635718
2015-10-09,1.4547600952068866
2015-10-12,1.446047112554183
2015-10-13,1.443798829282973
2015-10-14,1.4393025916334419
2015-10-15,1.4528263988622032
2015-10-16,1.463910475064295
2015-10-19,1.4708871084256503
2015-10-20,1.468352936000606
2015-10-21,1.4664712945282696
2015-10-23,1.4747440428279557
2015-10-26,1.4681424519510442
2015-10-27,1.462913835284409
2015-10-28,1.4512485852212647
2015-10-29,1.4400141596287168
2015-10-30,1.4313349296809847
2015-11-02,1.4285027114223028
2015-11-03,1.4303718263236218
2015-11-04,1.4265012853631835
2015-11-05,1.4105025137180032
2015-11-06,1.4102854955639696
2015-11-09,1.402909525762559
2015-11-10,1.3780444467211455
2015-11-13,1.3740695783359478
2015-11-16,1.38242286348713
2015-11-17,1.3882543213991936
2015-11-18,1.3683241641909074
2015-11-19,1.3892160717256838
2015-11-20,1.3918169258556636
2015-11-23,1.3904409743937254
2015-11-24,1.3871143150508305
2015-11-26,1.3969515137585238
2015-11-27,1.4080561809702103
2015-11-30,1.4066509066840707
2015-12-01,1.4103570972057007
2015-12-02,1.4059146394500908
2015-12-03,1.3932403390622243
2015-12-04,1.3777360523247153
2015-12-07,1.374627873802999
2015-12-08,1.3626301079246739
2015-12-09,1.3458382479094941
2015-12-10,1.3591562552052456
2015-12-11,1.3454445816932503
2015-12-14,1.3528934105440598
2015-12-15,1.3624616654815205
2015-12-16,1.371873936972227
2015-12-17,1.3894727719286173
2015-12-18,1.3739431315982535
2015-12-21,1.38759768625328
2015-12-22,1.3784860992483017
2015-12-23,1.3935278880965016
2015-12-24,1.3926041756393928
2015-12-28,1.4046864158094359
2015-12-29,1.4054031045854822
2015-12-30,1.3992360585083785
2015-12-31,1.4086821097882445
2016-01-04,1.379436577979158
2016-01-05,1.3781838732490441
2016-01-06,1.3699615796152045
2016-01-07,1.3374419360495338
2016-01-08,1.3436562551554139
2016-01-11,1.3366033127317738
2016-01-12,1.3265348515736008
2016-01-13,1.3363261785943192
2016-01-14,1.331512954445146
2016-01-15,1.3129034315436354
2016-01-18,1.2966011392868935
2016-01-19,1.3123844499264101
2016-01-20,1.2887580507829468
2016-01-21,1.2826609888773053
2016-01-22,1.3099774692182684
2016-01-25,1.3125500524928344
2016-01-27,1.3128505603659761
2016-01-28,1.3103902501022562
2016-01-29,1.3364738927380715
2016-02-01,1.3350451050268335
2016-02-02,1.3161702387872238
2016-02-03,1.298560808931832
2016-02-04,1.3064809766318186
2016-02-05,1.3224584597293383
2016-02-08,1.303322269414045
2016-02-09,1.2866058361645265
2016-02-10,1.2711310263105766
2016-02-11,1.2262681539659601
2016-02-12,1.227128485541308
2016-02-15,1.2611684042228173
2016-02-16,1.239680852463298
2016-02-17,1.2509468103007526
2016-02-18,1.2665441140623876
2016-02-19,1.2701043679379929
2016-02-22,1.2745647698360758
2016-02-23,1.2511331646962007
2016-02-24,1.2341223102812702
2016-02-25,1.225123417078836
2016-02-26,1.2361846957276934
2016-02-29,1.2281952808923595
2016-03-01,1.2721944875064009
2016-03-02,1.2996611768730493
2016-03-03,1.319693897560168
2016-03-04,1.3215252561553903
2016-03-08,1.3215158087565504
2016-03-09,1.3302507048676047
2016-03-10,1.3216721089687902
2016-03-11,1.3261899110916429
2016-03-14,1.3315540371496295
2016-03-15,1.3168671579828362
2016-03-16,1.3240319446487294
2016-03-17,1.3266244768306632
2016-03-18,1.343872778406275
2016-03-21,1.3626574127389381
2016-03-22,1.3646616243298875
2016-03-23,1.3649627742832944
2016-03-28,1.3458783259059015
2016-03-29,1.3424746145082307
2016-03-30,1.3684591070945735
2016-03-31,1.3690614060494595
2016-04-01,1.3642894874889595
2016-04-04,1.3728996851868436
2016-04-05,1.343604625338633
2016-04-06,1.345701091012926
2016-04-07,1.3329329832076315
2016-04-08,1.3345774128073091
2016-04-11,1.3564170014870829
2016-04-12,1.363481373473201
2016-04-13,1.3901102005461081
2016-04-18,1.4022153296999085
2016-04-20,1.402224718110819
2016-04-21,1.4017157187652916
2016-04-22,1.3993123370993288
2016-04-25,1.3909720506075798
2016-04-26,1.4112453182589622
2016-04-27,1.414498255018583
2016-04-28,1.389480200483817
2016-04-29,1.389960578823821
2016-05-02,1.3816897490138342
2016-05-03,1.3705968831800568
2016-05-04,1.3629824350113495
2016-05-05,1.3684302631131569
2016-05-06,1.36804443986799
2016-05-09,1.39300249760327
2016-05-10,1.397100725379596
2016-05-11,1.3897603602748856
2016-05-12,1.3994722230566676
2016-05-13,1.3833574961251685
2016-05-16,1.3919931037486541
2016-05-17,1.3976455440211037
2016-05-18,1.3937632388769567
2016-05-19,1.37741702742341
2016-05-20,1.3710715565338405
2016-05-23,1.3675607671219732
2016-05-24,1.37091101499637
2016-05-25,1.4059331689502161
2016-05-26,1.4313366730455268
2016-05-27,1.447755721548733
2016-05-30,1.451882189516673
2016-05-31,1.4484067089403023
2016-06-01,1.4521555697616049
2016-06-02,1.4595221974407513
2016-06-03,1.459871672350718
2016-06-06,1.4561399498843364
2016-06-07,1.4684953165408006
2016-06-08,1.469742738459989
2016-06-09,1.456614973765604
2016-06-10,1.450276686207142
2016-06-13,1.4390482957021506
2016-06-14,1.438717924595903
2016-06-15,1.457171163613091
2016-06-16,1.4447305399079384
2016-06-17,1.4502915315555105
2016-06-20,1.4631913531069745
2016-06-21,1.4596765708024746
2016-06-22,1.4566156509300952
2016-06-23,1.469226028478932
2016-06-24,1.43485325076586
2016-06-27,1.4360046144773246
2016-06-28,1.4422617987989221
2016-06-29,1.4566391669611187
2016-06-30,1.472460853475978
2016-07-01,1.4801357158863133
2016-07-04,1.4881440768836895
2016-07-05,1.481570834763573
2016-07-07,1.4819396314795892
2016-07-08,1.4791596715055306
2016-07-11,1.5065208917569493
2016-07-12,1.5165818541809977
2016-07-13,1.5162883655045352
2016-07-14,1.524904663685274
2016-07-15,1.520434105334019
2016-07-18,1.5142406858376867
2016-07-19,1.5179992786768723
2016-07-20,1.5250631789756508
2016-07-21,1.5145022070025418
2016-07-22,1.5203912600487428
2016-07-25,1.538280049453364
2016-07-26,1.529751120486093
2016-07-27,1.5345161350680179
2016-07-28,1.5440860673829044
2016-07-29,1.5388159393290328
2016-08-01,1.5384463085949809
2016-08-02,1.5358593010297303
2016-08-03,1.521067640018826
2016-08-04,1.5222514057102698
2016-08-05,1.5472633251528842
2016-08-08,1.5526097764254585
2016-08-09,1.546332931929655
2016-08-10,1.5268147370042535
2016-08-11,1.530006963261988
2016-08-16,1.5395559799592407
2016-08-17,1.5360495356118697
2016-08-18,1.5453735389468721
2016-08-19,1.544169778017271
2016-08-22,1.5370134567826423
2016-08-23,1.5376671470185723
2016-08-24,1.5410217445561871
2016-08-25,1.5300090790674272
2016-08-26,1.5262859984822024
2016-08-29,1.5328974652461358
2016-08-30,1.5588381720398308
2016-08-31,1.566776274311452
2016-09-01,1.5645848717749098
2016-09-02,1.5712250383947843
2016-09-06,1.596530431788653
2016-09-07,1.5917722619210954
2016-09-08,1.5983337616383195
2016-09-09,1.5820351327696525
2016-09-12,1.553349668977393
2016-09-14,1.5554356303960606
2016-09-15,1.5584605555005575
2016-09-16,1.5655352205893989
2016-09-19,1.5709519281607058
2016-09-20,1.5647846883365926
2016-09-21,1.565021833648509
2016-09-22,1.582153330072336
2016-09-23,1.57533794162446
2016-09-26,1.5547454842013737
2016-09-27,1.5515880701741744
2016-09-28,1.5589357653481943
2016-09-29,1.5297452146393353
2016-09-30,1.5335154284123067
2016-10-03,1.5575700559195116
2016-10-04,1.5634590993593829
2016-10-05,1.5586785859483614
2016-10-06,1.552153985889704
2016-10-07,1.5498880076819477
2016-10-10,1.5520115852580105
2016-10-13,1.5263278659399366
2016-10-14,1.528231742328957
2016-10-17,1.516297028172586
2016-10-18,1.5461196942835296
2016-10-19,1.5425556263306295
2016-10-20,1.5501943920736987
2016-10-21,1.5489903206010014
2016-10-24,1.5520048946613927
2016-10-25,1.5486581449937342
2016-10-26,1.53423996108159
2016-10-27,1.53423996108159
2016-10-28,1.53855066738703
2016-11-01,1.5363238833578945
2016-11-02,1.5150528436030803
2016-11-03,1.5095526372950492
2016-11-04,1.4998606639867398
2016-11-07,1.5118383849130788
2016-11-08,1.5206414068620255
2016-11-09,1.499516300766195
2016-11-10,1.51725547901589
2016-11-11,1.4738088405121688
2016-11-15,1.4383022768057623
2016-11-16,1.4388967756737623
2016-11-17,1.4329231623095493
2016-11-18,1.4318192896858883
2016-11-21,1.4044600697925333
2016-11-22,1.4182555386982132
2016-11-23,1.424101325763204
2016-11-24,1.4113129029592284
2016-11-25,1.439364284756897
2016-11-28,1.4417424126755822
2016-11-29,1.4446209657116946
2016-11-30,1.4601670338248296
2016-12-01,1.4541978304451533
2016-12-02,1.434160252355299
2016-12-05,1.4420760850226477
2016-12-06,1.444794185973417
2016-12-07,1.4370353237946363
2016-12-08,1.4643617060486847
2016-12-09,1.4671768432790222
2016-12-12,1.4499916002296354
2016-12-13,1.4596212994115587
2016-12-14,1.452188449766845
2016-12-15,1.446740557343813
2016-12-16,1.444069173347924
2016-12-19,1.4374433038199808
2016-12-20,1.433300898915675
2016-12-21,1.4293196151610061
2016-12-22,1.4138123155343059
2016-12-23,1.4150660187581565
2016-12-26,1.4004541984649095
2016-12-27,1.423931519061111
2016-12-28,1.4243087358939566
2016-12-29,1.4372757710924147
2016-12-30,1.452787992724737
2017-01-02,1.4515983683999703
2017-01-03,1.4540058974012187
2017-01-04,1.4536754193297534
2017-01-05,1.4694059235399697
2017-01-06,1.46373701225536
2017-01-09,1.462272884584987
2017-01-10,1.4721999800143104
2017-01-11,1.4895961944828826
2017-01-12,1.4946172357265965
2017-01-13,1.4933214059844457
2017-01-16,1.4956763127742263
2017-01-17,1.4928767212281204
2017-01-18,1.4964704335163257
2017-01-19,1.499894338022243
2017-01-20,1.4836707762446943
2017-01-23,1.4916402221618548
2017-01-24,1.5075840531900817
2017-01-25,1.5316097419103405
2017-01-27,1.538902858816866
2017-01-30,1.537292231019367
2017-01-31,1.5237542993882087
2017-02-01,1.5531260819696864
2017-02-02,1.5565101562387962
2017-02-03,1.5577805999590997
2017-02-06,1.5691768225297396
2017-02-07,1.5629639801107877
2017-02-08,1.5631062249340613
2017-02-09,1.5648796645670366
2017-02-10,1.5677531104699174
2017-02-13,1.5699345988887905
2017-02-14,1.5675157899960588
2017-02-15,1.5546926244167056
2017-02-16,1.5647982050445224
2017-02-17,1.5730869307639275
2017-02-20,1.5839965577398336
2017-02-21,1.5894345396393916
2017-02-22,1.5930513370934496
2017-02-23,1.5954437040292424
2017-02-27,1.5873163033498552
2017-02-28,1.5840700146463882
2017-03-01,1.5966355758096857
2017-03-02,1.587890651650614
2017-03-03,1.5874729697583239
2017-03-06,1.5999832065022799
2017-03-07,1.5968399869640977
2017-03-08,1.5925480817325721
2017-03-09,1.5930607721599148
2017-03-10,1.5944942934702062
2017-03-14,1.6234423830742521
2017-03-15,1.6230241491904709
2017-03-16,1.6361211825093025
2017-03-17,1.6373287388972972
2017-03-20,1.6310145100747009
2017-03-21,1.629997323476468
2017-03-22,1.6126855613789979
2017-03-23,1.6232976792168126
2017-03-24,1.6274226072516669
2017-03-27,1.6154833518191118
2017-03-28,1.626049037135233
2017-03-29,1.6342235929043525
2017-03-30,1.6399190168106983
2017-03-31,1.6399190168106983
2017-04-03,1.6521109482630254
2017-04-05,1.6573059419555953
2017-04-06,1.6566968703871758
2017-04-07,1.6445829891451051
2017-04-10,1.6413776078508622
2017-04-11,1.6519438701106401
2017-04-12,1.6455598247035246
2017-04-13,1.6355435498136235
2017-04-17,1.633356581318775
2017-04-18,1.626862870162699
2017-04-19,1.626549114046965
2017-04-20,1.632803741794662
2017-04-21,1.6295711608197863
2017-04-24,1.6483083500164264
2017-04-25,1.6651747190650934
2017-04-26,1.673789197541566
2017-04-27,1.6719421348818542
2017-04-28,1.6646869635820927
2017-05-02,1.6665430867674498
2017-05-03,1.6661909500645145
2017-05-04,1.6753198014131019
2017-05-05,1.6611125403362998
2017-05-08,1.666585000426736
2017-05-09,1.6671180385573219
2017-05-10,1.6843386434467293
2017-05-11,1.6872153784315613
2017-05-12,1.6831191038733924
2017-05-15,1.691596198621643
2017-05-16,1.7043346557551058
2017-05-17,1.7069082911195324
2017-05-18,1.688548064271488
2017-05-19,1.6882527763693804
2017-05-22,1.6902246908385783
2017-05-23,1.6802974385299212
2017-05-24,1.6754211410698034
2017-05-25,1.7038352245758521
2017-05-26,1.72010575301159
2017-05-29,1.7219751777467105
2017-05-30,1.7257233993021883
2017-05-31,1.7250938632204296
2017-06-01,1.7241112942896732
2017-06-02,1.7312461321731443
2017-06-05,1.7353676913546725
2017-06-06,1.728125324325874
2017-06-07,1.733229105110369
2017-06-08,1.7300517219972704
2017-06-09,1.7340586955572284
2017-06-12,1.7241639862745937
2017-06-13,1.722351681371997
2017-06-14,1.724497696089308
2017-06-15,1.7168476614538883
2017-06-16,1.7187548617180726
2017-06-19,1.732010788324982
2017-06-20,1.7312380021518332
2017-06-21,1.7274406995664335
2017-06-22,1.7267539291839857
2017-06-23,1.7162512142926225
2017-06-27,1.704131282326248
2017-06-28,1.7002899340684101
2017-06-29,1.7027391728316452
2017-06-30,1.7059418137881972
2017-07-03,1.7238815329972066
2017-07-04,1.7235571944469188
2017-07-05,1.7281927055307824
2017-07-06,1.735242584387895
2017-07-07,1.733572728034184
2017-07-10,1.7536575507539232
2017-07-11,1.7565219691193483
2017-07-12,1.7622608795394572
2017-07-13,1.7767019049806496
2017-07-14,1.7756793501734085
2017-07-17,1.7813361461558368
2017-07-18,1.764362889345802
2017-07-19,1.7782028752161232
2017-07-20,1.7731764661563223
2017-07-21,1.781192605338306
2017-07-24,1.790969429340128
2017-07-25,1.7906155943902964
2017-07-26,1.801341987404261
2017-07-27,1.801322748552082
2017-07-28,1.8001656163901152
2017-07-31,1.812138436093315
2017-08-01,1.8193232649142623
2017-08-02,1.8129788836308065
2017-08-03,1.7999964362530076
2017-08-04,1.8100853245245334
2017-08-07,1.8083634203288899
2017-08-08,1.7932783782338897
2017-08-09,1.779797722192579
2017-08-10,1.7630167296882642
2017-08-11,1.7421097133669472
2017-08-14,1.7580197355966367
2017-08-16,1.7777196968084397
2017-08-17,1.7790289266783084
2017-08-18,1.7662716292376166
2017-08-21,1.7504058102419864
2017-08-22,1.7525443023558684
2017-08-23,1.7691472231403569
2017-08-24,1.770016487579409
2017-08-28,1.7806681369157353
2017-08-29,1.758353739201444
2017-08-30,1.7752272839220875
2017-08-31,1.7816289065605362
2017-09-01,1.792428007088712
2017-09-04,1.7806592629436557
2017-09-05,1.7881802551257506
2017-09-06,1.7812979120108485
2017-09-07,1.7839164547054633
2017-09-08,1.7848529711157
2017-09-11,1.798472742666249
2017-09-12,1.8151107794632613
2017-09-13,1.8124797540331468
2017-09-14,1.813876430028738
2017-09-15,1.8136469721608035
2017-09-18,1.8266004055360077
2017-09-19,1.8255380638335372
2017-09-20,1.824313133073912
2017-09-21,1.8206285824901673
2017-09-22,1.7904859288303576
2017-09-25,1.7729346911561206
2017-09-26,1.7727245837914325
2017-09-27,1.7467863987705474
2017-09-28,1.7531244049008754
2017-09-29,1.7568763465232204
2017-10-03,1.7704161040543465
2017-10-04,1.7810007153766587
2017-10-05,1.7759932045696347
2017-10-06,1.7933826250842504
2017-10-09,1.7951129844084959
2017-10-10,1.8005052886629318
2017-10-11,1.7943565396079253
2017-10-12,1.8156957076238798
2017-10-13,1.8292907641701288
2017-10-16,1.841427378742533
2017-10-17,1.842116915947728
2017-10-18,1.8375971381220304
2017-10-19,1.8252848234119046
2017-10-23,1.8326156076696685
2017-10-24,1.836990382745403
2017-10-25,1.8537733837908943
2017-10-26,1.8630556218708314
2017-10-27,1.8590790810641324
2017-10-30,1.8668587975543682
2017-10-31,1.8614250133895076
2017-11-01,1.8815845544288117
2017-11-02,1.878382227849862
2017-11-03,1.8838850362154753
2017-11-06,1.8837507612506503
2017-11-07,1.8642577530377225
2017-11-08,1.8552503668456966
2017-11-09,1.856361554694617
2017-11-10,1.8588139647879414
2017-11-13,1.8402658959254568
2017-11-14,1.8329218901767643
2017-11-15,1.8197980004873056
2017-11-16,1.8383032672436095
2017-11-17,1.8514868219484928
2017-11-20,1.854389112744809
2017-11-21,1.859782261591005
2017-11-22,1.8627330491085436
2017-11-23,1.8639691331237103
2017-11-24,1.8718169421500748
2017-11-27,1.8737050247643783
2017-11-28,1.8680881720538522
2017-11-29,1.8663727053816983
2017-11-30,1.8405468606223045
2017-12-01,1.820487670208958
2017-12-04,1.8216263532381676
2017-12-05,1.8198082792159482
2017-12-06,1.8056185109821603
2017-12-07,1.8290688519167948
2017-12-08,1.8480100881612496
2017-12-11,1.8588511776606274
2017-12-12,1.8431202995353335
2017-12-13,1.8340810417674904
2017-12-14,1.845405324253482
2017-12-15,1.860947477785242
2017-12-18,1.8715823381107133
2017-12-19,1.8858532955921408
2017-12-20,1.882209629265201
2017-12-21,1.8814617309843464
2017-12-22,1.891566729912925
2017-12-26,1.8989512852854735
2017-12-27,1.8911333362917493
2017-12-28,1.8886687321953002
2017-12-29,1.8987951413035322
2018-01-02,1.8818163894285815
2018-01-03,1.8820081356698817
2018-01-04,1.8938197016185134
2018-01-05,1.9041875015242586
2018-01-08,1.9166118752565573
2018-01-09,1.9191841749543312
2018-01-10,1.918262744232524
2018-01-11,1.921910117205665
2018-01-12,1.9276793465916209
2018-01-15,1.9392583250948838
2018-01-16,1.931363399521064
2018-01-17,1.94828251122779
2018-01-18,1.9537490916474036
2018-01-19,1.9686813569628727
2018-01-22,1.9824283532296216
2018-01-23,2.005028997783485
2018-01-24,2.0054716559397714
2018-01-25,2.002324699996128
2018-01-29,2.014016692009531
2018-01-30,1.9984700557636486
2018-01-31,1.9942460050366677
2018-02-01,1.9921679774463306
2018-02-02,1.9428553560089
2018-02-05,1.9247876288840555
2018-02-06,1.8924741220082875
2018-02-07,1.8883408117557623
2018-02-08,1.9075472088608278
2018-02-09,1.8841554859030747
2018-02-12,1.9004158868739789
2018-02-14,1.8929626207712893
2018-02-15,1.9015169937571277
2018-02-16,1.8836360068393405
2018-02-19,1.8694660754173935
2018-02-20,1.866016216775523
2018-02-21,1.8731163488099778
2018-02-22,1.8702890510181136
2018-02-23,1.8910557465480151
2018-02-26,1.9086141261068765
2018-02-27,1.9031834883466383
2018-02-28,1.8913934252263997
2018-03-01,1.8847766078280852
2018-03-05,1.865697351791485
2018-03-06,1.844694401653722
2018-03-07,1.826492146414483
2018-03-08,1.843420413865821
2018-03-09,1.8403946695103206
2018-03-12,1.8776461642952906
2018-03-13,1.878690796818376
2018-03-14,1.8756331787163316
2018-03-15,1.8659048712132145
2018-03-16,1.8342858071225405
2018-03-19,1.8149702230657463
2018-03-20,1.8207285714328851
2018-03-21,1.8266412418492664
2018-03-22,1.8188902141154568
2018-03-23,1.7965614572794915
2018-03-26,1.821913552276184
2018-03-27,1.8321508621280513
2018-03-28,1.81866557317215
2018-04-02,1.8374350287733645
2018-04-03,1.843791146988352
2018-04-04,1.8214637298611256
2018-04-05,1.8591112206227993
2018-04-06,1.8603467632169557
2018-04-09,1.8694950830537247
2018-04-10,1.8738838114537588
2018-04-11,1.8767397881151755
2018-04-12,1.8846948736209577
2018-04-13,1.8889033616703603
2018-04-16,1.8980600538225136
2018-04-17,1.9019636797806228
2018-04-18,1.8976472228095371
2018-04-19,1.9051471647304348
2018-04-20,1.904907337581567
2018-04-23,1.9088693270230546
2018-04-24,1.914558581778436
2018-04-25,1.906152587825653
2018-04-26,1.9152183334085227
2018-04-27,1.9295165429853884
2018-04-30,1.9385504752869964
2018-05-02,1.9344595986627593
2018-05-03,1.9270854800568633
2018-05-04,1.9152970300685246
2018-05-07,1.9339614469817927
2018-05-08,1.9344030865274684
2018-05-09,1.938992825243611
2018-05-10,1.9341623535904435
2018-05-11,1.9514359066331173
2018-05-14,1.9514550452732802
2018-05-15,1.950542394286354
2018-05-16,1.9388703970042909
2018-05-17,1.9276540831446534
2018-05-18,1.9110849608646459
2018-05-21,1.8957909058344098
2018-05-22,1.899626940876479
2018-05-23,1.8792262341763972
2018-05-24,1.8952331737136012
2018-05-25,1.9127444181667366
2018-05-28,1.9287683177653534
2018-05-29,1.9181410642214174
2018-05-30,1.914503859028884
2018-05-31,1.9378790172885862
2018-06-01,1.9302064870491165
2018-06-04,1.9172076111471603
2018-06-05,1.9104230241674267
2018-06-06,1.9279807040909975
2018-06-07,1.944050316390599
2018-06-08,1.9439160049374713
2018-06-11,1.9476232482567102
2018-06-12,1.9583620335659704
2018-06-13,1.9610237348924204
2018-06-14,1.9516737057465667
2018-06-15,1.9535278622750474
2018-06-18,1.9500979834834282
2018-06-19,1.9329222605529455
2018-06-20,1.9447506672295103
2018-06-21,1.938805410702008
2018-06-22,1.9543139051145635
2018-06-25,1.9429004636261593
2018-06-26,1.944187433817216
2018-06-27,1.925410914694814
2018-06-28,1.9096112598252237
2018-06-29,1.9336345544449773
2018-07-02,1.922689269116423
2018-07-03,1.9308667421312982
2018-07-04,1.9443071434157753
2018-07-05,1.9404365435009496
2018-07-06,1.94483485110236
2018-07-09,1.9602499683274346
2018-07-10,1.9783820377382564
2018-07-11,1.978583900058021
2018-07-12,1.9929862546755928
2018-07-13,1.9921590995497325
2018-07-16,1.9763753525515442
2018-07-17,1.990065243916178
2018-07-18,1.984756381229784
2018-07-19,1.9802655527179955
2018-07-20,1.990476564195865
2018-07-23,2.004816591915361
2018-07-24,2.014351847097457
2018-07-25,2.0139091517040164
2018-07-26,2.020704013192984
2018-07-27,2.0420843210987383
2018-07-30,2.050021552115533
2018-07-31,2.057141677449832
2018-08-01,2.0551565412219666
2018-08-02,2.035595042041166
2018-08-03,2.057957312210182
2018-08-06,2.0630263042160113
2018-08-07,2.0634794202258844
2018-08-08,2.0751515943209813
2018-08-09,2.079143317471815
2018-08-10,2.0711975582505455
2018-08-13,2.056977612286512
2018-08-14,2.0722708754976473
2018-08-16,2.0626203583606753
2018-08-17,2.0791402732242803
2018-08-20,2.0947616253858703
2018-08-21,2.0984565543455096
2018-08-23,2.1007430926921917
2018-08-24,2.095793187591083
2018-08-27,2.121812393242385
2018-08-28,2.1308007337409935
2018-08-29,2.121800492765862
2018-08-30,2.118884712002428
2018-08-31,2.1195991256949185
2018-09-03,2.1006483950743706
2018-09-04,2.088674409142567
2018-09-05,2.080311954393555
2018-09-06,2.091873987218402
2018-09-07,2.101944509797712
2018-09-10,2.0728044709590647
2018-09-11,2.043766254666759
2018-09-12,2.0596409119908343
2018-09-14,2.087646294476373
2018-09-17,2.0611324676423153
2018-09-18,2.0420793476307533
2018-09-19,2.0334970651653608
2018-09-21,2.0159230856363504
2018-09-24,1.9821026339187207
2018-09-25,2.0013415372766885
2018-09-26,1.9987151404783836
2018-09-27,1.984045455644916
2018-09-28,1.9749880225444059
2018-10-01,1.9899546683916525
2018-10-03,1.9610944245063133
2018-10-04,1.911323001198897
2018-10-05,1.8570630144257259
2018-10-08,1.8631153039703194
2018-10-09,1.8541116103392024
2018-10-10,1.8845715581280256
2018-10-11,1.8413533083780325
2018-10-12,1.886884412802816
2018-10-15,1.894552667814407
2018-10-16,1.9084068263671359
2018-10-17,1.8831418786752747
2018-10-19,1.8544853987049228
2018-10-22,1.843320744633317
2018-10-23,1.8244739907012972
2018-10-24,1.8393870731983595
2018-10-25,1.8202749722749951
2018-10-26,1.8021216604989625
2018-10-29,1.8443419723745893
2018-10-30,1.8343013128783738
2018-10-31,1.8703175272556554
2018-11-01,1.8691393318687628
2018-11-02,1.9021977133740362
2018-11-05,1.8966358624649233
2018-11-06,1.8977863872982543
2018-11-07,1.9109029236085773
2018-11-09,1.9083705936812467
2018-11-12,1.8886126159157122
2018-11-13,1.9078405290682634
2018-11-14,1.906651203400863
2018-11-15,1.9144005429557507
2018-11-16,1.926967385777457
2018-11-19,1.9425525848225476
2018-11-20,1.921967128785195
2018-11-21,1.9111916148057009
2018-11-22,1.8971298195268513
2018-11-26,1.916659886702364
2018-11-27,1.9275965663291132
2018-11-28,1.9358978448751956
2018-11-29,1.96082741675443
2018-11-30,1.9642953893977908
2018-12-03,1.965640466931083
2018-12-04,1.9629021606708685
2018-12-05,1.9462624164123297
2018-12-06,1.9113578819201187
2018-12-07,1.9291122880778016
2018-12-10,1.8897160913966167
2018-12-11,1.9013524462682643
2018-12-12,1.937491860862523
2018-12-13,1.9478496563169783
2018-12-14,1.950519219759994
2018-12-17,1.9664413237865592
2018-12-18,1.9703518705268803
2018-12-19,1.9816136529703463
2018-12-20,1.9786146657050188
2018-12-21,1.940610744961177
2018-12-24,1.9232343929197224
2018-12-26,1.9359668564778434
2018-12-27,1.9455560724866185
2018-12-28,1.960937986436141
2018-12-31,1.9614470001494755
2019-01-02,1.9479886025755238
2019-01-03,1.9248950329906152
2019-01-04,1.935469079337695
2019-01-07,1.9440022239224606
2019-01-08,1.9498301923695125
2019-01-09,1.960009167872717
2019-01-10,1.9535635207828863
2019-01-11,1.9484447537018013
2019-01-14,1.9374307063156504
2019-01-15,1.9660744640941155
2019-01-16,1.9667469905881851
2019-01-17,1.9696101658981786
2019-01-18,1.969946465467487
2019-01-21,1.9804966591198048
2019-01-22,1.9729803553933811
2019-01-23,1.9554429529347381
2019-01-24,1.958958109142068
2019-01-25,1.9456546423504095
2019-01-28,1.9228032096629297
2019-01-29,1.9210090974900902
2019-01-30,1.920932270179648
2019-01-31,1.9553077243133237
2019-02-01,1.9673514007346602
2019-02-04,1.9709253958680246
2019-02-05,1.9751723943296366
2019-02-06,1.999793343730872
2019-02-07,2.0011301621697513
2019-02-08,1.9769323440811655
2019-02-11,1.9663993400554325
2019-02-12,1.9553702217906241
2019-02-14,1.9389759352370446
2019-02-15,1.9348195925776281
2019-02-18,1.9188005541882636
2019-02-19,1.9117782588497743
2019-02-20,1.9369260440262226
2019-02-21,1.9473691245601465
2019-02-22,1.9477149329108674
2019-02-25,1.9647002303246333
2019-02-26,1.9560926482351304
2019-02-27,1.9505895678012661
2019-02-28,1.9478719720663051
2019-03-01,1.9615064441772874
2019-03-05,1.9853191536817474
2019-03-06,1.997921355867137
2019-03-07,1.998921492886116
2019-03-08,1.9945363470194402
2019-03-11,2.020045781092551
2019-03-12,2.045671021171803
2019-03-13,2.0534712595642612
2019-03-14,2.0537698178056147
2019-03-15,2.069874795938307
2019-03-18,2.0766880692265492
2019-03-19,2.090220730978723
2019-03-20,2.0880317985880215
2019-03-22,2.075661522971611
2019-03-25,2.055873990895599
2019-03-26,2.0807264505908116
2019-03-27,2.0733617112670193
2019-03-28,2.0974461180917987
2019-04-01,2.116570768778645
2019-04-02,2.125071947999531
2019-04-03,2.1117041621970514
2019-04-04,2.102837468080374
2019-04-05,2.1159460266709207
2019-04-08,2.104086991335056
2019-04-09,2.117099531948208
2019-04-10,2.10018370107802
2019-04-11,2.1025757193298418
2019-04-12,2.1115943470143947
2019-04-15,2.1206441233480704
2019-04-16,2.139327732965983
2019-04-18,2.132694209437272
2019-04-22,2.102120658978583
2019-04-23,2.098551870260334
2019-04-24,2.127523650613419
2019-04-25,2.111240116493356
2019-04-26,2.133015356425572
2019-04-30,2.1317603693596188
2019-05-02,2.1272425004849214
2019-05-03,2.1248294575410247
2019-05-06,2.102824009067683
2019-05-07,2.0834656841273214
2019-05-08,2.0567723384516357
2019-05-09,2.0456659516804034
2019-05-10,2.0412558042854085
2019-05-13,2.0160878140967364
2019-05-14,2.030297828431221
2019-05-15,2.017775785650872
2019-05-16,2.0370377016048726
2019-05-17,2.065928027901586
2019-05-20,2.1470735365451747
2019-05-21,2.124061051332479
2019-05-22,2.129619958114844
2019-05-23,2.1140123451079966
2019-05-24,2.1501049106772743
2019-05-27,2.1656826955892137
2019-05-28,2.166455638045234
2019-05-29,2.153382892730145
2019-05-30,2.169763793771133
2019-05-31,2.165299444212117
2019-06-03,2.1973278172149264
2019-06-04,2.184389297509556
2019-06-06,2.1499951558348056
2019-06-07,2.155190908442213
2019-06-10,2.1652456743510187
2019-06-11,2.173535121073554
2019-06-12,2.1620547484445796
2019-06-13,2.163571390797361
2019-06-14,2.1460366205238293
2019-06-17,2.116845785238748
2019-06-18,2.1205795949046844
2019-06-19,2.1205699832935565
2019-06-20,2.1476458844590116
2019-06-21,2.126855097537136
2019-06-24,2.1221359341142265
2019-06-25,2.1408176354178865
2019-06-26,2.1506846902911945
2019-06-27,2.1495258033239173
2019-06-28,2.1393472051546776
2019-07-01,2.154166579161146
2019-07-02,2.1628011477353257
2019-07-03,2.1640474069745723
2019-07-04,2.1698439868500103
2019-07-05,2.1436393105295943
2019-07-08,2.094869635973965
2019-07-09,2.0943491230802613
2019-07-10,2.0833575013698824
2019-07-11,2.0995505418969787
2019-07-12,2.093687408109811
2019-07-15,2.100600334297309
2019-07-16,2.114920891857628
2019-07-17,2.1197253736225226
2019-07-18,2.10224197225818
2019-07-19,2.0679771431177136
2019-07-22,2.0539014807674936
2019-07-23,2.0509834180335167
2019-07-24,2.0394761683024174
2019-07-25,2.035789434753581
2019-07-26,2.041978314128924
2019-07-29,2.023667954659238
2019-07-30,2.0036933416211986
2019-07-31,2.009962855891386
2019-08-01,1.9834178958215676
2019-08-02,1.9867524917565367
2019-08-05,1.9608509189348204
2019-08-06,1.9773015203570106
2019-08-07,1.959478399964441
2019-08-08,1.9934630907720254
2019-08-09,2.008305221433318
2019-08-13,1.9729528699844052
2019-08-14,1.992848445224375
2019-08-16,1.9963857134278153
2019-08-19,1.9975586697345227
2019-08-20,1.9904636013033392
2019-08-21,1.9715669358795922
2019-08-22,1.9374935853963788
2019-08-23,1.954382654832262
2019-08-26,1.9982594660640367
2019-08-27,2.0073925287283414
2019-08-28,1.9959971162246901
2019-08-29,1.9771939679942307
2019-08-30,1.99159577518122
2019-09-03,1.9482756226773699
2019-09-04,1.9572506199006594
2019-09-05,1.95787472232903
2019-09-06,1.9767517448323146
2019-09-09,1.9876751453293997
2019-09-11,1.9939508476875538
2019-09-12,1.983780985641456
2019-09-13,2.0016736369367707
2019-09-16,1.987751792862184
2019-09-17,1.952020129283943
2019-09-18,1.9564458159815679
2019-09-19,1.9303593270592967
2019-09-20,2.039608711160251
2019-09-23,2.1023596667696816
2019-09-24,2.1000456611686262
2019-09-25,2.0715081501848833
2019-09-26,2.096746789988029
2019-09-27,2.0854101307973667
2019-09-30,2.0780956881870916
2019-10-01,2.056022267672331
2019-10-03,2.047183101466543
2019-10-04,2.020374303280271
2019-10-07,2.0110733252637965
2019-10-09,2.0470170259540685
2019-10-10,2.0318561480876816
2019-10-11,2.045422654625999
2019-10-14,2.0523723610743385
2019-10-15,2.0691528707464593
2019-10-16,2.0760302531483736
2019-10-17,2.0996047110964615
2019-10-18,2.1141619660851534
2019-10-22,2.099984461835501
2019-10-23,2.1030212652456233
2019-10-24,2.0988754274742125
2019-10-25,2.0991262268870776
2019-10-29,2.1382564885691178
2019-10-30,2.1493069185025835
2019-10-31,2.1557462603599484
2019-11-01,2.158285609707445
2019-11-04,2.1680772718525128
2019-11-05,2.1634216812185008
2019-11-06,2.172857284351507
2019-11-07,2.1817447893060353
2019-11-08,2.1616658138189186
2019-11-11,2.1626894502558334
2019-11-13,2.1485893858558187
2019-11-14,2.154700107662644
2019-11-15,2.159209299502088
2019-11-18,2.157094460298505
2019-11-19,2.1678319217295905
2019-11-20,2.179229466236811
2019-11-21,2.173297164189029
2019-11-22,2.1628639435588557
2019-11-25,2.1936425988066945
2019-11-26,2.1866736345640527
2019-11-27,2.198850138771158
2019-11-28,2.208604292817825
2019-11-29,2.1902124461895465
2019-12-02,2.1886951482001678
2019-12-03,2.1782576001517953
2019-12-04,2.1877259795678645
2019-12-05,2.182932610081761
2019-12-06,2.164205928929706
2019-12-09,2.167296432786947
2019-12-10,2.151707329110863
2019-12-11,2.1620087358124698
2019-12-12,2.173915966846695
2019-12-13,2.1961156328045446
2019-12-16,2.1897842235609875
2019-12-17,2.2112492464956452
2019-12-18,2.2222057030622326
2019-12-19,2.2295669004170926
2019-12-20,2.231908181931461
2019-12-23,2.230156928913234
2019-12-24,2.2208300148423756
2019-12-26,2.203805993550169
2019-12-27,2.2268647626623483
2019-12-30,2.2288092536624915
2019-12-31,2.2118978510837937
2020-01-01,2.21461517688656
2020-01-02,2.2338992819455363
2020-01-03,2.2231492048007717
2020-01-06,2.1779556323623885
2020-01-07,2.1895298241287966
2020-01-08,2.1841950328436472
2020-01-09,2.2210203135024127
2020-01-10,2.2289323040914732
2020-01-13,2.243008795237598
2020-01-14,2.249348027871147
2020-01-15,2.2456696815723296
2020-01-16,2.248031372217623
2020-01-17,2.2474214870421823
2020-01-20,2.222681083921096
2020-01-21,2.21209891270033
2020-01-22,2.1999244079527434
2020-01-23,2.2141249066920405
2020-01-24,2.227257674447857
2020-01-27,2.202250270948956
2020-01-28,2.1900305880811417
2020-01-29,2.204275652574366
2020-01-30,2.1861578664367998
2020-01-31,2.1719143627832276
2020-02-03,2.122806489986336
2020-02-04,2.175231988465903
2020-02-05,2.1963871908506505
2020-02-06,2.205820690415657
2020-02-07,2.198163523843539
2020-02-10,2.1852401958008048
2020-02-11,2.2000046233169934
2020-02-12,2.218042155401653
2020-02-13,2.2129068035906436
2020-02-14,2.20107090974611
2020-02-17,2.187991802149121
2020-02-18,2.1776908517755555
2020-02-19,2.2034650538306515
2020-02-20,2.194754693416487
2020-02-24,2.1461497516626986
2020-02-25,2.1400691091363258
2020-02-26,2.117024441509066
2020-02-27,2.1083063635876935
2020-02-28,2.0250910313565944
2020-03-02,2.011818633458224
2020-03-03,2.044611488108078
2020-03-04,2.0345457124964255
2020-03-05,2.0380090152682437
2020-03-06,1.9842165382438
2020-03-09,1.8808602263962375
2020-03-11,1.8821910442070193
2020-03-12,1.715932161286844
2020-03-13,1.7854295432890828
2020-03-16,1.640822703332854
2020-03-17,1.5970979354414117
2020-03-18,1.5026764340846959
2020-03-19,1.4639079233714085
2020-03-20,1.5547612876369854
2020-03-23,1.3400298494876581
2020-03-24,1.3757764792705636
2020-03-25,1.4727512582722408
2020-03-26,1.5337146703100166
2020-03-27,1.537264871014142
2020-03-30,1.465655244360777
2020-03-31,1.525285335592971
2020-04-01,1.4603616044789118
2020-04-03,1.428358137800676
2020-04-07,1.5615390495500512
2020-04-08,1.5533281896520066
2020-04-09,1.6219315455744834
2020-04-13,1.5995734890039357
2020-04-15,1.5866015043546484
2020-04-16,1.599368551124652
2020-04-17,1.651208775082438
2020-04-20,1.6502797084351868
2020-04-21,1.5971204927601343
2020-04-22,1.6360682891899194
2020-04-23,1.6600561147522963
2020-04-24,1.6298083354861626
2020-04-27,1.6540362935906758
2020-04-28,1.6727306521025327
2020-04-29,1.7054484714352676
2020-04-30,1.7636758161853667
2020-05-04,1.6558776421599826
2020-05-05,1.6392135610028575
2020-05-06,1.6515856621452878
2020-05-07,1.6379664767723046
2020-05-08,1.6479033735069286
2020-05-11,1.645572281405665
2020-05-12,1.637489753236166
2020-05-13,1.6729169588884238
2020-05-14,1.6272391799235821
2020-05-15,1.626121810095339
2020-05-18,1.5667372232668957
2020-05-19,1.5772890911472282
2020-05-20,1.612718988718425
2020-05-21,1.6202326379972942
2020-05-22,1.607548696276218
2020-05-26,1.6056185871897717
2020-05-27,1.6597135361200759
2020-05-28,1.6929184926139829
2020-05-29,1.7100389114088563
2020-06-01,1.7567306202112316
2020-06-02,1.7858251039519715
2020-06-03,1.801524425431734
2020-06-04,1.7953423511868387
2020-06-05,1.8168751521929665
2020-06-08,1.821697447874241
2020-06-09,1.798668608200292
2020-06-10,1.8119076422133904
2020-06-11,1.7710962623808173
2020-06-12,1.784589292830712
2020-06-15,1.7542781699050716
2020-06-16,1.773355051670649
2020-06-17,1.7671030567082404
2020-06-18,1.807157259930627
2020-06-19,1.8362615223117669
2020-06-22,1.8490013868598132
2020-06-23,1.879490577099879
2020-06-24,1.8478447361220245
2020-06-25,1.844715957716464
2020-06-26,1.8626670132503567
2020-06-29,1.8491911592970516
2020-06-30,1.8472258367605505
2020-07-01,1.871636345507073
2020-07-02,1.894863190613076
2020-07-03,1.90549623532547
2020-07-06,1.935370965313275
2020-07-07,1.9422582616082127
2020-07-08,1.9242899898358676
2020-07-09,1.9448873489969518
2020-07-10,1.9361991174915034
2020-07-13,1.9428283419668313
2020-07-14,1.905446693157111
2020-07-15,1.9075205784858231
2020-07-16,1.9307923219294338
2020-07-17,1.9617322438234597
2020-07-20,1.9848036556160202
2020-07-21,2.011636912714164
2020-07-22,2.0059513965544173
2020-07-23,2.021835438618234
2020-07-24,2.0177499280099336
2020-07-27,2.0057919329326808
2020-07-28,2.0381442881561744
2020-07-29,2.0193955340891985
2020-07-30,2.00008205050755
2020-07-31,1.9945807269753482
2020-08-03,1.9597289445387338
2020-08-04,1.9987169676454297
2020-08-05,1.9999437352964171
2020-08-06,2.018824000469513
2020-08-07,2.021489709391756
2020-08-10,2.032249853293697
2020-08-11,2.042293755207261
2020-08-12,2.0395877751670954
2020-08-13,2.0380621050167247
2020-08-14,2.014641377300319
2020-08-17,2.027815190906164
2020-08-18,2.054336478110136
2020-08-19,2.0587618776269547
2020-08-20,2.040290514563163
2020-08-21,2.051689566097367
2020-08-24,2.0698979640272306
2020-08-25,2.071011937745981
2020-08-26,2.0858690276905807
2020-08-27,2.0877234413925625
2020-08-28,2.1047015603677544
2020-08-31,2.0546940288012716
2020-09-01,2.0705805350985127
2020-09-02,2.0830171058258355
2020-09-03,2.081566489428998
2020-09-04,2.0443697109354293
2020-09-07,2.048438484135231
2020-09-08,2.041202141685758
2020-09-09,2.033650813651894
2020-09-10,2.0665069507999267
2020-09-11,2.069426061925972
2020-09-14,2.064739707950055
2020-09-15,2.0804385197859374
2020-09-16,2.096336581982657
2020-09-17,2.0793356339264983
2020-09-18,2.077193666530631
2020-09-21,2.0283226189419956
2020-09-22,2.0097349013257775
2020-09-23,2.005555294475759
2020-09-24,1.9430055194997145
2020-09-25,1.9898224686032893
2020-09-28,2.023792199938699
2020-09-29,2.0228046015558174
2020-09-30,2.0276278282309916
2020-10-01,2.0601205695874594
2020-10-05,2.0767086051238923
2020-10-06,2.107259833598757
2020-10-07,2.1219573793690523
2020-10-08,2.1403732191735516
2020-10-09,2.1556909287663037
2020-10-12,2.1589155450311526
2020-10-13,2.159598994967123
2020-10-14,2.166636125005533
2020-10-15,2.110655119621254
2020-10-16,2.1264402916074596
2020-10-19,2.1477143631873648
2020-10-20,2.152285450047989
2020-10-21,2.1601488367625965
2020-10-22,2.1522164163670645
2020-10-23,2.1587417446965156
2020-10-26,2.1274371096454905
2020-10-27,2.1508372484116336
2020-10-28,2.12007853805859
2020-10-29,2.108770525728192
2020-10-30,2.1033106883033375
2020-11-02,2.108452620104506
2020-11-03,2.136203825396385
2020-11-04,2.154481853302684
2020-11-05,2.1952530034239537
2020-11-06,2.222859257202137
2020-11-09,2.260948689034502
2020-11-10,2.2937774007322544
2020-11-11,2.3165871548143993
2020-11-12,2.305305982077789
2020-11-13,2.3109400955663744
2020-11-17,2.3407575165893206
2020-11-18,2.353148209858869
2020-11-19,2.3209182697404676
2020-11-20,2.3378076505141014
2020-11-23,2.3508454392250604
2020-11-24,2.375749239991173
2020-11-25,2.3376536162321866
2020-11-26,2.3625292693512496
2020-11-27,2.359035594433206
2020-12-01,2.386150507958509
2020-12-02,2.3870608071418893
2020-12-03,2.3909634757914326
2020-12-04,2.4151075797844803
2020-12-07,2.433946205694277
2020-12-08,2.441159431741694
2020-12-09,2.4675638920277843
2020-12-10,2.457705565864103
2020-12-11,2.464602778062607
2020-12-14,2.4731992621824985
2020-12-15,2.475081771106127
2020-12-16,2.497373993840647
2020-12-17,2.5086377021517228
2020-12-18,2.5124935747287296
2020-12-21,2.428538929701742
2020-12-22,2.4552733694768434
2020-12-23,2.4814240180952227
2020-12-24,2.5101828597202798
2020-12-28,2.5342605705553645
2020-12-29,2.5458056892495398
2020-12-30,2.555400292866382
2020-12-31,2.55536136265859
2021-01-01,2.5625078028397312
2021-01-04,2.5847579447819107
2021-01-05,2.5977178519512694
2021-01-06,2.587352592748068
2021-01-07,2.5856205245688186
2021-01-08,2.6264667249239007
2021-01-11,2.653249005978205
2021-01-12,2.6685875608543403
2021-01-13,2.668860398971668
2021-01-14,2.674855639353508
2021-01-15,2.6432863131914788
2021-01-18,2.6135905675177673
2021-01-19,2.660294368768281
2021-01-20,2.6843774673275664
2021-01-21,2.6737773918461394
2021-01-22,2.6311830735282333
2021-01-25,2.605275297313474
2021-01-27,2.552439378269615
2021-01-28,2.5232835475607756
2021-01-29,2.487736009919105
2021-02-01,2.613263725484853
2021-02-02,2.6846494145779705
2021-02-03,2.7123603511306498
2021-02-04,2.7329855475682217
2021-02-05,2.7385687013969355
2021-02-08,2.7759672257494445
2021-02-09,2.774697124955484
2021-02-10,2.7741500578402127
2021-02-11,2.7872022336379123
2021-02-12,2.7852477588600038
2021-02-15,2.8148373343991984
2021-02-16,2.8145928807953404
2021-02-17,2.7941469263781324
2021-02-18,2.7765638378678688
2021-02-19,2.7497547286326682
2021-02-22,2.689987220892565
2021-02-23,2.6962474865213673
2021-02-24,2.7497311849300754
2021-02-25,2.772256880085882
2021-02-26,2.661243578732745
2021-03-01,2.7065355334154972
2021-03-02,2.737271103591479
2021-03-03,2.801009335602861
2021-03-04,2.7687838406215515
2021-03-05,2.740917451045981
2021-03-08,2.7444511932762725
2021-03-09,2.772214811442139
2021-03-10,2.787140267053547
2021-03-12,2.75902862784541
2021-03-15,2.7392149870003157
2021-03-16,2.7354960997521567
2021-03-17,2.6985733349407415
2021-03-18,2.666693567898293
2021-03-19,2.70297475300953
2021-03-22,2.7014923729485663
2021-03-23,2.7167747459839062
2021-03-24,2.6649998321221453
2021-03-25,2.621246607741192
2021-03-26,2.6567591151650913
2021-03-30,2.722580439361414
2021-03-31,2.6924514280972667
2021-04-01,2.7268990472260786
2021-04-05,2.682101517983229
2021-04-06,2.691011136163967
2021-04-07,2.7174429174211414
2021-04-08,2.7281252433325758
2021-04-09,2.7205238423955214
2021-04-12,2.61826907153861
2021-04-13,2.6560344400747335
2021-04-15,2.6709685025376477
2021-04-16,2.678062713000144
2021-04-19,2.627692892196624
2021-04-20,2.615416742709946
2021-04-22,2.6367796499011495
2021-04-23,2.6241599867176344
2021-04-26,2.6521271697887574
2021-04-27,2.68486542162682
2021-04-28,2.72609856988432
2021-04-29,2.7320209803284254
2021-04-30,2.6805379463968384
2021-05-03,2.6811326460553135
2021-05-04,2.6542996069821663
2021-05-05,2.6779406587244265
2021-05-06,2.69878751967349
2021-05-07,2.7179670458466845
2021-05-10,2.741222172487792
2021-05-11,2.7233424574812726
2021-05-12,2.693245633360825
2021-05-14,2.689599355035512
2021-05-17,2.737435410357873
2021-05-18,2.773532941041222
2021-05-19,2.7583072545327463
2021-05-20,2.734074946805122
2021-05-21,2.7866216153842323
2021-05-24,2.790998226322852
2021-05-25,2.79309877030664
2021-05-26,2.811271740331197
2021-05-27,2.8183872539558767
2021-05-28,2.8375086740499937
2021-05-31,2.8662901081213237
2021-06-01,2.8647341637004637
2021-06-02,2.8649984802260606
2021-06-03,2.887338224124073
2021-06-04,2.883402775158069
2021-06-07,2.899339442372032
2021-06-08,2.8970772684748565
2021-06-09,2.876563367172207
2021-06-10,2.896608530080829
2021-06-11,2.9086718473287867
2021-06-14,2.911120387080481
2021-06-15,2.922364727015348
2021-06-16,2.9024377495226132
2021-06-17,2.8875233114097383
2021-06-18,2.8859469948092507
2021-06-21,2.898311228241389
2021-06-22,2.9034520425559847
2021-06-23,2.8866471722744067
2021-06-24,2.9069117316209736
2021-06-25,2.920603277803063
2021-06-28,2.911659177777003
2021-06-29,2.8986811982448755
2021-06-30,2.8934032372407916
2021-07-01,2.8852767153857775
2021-07-02,2.8935389495910555
2021-07-05,2.915500077813012
2021-07-06,2.9123460189466672
2021-07-07,2.9243741264126126
2021-07-08,2.894639511129294
2021-07-09,2.887178511499952
2021-07-12,2.8877266945447806
2021-07-13,2.9111732118980247
2021-07-14,2.919322369442104
2021-07-15,2.9330859846381983
2021-07-16,2.932929239983674
2021-07-19,2.899416996081689
2021-07-20,2.8758570650932596
2021-07-22,2.913430436862507
2021-07-23,2.9196991531986316
2021-07-26,2.913508072789719
2021-07-27,2.898228056170337
2021-07-28,2.8909723874867437
2021-07-29,2.904492752521
2021-07-30,2.9014764192920466
2021-08-02,2.925389645583039
2021-08-03,2.973513642328226
2021-08-04,2.9986288008278885
2021-08-05,3.005653965513945
2021-08-06,2.9945848860216366
2021-08-09,2.998519032368517
2021-08-10,3.0028066724043536
2021-08-11,3.0032286887771127
2021-08-12,3.019350923735676
2021-08-13,3.051683972847812
2021-08-16,3.0583533727236714
2021-08-17,3.068481001059915
2021-08-18,3.059490864572647
2021-08-20,3.0362385996955545
2021-08-23,3.0452621315186996
2021-08-24,3.070432859123953
2021-08-25,3.07240796262828
2021-08-26,3.0728501327063884
2021-08-27,3.086272336954829
2021-08-30,3.1306686918491695
2021-08-31,3.1702428321525087
2021-09-01,3.159227056867722
2021-09-02,3.1903093583261244
2021-09-03,3.207927540614781
2021-09-06,3.218606691357721
2021-09-07,3.2155125026893816
2021-09-08,3.2138178983604595
2021-09-09,3.2169214313849634
2021-09-13,3.2141725822777296
2021-09-14,3.2190395883921163
2021-09-15,3.246520697672502
2021-09-16,3.268219336213044
2021-09-17,3.259471460041213
2021-09-20,3.2223454986475937
2021-09-21,3.2548832772924214
2021-09-22,3.2518563610626536
2021-09-23,3.306338958197997
2021-09-24,3.3123097896469584
2021-09-27,3.312684934855805
2021-09-28,3.291661237744588
2021-09-29,3.284301067564429
2021-09-30,3.2659221973308967
2021-10-01,3.2489402171097126
2021-10-04,3.28033023478836
2021-10-05,3.3061849816145443
2021-10-06,3.271386584116847
2021-10-07,3.299860213923371
2021-10-08,3.3205530255874534
2021-10-11,3.330572652644067
2021-10-12,3.339656125795807
2021-10-13,3.3731916304797984
2021-10-14,3.4081305225013034
2021-10-18,3.435517405593035
2021-10-19,3.4239835236122635
2021-10-20,3.393889087335628
2021-10-21,3.37639364872888
2021-10-22,3.3639037782868826
2021-10-25,3.3659783981964932
2021-10-26,3.3942337930680617
2021-10-27,3.3828763190708395
2021-10-28,3.3129679347572876
2021-10-29,3.276330813696941
2021-11-01,3.3272254446141933
2021-11-02,3.319189092653673
2021-11-03,3.3073933116496557
2021-11-04,3.3246838090366677
2021-11-08,3.354645078558426
2021-11-09,3.349844593503816
2021-11-10,3.344501321726221
2021-11-11,3.316139182945132
2021-11-12,3.36137505375537
2021-11-15,3.3626985972136954
2021-11-16,3.340916337749044
2021-11-17,3.3210585411588514
2021-11-18,3.294633542011772
2021-11-22,3.225914115409564
2021-11-23,3.2430200237344518
2021-11-24,3.2256129795964488
2021-11-25,3.249498183941893
2021-11-26,3.1489853090418403
2021-11-29,3.1543968489911736
2021-11-30,3.140472995756212
2021-12-01,3.176616404904737
2021-12-02,3.222835359279982
2021-12-03,3.1824485340983606
2021-12-06,3.126438908824616
2021-12-07,3.1784543723986762
2021-12-08,3.236152375416916
2021-12-09,3.2454356501962773
2021-12-10,3.244341794829802
2021-12-13,3.2161423826457405
2021-12-14,3.2076014357452225
2021-12-15,3.187212637394546
2021-12-16,3.1925294085380194
2021-12-17,3.1406953126134374
2021-12-20,3.0677040798044817
2021-12-21,3.098479724565099
2021-12-22,3.134767972470368
2021-12-23,3.1578132248946527
2021-12-24,3.1442635182562437
2021-12-27,3.160495434841264
2021-12-28,3.189426696526692
2021-12-29,3.185557166217216
2021-12-30,3.1836569622215785
2021-12-31,3.2132115533585304
2022-01-03,3.26672800314852
2022-01-04,3.3021355263064587
2022-01-05,3.325814871668013
2022-01-06,3.2904090308365155
2022-01-07,3.303587419764208
2022-01-10,3.341199222836545
2022-01-11,3.351556149140377
2022-01-12,3.3824849633028458
2022-01-13,3.3914666232691753
2022-01-14,3.3910613013881905
2022-01-17,3.4014077435503585
2022-01-18,3.3628509950371464
2022-01-19,3.328350350457869
2022-01-20,3.292538631510895
2022-01-21,3.2649478393206093
2022-01-24,3.1726534739070305
2022-01-25,3.198016790990352
2022-01-27,3.164970775824201
2022-01-28,3.163356664742923
2022-01-31,3.210177518804943
2022-02-01,3.2568621246578298
2022-02-02,3.296913517740355
2022-02-03,3.2535477880668204
2022-02-04,3.244893757161748
2022-02-07,3.185229557676934
2022-02-08,3.1956940250633394
2022-02-09,3.234497835887511
2022-02-10,3.2624907028139254
2022-02-11,3.2169255181885084
2022-02-14,3.112132042529137
2022-02-15,3.2123293447227574
2022-02-16,3.2063709908912115
2022-02-17,3.2029047766814775
2022-02-18,3.1973317316606917
2022-02-21,3.1836165322711687
2022-02-22,3.161085230288238
2022-02-23,3.155388617041851
2022-02-24,2.9949717364668507
2022-02-25,3.0754718038263396
2022-02-28,3.1020888204968466
2022-03-02,3.0651494643434853
2022-03-03,3.043958792079155
2022-03-04,2.994350415320053
2022-03-07,2.919394660251668
2022-03-08,2.94882555136526
2022-03-09,3.013855330845662
2022-03-10,3.062813903679172
2022-03-11,3.069794827143395
2022-03-14,3.1170986746033877
2022-03-15,3.0761505035159034
2022-03-16,3.13750366982891
2022-03-17,3.19880156725746
2022-03-21,3.1654395273923597
2022-03-22,3.204378047056054
2022-03-23,3.190624512570258
2022-03-24,3.1861165465054317
2022-03-25,3.172387353816555
2022-03-28,3.185965386228832
2022-03-29,3.2062984443575395
2022-03-30,3.2403536411120735
2022-03-31,3.233753028754621
2022-04-01,3.2742776295551232
2022-04-04,3.3497786708645116
2022-04-05,3.3308260201087867
2022-04-06,3.3012719743369345
2022-04-07,3.268114379805854
2022-04-08,3.2966584829460266
2022-04-11,3.27508121412986
2022-04-12,3.246563200391265
2022-04-13,3.2357943487862877
2022-04-18,3.176297202570512
2022-04-19,3.133987633461275
2022-04-20,3.168968013296444
2022-04-21,3.219348094571007
2022-04-22,3.1758920927003302
2022-04-25,3.1329933796129614
2022-04-26,3.1815296171792142
2022-04-27,3.1495689378263365
2022-04-28,3.190213285482737
2022-04-29,3.162164650284121
2022-05-02,3.1555838826606872
2022-05-04,3.0785747005768447
2022-05-05,3.0795667112398815
2022-05-06,3.026260641370869
2022-05-09,3.0047959242736235
2022-05-10,2.9926758067863406
2022-05-11,2.9783723699360314
2022-05-12,2.9079835894615833
2022-05-13,2.9029240540866272
2022-05-16,2.9146958446159186
2022-05-17,2.996326389792402
2022-05-18,2.9926009074516084
2022-05-19,2.9081173306329964
2022-05-20,2.99751304721019
2022-05-23,2.9874250499753883
2022-05-24,2.969870311409841
2022-05-25,2.9504012160680895
2022-05-26,2.978677448583621
2022-05-27,3.0144077968760814
2022-05-30,3.0750045383996607
2022-05-31,3.059913554619546
2022-06-01,3.04778131335635
2022-06-02,3.0684382160001302
2022-06-03,3.0598581097093893
2022-06-06,3.0569625150257678
2022-06-07,3.0268890760051224
2022-06-08,3.0150985497209755
2022-06-09,3.038997759482584
2022-06-10,2.9847795137040785
2022-06-13,2.901002563945262
2022-06-14,2.8927253292598807
2022-06-15,2.884909583396272
2022-06-16,2.820054887350526
2022-06-17,2.8069476545807017
2022-06-20,2.818010630399583
2022-06-21,2.8743928671053327
2022-06-22,2.830293649901747
2022-06-23,2.858301319301325
2022-06-24,2.8861786945988186
2022-06-27,2.912155358504409
2022-06-28,2.915707620560154
2022-06-29,2.9057058536789224
2022-06-30,2.902017238970452
2022-07-01,2.896499262390403
2022-07-04,2.912796798690702
2022-07-05,2.9080017806569156
2022-07-06,2.9430215486922062
2022-07-07,2.9710457636563
2022-07-08,2.9882301584483377
2022-07-11,2.9873285671350365
2022-07-12,2.9564175628427454
2022-07-13,2.9384645421085445
2022-07-14,2.932981692951285
2022-07-15,2.9546266842312496
2022-07-18,2.999542007950175
2022-07-19,3.0117073020173777
2022-07-20,3.0470649185289718
2022-07-21,3.0636277816924284
2022-07-22,3.086045703058233
2022-07-25,3.0686750552051816
2022-07-26,3.0397858504675583
2022-07-27,3.0707777949845108
2022-07-28,3.1272817336653116
2022-07-29,3.172221819415213
2022-08-01,3.2079843242739443
2022-08-02,3.209046977532119
2022-08-03,3.21745263996049
2022-08-04,3.2162417543932738
2022-08-05,3.2192933168724736
2022-08-08,3.2444159221983564
2022-08-10,3.2463168365512374
2022-08-11,3.2707922113598746
2022-08-12,3.2785077202484034
2022-08-16,3.303559245522381
2022-08-17,3.327025029027861
2022-08-18,3.329441649629355
2022-08-19,3.2903694459646737
2022-08-22,3.2375844207388575
2022-08-23,3.2546798177951244
2022-08-24,3.260087644678912
2022-08-25,3.243832528580927
2022-08-26,3.2510124011702284
2022-08-29,3.2025507679812715
2022-08-30,3.290411008263807
2022-09-01,3.2477310667753527
2022-09-02,3.2470708750470347
2022-09-05,3.2719593371530653
2022-09-06,3.2699490122061063
2022-09-07,3.26380087067453
2022-09-08,3.298154443420316
2022-09-09,3.3049761700104647
2022-09-12,3.325286372880787
2022-09-13,3.3516601197695532
2022-09-14,3.338575507053703
2022-09-15,3.313645995996228
2022-09-16,3.2453004443523845
2022-09-19,3.263303309356275
2022-09-20,3.301527600573576
2022-09-21,3.2822246060810363
2022-09-22,3.264771630693948
2022-09-23,3.2051776627868396
2022-09-26,3.1439581080230434
2022-09-27,3.1422084132574146
2022-09-28,3.112957199574646
2022-09-29,3.1050002188791987
2022-09-30,3.159266321205434
2022-10-03,3.118561520811552
2022-10-04,3.194592505601032
2022-10-06,3.205906721554989
2022-10-07,3.202531340272594
2022-10-10,3.188037070372432
2022-10-11,3.137385359745863
2022-10-12,3.164912460891145
2022-10-13,3.1434277402324415
2022-10-14,3.1771109039107275
2022-10-17,3.2019152204149908
2022-10-18,3.236383172308976
2022-10-19,3.2413653756107452
2022-10-20,3.2515468728648913
2022-10-21,3.253979812728965
2022-10-24,3.2844037013226663
2022-10-25,3.2697399100491493
2022-10-27,3.285621239447351
2022-10-28,3.2954468371296106
2022-10-31,3.339880181046942
2022-11-01,3.366159482610696
2022-11-02,3.3538130213271025
2022-11-03,3.3478631640617014
2022-11-04,3.3605805543249443
2022-11-07,3.3774847844595177
2022-11-09,3.368442676267452
2022-11-10,3.3430185994160877
2022-11-11,3.406450693578022
2022-11-14,3.4023918543894807
2022-11-15,3.4170567873270135
2022-11-16,3.4182915280354367
2022-11-17,3.4053017735510127
2022-11-18,3.398141764686541
2022-11-21,3.3689718975118375
2022-11-22,3.3856019758892018
2022-11-23,3.3901533063622535
2022-11-24,3.432973284142117
2022-11-25,3.438634950841907
2022-11-28,3.448516539443534
2022-11-29,3.459447614900942
2022-11-30,3.48718517265944
2022-12-01,3.497896014475438
2022-12-02,3.4748680024596292
2022-12-05,3.4758471247313256
2022-12-06,3.4643176197861956
2022-12-07,3.4480551964753663
2022-12-08,3.4577109742300673
2022-12-09,3.4354206866358408
2022-12-12,3.435529531716654
2022-12-13,3.4574356109154265
2022-12-14,3.467775222099922
2022-12-15,3.4192520507995208
2022-12-16,3.3904276807498164
2022-12-19,3.420332995292512
2022-12-20,3.4133888975635096
2022-12-21,3.3766065816440576
2022-12-22,3.362442314994125
2022-12-23,3.299178357889576
2022-12-26,3.340142570994704
2022-12-27,3.363362602545527
2022-12-28,3.3614283058036216
2022-12-29,3.374947099603604
2022-12-30,3.3580298839000613
2023-01-02,3.3762146791762024
2023-01-03,3.3831439512590924
2023-01-04,3.345710783087167
2023-01-05,3.335688280180173
2023-01-06,3.309511346508167
2023-01-09,3.357176821358186
2023-01-10,3.3202651689563414
2023-01-11,3.3166265034314337
2023-01-12,3.3092317994933915
2023-01-13,3.3286329719411896
2023-01-16,3.316453725965894
2023-01-17,3.3476989017696566
2023-01-18,3.3698063551922517
2023-01-19,3.3584570138779366
2023-01-20,3.34263052121654
2023-01-23,3.360563673012503
2023-01-24,3.3605143362886216
2023-01-25,3.3158445975793063
2023-01-27,3.259133711710401
2023-01-30,3.2679189769240153
2023-01-31,3.270519774431258
2023-02-01,3.2614863904975175
2023-02-02,3.260324077093897
2023-02-03,3.3083195506343306
2023-02-06,3.2906836213717496
2023-02-07,3.2821889678805283
2023-02-08,3.3117876520080856
2023-02-09,3.316076074105206
2023-02-10,3.308790273052753
2023-02-13,3.291913620361058
2023-02-14,3.323242078694216
2023-02-15,3.340202061616205
2023-02-16,3.344147448673289
2023-02-17,3.326066352305774
2023-02-20,3.306423430414829
2023-02-21,3.302894396774564
2023-02-22,3.2491949277574284
2023-02-23,3.240716508351674
2023-02-24,3.2317671490747246
2023-02-27,3.217375192244991
2023-02-28,3.1999071307565154
2023-03-01,3.228821040697379
2023-03-02,3.2034254994449607
2023-03-03,3.257035558577251
2023-03-06,3.2801001813967248
2023-03-08,3.2885636747107463
2023-03-09,3.2560847876002987
2023-03-10,3.221281841507755
2023-03-13,3.1703807493016845
2023-03-14,3.1485532989852723
2023-03-15,3.134567855015126
2023-03-16,3.137210747460552
2023-03-17,3.159702571819149
2023-03-20,3.1377517553628755
2023-03-21,3.161157262636835
2023-03-22,3.1698867345523443
2023-03-23,3.155138691731647
2023-03-24,3.1292189968595263
2023-03-27,3.1372059027581938
2023-03-28,3.1305243078896763
2023-03-29,3.155871810748177
2023-03-31,3.2107296351235193
2023-04-03,3.2182668262942364
2023-04-05,3.2495607634973576
2023-04-06,3.25785149386428
2023-04-10,3.262755910638191
2023-04-11,3.282109121861865
2023-04-12,3.2998631722911607
2023-04-13,3.3029380569879003
2023-04-17,3.279056411323419
2023-04-18,3.269854907041762
2023-04-19,3.2616988519368673
2023-04-20,3.2628214537054405
2023-04-21,3.2627429699836026
2023-04-24,3.2862522731758466
2023-04-25,3.2913462816062427
2023-04-26,3.3000867741373936
2023-04-27,3.3200841205048044
2023-04-28,3.34965177531111
2023-05-02,3.3659578051732284
2023-05-03,3.3545510111393697
2023-05-04,3.3872942318500887
2023-05-05,3.350415808040271
2023-05-08,3.3889664528649246
2023-05-09,3.3892722311952874
2023-05-10,3.398975829482861
2023-05-11,3.3954018700280257
2023-05-12,3.3989166001763906
2023-05-15,3.415512912526538
2023-05-16,3.393321831623959
2023-05-17,3.3726399465490777
2023-05-18,3.362416149131943
2023-05-19,3.3769103819248536
2023-05-22,3.398819839234393
2023-05-23,3.405454386560784
2023-05-24,3.393092077771758
2023-05-25,3.400150519681538
2023-05-26,3.4353383773833595
2023-05-29,3.4549587546733367
2023-05-30,3.4619159803104074
2023-05-31,3.442257183173213
2023-06-01,3.43303865288746
2023-06-02,3.4421962670138178
2023-06-05,3.454003378774911
2023-06-06,3.455021349387889
2023-06-07,3.480202381592826
2023-06-08,3.4620401530344527
2023-06-09,3.447975400687248
2023-06-12,3.4555049464588854
2023-06-13,3.4781660324681263
2023-06-14,3.4860258514537064
2023-06-15,3.472617696759737
2023-06-16,3.4998822859413368
2023-06-19,3.4859269968173705
2023-06-20,3.498039629243976
2023-06-21,3.505981314758578
2023-06-22,3.489047536422356
2023-06-23,3.4681336041747346
2023-06-26,3.473214236190666
2023-06-27,3.4981658949128245
2023-06-28,3.5287651267425213
2023-06-30,3.5717000790661473
2023-07-03,3.5981390401077533
2023-07-04,3.611304771529648
2023-07-05,3.6131874404981663
2023-07-06,3.6327679662814507
2023-07-07,3.5999582259027405
2023-07-10,3.604733263346163
2023-07-11,3.6212790667231967
2023-07-12,3.6103578939649252
2023-07-13,3.6161938971668164
2023-07-14,3.6460711887110966
2023-07-17,3.6752095618205556
2023-07-18,3.6827086067556234
2023-07-19,3.6993550847164265
2023-07-20,3.7283304418816616
2023-07-21,3.681838905802147
2023-07-24,3.667424815908643
2023-07-25,3.669061257699953
2023-07-26,3.688441448016335
2023-07-27,3.664947896193592
2023-07-28,3.6622008520143017
2023-07-31,3.683571899231625
2023-08-01,3.679554128625364
2023-08-02,3.638486281956254
2023-08-03,3.609758215890212
2023-08-04,3.636579896877491
2023-08-07,3.6524998384685317
2023-08-08,3.647254415753831
2023-08-09,3.659489062084392
2023-08-10,3.6417483361648575
2023-08-11,3.6189871145340344
2023-08-14,3.6202258365706452
2023-08-16,3.6262608597024535
2023-08-17,3.6064884697675104
2023-08-18,3.5955702561282745
2023-08-21,3.6121030414366198
2023-08-22,3.6126677555795896
2023-08-23,3.6220911001959317
2023-08-24,3.6107337784829565
2023-08-25,3.586775593573952
2023-08-28,3.5947486466182816
2023-08-29,3.601999567441748
2023-08-30,3.602950400992281
2023-08-31,3.584394727083425
2023-09-01,3.6203462765971985
2023-09-04,3.6388778410445295
2023-09-05,3.6480175165036153
2023-09-06,3.6551857472457887
2023-09-07,3.6781900039121065
2023-09-08,3.6966198638486647
2023-09-11,3.7316259394116167
2023-09-12,3.7310004018160097
2023-09-13,3.746249714449409
2023-09-14,3.7528234744847015
2023-09-15,3.770550871239867
2023-09-18,3.7588189035403925
2023-09-20,3.7127530069094417
2023-09-21,3.681181896583015
2023-09-22,3.6676712949767363
2023-09-25,3.667730955163484
2023-09-26,3.665776888433694
2023-09-27,3.67604122071692
2023-09-28,3.6377744331132607
2023-09-29,3.660523903054102
2023-10-03,3.638797069030532
2023-10-04,3.62042862906785
2023-10-05,3.642160778642837
2023-10-06,3.663523947854982
2023-10-09,3.6355287949393587
2023-10-10,3.670717072207738
2023-10-11,3.6948175925083486
2023-10-12,3.691374804592784
2023-10-13,3.6828526094596725
2023-10-16,3.679023386543148
2023-10-17,3.6948445808336556
2023-10-18,3.66698409019517
2023-10-19,3.6577807886296956
2023-10-20,3.641509247964053
2023-10-23,3.5897826028617166
2023-10-25,3.558167459690998
2023-10-26,3.505721277316457
2023-10-27,3.5433045205476974
2023-10-30,3.561841006970125
2023-10-31,3.5497037707688475
2023-11-01,3.5317989778194634
2023-11-02,3.5603153893783612
2023-11-03,3.5795895541126272
2023-11-06,3.615466982740106
2023-11-07,3.614466061517208
2023-11-08,3.6217588084424603
2023-11-09,3.6122060959394546
2023-11-10,3.6181605941593973
2023-11-13,3.621767709041589
2023-11-15,3.6677281793395453
2023-11-16,3.685529350274137
2023-11-17,3.678903121051944
2023-11-20,3.6714042819883024
2023-11-21,3.6891371638547077
2023-11-22,3.6947817984705678
2023-11-23,3.6928273491747947
2023-11-24,3.69137870771185
2023-11-28,3.7102284288241605
2023-11-29,3.7512937639892363
2023-11-30,3.758553098132581
2023-12-01,3.785318844249621
2023-12-04,3.8685615328705154
2023-12-05,3.902048737570634
2023-12-06,3.918492456411778
2023-12-07,3.9112145721813487
2023-12-08,3.9248035170238325
2023-12-11,3.9303197303846753
2023-12-12,3.9122557377621328
2023-12-13,3.916227794954197
2023-12-14,3.9672722717592155
2023-12-15,4.021863830884209
2023-12-18,4.014285201627084
2023-12-19,4.021154891437158
2023-12-20,3.960736074420686
2023-12-21,3.981637753601787
2023-12-22,4.000443099809102
2023-12-26,4.018775194296624
2023-12-27,4.061332922120855
2023-12-28,4.086067291324771
2023-12-29,4.076625256752212
2024-01-01,4.078721028609975
2024-01-02,4.063531281070752
2024-01-03,4.033906570225022
2024-01-04,4.062081779042328
2024-01-05,4.072498719225477
2024-01-08,4.033020755406934
2024-01-09,4.039373702199258
2024-01-10,4.054105657662557
2024-01-11,4.059792248641922
2024-01-12,4.109150342800986
2024-01-15,4.149667253362268
2024-01-16,4.136650077829162
2024-01-17,4.044685584430145
2024-01-18,4.022800887306534
2024-01-19,4.054740005248656
2024-01-23,3.9782016912830866
2024-01-24,4.021079899686054
2024-01-25,4.000868371038722
2024-01-29,4.077623227566483
2024-01-30,4.034611745070875
2024-01-31,4.0752219966335606
2024-02-01,4.069583834126501
2024-02-02,4.100786030983888
2024-02-05,4.084393984382589
2024-02-06,4.1158723264626245
2024-02-07,4.116091917797804
2024-02-08,4.07364551756956
2024-02-09,4.086528237108179
2024-02-12,4.053302840751273
2024-02-13,4.078680921389267
2024-02-14,4.098001305767784
2024-02-15,4.112116104549624
2024-02-16,4.138065271821763
2024-02-19,4.154356045965855
2024-02-20,4.169281656548401
2024-02-21,4.1409228997786265
2024-02-22,4.173365268557897
2024-02-23,4.172415916188072
2024-02-26,4.15429883593694
2024-02-27,4.169543990949969
2024-02-28,4.120140618649794
2024-02-29,4.126461468235432
2024-03-01,4.197554075518025
2024-03-04,4.210919351583009
2024-03-05,4.201061129971807
2024-03-06,4.224604119032461
2024-03-07,4.228504265344082
2024-03-11,4.196321194457284
2024-03-12,4.196930735600595
2024-03-13,4.129355031812532
2024-03-14,4.159105274777372
2024-03-15,4.134467622601691
2024-03-18,4.140929324090928
2024-03-19,4.093335398757289
2024-03-20,4.097657358545471
2024-03-21,4.13216465553016
2024-03-22,4.149102595826321
2024-03-26,4.1307120390204615
2024-03-27,4.154470583817485
2024-03-28,4.195080405598791
2024-04-01,4.222089347811311
2024-04-02,4.2203495416024674
2024-04-03,4.2166196364512185
2024-04-04,4.2326180432552185
2024-04-05,4.232427784566346
2024-04-08,4.262951915335529
2024-04-09,4.258239140042258
2024-04-10,4.28046016678941
2024-04-12,4.233542493400993
2024-04-15,4.184155736784084
2024-04-16,4.159250126849368
2024-04-18,4.128868378596457
2024-04-19,4.159056855260252
2024-04-22,4.196901327223543
2024-04-23,4.203218735059164
2024-04-24,4.210096698123181
2024-04-25,4.2436795158158125
2024-04-26,4.213591407467533
2024-04-29,4.258274380298823
2024-04-30,4.2505606081361185
2024-05-02,4.259233649295983
2024-05-03,4.224747101711628
2024-05-06,4.218117081117386
2024-05-07,4.190080131404912
2024-05-08,4.190080131404912
2024-05-09,4.121115010246472
2024-05-10,4.140625337868482
2024-05-13,4.150383657458624
2024-05-14,4.173118701113584
2024-05-15,4.169661560636526
2024-05-16,4.210288448933827
2024-05-17,4.2227356064531305
2024-05-21,4.235325198495309
2024-05-22,4.249076955783182
2024-05-23,4.323070735683895
2024-05-24,4.320957723410138
2024-05-27,4.316021117801724
2024-05-28,4.307150232048856
2024-05-29,4.270418497258433
2024-05-30,4.2271822265268995
2024-05-31,4.235591976840083
2024-06-03,4.382249459281546
2024-06-04,4.105780397285312
2024-06-05,4.252669568306781
2024-06-06,4.292886572788088
2024-06-07,4.386705406931922
2024-06-10,4.380502648011737
2024-06-11,4.381634916157235
2024-06-12,4.3932775376799125
2024-06-13,4.408499872856308
2024-06-14,4.42187068413326
2024-06-18,4.440377060341832
2024-06-19,4.4319738938370685
2024-06-20,4.44220083002414
2024-06-21,4.428984115668939
2024-06-24,4.4363532234881236
2024-06-25,4.473142517358378
2024-06-26,4.502736804499204
2024-06-27,4.538002903377995
2024-06-28,4.531195282690057
2024-07-01,4.557569536870717
2024-07-02,4.5539339728102615
2024-07-03,4.586603049149698
2024-07-04,4.58974784916782
2024-07-05,4.594108284487684
2024-07-08,4.593445350577605
2024-07-09,4.616083032211183
2024-07-10,4.594222326911188
2024-07-11,4.592514162983162
2024-07-12,4.629932399385564
2024-07-15,4.646931254383205
2024-07-16,4.652220287623587
2024-07-18,4.68999904277887
2024-07-19,4.635682777823595
2024-07-22,4.631329588205521
2024-07-23,4.625257850490202
2024-07-24,4.612079505403934
2024-07-25,4.610591984725241
2024-07-26,4.696771505057276
2024-07-29,4.697023034911492
2024-07-30,4.701289230790111
2024-07-31,4.72017510533069
2024-08-01,4.7322018218326685
2024-08-02,4.67317610615211
2024-08-05,4.5399868897104065
2024-08-06,4.527326208927428
2024-08-07,4.588552015954786
2024-08-08,4.552283239670471
2024-08-09,4.6025933593551684
2024-08-12,4.598473455123949
2024-08-13,4.5566737526020615
2024-08-14,4.557627786702299
2024-08-16,4.637446375727426
2024-08-19,4.643779764759924
2024-08-20,4.669155457518435
2024-08-21,4.683506876242927
2024-08-22,4.691815738465295
2024-08-23,4.694159805579481
2024-08-26,4.731875858343063
2024-08-27,4.7333152554798
2024-08-28,4.74028039798291
2024-08-29,4.760332265718341
2024-08-30,4.777237998898122
2024-09-02,4.7858584814921015
2024-09-03,4.786090216737246
2024-09-04,4.769743195103724
2024-09-05,4.758948257733024
2024-09-06,4.699956464963642
2024-09-09,4.716909263446271
2024-09-10,4.737981412445854
2024-09-11,4.713289739236597
2024-09-12,4.807969970421789
2024-09-13,4.801441525733966
2024-09-16,4.806931754890085
2024-09-17,4.813943769239292
2024-09-18,4.805681949562924
2024-09-19,4.813388825835941
2024-09-20,4.8889836250178575
2024-09-23,4.918854815048805
2024-09-24,4.919127122571424
2024-09-25,4.931989853589431
2024-09-26,4.974751349609435
2024-09-27,4.967260381696771
2024-09-30,4.892946199996622
2024-10-01,4.890132617503413
2024-10-03,4.7798457339604745
2024-10-04,4.73241243572488
2024-10-07,4.688359339797005
2024-10-08,4.732095997312159
2024-10-09,4.725815447190226
2024-10-10,4.729136501735025
2024-10-11,4.722252727876343
2024-10-14,4.755199960160918
2024-10-15,4.740984672108647
2024-10-16,4.723661795700221
2024-10-17,4.679090296677334
2024-10-18,4.700050866891404
2024-10-21,4.6853724479964765
2024-10-22,4.623210637736058
2024-10-23,4.615853811011306
2024-10-24,4.608598184044056
2024-10-25,4.564666211845702
2024-10-28,4.596471326890116
2024-10-29,4.622130875332203
2024-10-30,4.596804306380183
2024-10-31,4.56957721771668
2024-11-01,4.589462945193178
2024-11-04,4.527379190905559
2024-11-05,4.5711334792857405
2024-11-06,4.625518587798719
2024-11-07,4.568290657216767
2024-11-08,4.558016632248279
2024-11-11,4.556631205662155
2024-11-12,4.504847323181447
2024-11-13,4.439743962009659
2024-11-14,4.434460140524377
2024-11-18,4.4186411399387415
2024-11-19,4.431610428832592
2024-11-21,4.397807825537979
2024-11-22,4.509499433825606
2024-11-25,4.5726487448886735
2024-11-26,4.56714500361296
2024-11-27,4.583293345502262
2024-11-28,4.510821692772831
2024-11-29,4.55436289564469
2024-12-02,4.583470997037731
2024-12-03,4.61985207741859
2024-12-04,4.6219219883321765
2024-12-05,4.670350886254942
2024-12-06,4.664196816838205
2024-12-09,4.652371980500822
2024-12-10,4.650572567827209
2024-12-11,4.656956367839764
2024-12-12,4.638235398826453
2024-12-13,4.682382414950636
2024-12-16,4.6622575590581015
2024-12-17,4.5954440105196825
2024-12-18,4.567887960824954
2024-12-19,4.518248889048992
2024-12-20,4.445149380186935
2024-12-23,4.478424627124876
2024-12-24,4.473249271539407
2024-12-26,4.477772348416906
2024-12-27,4.490450662668666
2024-12-30,4.456643396868741
2024-12-31,4.456623420698099
2025-01-01,4.476296809959207
2025-01-02,4.565713396117826
2025-01-03,4.528779826152968
2025-01-06,4.450753831137121
2025-01-07,4.469171948751081
2025-01-08,4.4653708279777415
2025-01-09,4.432789334410315
2025-01-10,4.413744157868025
2025-01-13,4.344487652843753
2025-01-14,4.362528826281622
2025-01-15,4.369968965387161
2025-01-16,4.389719041751019
2025-01-17,4.367960058228912
2025-01-20,4.396312122729442
2025-01-21,4.332172549937292
2025-01-22,4.358337946496337
2025-01-23,4.368351337901134
2025-01-24,4.345687830072939
2025-01-27,4.293016870611424
2025-01-28,4.318647677555186
2025-01-29,4.359849799823749
2025-01-30,4.377153229286109
2025-01-31,4.429015612067006
2025-02-01,4.4237535608857455
2025-02-03,4.399479779834307
2025-02-04,4.475262677633649
2025-02-05,4.46664781347448
2025-02-06,4.448005592386694
2025-02-07,4.4393034346360105
2025-02-10,4.4035469947649215
2025-02-11,4.341467265425185
2025-02-12,4.336151400093217
2025-02-13,4.333378704666637
2025-02-14,4.312928956741037
2025-02-17,4.31898305495191
2025-02-18,4.316141047894876
2025-02-19,4.313659178819872
2025-02-20,4.309706463182526
2025-02-21,4.286241635738813
2025-02-24,4.237716785266066
2025-02-25,4.236557466833329
2025-02-27,4.236057667854225
2025-02-28,4.15202175153206
2025-03-03,4.150943818078428
2025-03-04,4.14362576261234
2025-03-05,4.194466905229399
2025-03-06,4.235904371099651
2025-03-07,4.237463856915407
2025-03-10,4.21903152914941
2025-03-11,4.22654641112168
2025-03-12,4.221069420026058
2025-03-13,4.206418665565095
2025-03-17,4.228709843939243
2025-03-18,4.293785248843999
2025-03-19,4.308450559312412
2025-03-20,4.365093724808195
2025-03-21,4.397087326897098
2025-03-24,4.4587882261470275
2025-03-25,4.460853816482049
2025-03-26,4.4243967374342095
2025-03-27,4.445462249780813
2025-03-28,4.430906686596856
2025-04-01,4.360016998379129
2025-04-02,4.393389651408489
2025-04-03,4.376911109453208
2025-04-04,4.307676764311479
2025-04-07,4.159026467014523
2025-04-08,4.23375630088976
2025-04-09,4.206431338005256
2025-04-11,4.292231147139998
2025-04-15,4.392257950950688
2025-04-16,4.414023277648039
2025-04-17,4.497074094327289
2025-04-21,4.55202133496317
2025-04-22,4.560392706136007
2025-04-23,4.5928583901419655
2025-04-24,4.5763373556517
2025-04-25,4.534697400176117
2025-04-28,4.592732536603399
2025-04-29,4.594228800432332
2025-04-30,4.593877285315765
2025-05-02,4.59638809602071
2025-05-05,4.619378069618677
2025-05-06,4.602991940059947
2025-05-07,4.609983019984593
2025-05-08,4.581735585816294
2025-05-09,4.528354166097467
2025-05-12,4.712326658798528
2025-05-13,4.642654094964445
2025-05-14,4.660451129165449
2025-05-15,4.739896954929222
2025-05-16,4.731385154900662
2025-05-19,4.716424996800751
2025-05-20,4.663809217188303
2025-05-21,4.689852882642622
2025-05-22,4.648878603030587
2025-05-23,4.6978108768268845
2025-05-26,4.7275766675925786
2025-05-27,4.692377120796757
2025-05-28,4.677545578141979
2025-05-29,4.693862269266823
2025-05-30,4.6771902243286325
2025-06-02,4.670333943577201
2025-06-03,4.63533147798424
2025-06-04,4.650945697362616
2025-06-05,4.677216347190256
2025-06-06,4.727915152996601
2025-06-09,4.748064569633234
2025-06-10,4.748276036088948
2025-06-11,4.755752456589314
2025-06-12,4.7047915534837115
2025-06-13,4.670679066114984
2025-06-16,4.716497776515381
2025-06-17,4.697769427326085
2025-06-18,4.689453342320673
2025-06-19,4.685672599969617
2025-06-20,4.749849020246141
2025-06-23,4.721573569923211
2025-06-24,4.736148634975071
2025-06-25,4.776471906235646
2025-06-26,4.837722227131295
2025-06-27,4.8556128489985735
2025-06-30,4.8312800509970435
2025-07-01,4.836266008424241
2025-07-02,4.818456395559319
2025-07-03,4.808768146353356
2025-07-04,4.819985753560817
2025-07-07,4.820046338222288
2025-07-08,4.832373359116851
2025-07-09,4.823025750213122
2025-07-10,4.7986827825997675
2025-07-11,4.7573212104446725
2025-07-14,4.743725981353911
2025-07-15,4.766565645442481
2025-07-16,4.769836584148704
2025-07-17,4.749585807624735
2025-07-18,4.720797913731016
2025-07-21,4.745400944699128
2025-07-22,4.739404401573716
2025-07-23,4.771398203334348
2025-07-24,4.739632895183336
2025-07-25,4.69433858784955
2025-07-28,4.662946607227619
2025-07-29,4.691129571161969
2025-07-30,4.697956931238368
2025-07-31,4.6805203646854485
2025-08-01,4.6397039610674025
2025-08-04,4.671335094596015
2025-08-05,4.6566190085405275
2025-08-06,4.6414730910046424
2025-08-07,4.645884484520156
2025-08-08,4.599087441814823
2025-08-11,4.643626476116438
2025-08-12,4.624001832355559
2025-08-13,4.650512689302229
2025-08-14,4.652914707969993
2025-08-18,4.702288146961923
2025-08-19,4.723144453955876
2025-08-20,4.737206506541564
2025-08-21,4.7438864768168925
2025-08-22,4.700894526905929
2025-08-25,4.720533491866602
2025-08-26,4.669095653999173
2025-08-28,4.626647627801339
2025-08-29,4.611769247604476
2025-09-01,4.651584360944092
2025-09-02,4.642449320381676
2025-09-03,4.669669861981263
2025-09-04,4.673539737829775
2025-09-05,4.674886565682227
2025-09-08,4.6813502734015575
2025-09-09,4.700541551752406
2025-09-10,4.721557765864406
2025-09-11,4.728075621426623
2025-09-12,4.749903937678646
2025-09-15,4.740888306184828
2025-09-16,4.775074855554048
2025-09-17,4.793423605769747
2025-09-18,4.812219390703659
2025-09-19,4.792774880264896
2025-09-22,4.7676667385070175
2025-09-23,4.761054679872314
2025-09-24,4.738392217662684
2025-09-25,4.704981468717048
2025-09-26,4.657486403027295
2025-09-29,4.653506861870619
2025-09-30,4.648723178911748
2025-10-01,4.693983219762436
2025-10-03,4.705636383139151
2025-10-06,4.7425223526324505
2025-10-07,4.7486897251995295
2025-10-08,4.736183047384806
2025-10-09,4.7634759780322975
2025-10-10,4.78431723996693
2025-10-13,4.772640526372929
2025-10-14,4.756164770892306
2025-10-15,4.791997684925298
2025-10-16,4.8446988622118266
2025-10-17,4.8697921480642865
2025-10-20,4.8966570470278885
2025-10-21,4.9017876725319285
2025-10-23,4.906384655898334
2025-10-24,4.8869781021766405
2025-10-27,4.921427926544618
2025-10-28,4.91540796214152
2025-10-29,4.9391422196535295
2025-10-30,4.903631590428043
2025-10-31,4.872229444107193
2025-11-03,4.880543001458628
2025-11-04,4.847144428918236
2025-11-06,4.829424208665748
2025-11-07,4.825919580941792
2025-11-10,4.842446239591259
2025-11-11,4.8667429646458364
2025-11-12,4.903189356421657
2025-11-13,4.903864693598723
2025-11-14,4.910094779887699
2025-11-17,4.930943395159967
2025-11-18,4.910089476257627
2025-11-19,4.938842339980057
2025-11-20,4.966980071836404
2025-11-21,4.941960229136036
2025-11-24,4.920044196008016
2025-11-25,4.904980540739334
2025-11-26,4.9695998220810775
2025-11-27,4.971668046983819
2025-11-28,4.9691252647833055
2025-12-01,4.963637091346143
2025-12-02,4.9346737891610415
2025-12-03,4.925355764643284
2025-12-04,4.934985473908984
2025-12-05,4.965783833949264
2025-12-08,4.9202047018240656
2025-12-09,4.895824426742669
2025-12-10,4.8793640755782715
2025-12-11,4.907692732016137
2025-12-12,4.9376135083340404
2025-12-15,4.933650455366207
2025-12-16,4.899927922171074
2025-12-17,4.891551474006865
2025-12-18,4.890946721538869
2025-12-19,4.921355386565028
2025-12-22,4.962896853338309
2025-12-23,4.963855209481513
2025-12-24,4.956783310189939
2025-12-26,4.936649473654566
2025-12-29,4.9164394245191
2025-12-30,4.9157840786609786
2025-12-31,4.954247530975235
