Date,Asset,Return
2007-09-18,Asset1,0.011469256580333154
2007-09-19,Asset1,0.04094626156931791
2007-09-20,Asset1,0.0032118728998469237
2007-09-21,Asset1,0.018957147097464544
2007-09-24,Asset1,0.01956577078199495
2007-09-25,Asset1,0.0013482628604715163
2007-09-26,Asset1,0.0003340660905122306
2007-09-27,Asset1,0.012154600685659434
2007-09-28,Asset1,0.004159601200102392
2007-10-01,Asset1,0.00947954170303067
2007-10-03,Asset1,0.027984021130484704
2007-10-04,Asset1,-0.000412585864806414
2007-10-05,Asset1,-0.004377296442450662
2007-10-08,Asset1,-0.019427865847015946
2007-10-09,Asset1,0.0476194957215017
2007-10-10,Asset1,0.021436988185743022
2007-10-11,Asset1,0.015326778588471646
2007-10-12,Asset1,-0.017484654958734525
2007-10-15,Asset1,0.04460920229240539
2007-10-16,Asset1,-0.0004144500734910572
2007-10-17,Asset1,-0.019186493370270563
2007-10-18,Asset1,-0.03746871224895365
2007-10-19,Asset1,-0.02535978234208558
2007-10-22,Asset1,-0.006001535071745612
2007-10-23,Asset1,0.05588352533034335
2007-10-24,Asset1,0.004101376807315038
2007-10-25,Asset1,0.013245689120980009
2007-10-26,Asset1,0.023945196975768024
2007-10-29,Asset1,0.035704909357604064
2007-10-30,Asset1,-0.006290303418282961
2007-10-31,Asset1,0.005435553115015868
2007-11-01,Asset1,-0.005795922075916726
2007-11-02,Asset1,0.011241842142279967
2007-11-05,Asset1,-0.014344969836343813
2007-11-06,Asset1,-0.010397928397439027
2007-11-07,Asset1,-0.000717169678346119
2007-11-08,Asset1,-0.014457806297501041
2007-11-12,Asset1,-0.014327686307304188
2007-11-13,Asset1,0.013939542348581302
2007-11-14,Asset1,0.0425782217505406
2007-11-15,Asset1,-0.004344937623033451
2007-11-16,Asset1,-0.0008880093221157459
2007-11-19,Asset1,0.00013540290921176812
2007-11-20,Asset1,-0.02145523213041356
2007-11-21,Asset1,-0.0380304280250755
2007-11-22,Asset1,-0.007498531481609949
2007-11-23,Asset1,0.016170382095873848
2007-11-26,Asset1,0.02194845335963458
2007-11-27,Asset1,-0.005853462642060103
2007-11-28,Asset1,-0.014144959160006909
2007-11-29,Asset1,0.003035183231401506
2007-11-30,Asset1,0.02274338908222684
2007-12-03,Asset1,0.017743264934276137
2007-12-04,Asset1,-0.0011338281916026816
2007-12-05,Asset1,0.013937354542265412
2007-12-06,Asset1,0.0024747803556397496
2007-12-07,Asset1,0.0032914519173321555
2007-12-10,Asset1,-0.002293106720305693
2007-12-11,Asset1,0.022925527649050315
2007-12-12,Asset1,0.01017668697978591
2007-12-13,Asset1,-0.01643039147960168
2007-12-14,Asset1,-0.0017166937119070802
2007-12-17,Asset1,-0.044760849012045356
2007-12-18,Asset1,-0.006006611617188851
2007-12-19,Asset1,0.0015412113538595396
2007-12-20,Asset1,0.0026690484367299927
2007-12-24,Asset1,0.03790862701053488
2007-12-26,Asset1,0.014310521285565425
2007-12-27,Asset1,0.001770786146686909
2007-12-28,Asset1,-0.00029594749445038815
2007-12-31,Asset1,0.009687961651326571
2008-01-01,Asset1,0.0009366956486047684
2008-01-02,Asset1,0.005704395766912729
2008-01-03,Asset1,-0.00013756961350364083
2008-01-04,Asset1,0.015497164063864366
2008-01-07,Asset1,0.0007650722978145286
2008-01-08,Asset1,0.0013935117873444813
2008-01-09,Asset1,-0.00252074992407314
2008-01-10,Asset1,-0.018343399982063135
2008-01-11,Asset1,0.007008324084966766
2008-01-14,Asset1,0.0010805804625286797
2008-01-15,Asset1,-0.021355579180658557
2008-01-16,Asset1,-0.02280116886858463
2008-01-17,Asset1,-0.003798981541928148
2008-01-18,Asset1,-0.035158693052504186
2008-01-21,Asset1,-0.08702434876289467
2008-01-22,Asset1,-0.05941867831462344
2008-01-23,Asset1,0.06207011405288898
2008-01-24,Asset1,-0.03266128112788336
2008-01-25,Asset1,0.0695149229189953
2008-01-28,Asset1,-0.02029405444902499
2008-01-29,Asset1,0.001270303351699198
2008-01-30,Asset1,-0.02143609135320157
2008-01-31,Asset1,-0.00583441090138237
2008-02-01,Asset1,0.03499786817428463
2008-02-04,Asset1,0.027504819220461663
2008-02-05,Asset1,0.0037338523554040215
2008-02-06,Asset1,-0.029422509624453808
2008-02-07,Asset1,-0.03556562392723617
2008-02-08,Asset1,-0.0025130087846393367
2008-02-11,Asset1,-0.051432049104766064
2008-02-12,Asset1,-0.0038604076590488257
2008-02-13,Asset1,0.01884983109853766
2008-02-14,Asset1,0.05529010211862406
2008-02-15,Asset1,0.01939636723255478
2008-02-18,Asset1,-0.004902977706312872
2008-02-19,Asset1,0.0007390517947891695
2008-02-20,Asset1,-0.02392622595972027
2008-02-21,Asset1,0.007246089875689643
2008-02-22,Asset1,-0.015611119021639253
2008-02-25,Asset1,0.017600194748813802
2008-02-26,Asset1,0.01333466778906156
2008-02-27,Asset1,-0.0003130714898145204
2008-02-28,Asset1,0.0031698799677433165
2008-02-29,Asset1,-0.011655426863829366
2008-03-03,Asset1,-0.05178520149325161
2008-03-04,Asset1,-0.01791843327276399
2008-03-05,Asset1,0.011748964864830125
2008-03-07,Asset1,-0.03043845402934231
2008-03-10,Asset1,0.006035670235996049
2008-03-11,Asset1,0.013644696552889357
2008-03-12,Asset1,0.0012536422406288494
2008-03-13,Asset1,-0.050985201630490584
2008-03-14,Asset1,0.026429558017613708
2008-03-17,Asset1,-0.05113989570135924
2008-03-18,Asset1,0.006639848481118982
2008-03-19,Asset1,0.00903379556860795
2008-03-24,Asset1,0.00784877421283281
2008-03-25,Asset1,0.05806043508439229
2008-03-26,Asset1,-0.009974352095079464
2008-03-27,Asset1,0.00028990387264848927
2008-03-28,Asset1,0.023135448475751774
2008-03-31,Asset1,-0.04198704977741807
2008-04-01,Asset1,0.001066597251557777
2008-04-02,Asset1,0.003091093295508829
2008-04-03,Asset1,0.003659901061992654
2008-04-04,Asset1,-0.02611285420114151
2008-04-07,Asset1,0.02457503664998928
2008-04-08,Asset1,-0.010827163499552594
2008-04-09,Asset1,0.007941121552397679
2008-04-10,Asset1,-0.002959691864540037
2008-04-11,Asset1,0.009465414047644227
2008-04-15,Asset1,0.02131736402105533
2008-04-16,Asset1,0.001567715409270587
2008-04-17,Asset1,0.014547930451914715
2008-04-21,Asset1,0.01585190771302991
2008-04-22,Asset1,0.0024418909445105275
2008-04-23,Asset1,-0.00524825243599103
2008-04-24,Asset1,-0.00456910645927644
2008-04-25,Asset1,0.02237069021502891
2008-04-28,Asset1,-0.004313690577739782
2008-04-29,Asset1,0.020797127442401697
2008-04-30,Asset1,-0.005697256790732408
2008-05-02,Asset1,0.01205991098288317
2008-05-05,Asset1,-0.006876208631936498
2008-05-06,Asset1,-0.009167528076700848
2008-05-07,Asset1,-0.0017785276972066555
2008-05-08,Asset1,-0.01047605971911203
2008-05-09,Asset1,-0.019501366441818546
2008-05-12,Asset1,0.006030948520559631
2008-05-13,Asset1,-0.01094233563580893
2008-05-14,Asset1,0.010881882576519342
2008-05-15,Asset1,0.020651469047737736
2008-05-16,Asset1,0.008298752810224297
2008-05-20,Asset1,-0.010227426566581155
2008-05-21,Asset1,0.002487723982676826
2008-05-22,Asset1,-0.018016024697004918
2008-05-23,Asset1,-0.015700163678588397
2008-05-26,Asset1,-0.014454519376767339
2008-05-27,Asset1,-0.0031281731697051507
2008-05-28,Asset1,0.012047881666293225
2008-05-29,Asset1,-0.01688580343402679
2008-05-30,Asset1,0.007197132416693952
2008-06-02,Asset1,-0.02679616381248584
2008-06-03,Asset1,-0.005000463082153295
2008-06-04,Asset1,-0.027629891937007045
2008-06-05,Asset1,0.019921078094651046
2008-06-06,Asset1,-0.010509068639272923
2008-06-09,Asset1,-0.027410349351437824
2008-06-10,Asset1,-0.011364353837612029
2008-06-11,Asset1,0.016585081623449183
2008-06-12,Asset1,0.0034817401317503993
2008-06-13,Asset1,-0.004901582720285957
2008-06-16,Asset1,0.01226448410397074
2008-06-17,Asset1,0.017605248769819504
2008-06-18,Asset1,-0.015173027650171922
2008-06-19,Asset1,-0.017054361035530485
2008-06-20,Asset1,-0.03478940896098126
2008-06-23,Asset1,-0.01866566364720068
2008-06-24,Asset1,-0.017649495221048972
2008-06-25,Asset1,0.014685835044102147
2008-06-26,Asset1,0.014861368032592637
2008-06-27,Asset1,-0.04152141322281233
2008-06-30,Asset1,-0.02323132384521509
2008-07-01,Asset1,-0.035589225994077545
2008-07-02,Asset1,0.050452325054532565
2008-07-03,Asset1,-0.04094448157566921
2008-07-04,Asset1,0.02298923772527539
2008-07-07,Asset1,0.003486055776892538
2008-07-08,Asset1,-0.010285347685328738
2008-07-09,Asset1,0.04225847658039217
2008-07-10,Asset1,0.0012268402339230544
2008-07-11,Asset1,-0.027197200999602766
2008-07-14,Asset1,-0.0022968754823722293
2008-07-15,Asset1,-0.04421116807544456
2008-07-16,Asset1,-0.01149935131475266
2008-07-17,Asset1,0.034191841556717506
2008-07-18,Asset1,0.03674758072112905
2008-07-21,Asset1,0.0164335023520068
2008-07-22,Asset1,0.019377352483772148
2008-07-23,Asset1,0.055824084710190514
2008-07-24,Asset1,-0.009660918934707441
2008-07-25,Asset1,-0.02744972141794355
2008-07-28,Asset1,0.00469635992471229
2008-07-29,Asset1,-0.032836268043981764
2008-07-30,Asset1,0.029523659354888654
2008-07-31,Asset1,0.004497546453252399
2008-08-01,Asset1,0.018601554539490195
2008-08-04,Asset1,-0.004123598426808428
2008-08-05,Asset1,0.0244576649439876
2008-08-06,Asset1,0.003264533953484472
2008-08-07,Asset1,0.0013946261228183765
2008-08-08,Asset1,0.0012489145797907053
2008-08-11,Asset1,0.020068418665139642
2008-08-12,Asset1,-0.014749784387533271
2008-08-13,Asset1,-0.005096423815146411
2008-08-14,Asset1,-0.0217152854608067
2008-08-18,Asset1,-0.008497616395898855
2008-08-19,Asset1,-0.005645236405250387
2008-08-20,Asset1,0.010873919761918316
2008-08-21,Asset1,-0.029870328334654417
2008-08-22,Asset1,0.010177783223578318
2008-08-25,Asset1,0.0018255328166012497
2008-08-26,Asset1,0.0004959005144502537
2008-08-27,Asset1,-0.010466836275216163
2008-08-28,Asset1,-0.0181962433026428
2008-08-29,Asset1,0.034646416706217265
2008-09-01,Asset1,-0.0026032334073967656
2008-09-02,Asset1,0.03572375361201696
2008-09-04,Asset1,-0.012488898756660705
2008-09-05,Asset1,-0.021460332822775596
2008-09-08,Asset1,0.029869265867206174
2008-09-09,Asset1,-0.0030340695552710795
2008-09-10,Asset1,-0.0153176969411154
2008-09-11,Asset1,-0.024987261022101026
2008-09-12,Asset1,-0.01441615089636028
2008-09-15,Asset1,-0.03678659692886699
2008-09-16,Asset1,0.0004910506145385796
2008-09-17,Asset1,-0.01635620602739596
2008-09-18,Asset1,0.007459590181188691
2008-09-19,Asset1,0.051285886523442015
2008-09-22,Asset1,-0.005229420013544539
2008-09-23,Asset1,-0.022767882641835158
2008-09-24,Asset1,0.008323462761173905
2008-09-25,Asset1,-0.012183885926704718
2008-09-26,Asset1,-0.030482492766445324
2008-09-29,Asset1,-0.03392508654962045
2008-09-30,Asset1,0.01848025387758434
2008-10-01,Asset1,0.007535970926270563
2008-10-03,Asset1,-0.033525267650920676
2008-10-06,Asset1,-0.05655656926127428
2008-10-07,Asset1,0.0011797853858694918
2008-10-08,Asset1,-0.025772248875860604
2008-10-10,Asset1,-0.06651201959990027
2008-10-13,Asset1,0.06425402921916601
2008-10-14,Asset1,0.008006976125946252
2008-10-15,Asset1,-0.05122703451682897
2008-10-16,Asset1,-0.020698494948766633
2008-10-17,Asset1,-0.059630486116364456
2008-10-20,Asset1,0.015759412439335208
2008-10-21,Asset1,0.035897224209949785
2008-10-22,Asset1,-0.05247457575951975
2008-10-23,Asset1,-0.03980229479371089
2008-10-24,Asset1,-0.12202908932968193
2008-10-27,Asset1,-0.023142433757014302
2008-10-29,Asset1,0.06847718128510505
2008-10-31,Asset1,0.06990973300997894
2008-11-03,Asset1,0.05484127898683333
2008-11-04,Asset1,0.03227819926994835
2008-11-05,Asset1,-0.046831781900944836
2008-11-06,Asset1,-0.034157515316106224
2008-11-07,Asset1,0.027777332331557547
2008-11-10,Asset1,0.05894719138916926
2008-11-11,Asset1,-0.06657670059755416
2008-11-12,Asset1,-0.030694350864978848
2008-11-14,Asset1,-0.013375644357012662
2008-11-17,Asset1,-0.003842954953239386
2008-11-18,Asset1,-0.04157816236687728
2008-11-19,Asset1,-0.017945289714037527
2008-11-20,Asset1,-0.03106265565702082
2008-11-21,Asset1,0.05495174752541243
2008-11-24,Asset1,0.005494829715207983
2008-11-25,Asset1,-0.02003138558109485
2008-11-26,Asset1,0.03701959306706848
2008-11-28,Asset1,0.0010355518780089668
2008-12-01,Asset1,-0.0262060153001048
2008-12-02,Asset1,-0.009355493842203355
2008-12-03,Asset1,-0.0005079756307647676
2008-12-04,Asset1,0.049520996535279194
2008-12-05,Asset1,-0.02639888725116568
2008-12-08,Asset1,0.025641062540620485
2008-12-10,Asset1,0.05181393678160928
2008-12-11,Asset1,-0.002766190610859698
2008-12-12,Asset1,0.0004110046924428179
2008-12-15,Asset1,0.020487052737582445
2008-12-16,Asset1,0.02031062988724508
2008-12-17,Asset1,-0.028733427251993127
2008-12-18,Asset1,0.03601465595704423
2008-12-19,Asset1,0.005472514906477155
2008-12-22,Asset1,-0.0124126567577173
2008-12-23,Asset1,-0.023245531980830902
2008-12-24,Asset1,-0.017448943591025667
2008-12-26,Asset1,-0.020433034150140195
2008-12-29,Asset1,0.022731630474013498
2008-12-30,Asset1,0.019608531170205
2008-12-31,Asset1,-0.00683003781045477
2009-01-02,Asset1,0.02960312946189969
2009-01-05,Asset1,0.024517912914375994
2009-01-06,Asset1,-0.0027711167819629567
2009-01-07,Asset1,-0.061809349610106756
2009-01-09,Asset1,-0.016230620438560273
2009-01-12,Asset1,-0.03477198132396453
2009-01-13,Asset1,-0.010151146908893294
2009-01-14,Asset1,0.03291502550626757
2009-01-15,Asset1,-0.03477589530497949
2009-01-16,Asset1,0.03352577982131799
2009-01-19,Asset1,0.006275522037307413
2009-01-20,Asset1,-0.017426693263487336
2009-01-21,Asset1,-0.03234291359293873
2009-01-22,Asset1,0.002826948528516171
2009-01-23,Asset1,-0.012989166248715267
2009-01-27,Asset1,0.03464562809596394
2009-01-28,Asset1,0.028199216840139263
2009-01-29,Asset1,-0.008966502483988448
2009-01-30,Asset1,0.018006727645845322
2009-02-02,Asset1,-0.03762005866406637
2009-02-03,Asset1,0.006234977539220532
2009-02-04,Asset1,0.006878891898466799
2009-02-05,Asset1,-0.008205347603270852
2009-02-06,Asset1,0.022679465376784336
2009-02-09,Asset1,0.0270126981286416
2009-02-10,Asset1,0.005000204851039802
2009-02-11,Asset1,-0.002998823931887884
2009-02-12,Asset1,-0.011159689267066564
2009-02-13,Asset1,0.019114791619496918
2009-02-16,Asset1,-0.03386643185136817
2009-02-17,Asset1,-0.02738283307003686
2009-02-18,Asset1,0.002039307830265402
2009-02-19,Asset1,0.004754856825762932
2009-02-20,Asset1,-0.01896504369559937
2009-02-24,Asset1,-0.0009318821369390662
2009-02-25,Asset1,0.010461281933450195
2009-02-26,Asset1,0.008380055147058751
2009-02-27,Asset1,-0.007897618427028408
2009-03-02,Asset1,-0.032221810950793794
2009-03-03,Asset1,-0.019517009424415588
2009-03-04,Asset1,0.008694344751823513
2009-03-05,Asset1,-0.025895962976127063
2009-03-06,Asset1,0.016862635151645877
2009-03-09,Asset1,-0.01793790498702308
2009-03-12,Asset1,0.017216272082622996
2009-03-13,Asset1,0.03889283490694728
2009-03-16,Asset1,0.021329410683092798
2009-03-17,Asset1,-0.007129372158835134
2009-03-18,Asset1,0.013508858060748974
2009-03-19,Asset1,0.004454843593014068
2009-03-20,Asset1,-3.5571137665835195e-05
2009-03-23,Asset1,0.04732721227079173
2009-03-24,Asset1,-0.0004081605536699895
2009-03-25,Asset1,0.0155341297998699
2009-03-26,Asset1,0.03280442948722251
2009-03-27,Asset1,0.008565139863330407
2009-03-30,Asset1,-0.041979638781970974
2009-03-31,Asset1,0.014371354777824363
2009-04-01,Asset1,0.013042303620121487
2009-04-02,Asset1,0.04924271614783149
2009-04-06,Asset1,0.014185406062029005
2009-04-08,Asset1,0.026515338367081087
2009-04-09,Asset1,-0.0002691940821413219
2009-04-13,Asset1,0.012133285928002113
2009-04-15,Asset1,0.03002122679469621
2009-04-16,Asset1,-0.03290613365016992
2009-04-17,Asset1,0.004421992088959881
2009-04-20,Asset1,-0.0021568977952176605
2009-04-21,Asset1,-0.0034941365333868157
2009-04-22,Asset1,-0.010400261341388495
2009-04-23,Asset1,0.028045491689740132
2009-04-24,Asset1,0.01666327354667807
2009-04-27,Asset1,-0.0030884148531207245
2009-04-28,Asset1,-0.031023026612031712
2009-04-29,Asset1,0.033191027190599964
2009-05-04,Asset1,0.051828624867605866
2009-05-05,Asset1,0.002161987505131302
2009-05-06,Asset1,-0.01006304227268462
2009-05-07,Asset1,0.016234218210214646
2009-05-08,Asset1,-0.01715571889770029
2009-05-11,Asset1,-0.018256098104520113
2009-05-12,Asset1,0.03558768821376246
2009-05-13,Asset1,-0.012455542212895132
2009-05-14,Asset1,-0.011498534854033404
2009-05-15,Asset1,0.0217618033462168
2009-05-18,Asset1,0.17744066491310173
2009-05-19,Asset1,-0.0010871024917969985
2009-05-20,Asset1,-0.0111499238030498
2009-05-21,Asset1,-0.013910007507797695
2009-05-22,Asset1,0.0065544416386835724
2009-05-25,Asset1,-0.0002241819777043519
2009-05-26,Asset1,-0.028518746668491857
2009-05-27,Asset1,0.03870809187330293
2009-05-28,Asset1,0.014277264240894816
2009-05-29,Asset1,0.02578914369919505
2009-06-01,Asset1,0.01819523786005517
2009-06-02,Asset1,-0.0010264911905325524
2009-06-03,Asset1,0.0012043965112424893
2009-06-04,Asset1,0.00925898983001594
2009-06-05,Asset1,0.0031163549154935577
2009-06-08,Asset1,-0.034227910646094206
2009-06-09,Asset1,0.027325740002546173
2009-06-10,Asset1,0.02291824788478891
2009-06-11,Asset1,-0.0037698952123945695
2009-06-12,Asset1,-0.011708452612705145
2009-06-15,Asset1,-0.021686936436186022
2009-06-16,Asset1,0.007537869020405985
2009-06-17,Asset1,-0.03578066964720927
2009-06-18,Asset1,-0.024046463585571498
2009-06-19,Asset1,0.01463052094398587
2009-06-22,Asset1,-0.018163505165632032
2009-06-23,Asset1,0.00277433445487274
2009-06-24,Asset1,0.010819447919119485
2009-06-25,Asset1,-0.01190325890853483
2009-06-26,Asset1,0.03150745530060006
2009-06-29,Asset1,0.003531069663466946
2009-06-30,Asset1,-0.022739974997403434
2009-07-01,Asset1,0.011605370080903121
2009-07-02,Asset1,0.0018314624827464598
2009-07-03,Asset1,0.017337894075582394
2009-07-06,Asset1,-0.05843923934847717
2009-07-07,Asset1,0.008749959267895902
2009-07-08,Asset1,-0.029330224495622392
2009-07-09,Asset1,0.0005025984645876669
2009-07-10,Asset1,-0.018880419938989812
2009-07-13,Asset1,-0.0074551947460405055
2009-07-14,Asset1,0.034561681868130245
2009-07-15,Asset1,0.02969793757757433
2009-07-16,Asset1,-0.0004960665303531675
2009-07-17,Asset1,0.03392501211933152
2009-07-20,Asset1,0.02909742945734428
2009-07-21,Asset1,-0.007362963483536045
2009-07-22,Asset1,-0.015707904002713047
2009-07-23,Asset1,0.028382118354120633
2009-07-24,Asset1,0.009903245026250396
2009-07-27,Asset1,0.0008208294010831896
2009-07-28,Asset1,-0.0017933441334804234
2009-07-29,Asset1,-0.011086544241708074
2009-07-30,Asset1,0.01283930327074323
2009-07-31,Asset1,0.014218682742436872
2009-08-03,Asset1,0.01616532128545778
2009-08-04,Asset1,-0.006558539496589577
2009-08-05,Asset1,0.002916334225777195
2009-08-06,Asset1,-0.02314581012623862
2009-08-07,Asset1,-0.022702016717097373
2009-08-10,Asset1,-0.009762574408304636
2009-08-11,Asset1,0.007594153674606252
2009-08-12,Asset1,-0.0030975202911330824
2009-08-13,Asset1,0.033090297251822776
2009-08-14,Asset1,-0.005418066300217128
2009-08-17,Asset1,-0.041953670928882025
2009-08-18,Asset1,0.016180861364243126
2009-08-19,Asset1,-0.014532688803675309
2009-08-20,Asset1,0.013506769608618185
2009-08-21,Asset1,0.016919378475212188
2009-08-24,Asset1,0.02517223214018105
2009-08-25,Asset1,0.003564722509042939
2009-08-26,Asset1,0.0046143774452180875
2009-08-27,Asset1,0.0015702484597681643
2009-08-28,Asset1,0.009417239133237887
2009-08-31,Asset1,-0.014844632909723265
2009-09-01,Asset1,-0.007882713633384886
2009-09-02,Asset1,-0.003675397459883989
2009-09-03,Asset1,-0.0032116251272396035
2009-09-04,Asset1,0.018906967671847852
2009-09-07,Asset1,0.021899838077654943
2009-09-08,Asset1,0.004672917709462876
2009-09-09,Asset1,0.0018729514593414098
2009-09-10,Asset1,0.0010697205886172068
2009-09-11,Asset1,0.0021060510747019645
2009-09-14,Asset1,-0.004337817783950926
2009-09-15,Asset1,0.017364721187918875
2009-09-16,Asset1,0.013552421938231252
2009-09-17,Asset1,0.001441977751808654
2009-09-18,Asset1,0.002114569466222571
2009-09-22,Asset1,0.00887257812078368
2009-09-23,Asset1,-0.010009560982631727
2009-09-24,Asset1,0.0033399951151735774
2009-09-25,Asset1,-0.005534810732072848
2009-09-29,Asset1,0.009659282803248903
2009-09-30,Asset1,0.01539892270638199
2009-10-01,Asset1,-0.00010824121944730258
2009-10-05,Asset1,-0.01577678494156498
2009-10-06,Asset1,0.004836845636103648
2009-10-07,Asset1,-0.008284581125987844
2009-10-08,Asset1,0.003309431880860414
2009-10-09,Asset1,-0.011404828764555952
2009-10-12,Asset1,0.022051646117555945
2009-10-14,Asset1,0.012652756652816954
2009-10-15,Asset1,-0.001826833124818572
2009-10-16,Asset1,0.0065180625876606335
2009-10-20,Asset1,-0.005386794931556693
2009-10-21,Asset1,-0.009942436765315477
2009-10-22,Asset1,-0.014811596206958488
2009-10-23,Asset1,0.0016938032445654727
2009-10-26,Asset1,-0.005233068183394973
2009-10-27,Asset1,-0.024985356670065073
2009-10-28,Asset1,-0.004240058625583076
2009-10-29,Asset1,-0.01566468078820671
2009-10-30,Asset1,-0.008177918550957175
2009-11-03,Asset1,-0.03136878129805265
2009-11-04,Asset1,0.03218736288854873
2009-11-05,Asset1,0.011622230251754795
2009-11-06,Asset1,0.006421105414982975
2009-11-09,Asset1,0.021319183528861974
2009-11-10,Asset1,-0.0034092167573455123
2009-11-11,Asset1,0.025042504682566635
2009-11-12,Asset1,-0.010251959145557876
2009-11-13,Asset1,0.009348589922909545
2009-11-16,Asset1,0.011822404118052132
2009-11-17,Asset1,0.0008303981721586862
2009-11-18,Asset1,-0.0014913930934861153
2009-11-19,Asset1,-0.012997842161524664
2009-11-20,Asset1,0.01271801870364797
2009-11-23,Asset1,0.010113827430185962
2009-11-24,Asset1,-0.0025472466219610412
2009-11-25,Asset1,0.0034574060428684827
2009-11-26,Asset1,-0.02008556906467729
2009-11-27,Asset1,-0.012745813582306975
2009-11-30,Asset1,0.01840445091566756
2009-12-01,Asset1,0.01774391504001671
2009-12-02,Asset1,0.00024404529480670512
2009-12-03,Asset1,0.001649381801102745
2009-12-04,Asset1,-0.004443029035401724
2009-12-07,Asset1,-0.0082600379412191
2009-12-08,Asset1,0.016036078091845374
2009-12-09,Asset1,-0.006983399984179073
2009-12-10,Asset1,0.004430732070373589
2009-12-11,Asset1,-0.003379022520762387
2009-12-14,Asset1,-0.002266744145882349
2009-12-15,Asset1,-0.014229270784778869
2009-12-16,Asset1,0.001788180198737166
2009-12-17,Asset1,-5.946087387342924e-05
2009-12-18,Asset1,-0.010720445219913666
2009-12-21,Asset1,-0.007037331090837706
2009-12-22,Asset1,0.0067136452256129076
2009-12-23,Asset1,0.03184010688059491
2009-12-24,Asset1,0.00656995763439383
2009-12-29,Asset1,0.0018442555903084301
2009-12-30,Asset1,-0.003565955590073999
2009-12-31,Asset1,0.00611276019327045
2010-01-04,Asset1,0.005989250592625561
2010-01-05,Asset1,0.008734319277804437
2010-01-06,Asset1,0.0007389117671630085
2010-01-07,Asset1,-0.0035404043550939512
2010-01-08,Asset1,-0.003486556842120736
2010-01-11,Asset1,0.0008865822667905032
2010-01-12,Asset1,-0.007429420643412454
2010-01-13,Asset1,0.0045198628531673
2010-01-14,Asset1,0.004957958341768487
2010-01-15,Asset1,-0.0014638504865499558
2010-01-18,Asset1,0.004312459826638859
2010-01-19,Asset1,-0.009327316303142097
2010-01-20,Asset1,-0.0007558307780011209
2010-01-21,Asset1,-0.024426965968527115
2010-01-22,Asset1,-0.011415035571881393
2010-01-25,Asset1,-0.005579844649771681
2010-01-27,Asset1,-0.030911121968522637
2010-01-28,Asset1,0.0029156419729696736
2010-01-29,Asset1,0.0030406912912834816
2010-02-01,Asset1,0.0036153647199692607
2010-02-02,Asset1,-0.014204970688377228
2010-02-03,Asset1,0.02106581601680957
2010-02-04,Asset1,-0.017539057004410386
2010-02-05,Asset1,-0.026148821603992345
2010-02-08,Asset1,0.008847869806840825
2010-02-09,Asset1,0.006774640925465425
2010-02-10,Asset1,-0.0073966819512341075
2010-02-11,Asset1,0.014640944144494794
2010-02-15,Asset1,-0.005158623499793458
2010-02-16,Asset1,0.011203740667701467
2010-02-17,Asset1,0.011996087113216314
2010-02-18,Asset1,-0.005341880341880323
2010-02-19,Asset1,-0.008766834976471793
2010-02-22,Asset1,0.0023736300505272645
2010-02-23,Asset1,0.002810703940827164
2010-02-24,Asset1,-0.0023510451618440342
2010-02-25,Asset1,0.00023667359334722526
2010-02-26,Asset1,0.012870992270692883
2010-03-02,Asset1,0.01923901409302964
2010-03-03,Asset1,0.014171835291259649
2010-03-04,Asset1,-0.001542834752772615
2010-03-05,Asset1,0.0016633424167118438
2010-03-08,Asset1,0.0069369000594723396
2010-03-09,Asset1,-0.0043911007025760895
2010-03-10,Asset1,0.002891306478486788
2010-03-11,Asset1,0.0033520454129001287
2010-03-12,Asset1,0.0007013086306808525
2010-03-15,Asset1,-0.0015768148055771425
2010-03-16,Asset1,0.01349221014839408
2010-03-17,Asset1,0.006502338172121647
2010-03-18,Asset1,0.002675892173267469
2010-03-19,Asset1,0.003221544950981592
2010-03-22,Asset1,-0.010944670424988812
2010-03-23,Asset1,0.003861447902253623
2010-03-25,Asset1,0.006717336606171909
2010-03-26,Asset1,0.004106170264094544
2010-03-29,Asset1,0.003947386909551209
2010-03-30,Asset1,-0.007618526188701069
2010-03-31,Asset1,-0.0025368596681716316
2010-04-01,Asset1,0.007887047603118758
2010-04-05,Asset1,0.014724487731547109
2010-04-06,Asset1,-0.00044704239389881106
2010-04-07,Asset1,0.0016119832917909083
2010-04-08,Asset1,-0.013061261348508935
2010-04-09,Asset1,0.010802213722005627
2010-04-12,Asset1,-0.0041124268545716935
2010-04-13,Asset1,-0.0031368802343442193
2010-04-15,Asset1,-0.009271192824555907
2010-04-16,Asset1,-0.0020858616118595297
2010-04-19,Asset1,-0.01120172428430466
2010-04-20,Asset1,0.0050830082363124696
2010-04-21,Asset1,0.0028297364125271507
2010-04-22,Asset1,0.004661708663224351
2010-04-23,Asset1,0.006594741164656526
2010-04-26,Asset1,0.003459606213758848
2010-04-27,Asset1,-0.0026491741846016437
2010-04-28,Asset1,-0.017500711263329638
2010-04-29,Asset1,0.0074202045043076925
2010-04-30,Asset1,0.0045392876296908025
2010-05-03,Asset1,-0.010467980295566504
2010-05-04,Asset1,-0.014216648317457281
2010-05-05,Asset1,-0.004583878344420755
2010-05-06,Asset1,-0.006643994094778005
2010-05-07,Asset1,-0.014300223257853517
2010-05-10,Asset1,0.034983768555816974
2010-05-11,Asset1,-0.011061728710769603
2010-05-12,Asset1,0.003991316528874078
2010-05-13,Asset1,0.004314816871684002
2010-05-14,Asset1,-0.01648996967581895
2010-05-17,Asset1,-0.0065966619527338954
2010-05-18,Asset1,0.001245141819076645
2010-05-19,Asset1,-0.028927063147710874
2010-05-20,Asset1,0.005681338279617032
2010-05-21,Asset1,-0.003324883779570742
2010-05-24,Asset1,0.0025958028496895214
2010-05-25,Asset1,-0.027751128124750002
2010-05-26,Asset1,0.02301969154704331
2010-05-27,Asset1,0.01742794912239165
2010-05-28,Asset1,0.012682078270025654
2010-05-31,Asset1,0.003898116225311332
2010-06-01,Asset1,-0.02282594692275186
2010-06-02,Asset1,0.009989517603451015
2010-06-03,Asset1,0.018058288709870807
2010-06-04,Asset1,0.004891889247627512
2010-06-07,Asset1,-0.01976438516210688
2010-06-08,Asset1,-0.009316627402413569
2010-06-09,Asset1,0.0026467700212100542
2010-06-10,Asset1,0.01565911965825495
2010-06-11,Asset1,0.008023864690351656
2010-06-14,Asset1,0.015304696135574059
2010-06-15,Asset1,0.004742463285200671
2010-06-16,Asset1,0.002106331401438677
2010-06-17,Asset1,0.00792991090326356
2010-06-18,Asset1,-0.0023223408766521736
2010-06-21,Asset1,0.017234770901867202
2010-06-22,Asset1,-0.006864924689594432
2010-06-23,Asset1,0.0012414249651966358
2010-06-24,Asset1,-0.00047900298399961017
2010-06-25,Asset1,-0.009688811792387453
2010-06-28,Asset1,0.012231844013917526
2010-06-29,Asset1,-0.014502690101481197
2010-06-30,Asset1,0.010720793490140546
2010-07-01,Asset1,-0.01150119485294121
2010-07-02,Asset1,-0.002723046226420056
2010-07-05,Asset1,-0.0002291717343797517
2010-07-06,Asset1,0.010151053942027977
2010-07-07,Asset1,-0.009065845246674309
2010-07-08,Asset1,0.010637079804091343
2010-07-09,Asset1,0.010496822947821727
2010-07-12,Asset1,0.00570762988402107
2010-07-13,Asset1,0.0032788226534925524
2010-07-14,Asset1,-0.002684862055899462
2010-07-15,Asset1,-0.001373876048368028
2010-07-16,Asset1,0.0028166213978619847
2010-07-19,Asset1,-0.001381135572800063
2010-07-20,Asset1,-0.0034252976716568906
2010-07-21,Asset1,0.0058401821267231036
2010-07-22,Asset1,0.007889856535648887
2010-07-23,Asset1,0.0013138492796036516
2010-07-26,Asset1,-0.0055972544921900624
2010-07-27,Asset1,0.002214594135705017
2010-07-28,Asset1,-0.006085937534419772
2010-07-29,Asset1,0.0021028240714691115
2010-07-30,Asset1,-0.007635527636516981
2010-08-02,Asset1,0.011932670750838481
2010-08-03,Asset1,0.0014544203852941973
2010-08-04,Asset1,0.0052026902932964525
2010-08-05,Asset1,-0.0037949101803090857
2010-08-06,Asset1,-0.0014411517166037502
2010-08-09,Asset1,0.008622494340901676
2010-08-10,Asset1,-0.004638901139098928
2010-08-11,Asset1,-0.007343398506050924
2010-08-12,Asset1,-0.0007655798747345788
2010-08-13,Asset1,0.006581783466707014
2010-08-16,Asset1,-0.0061994997089800385
2010-08-17,Asset1,-0.0007659048951407232
2010-08-18,Asset1,0.012005578192776367
2010-08-19,Asset1,0.011142292884273042
2010-08-20,Asset1,-0.001723817304802533
2010-08-23,Asset1,0.0023234335716684207
2010-08-24,Asset1,-0.006927014042346857
2010-08-25,Asset1,-0.0077655263740255
2010-08-26,Asset1,0.0028467242870742204
2010-08-27,Asset1,-0.012632524921027177
2010-08-30,Asset1,0.0012479893054249125
2010-08-31,Asset1,-0.0024098260528822024
2010-09-01,Asset1,0.012855433986360465
2010-09-02,Asset1,0.0026133399914638478
2010-09-03,Asset1,-0.0012303710471193163
2010-09-06,Asset1,0.01780309791351864
2010-09-07,Asset1,0.004850286220995148
2010-09-08,Asset1,0.0006870267052552226
2010-09-09,Asset1,0.0057418986724890875
2010-09-13,Asset1,0.02126757732047113
2010-09-14,Asset1,0.006171841091579866
2010-09-15,Asset1,0.011284587800816315
2010-09-16,Asset1,-0.005502520739008032
2010-09-17,Asset1,0.009650522091569691
2010-09-20,Asset1,0.01622783487208923
2010-09-21,Asset1,0.004782183354259173
2010-09-22,Asset1,-0.0030037701923222304
2010-09-23,Asset1,-0.005249573579118705
2010-09-24,Asset1,0.00985812719507595
2010-09-27,Asset1,0.00288289022137711
2010-09-28,Asset1,-0.0010189296004995407
2010-09-29,Asset1,-0.0063355494340326945
2010-09-30,Asset1,0.006451086055610178
2010-10-01,Asset1,0.018814368834993322
2010-10-04,Asset1,0.0026126075501982093
2010-10-05,Asset1,-0.002216170306140075
2010-10-06,Asset1,0.006614336932028841
2010-10-07,Asset1,-0.01069278641815019
2010-10-08,Asset1,-0.0027530692797262946
2010-10-11,Asset1,0.005308456906657932
2010-10-12,Asset1,-0.007325830096414854
2010-10-13,Asset1,0.023477647357982967
2010-10-14,Asset1,-0.009071336654962847
2010-10-15,Asset1,-0.018567863808790497
2010-10-18,Asset1,0.0021938085132719998
2010-10-19,Asset1,-0.008007042365576478
2010-10-20,Asset1,-0.007499163555145794
2010-10-21,Asset1,0.01995952932825884
2010-10-22,Asset1,-0.0058100787203966275
2010-10-25,Asset1,0.006552864100997535
2010-10-26,Asset1,-0.003897901249436453
2010-10-27,Asset1,-0.011402515234503419
2010-10-28,Asset1,-0.004149535967747697
2010-10-29,Asset1,0.005010270892234381
2010-11-01,Asset1,0.016592652696918675
2010-11-02,Asset1,0.000237054925386726
2010-11-03,Asset1,0.006782153946723213
2010-11-04,Asset1,0.019689928526499534
2010-11-08,Asset1,-0.0013689722121649206
2010-11-09,Asset1,0.0045191622285836175
2010-11-10,Asset1,-0.004102103478698438
2010-11-11,Asset1,-0.012978662583871925
2010-11-12,Asset1,-0.019792565307543253
2010-11-15,Asset1,0.008226791089060992
2010-11-16,Asset1,-0.021709994155716394
2010-11-18,Asset1,0.0016864443110551353
2010-11-19,Asset1,-0.018086951312363708
2010-11-22,Asset1,0.020321579424062985
2010-11-23,Asset1,-0.012520798668885225
2010-11-24,Asset1,-0.01162643750789838
2010-11-25,Asset1,-0.011251758087201136
2010-11-26,Asset1,-0.008241700881503555
2010-11-29,Asset1,0.01356927686041276
2010-11-30,Asset1,0.005608952883790819
2010-12-01,Asset1,0.016749911092121872
2010-12-02,Asset1,0.00852225231106063
2010-12-03,Asset1,-0.0031439343298818034
2010-12-06,Asset1,-9.174421062252414e-05
2010-12-07,Asset1,-0.0026200834932621486
2010-12-08,Asset1,-0.012189241578454357
2010-12-09,Asset1,-0.023239695576248276
2010-12-10,Asset1,0.015754807535983684
2010-12-13,Asset1,0.008587467685707617
2010-12-14,Asset1,0.0061699992238941626
2010-12-15,Asset1,-0.00871457278944121
2010-12-16,Asset1,0.009580333177818368
2010-12-20,Asset1,-0.0002858071548644814
2010-12-21,Asset1,0.009012888645056005
2010-12-22,Asset1,-0.002708040006408785
2010-12-23,Asset1,-0.000735228663784171
2010-12-24,Asset1,0.005284297266931359
2010-12-27,Asset1,-0.0022456583572921796
2010-12-28,Asset1,-0.00035012714393856115
2010-12-29,Asset1,0.010732171056746065
2010-12-30,Asset1,0.0068477892087537295
2010-12-31,Asset1,0.005350820131797551
2011-01-03,Asset1,0.0037656039866738045
2011-01-04,Asset1,-0.001827010494605208
2011-01-05,Asset1,-0.010827611820245497
2011-01-06,Asset1,-0.0051892834798894505
2011-01-07,Asset1,-0.02375065553569211
2011-01-10,Asset1,-0.024006706238457354
2011-01-11,Asset1,-0.0015183459315658565
2011-01-12,Asset1,0.01896906562126177
2011-01-13,Asset1,-0.018991190492687493
2011-01-14,Asset1,-0.016924859491484257
2011-01-17,Asset1,3.540428847825794e-05
2011-01-18,Asset1,0.012255149155577127
2011-01-19,Asset1,-0.00576514899869951
2011-01-20,Asset1,0.003610984558916286
2011-01-21,Asset1,-0.002643759611679841
2011-01-24,Asset1,0.008206793645220811
2011-01-25,Asset1,-0.009724476151351635
2011-01-27,Asset1,-0.014611263333532243
2011-01-28,Asset1,-0.0164427146218471
2011-01-31,Asset1,-0.0011338588591980336
2011-02-01,Asset1,-0.016109938176226635
2011-02-02,Asset1,0.0027320025389325764
2011-02-03,Asset1,0.017442930780559696
2011-02-04,Asset1,-0.02370289953408422
2011-02-07,Asset1,4.633276189602853e-05
2011-02-08,Asset1,-0.015465195573109658
2011-02-09,Asset1,-0.011105778236270236
2011-02-10,Asset1,-0.005282142747602747
2011-02-11,Asset1,0.016112403547677623
2011-02-14,Asset1,0.027495291902071672
2011-02-15,Asset1,0.004582111436950198
2011-02-16,Asset1,0.00012774955528183085
2011-02-17,Asset1,0.011812028694194066
2011-02-18,Asset1,-0.01577585607348453
2011-02-21,Asset1,0.010926991492791194
2011-02-22,Asset1,-0.00895152782763331
2011-02-23,Asset1,-0.005823538455137944
2011-02-24,Asset1,-0.03212040777345426
2011-02-25,Asset1,0.007762100795972504
2011-02-28,Asset1,0.005600059659334189
2011-03-01,Asset1,0.03544739224441007
2011-03-03,Asset1,0.0025171379889952217
2011-03-04,Asset1,0.00046056945152717077
2011-03-07,Asset1,-0.013649306730986188
2011-03-08,Asset1,0.010552502379445494
2011-03-09,Asset1,0.0018475937678159582
2011-03-10,Asset1,-0.006617265893373747
2011-03-11,Asset1,-0.00890901789117493
2011-03-14,Asset1,0.015802147040399506
2011-03-15,Asset1,-0.014797088973379724
2011-03-16,Asset1,0.011285128604967998
2011-03-17,Asset1,-0.011703546654132868
2011-03-18,Asset1,-0.013393500287187332
2011-03-21,Asset1,-0.0016655553877581442
2011-03-22,Asset1,0.009152355218090324
2011-03-23,Asset1,0.012264820995412373
2011-03-24,Asset1,0.00769123714132558
2011-03-25,Asset1,0.023875507023729314
2011-03-28,Asset1,0.005836317814033709
2011-03-29,Asset1,0.008633363691810558
2011-03-30,Asset1,0.00894293476063468
2011-03-31,Asset1,0.00796525332978093
2011-04-01,Asset1,-0.0013199392007713362
2011-04-04,Asset1,0.014143440819661901
2011-04-05,Asset1,0.0002707324801127786
2011-04-06,Asset1,-0.003096387558863878
2011-04-07,Asset1,-0.001026826441634543
2011-04-08,Asset1,-0.007424808240709235
2011-04-11,Asset1,-0.009637077146097184
2011-04-13,Asset1,0.0217432290718107
2011-04-15,Asset1,-0.014708651833291064
2011-04-18,Asset1,-0.016387482334588976
2011-04-19,Asset1,0.002033461127431746
2011-04-20,Asset1,0.019318016346949518
2011-04-21,Asset1,0.005648029789942166
2011-04-25,Asset1,-0.0017333415422973175
2011-04-26,Asset1,-0.0010384028693931624
2011-04-27,Asset1,-0.00587894495503305
2011-04-28,Asset1,-0.00830485744395193
2011-04-29,Asset1,-0.006213897639569588
2011-05-02,Asset1,-0.008383371651882743
2011-05-03,Asset1,-0.02386294517885945
2011-05-04,Asset1,-0.0050492067124118245
2011-05-05,Asset1,-0.0139602152823749
2011-05-06,Asset1,0.016777035269809115
2011-05-09,Asset1,-6.306418033719119e-05
2011-05-10,Asset1,-0.0017744406483336528
2011-05-11,Asset1,0.004295024531919767
2011-05-12,Asset1,-0.014177753140195093
2011-05-13,Asset1,0.010681461261424108
2011-05-16,Asset1,-0.00825104828892198
2011-05-17,Asset1,-0.010920131785324583
2011-05-18,Asset1,-0.00337383079405007
2011-05-19,Asset1,0.0013836106454787611
2011-05-20,Asset1,0.010731194884403772
2011-05-23,Asset1,-0.018190653383819644
2011-05-24,Asset1,0.0015409294018828845
2011-05-25,Asset1,-0.008508095964277262
2011-05-26,Asset1,0.011852774849036685
2011-05-27,Asset1,0.011778617208743736
2011-05-30,Asset1,-0.0005478351283760841
2011-06-01,Asset1,0.021724415819594833
2011-06-02,Asset1,-0.007448122736722129
2011-06-03,Asset1,-0.0060536897790354205
2011-06-06,Asset1,0.0027733365999003112
2011-06-07,Asset1,0.004356449870684287
2011-06-08,Asset1,-0.005273400682573426
2011-06-09,Asset1,-0.0010494753550869262
2011-06-10,Asset1,-0.0063846553186446275
2011-06-13,Asset1,-0.0005468664746818286
2011-06-14,Asset1,0.003228313260200899
2011-06-15,Asset1,-0.009635487682937871
2011-06-16,Asset1,-0.009316200091785243
2011-06-17,Asset1,-0.005623773133135668
2011-06-20,Asset1,-0.020218396313068876
2011-06-21,Asset1,0.003413947706478515
2011-06-22,Asset1,0.00046432460852874335
2011-06-23,Asset1,0.007900308215813556
2011-06-24,Asset1,0.0284304511278195
2011-06-27,Asset1,0.010116536012108712
2011-06-28,Asset1,0.0033835824378138923
2011-06-29,Asset1,0.009945429925787064
2011-06-30,Asset1,0.008383202313011706
2011-07-01,Asset1,-0.003576815416040713
2011-07-04,Asset1,0.0041405679341048884
2011-07-05,Asset1,-0.003256331712901517
2011-07-06,Asset1,-0.001180714516511805
2011-07-07,Asset1,0.018398527478963977
2011-07-08,Asset1,-0.011921956142092904
2011-07-11,Asset1,-0.007870086554735423
2011-07-12,Asset1,-0.016016487197234697
2011-07-13,Asset1,0.01073085131903495
2011-07-15,Asset1,-0.0007788266843558045
2011-07-18,Asset1,-0.002517477329362028
2011-07-19,Asset1,0.008352718519034408
2011-07-20,Asset1,-0.008283528536821905
2011-07-21,Asset1,-0.004571489015568253
2011-07-22,Asset1,0.016664879462397142
2011-07-25,Asset1,0.008226840452647766
2011-07-26,Asset1,-0.018564109405674434
2011-07-27,Asset1,-0.0050315779756199275
2011-07-28,Asset1,-0.010645742908838685
2011-07-29,Asset1,-0.0010477882556603202
2011-08-01,Asset1,0.006348012529642455
2011-08-02,Asset1,-0.010921186581540843
2011-08-03,Asset1,-0.009484014964097565
2011-08-04,Asset1,-0.01350651321750862
2011-08-05,Asset1,-0.022609589463865043
2011-08-08,Asset1,-0.017798033101463218
2011-08-09,Asset1,-0.008918609425368706
2011-08-10,Asset1,0.017376800151156946
2011-08-11,Asset1,-0.00439841025237353
2011-08-12,Asset1,-0.012718138656561795
2011-08-16,Asset1,-0.007323231885723591
2011-08-17,Asset1,0.004130484486176034
2011-08-18,Asset1,-0.02223830106015723
2011-08-19,Asset1,-0.019922535106248862
2011-08-22,Asset1,0.010968580771393066
2011-08-23,Asset1,0.010227014708441562
2011-08-24,Asset1,-0.012123906561857245
2011-08-25,Asset1,-0.010084028241990728
2011-08-26,Asset1,-0.01896856994717555
2011-08-29,Asset1,0.036185243699435654
2011-08-30,Asset1,0.016546040476446366
2011-09-02,Asset1,0.007798440311937549
2011-09-05,Asset1,-0.004523770771329372
2011-09-06,Asset1,0.009387628067742737
2011-09-07,Asset1,0.01191677033030114
2011-09-08,Asset1,0.005580888099920633
2011-09-09,Asset1,-0.018202067566584157
2011-09-12,Asset1,-0.022265342334898075
2011-09-13,Asset1,-0.0011825037612108735
2011-09-14,Asset1,0.014491060736237849
2011-09-15,Asset1,0.012598456491333954
2011-09-16,Asset1,0.0016844581749324572
2011-09-19,Asset1,-0.010286631201750551
2011-09-20,Asset1,0.021512534066978617
2011-09-21,Asset1,-0.0013521254130992588
2011-09-22,Asset1,-0.04083185070983297
2011-09-23,Asset1,-0.011353346288317634
2011-09-26,Asset1,-0.006645800966822435
2011-09-27,Asset1,0.02809490433054007
2011-09-28,Asset1,-0.005099340740507885
2011-09-29,Asset1,0.014062212002267094
2011-09-30,Asset1,-0.014395556231418527
2011-10-03,Asset1,-0.018965255651646196
2011-10-04,Asset1,-0.015950118085627407
2011-10-05,Asset1,-0.0043691204347980905
2011-10-07,Asset1,0.02878159779879308
2011-10-10,Asset1,0.01872941083393953
2011-10-11,Asset1,-0.0010543015296491376
2011-10-12,Asset1,0.02513892312212196
2011-10-13,Asset1,-0.004225949150917785
2011-10-14,Asset1,0.010722984330786334
2011-10-17,Asset1,-0.0027375261037299037
2011-10-18,Asset1,-0.015776876862208744
2011-10-19,Asset1,0.02017864066377162
2011-10-20,Asset1,-0.00919412760823557
2011-10-21,Asset1,-0.008238517613423868
2011-10-24,Asset1,0.009584233600694825
2011-10-25,Asset1,0.018290230802876284
2011-10-28,Asset1,0.03257186502723708
2011-10-31,Asset1,-0.0063611275418961055
2011-11-01,Asset1,-0.012888127714704267
2011-11-02,Asset1,9.509409207519859e-05
2011-11-03,Asset1,0.0013882045881137284
2011-11-04,Asset1,0.0035038114822198985
2011-11-08,Asset1,0.0009745850182432125
2011-11-09,Asset1,-0.012912794900646563
2011-11-11,Asset1,-0.009997933171291495
2011-11-14,Asset1,-0.003966065877842984
2011-11-15,Asset1,-0.015509842209954106
2011-11-16,Asset1,-0.0075071134827858765
2011-11-17,Asset1,-0.019024181056732425
2011-11-18,Asset1,-0.0058665981686002455
2011-11-21,Asset1,-0.025979394207947815
2011-11-22,Asset1,0.007115426727873464
2011-11-23,Asset1,-0.022005859963373453
2011-11-25,Asset1,0.0007648247034643951
2011-11-28,Asset1,0.02998906717704486
2011-11-29,Asset1,-0.00952316057371061
2011-11-30,Asset1,0.005608563085791829
2011-12-01,Asset1,0.021688578802951275
2011-12-02,Asset1,0.022949816673852208
2011-12-05,Asset1,-0.0021781531662842246
2011-12-07,Asset1,0.004653601454005729
2011-12-08,Asset1,-0.023495870307348232
2011-12-09,Asset1,-0.01556536335527492
2011-12-12,Asset1,-0.02097932758516552
2011-12-13,Asset1,0.007555723305657569
2011-12-14,Asset1,-0.0077802976495553455
2011-12-15,Asset1,-0.003547977188631757
2011-12-16,Asset1,-0.01996270777555742
2011-12-19,Asset1,-0.008276721814370669
2011-12-20,Asset1,-0.014935705032447788
2011-12-21,Asset1,0.0327779808611639
2011-12-22,Asset1,0.008672255555309372
2011-12-23,Asset1,-0.004193224805761786
2011-12-27,Asset1,0.0077428935086973905
2011-12-28,Asset1,-0.009409576952426058
2011-12-29,Asset1,-0.012654555476028118
2011-12-30,Asset1,-0.004724282015065917
2012-01-03,Asset1,0.030491102643706913
2012-01-04,Asset1,-0.0032841380364684314
2012-01-05,Asset1,6.322423229598861e-05
2012-01-06,Asset1,0.0008736728119476123
2012-01-09,Asset1,-0.0023769573077186967
2012-01-10,Asset1,0.022507802225701035
2012-01-11,Asset1,0.002350814216606434
2012-01-12,Asset1,-0.0061099567202190785
2012-01-13,Asset1,0.007192755498059533
2012-01-16,Asset1,0.0016234900007705555
2012-01-17,Asset1,0.019163278732670763
2012-01-18,Asset1,-0.0023151411133163213
2012-01-19,Asset1,0.012631684112227148
2012-01-20,Asset1,0.006017893332573188
2012-01-23,Asset1,-0.0004654949116174034
2012-01-24,Asset1,0.016071359456279355
2012-01-25,Asset1,0.00603619929237853
2012-01-27,Asset1,0.008995287668784657
2012-01-30,Asset1,-0.02255660964501549
2012-01-31,Asset1,0.022005818333990845
2012-02-01,Asset1,0.007010664098187291
2012-02-02,Asset1,0.0065320216504889395
2012-02-03,Asset1,0.010616937010059058
2012-02-06,Asset1,0.006721894914626825
2012-02-07,Asset1,-0.004942508459647055
2012-02-08,Asset1,0.006185393213694601
2012-02-09,Asset1,0.008233785590302078
2012-02-10,Asset1,-0.00568145065362935
2012-02-13,Asset1,0.0015980558756112373
2012-02-14,Asset1,0.004795667774543766
2012-02-15,Asset1,0.021399432206973046
2012-02-16,Asset1,-0.0018076807720491805
2012-02-17,Asset1,0.007669321141460017
2012-02-21,Asset1,0.007700896637552246
2012-02-22,Asset1,-0.018155356368294795
2012-02-23,Asset1,-0.004005248090968361
2012-02-24,Asset1,-0.00984808453366659
2012-02-27,Asset1,-0.027277846997348587
2012-02-28,Asset1,0.01785575270772699
2012-02-29,Asset1,0.001804519637708113
2012-03-01,Asset1,-0.008439833927076923
2012-03-02,Asset1,0.0036706021173744663
2012-03-05,Asset1,-0.014740593273529279
2012-03-06,Asset1,-0.010974688087106554
2012-03-07,Asset1,-0.0003733354526096466
2012-03-09,Asset1,0.02166472337511305
2012-03-12,Asset1,0.004874802139683609
2012-03-13,Asset1,0.013051505790900864
2012-03-14,Asset1,0.006335740370890575
2012-03-15,Asset1,-0.015263804944152692
2012-03-16,Asset1,-0.011634624599247245
2012-03-19,Asset1,-0.011442505269689596
2012-03-20,Asset1,0.003385985225568655
2012-03-21,Asset1,0.01708107263489511
2012-03-22,Asset1,-0.025442920256606216
2012-03-23,Asset1,0.009515247949497985
2012-03-26,Asset1,-0.01779966500625274
2012-03-27,Asset1,0.011361315975068731
2012-03-28,Asset1,-0.009231073542664614
2012-03-29,Asset1,-0.0030607637217864303
2012-03-30,Asset1,0.022533903246989784
2012-04-02,Asset1,0.004220543377094987
2012-04-03,Asset1,0.0076346111062295385
2012-04-04,Asset1,-0.006643668499813349
2012-04-09,Asset1,-0.016626275455796646
2012-04-10,Asset1,0.001757640891820289
2012-04-11,Asset1,-0.0031943702204687563
2012-04-12,Asset1,0.00956599081010956
2012-04-13,Asset1,-0.01315176687974795
2012-04-16,Asset1,0.003600610528522674
2012-04-17,Asset1,0.01215031908975761
2012-04-18,Asset1,0.0019471433743309952
2012-04-19,Asset1,0.0061131891214623035
2012-04-20,Asset1,-0.0077919521132009395
2012-04-23,Asset1,-0.01705775033013679
2012-04-24,Asset1,0.004239857761306753
2012-04-25,Asset1,-0.003953912808607574
2012-04-26,Asset1,-0.002499038831218714
2012-04-27,Asset1,0.0003083633949219067
2012-04-30,Asset1,0.011087312373281533
2012-05-02,Asset1,-0.0017148900407705225
2012-05-03,Asset1,-0.009686685997912892
2012-05-04,Asset1,-0.019572470626565863
2012-05-07,Asset1,0.005366740549338722
2012-05-08,Asset1,-0.02233014464024874
2012-05-09,Asset1,-0.005030128229792874
2012-05-10,Asset1,-0.0018291408161642542
2012-05-11,Asset1,-0.00741089705808029
2012-05-14,Asset1,-0.004280893926495999
2012-05-15,Asset1,0.007131505235109747
2012-05-16,Asset1,-0.017105650244486403
2012-05-17,Asset1,0.002459773645345553
2012-05-18,Asset1,0.004363270327255364
2012-05-22,Asset1,-0.00632740681734012
2012-05-23,Asset1,-0.00511266282404077
2012-05-24,Asset1,0.017732880115749916
2012-05-25,Asset1,-0.0002031942170608314
2012-05-28,Asset1,0.013261117245555454
2012-05-29,Asset1,0.0008926008443568278
2012-05-30,Asset1,-0.007885632930435982
2012-05-31,Asset1,-0.005352724334696801
2012-06-01,Asset1,-0.016784262038635367
2012-06-04,Asset1,0.001352818191380667
2012-06-05,Asset1,0.0031248832335868393
2012-06-06,Asset1,0.02751224443119593
2012-06-07,Asset1,0.010516060046935394
2012-06-08,Asset1,0.003703265706365144
2012-06-11,Asset1,-0.002811565840053043
2012-06-12,Asset1,0.01222765744512233
2012-06-13,Asset1,0.00108491039205183
2012-06-14,Asset1,-0.013023693049587504
2012-06-15,Asset1,0.016677344020475715
2012-06-18,Asset1,-0.014555181897492497
2012-06-19,Asset1,0.00781953846201322
2012-06-20,Asset1,0.0032719822705840063
2012-06-21,Asset1,0.008680746601040568
2012-06-22,Asset1,-0.0036689632744433265
2012-06-25,Asset1,-0.00610174862962809
2012-06-26,Asset1,0.0012024092481739412
2012-06-27,Asset1,0.004120469157363971
2012-06-28,Asset1,0.0014099846628081725
2012-06-29,Asset1,0.02519833418346229
2012-07-02,Asset1,-5.679302374472783e-05
2012-07-03,Asset1,0.0017713214646439823
2012-07-04,Asset1,0.0027609203634220147
2012-07-05,Asset1,0.004667565777151328
2012-07-06,Asset1,-0.0019427495644028792
2012-07-09,Asset1,-0.007861704818224902
2012-07-10,Asset1,0.013307715726013747
2012-07-11,Asset1,-0.00730546966154233
2012-07-12,Asset1,-0.013389707951430796
2012-07-13,Asset1,-0.001528102764910888
2012-07-16,Asset1,-0.005739155387632144
2012-07-17,Asset1,-0.0008465827781518609
2012-07-18,Asset1,0.004515768140858523
2012-07-19,Asset1,0.005061133679715946
2012-07-20,Asset1,-0.007171895446142051
2012-07-23,Asset1,-0.016743175099167007
2012-07-24,Asset1,0.0020027549329002525
2012-07-25,Asset1,-0.003627022531852764
2012-07-26,Asset1,-0.013034307261501565
2012-07-27,Asset1,0.01127307111962117
2012-07-30,Asset1,0.01959855782372588
2012-07-31,Asset1,0.005615638372495901
2012-08-01,Asset1,0.002199273283610692
2012-08-02,Asset1,-0.0024329739528671235
2012-08-03,Asset1,-0.0023049695734302933
2012-08-06,Asset1,0.012816996159993987
2012-08-07,Asset1,0.010250805506263116
2012-08-08,Asset1,0.00024355962297484268
2012-08-09,Asset1,-0.0028193714289059812
2012-08-10,Asset1,-0.0004791126866067197
2012-08-13,Asset1,0.00516878439680557
2012-08-14,Asset1,0.006067838947074966
2012-08-16,Asset1,-0.0032339721445505676
2012-08-17,Asset1,0.0006245833455489347
2012-08-21,Asset1,0.010193279783719644
2012-08-22,Asset1,-0.0015033946400572207
2012-08-23,Asset1,0.00046186388961388936
2012-08-24,Asset1,-0.0052904986431348
2012-08-27,Asset1,-0.006766702060793883
2012-08-29,Asset1,-0.011672388264567068
2012-08-30,Asset1,0.00515337210305189
2012-08-31,Asset1,-0.010639562518798384
2012-09-03,Asset1,-0.0009032994199866806
2012-09-04,Asset1,0.003854389721627438
2012-09-05,Asset1,-0.00915809721037164
2012-09-06,Asset1,0.0024302402657239153
2012-09-07,Asset1,0.01979615860677275
2012-09-10,Asset1,0.0039965738690701524
2012-09-11,Asset1,0.00495013540178002
2012-09-12,Asset1,0.007606679035250474
2012-09-13,Asset1,0.0008009754476616671
2012-09-14,Asset1,0.026180430355141393
2012-09-17,Asset1,0.005799951273861126
2012-09-18,Asset1,-0.0017736533533868615
2012-09-20,Asset1,-0.008178463814583092
2012-09-21,Asset1,0.024647774648917542
2012-09-24,Asset1,-0.0037865466658373315
2012-09-25,Asset1,0.0007583964677293498
2012-09-26,Asset1,-0.0018417150832945595
2012-09-27,Asset1,-0.0024631973146062025
2012-09-28,Asset1,0.00952293206257182
2012-10-01,Asset1,0.0027177249190477593
2012-10-03,Asset1,0.002177064373243942
2012-10-04,Asset1,0.009832078107960829
2012-10-05,Asset1,-0.007023619748747212
2012-10-08,Asset1,-0.012345712578189838
2012-10-09,Asset1,0.00503877689504062
2012-10-10,Asset1,-0.009194368477125958
2012-10-11,Asset1,0.009890024735644376
2012-10-12,Asset1,-0.005606117867738569
2012-10-15,Asset1,0.001973237673716488
2012-10-16,Asset1,-0.006901402259440026
2012-10-17,Asset1,0.0021689093484418276
2012-10-18,Asset1,0.010326433516629097
2012-10-19,Asset1,-0.00602413033310234
2012-10-22,Asset1,0.005787905588907849
2012-10-23,Asset1,-0.004503992450756611
2012-10-25,Asset1,0.0024422642200956357
2012-10-29,Asset1,-0.006958391038211942
2012-10-30,Asset1,-0.01194934237248868
2012-10-31,Asset1,0.0038943699153359823
2012-11-01,Asset1,0.0045108472861496995
2012-11-02,Asset1,0.009326824819380741
2012-11-05,Asset1,0.0011408111654149788
2012-11-06,Asset1,0.003541198825358416
2012-11-07,Asset1,0.0062364956888989465
2012-11-08,Asset1,-0.0037065497637683853
2012-11-09,Asset1,-0.009148333696362476
2012-11-12,Asset1,-0.00044841586062871475
2012-11-15,Asset1,-0.009272163115845444
2012-11-16,Asset1,-0.010113691229355348
2012-11-19,Asset1,-0.00047539983254574203
2012-11-20,Asset1,2.6905687327660743e-05
2012-11-21,Asset1,0.007762651598952397
2012-11-22,Asset1,0.002306439367916191
2012-11-23,Asset1,-0.00020432719004037647
2012-11-26,Asset1,0.001652828444547394
2012-11-27,Asset1,0.016244130405985047
2012-11-29,Asset1,0.0170319778192638
2012-11-30,Asset1,0.009416325777896972
2012-12-03,Asset1,-0.001513627421776853
2012-12-04,Asset1,0.00311700901535672
2012-12-05,Asset1,0.001910260219892157
2012-12-06,Asset1,0.005152089203245502
2012-12-07,Asset1,-0.0039622992103969246
2012-12-10,Asset1,0.0002539188178889429
2012-12-11,Asset1,-0.001709302547542535
2012-12-12,Asset1,-0.001830847807196001
2012-12-13,Asset1,-0.006199048913043459
2012-12-14,Asset1,0.004802204162394297
2012-12-17,Asset1,-0.0036907604177280895
2012-12-18,Asset1,0.006640588434805084
2012-12-19,Asset1,0.00556238876257531
2012-12-20,Asset1,-0.002226152707619833
2012-12-21,Asset1,-0.011611741627545302
2012-12-24,Asset1,0.001376576161334686
2012-12-26,Asset1,0.008513016719677191
2012-12-27,Asset1,-0.006011243466026217
2012-12-28,Asset1,0.006516072871614487
2012-12-31,Asset1,-0.0005500689610944409
2013-01-02,Asset1,0.014927757512313233
2013-01-03,Asset1,0.0027113836399281777
2013-01-04,Asset1,0.0011065649960479984
2013-01-07,Asset1,-0.004612584535034436
2013-01-08,Asset1,0.0022210094826073945
2013-01-09,Asset1,-0.005031940005281732
2013-01-10,Asset1,-0.00047728337205898974
2013-01-11,Asset1,-0.0029068713930493484
2013-01-14,Asset1,0.01222422031951731
2013-01-15,Asset1,0.005403390414106646
2013-01-16,Asset1,-0.00903972511263984
2013-01-17,Asset1,0.0062230973863934835
2013-01-18,Asset1,0.0041726894648748125
2013-01-21,Asset1,0.002951636210011932
2013-01-22,Asset1,-0.00555707639755787
2013-01-23,Asset1,0.0009588831425146882
2013-01-24,Asset1,-0.005772708349228162
2013-01-25,Asset1,0.009187005871120979
2013-01-28,Asset1,2.467670502159791e-05
2013-01-29,Asset1,-0.004098884431473215
2013-01-30,Asset1,0.0009669742889437671
2013-01-31,Asset1,-0.003467778557569301
2013-02-01,Asset1,-0.005940610241724986
2013-02-04,Asset1,-0.0019420064567502449
2013-02-05,Asset1,-0.00506912149254668
2013-02-06,Asset1,0.0003861560554081489
2013-02-07,Asset1,-0.0034233437300943415
2013-02-08,Asset1,-0.005943929051058117
2013-02-11,Asset1,-0.0009570428294656264
2013-02-12,Asset1,0.004179472508727411
2013-02-13,Asset1,0.0017644905550864287
2013-02-14,Asset1,-0.006067807551872417
2013-02-15,Asset1,-0.0016195308850228685
2013-02-18,Asset1,0.0018344758548591855
2013-02-19,Asset1,0.007036044662061647
2013-02-20,Asset1,0.0005639357652500454
2013-02-21,Asset1,-0.015278317980085387
2013-02-22,Asset1,-0.0003332385514118741
2013-02-25,Asset1,0.0007606781636959603
2013-02-26,Asset1,-0.01595284211003889
2013-02-27,Asset1,0.006170394800684376
2013-02-28,Asset1,-0.017914764685562745
2013-03-01,Asset1,0.004681215084936907
2013-03-04,Asset1,-0.0037065221232879253
2013-03-05,Asset1,0.01504781960164947
2013-03-06,Asset1,0.005938556883995361
2013-03-07,Asset1,0.007682209858219213
2013-03-08,Asset1,0.014053586439350063
2013-03-11,Asset1,-0.0005634488026979856
2013-03-12,Asset1,-0.00475401138198539
2013-03-13,Asset1,-0.01063558298052436
2013-03-14,Asset1,0.009869769974075515
2013-03-15,Asset1,-0.006151701479069183
2013-03-18,Asset1,-0.0063600614779059095
2013-03-19,Asset1,-0.015303509650400615
2013-03-20,Asset1,-0.008971587155559457
2013-03-21,Asset1,-0.00626051962544405
2013-03-22,Asset1,-0.0013076920421912774
2013-03-25,Asset1,-0.003096605182407286
2013-03-26,Asset1,0.0013756134553923882
2013-03-28,Asset1,0.007258527070761689
2013-04-01,Asset1,0.0038451220679536213
2013-04-02,Asset1,0.007660787472937303
2013-04-03,Asset1,-0.013082617566656962
2013-04-04,Asset1,-0.017301539606436434
2013-04-05,Asset1,-0.003856675187228098
2013-04-08,Asset1,-0.001854734558591864
2013-04-09,Asset1,-0.008632604654596254
2013-04-10,Asset1,0.01157396526468668
2013-04-11,Asset1,0.006350370310898912
2013-04-12,Asset1,-0.011700070667232776
2013-04-15,Asset1,0.007208056192685941
2013-04-16,Asset1,0.0216490006254777
2013-04-17,Asset1,-4.394483892755652e-05
2013-04-18,Asset1,0.0165942832462036
2013-04-22,Asset1,0.008870640974775856
2013-04-23,Asset1,0.0004284930827240796
2013-04-25,Asset1,0.013603094737305366
2013-04-26,Asset1,-0.007580685708230228
2013-04-29,Asset1,0.005560790138323224
2013-04-30,Asset1,0.004420673298985989
2013-05-02,Asset1,0.011660635402900743
2013-05-03,Asset1,-0.009226015610903193
2013-05-06,Asset1,0.004550774678246938
2013-05-07,Asset1,0.012141918485269576
2013-05-08,Asset1,0.004260740927464202
2013-05-09,Asset1,-0.0031552078427498076
2013-05-10,Asset1,0.007371734316693912
2013-05-13,Asset1,-0.01875381347676275
2013-05-14,Asset1,0.002499762817683493
2013-05-15,Asset1,0.025244370704460284
2013-05-16,Asset1,0.0037662020325781587
2013-05-17,Asset1,0.0028201271688605978
2013-05-20,Asset1,-0.004913274498306808
2013-05-21,Asset1,-0.006951518680887947
2013-05-22,Asset1,-0.0032057207672742116
2013-05-23,Asset1,-0.020912330020920522
2013-05-24,Asset1,0.0027651855674202253
2013-05-27,Asset1,0.016645653651653936
2013-05-28,Asset1,0.004619333422216654
2013-05-29,Asset1,-0.0011372788402536083
2013-05-30,Asset1,0.0032354243126841986
2013-05-31,Asset1,-0.022550373328005135
2013-06-03,Asset1,-0.007793314194550316
2013-06-04,Asset1,-0.0033420790375549014
2013-06-05,Asset1,0.0007432957789279548
2013-06-06,Asset1,-0.0004136153467944048
2013-06-07,Asset1,-0.006822694465840606
2013-06-10,Asset1,-0.0005101173269852488
2013-06-11,Asset1,-0.01517526289766924
2013-06-12,Asset1,-0.004940507590509791
2013-06-13,Asset1,-0.010607287174840163
2013-06-14,Asset1,0.019178432176063964
2013-06-17,Asset1,0.007170632711935632
2013-06-18,Asset1,-0.006230666105106253
2013-06-19,Asset1,0.0014878736408507898
2013-06-20,Asset1,-0.028571445344368618
2013-06-21,Asset1,0.002077476653207899
2013-06-24,Asset1,-0.013656436737869537
2013-06-25,Asset1,0.0033719596898618143
2013-06-26,Asset1,-0.003636929630169039
2013-06-27,Asset1,0.01675700951400083
2013-06-28,Asset1,0.02813098364392963
2013-07-01,Asset1,0.009696672563395348
2013-07-02,Asset1,-0.007001414222266744
2013-07-03,Asset1,-0.01479285797525931
2013-07-04,Asset1,0.011445406104154454
2013-07-05,Asset1,0.005302376411589815
2013-07-08,Asset1,-0.009603111606205639
2013-07-09,Asset1,0.008164809200159828
2013-07-10,Asset1,-0.007219628722904936
2013-07-11,Asset1,0.02035516673855131
2013-07-12,Asset1,0.012451332096813816
2013-07-15,Asset1,0.0036278589927609683
2013-07-16,Asset1,-0.012527327574159974
2013-07-17,Asset1,0.003030906290667934
2013-07-18,Asset1,0.010839904594975858
2013-07-19,Asset1,-0.0014656403410467922
2013-07-22,Asset1,0.00043116985516933326
2013-07-23,Asset1,0.007626247801568509
2013-07-24,Asset1,-0.014363718367322642
2013-07-25,Asset1,-0.013855270845505419
2013-07-26,Asset1,-0.003605553057553945
2013-07-29,Asset1,-0.009267488559460024
2013-07-30,Asset1,-0.013135235986211136
2013-07-31,Asset1,-0.0022675398355147536
2013-08-01,Asset1,-0.0024642811465952486
2013-08-02,Asset1,-0.008720583545463012
2013-08-05,Asset1,0.0013209109228755622
2013-08-06,Asset1,-0.025178510712102753
2013-08-07,Asset1,-0.00417698630407326
2013-08-08,Asset1,0.008434310641922904
2013-08-12,Asset1,0.008399737824025477
2013-08-13,Asset1,0.01548355495969922
2013-08-14,Asset1,0.007544786460370823
2013-08-16,Asset1,-0.04082853821736476
2013-08-19,Asset1,-0.016903164756765454
2013-08-20,Asset1,-0.002456217680871675
2013-08-21,Asset1,-0.018309969924526603
2013-08-22,Asset1,0.01997159753810962
2013-08-23,Asset1,0.011703871238818442
2013-08-26,Asset1,0.0008680952163384603
2013-08-27,Asset1,-0.03452018710627225
2013-08-28,Asset1,-0.00046339827742913897
2013-08-29,Asset1,0.023472053867076736
2013-08-30,Asset1,0.011600928493137763
2013-09-02,Asset1,0.014428560643769517
2013-09-03,Asset1,-0.03770658103634639
2013-09-04,Asset1,0.01996646948750791
2013-09-05,Asset1,0.026587268049381718
2013-09-06,Asset1,0.015635702800382845
2013-09-10,Asset1,0.03808712438836981
2013-09-11,Asset1,0.0027811764690295337
2013-09-12,Asset1,-0.01056115743091468
2013-09-13,Asset1,-1.7108662708431588e-05
2013-09-16,Asset1,-0.0017178225824691085
2013-09-17,Asset1,0.0016523085921216207
2013-09-18,Asset1,0.008418515325246734
2013-09-19,Asset1,0.03663046592828345
2013-09-20,Asset1,-0.01691584736207319
2013-09-23,Asset1,-0.020350642149811637
2013-09-24,Asset1,0.00045845669383259846
2013-09-25,Asset1,-0.0031565981959502665
2013-09-26,Asset1,0.0014300505127124996
2013-09-27,Asset1,-0.008338612722597616
2013-09-30,Asset1,-0.016783307163651173
2013-10-01,Asset1,0.007802556365654301
2013-10-03,Asset1,0.022430670150948462
2013-10-04,Asset1,-0.00040617807091192226
2013-10-07,Asset1,-0.00019465786091266146
2013-10-08,Asset1,0.003767259613774776
2013-10-09,Asset1,0.013334170142182522
2013-10-10,Asset1,0.0022472096415437903
2013-10-11,Asset1,0.012498027314456817
2013-10-14,Asset1,0.002706604027322923
2013-10-15,Asset1,-0.0038690578417597266
2013-10-17,Asset1,-0.007094654899684638
2013-10-18,Asset1,0.02373528911271383
2013-10-21,Asset1,0.002520474267913464
2013-10-22,Asset1,-0.0003465604972340275
2013-10-23,Asset1,-0.003941721126123232
2013-10-24,Asset1,-0.0022659771263707773
2013-10-25,Asset1,-0.0031552710349620483
2013-10-28,Asset1,-0.007127830458360185
2013-10-29,Asset1,0.019635771052751938
2013-10-30,Asset1,0.004951099270564585
2013-10-31,Asset1,0.0075898884381608855
2013-11-01,Asset1,0.0012779967286942195
2013-11-05,Asset1,-0.008569617468131119
2013-11-06,Asset1,-0.00607693731854364
2013-11-07,Asset1,-0.004489015193861801
2013-11-08,Asset1,-0.007515455169905816
2013-11-11,Asset1,-0.010088376063591586
2013-11-12,Asset1,-0.009993749087304105
2013-11-13,Asset1,-0.004727396408233497
2013-11-14,Asset1,0.011110892814620632
2013-11-18,Asset1,0.02193639520132029
2013-11-19,Asset1,0.0023186456061157212
2013-11-20,Asset1,-0.01296883039744856
2013-11-21,Asset1,-0.020227359524339406
2013-11-22,Asset1,-0.0006000299201028847
2013-11-25,Asset1,0.019998481921756683
2013-11-26,Asset1,-0.009198165125747781
2013-11-27,Asset1,-0.00033008202006323817
2013-11-28,Asset1,0.00573706880185898
2013-11-29,Asset1,0.01382995291240241
2013-12-02,Asset1,0.006759929298400413
2013-12-03,Asset1,-0.0025732366893230774
2013-12-04,Asset1,-0.006594790538263173
2013-12-05,Asset1,0.013009341059879276
2013-12-06,Asset1,0.0030122581585512176
2013-12-09,Asset1,0.01661368418384157
2013-12-10,Asset1,-0.004879052965001018
2013-12-11,Asset1,-0.003939805131615848
2013-12-12,Asset1,-0.011231962896228742
2013-12-13,Asset1,-0.011006790789477972
2013-12-16,Asset1,-0.0022209498813532402
2013-12-17,Asset1,-0.0025428355774208544
2013-12-18,Asset1,0.012721854381539055
2013-12-19,Asset1,-0.00812269300133206
2013-12-20,Asset1,0.017448711919798576
2013-12-23,Asset1,0.001633661393792174
2013-12-24,Asset1,-0.0025618740800780193
2013-12-26,Asset1,0.001675068624143572
2013-12-27,Asset1,0.0055582829614344575
2013-12-30,Asset1,-0.0035952528957914343
2013-12-31,Asset1,0.00205050025329534
2014-01-02,Asset1,-0.013142464729735126
2014-01-03,Asset1,-0.001607419875260141
2014-01-06,Asset1,-0.0031716682644893357
2014-01-07,Asset1,-0.00471621258208732
2014-01-08,Asset1,0.0020041539464075164
2014-01-09,Asset1,-0.0010122113013233403
2014-01-10,Asset1,0.0005025813397698808
2014-01-13,Asset1,0.01641426269054902
2014-01-14,Asset1,-0.004926053540113995
2014-01-15,Asset1,0.012664483037998941
2014-01-16,Asset1,-0.0003164106426141178
2014-01-17,Asset1,-0.00906012136365153
2014-01-20,Asset1,0.006755454812783057
2014-01-21,Asset1,0.0015624503794975375
2014-01-22,Asset1,0.003983400076500443
2014-01-23,Asset1,0.0010569111327305425
2014-01-24,Asset1,-0.012433699236166218
2014-01-27,Asset1,-0.020888004522878645
2014-01-28,Asset1,-0.0015645912959830754
2014-01-29,Asset1,-0.0009793919608243051
2014-01-30,Asset1,-0.00760586653935702
2014-01-31,Asset1,0.0026013474783779245
2014-02-03,Asset1,-0.014401871305115388
2014-02-04,Asset1,-0.0001499387472150282
2014-02-05,Asset1,0.003582795972251196
2014-02-06,Asset1,0.0023080337687870767
2014-02-07,Asset1,0.00445643713788213
2014-02-10,Asset1,-0.0016080616977710571
2014-02-11,Asset1,0.0015280542007536368
2014-02-12,Asset1,0.0035132538310187478
2014-02-13,Asset1,-0.013625887959196281
2014-02-14,Asset1,0.007873556386512215
2014-02-18,Asset1,0.013020079646268501
2014-02-19,Asset1,0.004186303787261814
2014-02-20,Asset1,-0.009962992919832603
2014-02-21,Asset1,0.01050652930713425
2014-02-24,Asset1,0.00497931123983264
2014-02-25,Asset1,0.0022550082945691496
2014-02-26,Asset1,0.006249949794065124
2014-02-28,Asset1,0.006115020808383109
2014-03-03,Asset1,-0.008841873564879643
2014-03-04,Asset1,0.01229616851351456
2014-03-05,Asset1,0.004874555383765911
2014-03-06,Asset1,0.011455839889823904
2014-03-07,Asset1,0.019605852372563293
2014-03-10,Asset1,0.001624125365211171
2014-03-11,Asset1,-0.003877792291292259
2014-03-12,Asset1,0.000767825070253414
2014-03-13,Asset1,-0.0036520132339212807
2014-03-14,Asset1,0.0017095220294318647
2014-03-18,Asset1,0.0019141026809448292
2014-03-19,Asset1,0.0011355378077144707
2014-03-20,Asset1,-0.00627673121100758
2014-03-21,Asset1,0.0015579117249633345
2014-03-24,Asset1,0.013906825905766418
2014-03-25,Asset1,0.0009493430546061443
2014-03-26,Asset1,0.0017678822935240923
2014-03-27,Asset1,0.0061123546903929515
2014-03-28,Asset1,0.00815295702845642
2014-03-31,Asset1,0.001239608281157878
2014-04-01,Asset1,0.0025132915014651758
2014-04-02,Asset1,0.004686767828744776
2014-04-03,Asset1,-0.0024360734103480164
2014-04-04,Asset1,-0.0061979482778954376
2014-04-07,Asset1,0.00010452202544564138
2014-04-09,Asset1,0.015108235722784302
2014-04-10,Asset1,2.9385101308232464e-05
2014-04-11,Asset1,-0.002957462472053529
2014-04-15,Asset1,-0.006375117435236111
2014-04-16,Asset1,-0.008584499284196023
2014-04-17,Asset1,0.0155948198136584
2014-04-21,Asset1,0.005642092301823887
2014-04-22,Asset1,-0.0003373310041498989
2014-04-23,Asset1,0.0037341745716044095
2014-04-25,Asset1,-0.008485821299392904
2014-04-28,Asset1,-0.003169805757251898
2014-04-29,Asset1,-0.006803475688667016
2014-04-30,Asset1,-0.0028070582117195597
2014-05-02,Asset1,-0.00023894893966680542
2014-05-05,Asset1,0.0006796757336289261
2014-05-06,Asset1,0.0023807842251488687
2014-05-07,Asset1,-0.009344333361884782
2014-05-08,Asset1,0.0010973676534682397
2014-05-09,Asset1,0.029873000760372248
2014-05-12,Asset1,0.022664343578924884
2014-05-13,Asset1,0.013472573689275347
2014-05-14,Asset1,0.0
2014-05-15,Asset1,0.0020256588491296412
2014-05-16,Asset1,0.011209942055266486
2014-05-19,Asset1,0.008406192515271416
2014-05-20,Asset1,0.0016452279716989704
2014-05-21,Asset1,-0.0031063291397498416
2014-05-22,Asset1,0.0032400833206598367
2014-05-23,Asset1,0.012464982206830788
2014-05-26,Asset1,-0.0010927356574551572
2014-05-27,Asset1,-0.005578139267565785
2014-05-28,Asset1,0.0015919516731006667
2014-05-29,Asset1,-0.012824623447559524
2014-05-30,Asset1,-0.0007877256512097697
2014-06-02,Asset1,0.01833343261111775
2014-06-03,Asset1,0.007246193230050935
2014-06-04,Asset1,-0.0018339229457386974
2014-06-05,Asset1,0.009706521349083008
2014-06-06,Asset1,0.014623807984826875
2014-06-09,Asset1,0.009388954325156185
2014-06-10,Asset1,0.0002351271999239124
2014-06-11,Asset1,-0.0038594907612459206
2014-06-12,Asset1,0.0030221919130917207
2014-06-13,Asset1,-0.014091662121549109
2014-06-16,Asset1,-0.0011336753501066665
2014-06-17,Asset1,0.013028438540876097
2014-06-18,Asset1,-0.009630881470572561
2014-06-19,Asset1,-0.0023153660326241665
2014-06-20,Asset1,-0.003878950129615588
2014-06-23,Asset1,-0.002409667532315529
2014-06-24,Asset1,0.011590289593357506
2014-06-25,Asset1,-0.001444578643090666
2014-06-26,Asset1,-0.010047204767645423
2014-06-27,Asset1,0.0020818353932086087
2014-06-30,Asset1,0.013657348129687996
2014-07-01,Asset1,0.003067799714460584
2014-07-02,Asset1,0.011847185183091247
2014-07-03,Asset1,-0.0013397924683778983
2014-07-04,Asset1,0.0047700904625405105
2014-07-07,Asset1,0.004586124701950078
2014-07-08,Asset1,-0.021053878387766067
2014-07-09,Asset1,-0.005011044487063243
2014-07-10,Asset1,-0.0022742254449571453
2014-07-11,Asset1,-0.014290892582835002
2014-07-14,Asset1,-0.000730628350199658
2014-07-15,Asset1,0.009726125842626887
2014-07-16,Asset1,0.012987185702574067
2014-07-17,Asset1,0.002105122130833692
2014-07-18,Asset1,0.0030691525279016307
2014-07-21,Asset1,0.002648820212610259
2014-07-22,Asset1,0.010885960831002128
2014-07-23,Asset1,0.0035917148236637164
2014-07-24,Asset1,0.004470397031234974
2014-07-25,Asset1,-0.005127308487604565
2014-07-28,Asset1,-0.005359125461725012
2014-07-30,Asset1,0.005510563830702919
2014-07-31,Asset1,-0.00899711201258746
2014-08-01,Asset1,-0.015373021386786312
2014-08-04,Asset1,0.01066080073217135
2014-08-05,Asset1,0.008186200977814417
2014-08-06,Asset1,-0.009617184666510403
2014-08-07,Asset1,-0.0029718009225604414
2014-08-08,Asset1,-0.010550079460404649
2014-08-11,Asset1,0.007584067239598591
2014-08-12,Asset1,0.013257313093540057
2014-08-13,Asset1,0.0016176937273546521
2014-08-14,Asset1,0.006738168490551644
2014-08-18,Asset1,0.010594581749585608
2014-08-19,Asset1,0.0029526621583007007
2014-08-20,Asset1,-0.002811040875276949
2014-08-21,Asset1,0.0020063100276317414
2014-08-22,Asset1,0.002800635828053233
2014-08-25,Asset1,-0.0008720101166007632
2014-08-26,Asset1,-0.0001960214924535686
2014-08-27,Asset1,0.003959619809291937
2014-08-28,Asset1,0.002305970025281434
2014-09-01,Asset1,0.009221381603238932
2014-09-02,Asset1,0.006894827662761838
2014-09-03,Asset1,0.003903265936881173
2014-09-04,Asset1,-0.0022983144109759435
2014-09-05,Asset1,-0.0011240308347646444
2014-09-08,Asset1,0.010764364818970584
2014-09-09,Asset1,-0.002563000193486986
2014-09-10,Asset1,-0.007218257961404628
2014-09-11,Asset1,-0.001037780882668149
2014-09-12,Asset1,0.0024487433628788136
2014-09-15,Asset1,-0.007834186663376763
2014-09-16,Asset1,-0.013566289188790104
2014-09-17,Asset1,0.005370053597129498
2014-09-18,Asset1,0.01745972039370569
2014-09-19,Asset1,0.000825681051480398
2014-09-22,Asset1,0.0030597502634865936
2014-09-23,Asset1,-0.015804721540682243
2014-09-24,Asset1,-0.0018895925454548435
2014-09-25,Asset1,-0.011315331124726713
2014-09-26,Asset1,0.007204383209546084
2014-09-29,Asset1,-0.0012486362763213243
2014-09-30,Asset1,0.0007412962113033661
2014-10-01,Asset1,-0.002416884350146642
2014-10-07,Asset1,-0.011723531364537632
2014-10-08,Asset1,-0.0012352538270948843
2014-10-09,Asset1,0.01502666255755103
2014-10-10,Asset1,-0.012637269013223484
2014-10-13,Asset1,0.0030915977943464235
2014-10-14,Asset1,-0.002568411706883933
2014-10-16,Asset1,-0.014725305784270115
2014-10-17,Asset1,0.0040654602625080916
2014-10-20,Asset1,0.012815366213124957
2014-10-21,Asset1,0.006136266499415566
2014-10-22,Asset1,0.008596373793793965
2014-10-27,Asset1,-0.0005252325670084268
2014-10-28,Asset1,0.00449214828714517
2014-10-29,Asset1,0.007829251194837239
2014-10-30,Asset1,0.009733698137790459
2014-10-31,Asset1,0.018728883653480688
2014-11-03,Asset1,0.0002343365055792468
2014-11-05,Asset1,0.0016998027904968627
2014-11-07,Asset1,-0.00015588365949248395
2014-11-10,Asset1,0.000869617368358
2014-11-11,Asset1,0.002205158117865702
2014-11-12,Asset1,0.0024692427756694
2014-11-13,Asset1,-0.0030358207275695825
2014-11-14,Asset1,0.0038348119131084157
2014-11-17,Asset1,0.0048689027846677835
2014-11-18,Asset1,-0.0005752287014797464
2014-11-19,Asset1,-0.005174590716264804
2014-11-20,Asset1,0.00233833033823716
2014-11-21,Asset1,0.008980018238991194
2014-11-24,Asset1,0.006228453901630848
2014-11-25,Asset1,-0.00786044538249775
2014-11-26,Asset1,0.0014947703806991175
2014-11-27,Asset1,0.0021768215570894256
2014-11-28,Asset1,0.0110722378240391
2014-12-01,Asset1,-0.0037667288883066474
2014-12-02,Asset1,-0.003646629096650922
2014-12-03,Asset1,0.0015191379187295961
2014-12-04,Asset1,0.0031331805328282947
2014-12-05,Asset1,-0.003047567225613501
2014-12-08,Asset1,-0.0117177666486451
2014-12-09,Asset1,-0.011560430739489869
2014-12-10,Asset1,0.0017924388795202972
2014-12-11,Asset1,-0.007509888167461565
2014-12-12,Asset1,-0.008296347237907065
2014-12-15,Asset1,-0.0005471723609561385
2014-12-16,Asset1,-0.018492325531937692
2014-12-17,Asset1,-0.004685444557388396
2014-12-18,Asset1,0.01612742573288095
2014-12-19,Asset1,0.008076721312181734
2014-12-22,Asset1,0.012011841942012103
2014-12-23,Asset1,-0.006847669389716482
2014-12-24,Asset1,-0.01123743829003876
2014-12-26,Asset1,0.0032541927965719086
2014-12-29,Asset1,0.005560453167287482
2014-12-30,Asset1,0.00023649337990261365
2014-12-31,Asset1,0.004176667209711216
2015-01-02,Asset1,0.013612710510011006
2015-01-05,Asset1,-0.0020308386436523884
2015-01-06,Asset1,-0.029963988501869876
2015-01-07,Asset1,-0.0031067936900222026
2015-01-08,Asset1,0.016353724358093125
2015-01-09,Asset1,0.006059844193054609
2015-01-12,Asset1,0.004647232784114941
2015-01-13,Asset1,-0.002835469106692301
2015-01-14,Asset1,-0.0026327909136885097
2015-01-15,Asset1,0.026167234392820093
2015-01-16,Asset1,0.0023132877520259942
2015-01-19,Asset1,0.004334185847861161
2015-01-20,Asset1,0.016945912118627948
2015-01-21,Asset1,0.0038985684884169647
2015-01-22,Asset1,0.0036543204794088346
2015-01-23,Asset1,0.008468876599840858
2015-01-27,Asset1,0.00847711461998868
2015-01-28,Asset1,0.0004264412420740271
2015-01-29,Asset1,0.0042684008302582566
2015-01-30,Asset1,-0.01602363904552817
2015-02-02,Asset1,-0.0013054977908750764
2015-02-03,Asset1,-0.004643483770618517
2015-02-04,Asset1,-0.003751432939651078
2015-02-05,Asset1,-0.0013755630903555804
2015-02-06,Asset1,-0.005814064934449137
2015-02-09,Asset1,-0.01555240973670402
2015-02-10,Asset1,0.0045975355349490155
2015-02-11,Asset1,0.007220854159723844
2015-02-12,Asset1,0.009753739278629103
2015-02-13,Asset1,0.0107845558389561
2015-02-16,Asset1,0.00043718237181300523
2015-02-18,Asset1,0.006782566551384539
2015-02-19,Asset1,0.0029540986646272582
2015-02-20,Asset1,-0.006936269340802492
2015-02-23,Asset1,-0.008903438863023694
2015-02-24,Asset1,0.0008166139044774035
2015-02-25,Asset1,0.0005878032497472763
2015-02-26,Asset1,-0.00951271956713906
2015-02-27,Asset1,0.018511375395821705
2015-03-02,Asset1,0.01268009809128312
2015-03-03,Asset1,0.004410081781896391
2015-03-04,Asset1,-0.008181143184660233
2015-03-05,Asset1,0.0016922784950608172
2015-03-09,Asset1,-0.02025118178512486
2015-03-10,Asset1,-0.005104655872612551
2015-03-11,Asset1,-0.0013888361116221049
2015-03-12,Asset1,0.008741406902360804
2015-03-13,Asset1,-0.014613719234275346
2015-03-16,Asset1,-0.0016882552542568652
2015-03-17,Asset1,0.010442238346779709
2015-03-18,Asset1,-0.004287301239194297
2015-03-19,Asset1,-0.00590036699653107
2015-03-20,Asset1,-0.0073830435647072035
2015-03-23,Asset1,-0.002333477124745964
2015-03-24,Asset1,-0.000929749494125387
2015-03-25,Asset1,-0.0014222710360253243
2015-03-26,Asset1,-0.022113918786236364
2015-03-27,Asset1,-8.990487642646094e-05
2015-03-30,Asset1,0.018090417315550278
2015-03-31,Asset1,-0.0001530568535489385
2015-04-01,Asset1,0.011217759981156483
2015-04-06,Asset1,0.00857771327704171
2015-04-07,Asset1,4.612224673294918e-05
2015-04-08,Asset1,0.006246964557533818
2015-04-09,Asset1,0.007332623152276119
2015-04-10,Asset1,0.0002335081659441407
2015-04-13,Asset1,0.006110279546012176
2015-04-16,Asset1,-0.014410211080767454
2015-04-17,Asset1,-0.01156582781691673
2015-04-20,Asset1,-0.01834770981001632
2015-04-21,Asset1,-0.008327270348106652
2015-04-22,Asset1,0.006200972255378856
2015-04-23,Asset1,-0.0037249712205020824
2015-04-24,Asset1,-0.011079600258562361
2015-04-27,Asset1,-0.011011130948797465
2015-04-28,Asset1,0.008741362876475867
2015-04-29,Asset1,-0.005533650132347967
2015-04-30,Asset1,-0.007069389241178392
2015-05-04,Asset1,0.01838907233545184
2015-05-05,Asset1,-0.0008581893143123631
2015-05-06,Asset1,-0.02736399793773192
2015-05-07,Asset1,-0.004903074634123761
2015-05-08,Asset1,0.01665572816769534
2015-05-11,Asset1,0.01632790087285607
2015-05-12,Asset1,-0.02381908107113906
2015-05-13,Asset1,0.013350641678914421
2015-05-14,Asset1,-0.0013660455388829762
2015-05-15,Asset1,0.004638677701966021
2015-05-18,Asset1,0.013470838987944989
2015-05-19,Asset1,-0.0009553778372400901
2015-05-20,Asset1,0.006885251795789804
2015-05-21,Asset1,-0.00026711779894939003
2015-05-22,Asset1,0.004506613859696085
2015-05-25,Asset1,-0.010485957862909845
2015-05-26,Asset1,-0.0036916926764433144
2015-05-27,Asset1,-0.0005695887835976965
2015-05-28,Asset1,-0.00187166871908917
2015-05-29,Asset1,0.013781751487558669
2015-06-01,Asset1,-2.964315431874809e-05
2015-06-02,Asset1,-0.023353592405198742
2015-06-03,Asset1,-0.012305070176218624
2015-06-04,Asset1,-0.0005470363313393456
2015-06-05,Asset1,-0.001961676769116849
2015-06-08,Asset1,-0.008694134258897646
2015-06-09,Asset1,-0.0027038282806817193
2015-06-10,Asset1,0.012720668903445809
2015-06-11,Asset1,-0.019582875620068996
2015-06-12,Asset1,0.0022032684655837187
2015-06-15,Asset1,0.003883300602441242
2015-06-16,Asset1,0.004167746384501569
2015-06-17,Asset1,0.005498738840850059
2015-06-18,Asset1,0.010263830165222254
2015-06-19,Asset1,0.006159334653041526
2015-06-22,Asset1,0.015580570218593381
2015-06-23,Asset1,0.003405944696333929
2015-06-24,Asset1,-0.002469733616678238
2015-06-25,Asset1,0.00444337505883885
2015-06-26,Asset1,-0.0020124304149797823
2015-06-29,Asset1,-0.00748102536329065
2015-06-30,Asset1,0.006022745602803914
2015-07-01,Asset1,0.01010334046573469
2015-07-02,Asset1,-0.0009640797405430224
2015-07-03,Asset1,0.004736586359787687
2015-07-06,Asset1,0.004390151714822377
2015-07-07,Asset1,-0.0013318922357890006
2015-07-08,Asset1,-0.01736029555278973
2015-07-09,Asset1,-0.004125289314989233
2015-07-10,Asset1,0.0038422055160178825
2015-07-13,Asset1,0.011853357524637564
2015-07-14,Asset1,-0.0006561478304294432
2015-07-15,Asset1,0.008244543893853207
2015-07-16,Asset1,0.009884089482447456
2015-07-17,Asset1,0.00020908390731189108
2015-07-20,Asset1,-0.0007432666484129546
2015-07-21,Asset1,-0.00860120048586066
2015-07-22,Asset1,0.012198887654526924
2015-07-23,Asset1,-0.005061700968610694
2015-07-24,Asset1,-0.00794547038951432
2015-07-27,Asset1,-0.01884044667546103
2015-07-28,Asset1,-0.002870470039468942
2015-07-29,Asset1,0.004563968416396724
2015-07-30,Asset1,0.005582056356707721
2015-07-31,Asset1,0.013185994355469077
2015-08-03,Asset1,0.0011954031512864116
2015-08-04,Asset1,-0.00306089917070973
2015-08-05,Asset1,0.005993941733038577
2015-08-06,Asset1,0.002416003226048735
2015-08-07,Asset1,-0.002800298085977815
2015-08-10,Asset1,-0.004553627931107251
2015-08-11,Asset1,-0.007418833032042493
2015-08-12,Asset1,-0.013341379081930671
2015-08-13,Asset1,0.0007664473603414823
2015-08-14,Asset1,0.01947141259339502
2015-08-17,Asset1,-0.004842373519645449
2015-08-18,Asset1,-0.0012680924643075908
2015-08-19,Asset1,0.0033780685872379923
2015-08-20,Asset1,-0.014408266481082843
2015-08-21,Asset1,-0.008694849922367243
2015-08-24,Asset1,-0.05915098088055637
2015-08-25,Asset1,0.009181738418811536
2015-08-26,Asset1,-0.011274391291918318
2015-08-27,Asset1,0.02016210472317792
2015-08-28,Asset1,0.006667547122292117
2015-08-31,Asset1,-0.003830365083121179
2015-09-01,Asset1,-0.023264675971940818
2015-09-02,Asset1,-0.0088429775544967
2015-09-03,Asset1,0.013735907736166952
2015-09-04,Asset1,-0.021468770971813878
2015-09-07,Asset1,-0.01257339958011272
2015-09-08,Asset1,0.017125760525132927
2015-09-09,Asset1,0.01695445617094271
2015-09-10,Asset1,-0.0039009540862875447
2015-09-11,Asset1,0.00015404360706794407
2015-09-14,Asset1,0.010649249276883932
2015-09-15,Asset1,-0.005481266771729776
2015-09-16,Asset1,0.008947363530129149
2015-09-18,Asset1,0.010475810818002973
2015-09-21,Asset1,-0.0006013361162410247
2015-09-22,Asset1,-0.02069675641963653
2015-09-23,Asset1,0.004345903137800811
2015-09-24,Asset1,0.002874069312977845
2015-09-28,Asset1,-0.009252056260723118
2015-09-29,Asset1,0.006105879931557867
2015-09-30,Asset1,0.013463733413981993
2015-10-01,Asset1,0.00025160714370175974
2015-10-05,Asset1,0.02117998017986733
2015-10-06,Asset1,0.004138299910646515
2015-10-07,Asset1,0.0030050657181448504
2015-10-08,Asset1,-0.005875926976951273
2015-10-09,Asset1,0.00742372968703231
2015-10-12,Asset1,-0.005629033610123568
2015-10-13,Asset1,-0.0014612581906097155
2015-10-14,Asset1,-0.002926853228365389
2015-10-15,Asset1,0.008830905477206663
2015-10-16,Asset1,0.007170412693318751
2015-10-19,Asset1,0.004479089639404021
2015-10-20,Asset1,-0.0016192547934769097
2015-10-21,Asset1,-0.001204383487806604
2015-10-23,Asset1,0.005301937657024025
2015-10-26,Asset1,-0.004207172582956553
2015-10-27,Asset1,-0.0033471638954116756
2015-10-28,Asset1,-0.007494344931314734
2015-10-29,Asset1,-0.00727557689096936
2015-10-30,Asset1,-0.005664646384873739
2015-11-02,Asset1,-0.0018597039801661053
2015-11-03,Asset1,0.0012297400090901522
2015-11-04,Asset1,-0.0025432033822472278
2015-11-05,Asset1,-0.010540782311541208
2015-11-06,Asset1,-0.00014460408861305396
2015-11-09,Asset1,-0.004915531264230055
2015-11-10,Asset1,-0.01665783484975325
2015-11-13,Asset1,-0.002710927478722036
2015-11-16,Asset1,0.005713562131630656
2015-11-17,Asset1,0.00396455648349936
2015-11-18,Asset1,-0.01349273722468125
2015-11-19,Asset1,0.014349853606560714
2015-11-20,Asset1,0.0017595619760288894
2015-11-23,Asset1,-0.0009291361817810317
2015-11-24,Asset1,-0.002248610038379506
2015-11-26,Asset1,0.006665267171503286
2015-11-27,Asset1,0.0074710662477730505
2015-11-30,Asset1,-0.0009379927643368147
2015-12-01,Asset1,0.0024762801857218797
2015-12-02,Asset1,-0.00296041496142041
2015-12-03,Asset1,-0.008472730932953976
2015-12-04,Asset1,-0.010458854551524621
2015-12-07,Asset1,-0.0021203048364873966
2015-12-08,Asset1,-0.00820301695113268
2015-12-09,Asset1,-0.011581883616657795
2015-12-10,Asset1,0.00930046695402309
2015-12-11,Asset1,-0.00948155235730297
2015-12-14,Asset1,0.005203320218742258
2015-12-15,Asset1,0.006647028314128445
2015-12-16,Asset1,0.006492747683265243
2015-12-17,Asset1,0.012056689737954374
2015-12-18,Asset1,-0.010504363180879661
2015-12-21,Asset1,0.009340436124388285
2015-12-22,Asset1,-0.006171472975241898
2015-12-23,Asset1,0.01025546764808305
2015-12-24,Asset1,-0.0006229877514251081
2015-12-28,Asset1,0.008154139618607559
2015-12-29,Asset1,0.0004795231655652099
2015-12-30,Asset1,-0.004124151937772491
2015-12-31,Asset1,0.006344796283837217
2016-01-04,Asset1,-0.01951213966956744
2016-01-05,Asset1,-0.0008535035886758635
2016-01-06,Asset1,-0.005607176031205752
2016-01-07,Asset1,-0.022309804329221028
2016-01-08,Asset1,0.004366937597831466
2016-01-11,Asset1,-0.00493333414699082
2016-01-12,Asset1,-0.007079766557687717
2016-01-13,Asset1,0.006937152844914696
2016-01-14,Asset1,-0.003385181686611949
2016-01-15,Asset1,-0.013135548583687595
2016-01-18,Asset1,-0.01167009155487031
2016-01-19,Asset1,0.011440633608522655
2016-01-20,Asset1,-0.01691978471256972
2016-01-21,Asset1,-0.004446390334017725
2016-01-22,Asset1,0.020015720445019758
2016-01-25,Asset1,0.0018457122204607046
2016-01-27,Asset1,0.00021517824106065397
2016-01-28,Asset1,-0.001761298464757477
2016-01-29,Asset1,0.018707939656508632
2016-02-01,Asset1,-0.0010047675458274563
2016-02-02,Asset1,-0.013287592960483763
2016-02-03,Asset1,-0.01257452534768888
2016-02-04,Asset1,0.005732320415128722
2016-02-05,Asset1,0.011493800331746407
2016-02-08,Asset1,-0.013599777854234385
2016-02-09,Asset1,-0.012054527014450533
2016-02-10,Asset1,-0.011304156886925099
2016-02-11,Asset1,-0.03317073758299127
2016-02-12,Asset1,0.0006593845767279838
2016-02-15,Asset1,0.02607094949942601
2016-02-16,Asset1,-0.016012982386442
2016-02-17,Asset1,0.008541154940942874
2016-02-18,Asset1,0.011718419964794835
2016-02-19,Asset1,0.0026419160844022294
2016-02-22,Asset1,0.0033006004489823937
2016-02-23,Asset1,-0.017278200216274464
2016-02-24,Asset1,-0.012778531956425754
2016-02-25,Asset1,-0.006853134671341854
2016-02-26,Asset1,0.008485625558068977
2016-02-29,Asset1,-0.006074212498666354
2016-03-01,Asset1,0.03366943224623564
2016-03-02,Asset1,0.020291361052837242
2016-03-03,Asset1,0.014486656477644022
2016-03-04,Asset1,0.0013042431206367056
2016-03-08,Asset1,-6.71885323921817e-06
2016-03-09,Asset1,0.006212176026787919
2016-03-10,Asset1,-0.006060955352974129
2016-03-11,Asset1,0.0032126384433233124
2016-03-14,Asset1,0.0038014705260878134
2016-03-15,Asset1,-0.010366427105786724
2016-03-16,Asset1,0.005113516586384925
2016-03-17,Asset1,0.0018402806717785491
2016-03-18,Asset1,0.012219591930221929
2016-03-21,Asset1,0.013137204502793765
2016-03-22,Asset1,0.001382341219943628
2016-03-23,Asset1,0.00020740355370829633
2016-03-28,Asset1,-0.013140659929210097
2016-03-29,Asset1,-0.0023768693023248355
2016-03-30,Asset1,0.01819141704784788
2016-03-31,Asset1,0.00041365536126503066
2016-04-01,Asset1,-0.0032758836421172832
2016-04-04,Asset1,0.005931505845093277
2016-04-05,Asset1,-0.02005459778469787
2016-04-06,Asset1,0.0014664749128432408
2016-04-07,Asset1,-0.00891736017820488
2016-04-08,Asset1,0.0011594855559287076
2016-04-11,Asset1,0.015380096361092388
2016-04-12,Asset1,0.004894842329530746
2016-04-13,Asset1,0.018355287868643932
2016-04-18,Asset1,0.008184244011682829
2016-04-20,Asset1,6.292681500319475e-06
2016-04-21,Asset1,-0.0003411598992387743
2016-04-22,Asset1,-0.0016114660947212922
2016-04-25,Asset1,-0.005601762319964343
2016-04-26,Asset1,0.013698206928241197
2016-04-27,Asset1,0.0021663642394880167
2016-04-28,Asset1,-0.016623003291656557
2016-04-29,Asset1,0.00032492971263820003
2016-05-02,Asset1,-0.005592486870497626
2016-05-03,Asset1,-0.0075455620851691
2016-05-04,Asset1,-0.0052214012278947175
2016-05-05,Asset1,0.003756570196288278
2016-05-06,Asset1,-0.00026498670900398924
2016-05-09,Asset1,0.01714624210748439
2016-05-10,Asset1,0.002765047328716186
2016-05-11,Asset1,-0.00493796850778383
2016-05-12,Asset1,0.006567816182767139
2016-05-13,Asset1,-0.010822236982540034
2016-05-16,Asset1,0.005867010227795566
2016-05-17,Asset1,0.003816429729987636
2016-05-18,Asset1,-0.002610664088489645
2016-05-19,Asset1,-0.011022661712474568
2016-05-20,Asset1,-0.0043296897826234915
2016-05-23,Asset1,-0.0024065951139995434
2016-05-24,Asset1,0.002302441895789764
2016-05-25,Asset1,0.024009988881288802
2016-05-26,Asset1,0.016981940750153468
2016-05-27,Asset1,0.010781136858828422
2016-05-30,Asset1,0.0026788078338353394
2016-05-31,Asset1,-0.0022497893677019265
2016-06-01,Asset1,0.0024325801667495206
2016-06-02,Asset1,0.00476775519028827
2016-06-03,Asset1,0.00022504204686080165
2016-06-06,Asset1,-0.002402442641741276
2016-06-07,Asset1,0.007974636440766236
2016-06-08,Asset1,0.0007983607496653278
2016-06-09,Asset1,-0.0083947512649023
2016-06-10,Asset1,-0.004089644337244347
2016-06-13,Asset1,-0.007276541569812833
2016-06-14,Asset1,-0.00021576701833758705
2016-06-15,Asset1,0.012054669964487674
2016-06-16,Asset1,-0.008023982222768011
2016-06-17,Asset1,0.003617626792678852
2016-06-20,Asset1,0.008359624373303065
2016-06-21,Asset1,-0.002257645126540031
2016-06-22,Asset1,-0.0019708505629796313
2016-06-23,Asset1,0.008136572328440339
2016-06-24,Asset1,-0.021987932139331257
2016-06-27,Asset1,0.0007541598771854119
2016-06-28,Asset1,0.004095260052119798
2016-06-29,Asset1,0.009369009200318468
2016-06-30,Asset1,0.010208434909800168
2016-07-01,Asset1,0.00489874928358125
2016-07-04,Asset1,0.005085111447510116
2016-07-05,Asset1,-0.0041513850919495665
2016-07-07,Asset1,0.00023394997172565546
2016-07-08,Asset1,-0.0017630571995113087
2016-07-11,Asset1,0.017385163388715874
2016-07-12,Asset1,0.006276575256050743
2016-07-13,Asset1,-0.00018187954806314632
2016-07-14,Asset1,0.005340689007570898
2016-07-15,Asset1,-0.0027553542761237226
2016-07-18,Asset1,-0.003828434895569499
2016-07-19,Asset1,0.0023328603569714446
2016-07-20,Asset1,0.004373522526303297
2016-07-21,Asset1,-0.006508402848794281
2016-07-22,Asset1,0.003654550165692383
2016-07-25,Asset1,0.011058187743255843
2016-07-26,Asset1,-0.005210956669673972
2016-07-27,Asset1,0.0029275331807177007
2016-07-28,Asset1,0.005861324676151858
2016-07-29,Asset1,-0.003207805558776422
2016-08-01,Asset1,-0.00022575624385023918
2016-08-02,Asset1,-0.001580424402241265
2016-08-03,Asset1,-0.009051569392458547
2016-08-04,Asset1,0.0007314347572768831
2016-08-05,Asset1,0.015442549763450941
2016-08-08,Asset1,0.0032475792173825013
2016-08-09,Asset1,-0.003799596028080332
2016-08-10,Asset1,-0.011863013316336768
2016-08-11,Asset1,0.00196501420606765
2016-08-16,Asset1,0.0058657509204553815
2016-08-17,Asset1,-0.0021405719860551065
2016-08-18,Asset1,0.0057049989769026865
2016-08-19,Asset1,-0.0007320911278931863
2016-08-22,Asset1,-0.0043556517669032235
2016-08-23,Asset1,0.0003997170745508871
2016-08-24,Asset1,0.0020503899304304962
2016-08-25,Asset1,-0.006716485056797228
2016-08-26,Asset1,-0.0022870033493540554
2016-08-29,Asset1,0.004071179686342186
2016-08-30,Asset1,0.015904758198549196
2016-08-31,Asset1,0.00478601471887985
2016-09-01,Asset1,-0.0013145392127147382
2016-09-02,Asset1,0.0039887629069979
2016-09-06,Asset1,0.015136765190694401
2016-09-07,Asset1,-0.002801051625573092
2016-09-08,Asset1,0.0038741867728371293
2016-09-09,Asset1,-0.009583893290980194
2016-09-12,Asset1,-0.017041355026008564
2016-09-14,Asset1,0.0012621047883116798
2016-09-15,Asset1,0.001827767518446155
2016-09-16,Asset1,0.004266467508998506
2016-09-19,Asset1,0.003251853109136782
2016-09-20,Asset1,-0.0036896597064991488
2016-09-21,Asset1,0.0001424355273373923
2016-09-22,Asset1,0.010288054854791007
2016-09-23,Asset1,-0.00404855847332275
2016-09-26,Asset1,-0.012285499419638857
2016-09-27,Asset1,-0.0019086689214536934
2016-09-28,Asset1,0.004450748674702076
2016-09-29,Asset1,-0.0175983698107679
2016-09-30,Asset1,0.002316355667103087
2016-10-03,Asset1,0.014742422671912614
2016-10-04,Asset1,0.0035534936242527237
2016-10-05,Asset1,-0.0028737328235858284
2016-10-06,Asset1,-0.003934193340149772
2016-10-07,Asset1,-0.0013720795655899343
2016-10-10,Asset1,0.0012877340663539627
2016-10-13,Asset1,-0.015553256286772621
2016-10-14,Asset1,0.0011723284023095193
2016-10-17,Asset1,-0.007339748483457642
2016-10-18,Asset1,0.01848504680288232
2016-10-19,Asset1,-0.002166512682066579
2016-10-20,Asset1,0.004654153788272275
2016-10-21,Asset1,-0.0007300027188475999
2016-10-24,Asset1,0.0018290923188344355
2016-10-25,Asset1,-0.0020266955521803798
2016-10-26,Asset1,-0.008750107164233856
2016-10-27,Asset1,0.0
2016-10-28,Asset1,0.0026406662604103737
2016-11-01,Asset1,-0.0013602685806899384
2016-11-02,Asset1,-0.013012606868569754
2016-11-03,Asset1,-0.003412004309079175
2016-11-04,Asset1,-0.00603423639902867
2016-11-07,Asset1,0.007505534867348507
2016-11-08,Asset1,0.005472487636161372
2016-11-09,Asset1,-0.013056610804363489
2016-11-10,Asset1,0.011118358633776193
2016-11-11,Asset1,-0.026912611243878892
2016-11-15,Asset1,-0.022642577269069153
2016-11-16,Asset1,0.0003884715658204474
2016-11-17,Asset1,-0.003901807530291679
2016-11-18,Asset1,-0.000724026450019899
2016-11-21,Asset1,-0.017958657713704862
2016-11-22,Asset1,0.009231779915716665
2016-11-23,Asset1,0.0038738863522509437
2016-11-24,Asset1,-0.008439844937436325
2016-11-25,Asset1,0.018680535394827613
2016-11-28,Asset1,0.001552826240037497
2016-11-29,Asset1,0.0018764842908427504
2016-11-30,Asset1,0.01011404833415619
2016-12-01,Asset1,-0.00384213136056899
2016-12-02,Asset1,-0.012950308300941793
2016-12-05,Asset1,0.00518749027126697
2016-12-06,Asset1,0.0017714780678148578
2016-12-07,Asset1,-0.005047198952388254
2016-12-08,Asset1,0.017871996368588716
2016-12-09,Asset1,0.0018067979083868924
2016-12-12,Asset1,-0.011008587201561393
2016-12-13,Asset1,0.006241739024219095
2016-12-14,Asset1,-0.004786009184091999
2016-12-15,Asset1,-0.003525850688682164
2016-12-16,Asset1,-0.001735417750965862
2016-12-19,Asset1,-0.004312342580149231
2016-12-20,Asset1,-0.0027084460873485483
2016-12-21,Asset1,-0.0026106228238139684
2016-12-22,Asset1,-0.010196830414798908
2016-12-23,Asset1,0.0008334150796909245
2016-12-26,Asset1,-0.009704786651222541
2016-12-27,Asset1,0.01575571051196545
2016-12-28,Asset1,0.00024897763255693484
2016-12-29,Asset1,0.008556475748073389
2016-12-30,Asset1,0.01014360358861044
2017-01-02,Asset1,-0.0007696016073948098
2017-01-03,Asset1,0.0015587749862460143
2017-01-04,Asset1,-0.00021361652781592966
2017-01-05,Asset1,0.01017029542610337
2017-01-06,Asset1,-0.0036259035398709116
2017-01-09,Asset1,-0.0009401004613908137
2017-01-10,Asset1,0.0063804622280927425
2017-01-11,Asset1,0.01110570972035907
2017-01-12,Asset1,0.003167988574872327
2017-01-13,Asset1,-0.0008148474852923693
2017-01-16,Asset1,0.0014821044232022906
2017-01-17,Asset1,-0.0017592008642893786
2017-01-18,Asset1,0.002262443438914019
2017-01-19,Asset1,0.0021503634757038537
2017-01-20,Asset1,-0.010165855054597661
2017-01-23,Asset1,0.005048344194100052
2017-01-24,Asset1,0.010045856484240057
2017-01-25,Asset1,0.014977960574563243
2017-01-27,Asset1,0.00447531312661642
2017-01-30,Asset1,-0.0009836539852451365
2017-01-31,Asset1,-0.008276643631809133
2017-02-01,Asset1,0.01811647640847469
2017-02-02,Asset1,0.002047818890261066
2017-02-03,Asset1,0.0007671174184962215
2017-02-06,Asset1,0.006875638006406781
2017-02-07,Asset1,-0.0037211469911869743
2017-02-08,Asset1,8.55353964515082e-05
2017-02-09,Asset1,0.0010663168924529565
2017-02-10,Asset1,0.0017257602055471555
2017-02-13,Asset1,0.001307776751758416
2017-02-14,Asset1,-0.0014480326951941125
2017-02-15,Asset1,-0.007688501401983627
2017-02-16,Asset1,0.006109070053333943
2017-02-17,Asset1,0.004978377228582742
2017-02-20,Asset1,0.0065180179247708026
2017-02-21,Asset1,0.003226575978951818
2017-02-22,Asset1,0.0021386509747480797
2017-02-23,Asset1,0.0014114204061503877
2017-02-27,Asset1,-0.004787717958219084
2017-02-28,Asset1,-0.0019221268068030373
2017-03-01,Asset1,0.007455313102474381
2017-03-02,Asset1,-0.0051476453411544165
2017-03-03,Asset1,-0.0002472199008398679
2017-03-06,Asset1,0.00740657732427441
2017-03-07,Asset1,-0.0018463654426456033
2017-03-08,Asset1,-0.0025260799775062015
2017-03-09,Asset1,0.0003025666294942386
2017-03-10,Asset1,0.0008457269729471584
2017-03-14,Asset1,0.017062996865551794
2017-03-15,Asset1,-0.0002421255983823256
2017-03-16,Asset1,0.0075841396735512046
2017-03-17,Asset1,0.0006936658662091144
2017-03-20,Asset1,-0.0036244557639315556
2017-03-21,Asset1,-0.0005861397529225432
2017-03-22,Asset1,-0.009981889457600146
2017-03-23,Asset1,0.006184587497530369
2017-03-24,Asset1,0.002388232369495924
2017-03-27,Asset1,-0.006895015885759803
2017-03-28,Asset1,0.006146863328001739
2017-03-29,Asset1,0.004724859454424246
2017-03-30,Asset1,0.003275464899958447
2017-03-31,Asset1,0.0
2017-04-03,Asset1,0.006987285393105225
2017-04-05,Asset1,0.002955317785461098
2017-04-06,Asset1,-0.00034540133484917135
2017-04-07,Asset1,-0.006872244968150865
2017-04-10,Asset1,-0.0018318178068531532
2017-04-11,Asset1,0.006050221207523521
2017-04-12,Asset1,-0.003632110499891761
2017-04-13,Asset1,-0.005720723153564311
2017-04-17,Asset1,-0.0012567207506942735
2017-04-18,Asset1,-0.003736545992832463
2017-04-19,Asset1,-0.00018125901870869043
2017-04-20,Asset1,0.003614037526775471
2017-04-21,Asset1,-0.0018606890321317682
2017-04-24,Asset1,0.010806610135114969
2017-04-25,Asset1,0.00961704198701141
2017-04-26,Asset1,0.004862141050359314
2017-04-27,Asset1,-0.001037144431864756
2017-04-28,Asset1,-0.004078352878555069
2017-05-02,Asset1,0.0010479307618374012
2017-05-03,Asset1,-0.00019858805361794296
2017-05-04,Asset1,0.005149318274558334
2017-05-05,Asset1,-0.007970232889681239
2017-05-08,Asset1,0.0030962920535411165
2017-05-09,Asset1,0.0003006001413146109
2017-05-10,Asset1,0.009708238203339103
2017-05-11,Asset1,0.0016051987553300506
2017-05-12,Asset1,-0.002281796475279485
2017-05-15,Asset1,0.004733589140501593
2017-05-16,Asset1,0.007077477566896029
2017-05-17,Asset1,0.0014192225814082526
2017-05-18,Asset1,-0.010109419697924005
2017-05-19,Asset1,-0.00016435790585866972
2017-05-22,Asset1,0.001097763971423804
2017-05-23,Asset1,-0.00552004973114717
2017-05-24,Asset1,-0.0027274851639997877
2017-05-25,Asset1,0.015939255537936958
2017-05-26,Asset1,0.008974958266515953
2017-05-29,Asset1,0.00102143611312
2017-05-30,Asset1,0.0020457696866569286
2017-05-31,Asset1,-0.0003428528870922376
2017-06-01,Asset1,-0.0005353140834091219
2017-06-02,Asset1,0.00388935141525959
2017-06-05,Asset1,0.002237489964779682
2017-06-06,Asset1,-0.003922359487981697
2017-06-07,Asset1,0.002775716774745085
2017-06-08,Asset1,-0.0017229472523487832
2017-06-09,Asset1,0.0021767861307626646
2017-06-12,Asset1,-0.005362874292141773
2017-06-13,Asset1,-0.0009878956380873216
2017-06-14,Asset1,0.0011710332721861505
2017-06-15,Asset1,-0.0041692616884621
2017-06-16,Asset1,0.001044053873587636
2017-06-19,Asset1,0.007248606485755094
2017-06-20,Asset1,-0.0004193408027297618
2017-06-21,Asset1,-0.0020614689620345183
2017-06-22,Asset1,-0.00037365154469337636
2017-06-23,Asset1,-0.005716490621754944
2017-06-27,Asset1,-0.006637089842891464
2017-06-28,Asset1,-0.0021185514012070916
2017-06-29,Asset1,0.0013538374160411148
2017-06-30,Asset1,0.0017677404426008625
2017-07-03,Asset1,0.009883477981521338
2017-07-04,Asset1,-0.00017682738559543498
2017-07-05,Asset1,0.0025277277502206985
2017-07-06,Asset1,0.003833962481337938
2017-07-07,Asset1,-0.0009044348498532528
2017-07-10,Asset1,0.010888907501369838
2017-07-11,Asset1,0.001535147225716127
2017-07-12,Asset1,0.0030706776776372458
2017-07-13,Asset1,0.007701693029408263
2017-07-14,Asset1,-0.0005409167111671831
2017-07-17,Asset1,0.0029940865038224906
2017-07-18,Asset1,-0.008955249163058343
2017-07-19,Asset1,0.007372352703497453
2017-07-20,Asset1,-0.002656653372384299
2017-07-21,Asset1,0.004248852576378193
2017-07-24,Asset1,0.005158759549683589
2017-07-25,Asset1,-0.00018568247962835738
2017-07-26,Asset1,0.0056300171143817135
2017-07-27,Asset1,-1.0037865166290239e-05
2017-07-28,Asset1,-0.0006037397952625145
2017-07-31,Asset1,0.006250897136651945
2017-08-01,Asset1,0.0037263481265050746
2017-08-02,Asset1,-0.0032774628232060676
2017-08-03,Asset1,-0.006730110536626532
2017-08-04,Asset1,0.0052678092346210015
2017-08-07,Asset1,-0.000894063384204502
2017-08-08,Asset1,-0.007840056363968673
2017-08-09,Asset1,-0.007065154895241621
2017-08-10,Asset1,-0.008861461782919355
2017-08-11,Asset1,-0.011145357329243155
2017-08-14,Asset1,0.008583287433983067
2017-08-16,Asset1,0.010531736796816515
2017-08-17,Asset1,0.0006921671640436333
2017-08-18,Asset1,-0.006739598791147605
2017-08-21,Asset1,-0.008442350412935062
2017-08-22,Asset1,0.0011482257414410224
2017-08-23,Asset1,0.008903768559017866
2017-08-24,Asset1,0.00046179189926420783
2017-08-28,Asset1,0.005655850493267112
2017-08-29,Asset1,-0.011777701789638884
2017-08-30,Asset1,0.009019001301445284
2017-08-31,Asset1,0.0033891787742403867
2017-09-01,Asset1,0.00569677026131532
2017-09-04,Asset1,-0.006170875324781666
2017-09-05,Asset1,0.003969654285916446
2017-09-06,Asset1,-0.0036172905783141696
2017-09-07,Asset1,0.0013815972895521167
2017-09-08,Asset1,0.0004934001218306339
2017-09-11,Asset1,0.007171760015373785
2017-09-12,Asset1,0.008694739852208588
2017-09-13,Asset1,-0.0013623236054590704
2017-09-14,Asset1,0.0007242372812548137
2017-09-15,Asset1,-0.00011889227256378643
2017-09-18,Asset1,0.006712596042585561
2017-09-19,Asset1,-0.0005466118624873895
2017-09-20,Asset1,-0.0006306363787978997
2017-09-21,Asset1,-0.0018982067377479872
2017-09-22,Asset1,-0.01556031910231781
2017-09-25,Asset1,-0.009212875602266135
2017-09-26,Asset1,-0.00011137992205778602
2017-09-27,Asset1,-0.013751709466646389
2017-09-28,Asset1,0.003410132276660871
2017-09-29,Asset1,0.002011415113154058
2017-10-03,Asset1,0.007243159742390093
2017-10-04,Asset1,0.005618985813175215
2017-10-05,Asset1,-0.0026425071639926134
2017-10-06,Asset1,0.009202422785872022
2017-10-09,Asset1,0.0009068212982741297
2017-10-10,Asset1,0.0028231956263296
2017-10-11,Asset1,-0.0032095987299651796
2017-10-12,Asset1,0.011177047924897598
2017-10-13,Asset1,0.007037142143597297
2017-10-16,Asset1,0.006235527378509298
2017-10-17,Asset1,0.00035193420634405115
2017-10-18,Asset1,-0.0023059945074831445
2017-10-19,Asset1,-0.006297204164917303
2017-10-23,Asset1,0.00377466285828576
2017-10-24,Asset1,0.0022435859942857572
2017-10-25,Asset1,0.008586597606260904
2017-10-26,Asset1,0.004706027201677676
2017-10-27,Asset1,-0.002006032637116295
2017-10-30,Asset1,0.00393300300838062
2017-10-31,Asset1,-0.002735579151063039
2017-11-01,Asset1,0.010178727013297362
2017-11-02,Asset1,-0.0015995589591015769
2017-11-03,Asset1,0.0027533333189682097
2017-11-06,Asset1,-6.698831021290097e-05
2017-11-07,Asset1,-0.009725541625559164
2017-11-08,Asset1,-0.004540996818999998
2017-11-09,Asset1,0.0005629156585715833
2017-11-10,Asset1,0.0012416205767800115
2017-11-13,Asset1,-0.009378235734008311
2017-11-14,Asset1,-0.0037506868204679744
2017-11-15,Asset1,-0.00672940994209803
2017-11-16,Asset1,0.009557197007243445
2017-11-17,Asset1,0.006740214824151325
2017-11-20,Asset1,0.0014732575363192169
2017-11-21,Asset1,0.0027333793542905216
2017-11-22,Asset1,0.00149119420929833
2017-11-23,Asset1,0.0006236712756650942
2017-11-24,Asset1,0.003957018510689636
2017-11-27,Asset1,0.000948016707878141
2017-11-28,Asset1,-0.0028174108723719726
2017-11-29,Asset1,-0.0008630645657047298
2017-11-30,Asset1,-0.013005125084696312
2017-12-01,Asset1,-0.010242946252702612
2017-12-04,Asset1,0.0005878594150563465
2017-12-05,Asset1,-0.0009380168349337747
2017-12-06,Asset1,-0.007328380957675518
2017-12-07,Asset1,0.012206229598028528
2017-12-08,Asset1,0.009732773998600175
2017-12-11,Asset1,0.0055134947345070184
2017-12-12,Asset1,-0.007953654423696332
2017-12-13,Asset1,-0.004609326378225087
2017-12-14,Asset1,0.005802972930222028
2017-12-15,Asset1,0.007915489872025061
2017-12-18,Asset1,0.005371011056540809
2017-12-19,Asset1,0.007166424768379365
2017-12-20,Asset1,-0.001815888030940238
2017-12-21,Asset1,-0.00037345038892977467
2017-12-22,Asset1,0.0050477664720738336
2017-12-26,Asset1,0.003669112741827796
2017-12-27,Asset1,-0.003869344347908643
2017-12-28,Asset1,-0.0012248513571480046
2017-12-29,Asset1,0.005039158869532878
2018-01-02,Asset1,-0.008403999578242116
2018-01-03,Asset1,9.576525840304662e-05
2018-01-04,Asset1,0.0058985376343401175
2018-01-05,Asset1,0.005145248428569005
2018-01-08,Asset1,0.006132296831134809
2018-01-09,Asset1,0.0012613794869653638
2018-01-10,Asset1,-0.0004512366915013777
2018-01-11,Asset1,0.0017870242895141608
2018-01-12,Asset1,0.00282125996474325
2018-01-15,Asset1,0.005645388385020489
2018-01-16,Asset1,-0.003826227138756466
2018-01-17,Asset1,0.008233261943837888
2018-01-18,Asset1,0.002637073177355065
2018-01-19,Asset1,0.007183155709762357
2018-01-22,Asset1,0.006562824007838586
2018-01-23,Asset1,0.010714741469905364
2018-01-24,Asset1,0.00020749430668232094
2018-01-25,Asset1,-0.001474797886974577
2018-01-29,Asset1,0.005487978197707966
2018-01-30,Asset1,-0.0072549052294663685
2018-01-31,Asset1,-0.001986505865481769
2018-02-01,Asset1,-0.000979334267002474
2018-02-02,Asset1,-0.023264327729431322
2018-02-05,Asset1,-0.00874020111347329
2018-02-06,Asset1,-0.015778279553294694
2018-02-07,Asset1,-0.0020527044686019513
2018-02-08,Asset1,0.009559251691416026
2018-02-09,Asset1,-0.011525115565078292
2018-02-12,Asset1,0.008110971654893273
2018-02-14,Asset1,-0.0036860086221209842
2018-02-15,Asset1,0.004247217640005241
2018-02-16,Asset1,-0.00883791146104973
2018-02-19,Asset1,-0.0070701582851038225
2018-02-20,Asset1,-0.001734371321447492
2018-02-21,Asset1,0.003576097765586983
2018-02-22,Asset1,-0.0014186170381128571
2018-02-23,Asset1,0.010435590678416817
2018-02-26,Asset1,0.008726467454819975
2018-02-27,Asset1,-0.0026741826897078713
2018-02-28,Asset1,-0.005822290104475547
2018-03-01,Asset1,-0.0032879533476946055
2018-03-05,Asset1,-0.009513929416818057
2018-03-06,Asset1,-0.010580287725753812
2018-03-07,Asset1,-0.00927383024977435
2018-03-08,Asset1,0.008710700361544088
2018-03-09,Asset1,-0.001542645765246653
2018-03-12,Asset1,0.019023530088059015
2018-03-13,Asset1,0.0005228873803659884
2018-03-14,Asset1,-0.001529629691374823
2018-03-15,Asset1,-0.004874698450260895
2018-03-16,Asset1,-0.01592640973139836
2018-03-19,Asset1,-0.009896900659531527
2018-03-20,Asset1,0.002981856935879268
2018-03-21,Asset1,0.003052086486265315
2018-03-22,Asset1,-0.003988084980675044
2018-03-23,Asset1,-0.011537625281148767
2018-03-26,Asset1,0.013262645068574441
2018-03-27,Asset1,0.005281003483202706
2018-03-28,Asset1,-0.006917631084606968
2018-04-02,Asset1,0.009699675438319622
2018-04-03,Asset1,0.0032511600254110373
2018-04-04,Asset1,-0.011381123413860439
2018-04-05,Asset1,0.019425574859986305
2018-04-06,Asset1,0.0006246125727966678
2018-04-09,Asset1,0.004621743176794313
2018-04-10,Asset1,0.002206341580816895
2018-04-11,Asset1,0.0014324199692374862
2018-04-12,Asset1,0.003983815001590951
2018-04-13,Asset1,0.002098666456015641
2018-04-16,Asset1,0.004556037037927396
2018-04-17,Asset1,0.001932932196645476
2018-04-18,Asset1,-0.002132964212026689
2018-04-19,Asset1,0.0037145036812440413
2018-04-20,Asset1,-0.00011831183431687542
2018-04-23,Asset1,0.0019547797489403163
2018-04-24,Asset1,0.0028011576629851653
2018-04-25,Asset1,-0.00412647089076601
2018-04-26,Asset1,0.0044699661676110836
2018-04-27,Asset1,0.007016519558704637
2018-04-30,Asset1,0.004400344691688707
2018-05-02,Asset1,-0.0019833421447520427
2018-05-03,Asset1,-0.003582686660562606
2018-05-04,Asset1,-0.0057492884485150775
2018-05-07,Asset1,0.00915875968262192
2018-05-08,Asset1,0.00021462411343375898
2018-05-09,Asset1,0.0022299717349214543
2018-05-10,Asset1,-0.0023413789407356056
2018-05-11,Asset1,0.00839357787271755
2018-05-14,Asset1,9.217542682682378e-06
2018-05-15,Asset1,-0.0004395462191344457
2018-05-16,Asset1,-0.005624036826737067
2018-05-17,Asset1,-0.005437005165795927
2018-05-18,Asset1,-0.008078463600931896
2018-05-21,Asset1,-0.007521440524559053
2018-05-22,Asset1,0.0019017372016476575
2018-05-23,Asset1,-0.010093348388598211
2018-05-24,Asset1,0.008005484296034426
2018-05-25,Asset1,0.00868385840031305
2018-05-28,Asset1,0.007873532851907061
2018-05-29,Asset1,-0.005178444790938985
2018-05-30,Asset1,-0.0017821556488181178
2018-05-31,Asset1,0.011475105468772284
2018-06-01,Asset1,-0.0037210912532843476
2018-06-04,Asset1,-0.006329368754912523
2018-06-05,Asset1,-0.003325926459519235
2018-06-06,Asset1,0.0086376570355291
2018-06-07,Asset1,0.007833594520176401
2018-06-08,Asset1,-6.493276828523076e-05
2018-06-11,Asset1,0.0017923877528847054
2018-06-12,Asset1,0.005182133323169635
2018-06-13,Asset1,0.0012773935299743577
2018-06-14,Asset1,-0.0044811397339686865
2018-06-15,Asset1,0.000892889170515776
2018-06-18,Asset1,-0.00165012762557748
2018-06-19,Asset1,-0.008277838793689818
2018-06-20,Asset1,0.005751355755517995
2018-06-21,Asset1,-0.0028731945983977436
2018-06-22,Asset1,0.007517852262492797
2018-06-25,Asset1,-0.005488841206131911
2018-06-26,Asset1,0.0006225529680423669
2018-06-27,Asset1,-0.009076853461448153
2018-06-28,Asset1,-0.007712275637441368
2018-06-29,Asset1,0.011823497741172861
2018-07-02,Asset1,-0.005319993003655044
2018-07-03,Asset1,0.003997315147197256
2018-07-04,Asset1,0.006542116977213297
2018-07-05,Asset1,-0.0018709913642785958
2018-07-06,Asset1,0.0021303184376380013
2018-07-09,Asset1,0.007449420253147654
2018-07-10,Asset1,0.008693492612951825
2018-07-11,Asset1,9.589665783638068e-05
2018-07-12,Asset1,0.006841280560560881
2018-07-13,Asset1,-0.0003900686380828855
2018-07-16,Asset1,-0.0074463674542162295
2018-07-17,Asset1,0.006510119262449043
2018-07-18,Asset1,-0.002507220612614547
2018-07-19,Asset1,-0.0021265599790679657
2018-07-20,Asset1,0.00484622644956767
2018-07-23,Asset1,0.006770976309698584
2018-07-24,Asset1,0.00447008770495505
2018-07-25,Asset1,-0.0002065513528324292
2018-07-26,Asset1,0.0031710209025781477
2018-07-27,Asset1,0.009944194803553685
2018-07-30,Asset1,0.0036530340643325943
2018-07-31,Asset1,0.0032642813495284972
2018-08-01,Asset1,-0.0009069523785937283
2018-08-02,Asset1,-0.008945726168478219
2018-08-03,Asset1,0.010324829240302646
2018-08-06,Asset1,0.0023149606664707445
2018-08-07,Asset1,0.00020642534254866618
2018-08-08,Asset1,0.005316306199962151
2018-08-09,Asset1,0.001807877319869089
2018-08-10,Asset1,-0.003591776841080363
2018-08-13,Asset1,-0.006452600726191027
2018-08-14,Asset1,0.006987615029830696
2018-08-16,Asset1,-0.004376857779749166
2018-08-17,Asset1,0.0075274326228431665
2018-08-20,Asset1,0.007061438877143944
2018-08-21,Asset1,0.00165779129785526
2018-08-23,Asset1,0.0010240870610727093
2018-08-24,Asset1,-0.0022145337355118366
2018-08-27,Asset1,0.011668203138797129
2018-08-28,Asset1,0.003981355027167455
2018-08-29,Asset1,-0.003969809547642367
2018-08-30,Asset1,-0.0012915424723947133
2018-08-31,Asset1,0.00031688436681198695
2018-09-03,Asset1,-0.00840292715423141
2018-09-04,Asset1,-0.00535727264157837
2018-09-05,Asset1,-0.0037628889968090995
2018-09-06,Asset1,0.005223530144531363
2018-09-07,Asset1,0.0045245444601755835
2018-09-10,Asset1,-0.013029485041085365
2018-09-11,Asset1,-0.013166488710376734
2018-09-12,Asset1,0.0073001453488372725
2018-09-14,Asset1,0.012779338401883056
2018-09-17,Asset1,-0.011936413868727347
2018-09-18,Asset1,-0.008687975159851424
2018-09-19,Asset1,-0.003949922395540484
2018-09-21,Asset1,-0.00812241056873042
2018-09-24,Asset1,-0.015767535507102526
2018-09-25,Asset1,0.009122472156029238
2018-09-26,Asset1,-0.0012333817079910325
2018-09-27,Asset1,-0.006898080420062014
2018-09-28,Asset1,-0.004290539347394984
2018-10-01,Asset1,0.007122269255513958
2018-10-03,Asset1,-0.01363060666494631
2018-10-04,Asset1,-0.023852830796859514
2018-10-05,Asset1,-0.026681114672028716
2018-10-08,Asset1,0.003063031253653259
2018-10-09,Asset1,-0.004541918611438267
2018-10-10,Asset1,0.015440154906845027
2018-10-11,Asset1,-0.021553257346415555
2018-10-12,Asset1,0.02323964183406524
2018-10-15,Asset1,0.003819527333492445
2018-10-16,Asset1,0.006872770511296089
2018-10-17,Asset1,-0.012442447418455793
2018-10-19,Asset1,-0.014302046081609565
2018-10-22,Asset1,-0.0056582251546914986
2018-10-23,Asset1,-0.009609350217173795
2018-10-24,Asset1,0.007682244334463961
2018-10-25,Asset1,-0.009765481735494741
2018-10-26,Asset1,-0.0093729702973544
2018-10-29,Asset1,0.022018904224825553
2018-10-30,Asset1,-0.005116572845048073
2018-10-31,Asset1,0.01845379780568379
2018-11-01,Asset1,-0.0005920526730374132
2018-11-02,Asset1,0.01662257430466929
2018-11-05,Asset1,-0.0027480337344830685
2018-11-06,Asset1,0.0005701254275940482
2018-11-07,Asset1,0.006495763592117676
2018-11-09,Asset1,-0.0012454893970770264
2018-11-12,Asset1,-0.009730567027500525
2018-11-13,Asset1,0.009568583199961456
2018-11-14,Asset1,-0.0005858913595558901
2018-11-15,Asset1,0.0038198983927342223
2018-11-16,Asset1,0.006169525256907837
2018-11-19,Asset1,0.0076014485618920435
2018-11-20,Asset1,-0.009959695953136949
2018-11-21,Asset1,-0.00526926949530282
2018-11-22,Asset1,-0.006915043423200262
2018-11-26,Asset1,0.009675313783931383
2018-11-27,Asset1,0.0053628890065369195
2018-11-28,Asset1,0.004047503329813518
2018-11-29,Asset1,0.012102936537020215
2018-11-30,Asset1,0.001662243580064171
2018-12-03,Asset1,0.000643574597191332
2018-12-04,Asset1,-0.0013092913747559942
2018-12-05,Asset1,-0.007967211865771207
2018-12-06,Asset1,-0.01685539079615528
2018-12-07,Asset1,0.008730166187373989
2018-12-10,Asset1,-0.019193543511718203
2018-12-11,Asset1,0.005787336945131116
2018-12-12,Asset1,0.01786392380162427
2018-12-13,Asset1,0.005024418610784842
2018-12-14,Asset1,0.001288081033454791
2018-12-17,Asset1,0.007672000015183311
2018-12-18,Asset1,0.0018690239262686426
2018-12-19,Asset1,0.005371823253533137
2018-12-20,Asset1,-0.001422374664029169
2018-12-21,Asset1,-0.018052009440243655
2018-12-24,Asset1,-0.008415473312255894
2018-12-26,Asset1,0.006222123071693231
2018-12-27,Asset1,0.004655255863871277
2018-12-28,Asset1,0.007430619064249022
2018-12-31,Asset1,0.00024396301689710853
2019-01-02,Asset1,-0.006448744166611009
2019-01-03,Asset1,-0.011141996757007222
2019-01-04,Asset1,0.0051628859308019415
2019-01-07,Asset1,0.004143632577580325
2019-01-08,Asset1,0.0028175965472634346
2019-01-09,Asset1,0.004906430486840696
2019-01-10,Asset1,-0.0030907707440862575
2019-01-11,Asset1,-0.0024626132017869784
2019-01-14,Asset1,-0.005312723532749919
2019-01-15,Asset1,0.013895116296032572
2019-01-16,Asset1,0.0003214902508350548
2019-01-17,Asset1,0.001368225934293088
2019-01-18,Asset1,0.0001604738994844812
2019-01-21,Asset1,0.0050334340103701525
2019-01-22,Asset1,-0.0035668806605010372
2019-01-23,Asset1,-0.008354123274816327
2019-01-24,Asset1,0.001689498655541799
2019-01-25,Asset1,-0.006382606245884936
2019-01-28,Asset1,-0.011038398055380982
2019-01-29,Asset1,-0.0008769465552643796
2019-01-30,Asset1,-3.758759858607519e-05
2019-01-31,Asset1,0.016818790618479573
2019-02-01,Asset1,0.005788983808607595
2019-02-04,Asset1,0.0017073807867935553
2019-02-05,Asset1,0.0020252110586724825
2019-02-06,Asset1,0.011715428033110209
2019-02-07,Asset1,0.0006282690714798367
2019-02-08,Asset1,-0.011364733121095205
2019-02-11,Asset1,-0.005007475295473629
2019-02-12,Asset1,-0.005271417887377283
2019-02-14,Asset1,-0.007879921603800577
2019-02-15,Asset1,-0.002014639281967212
2019-02-18,Asset1,-0.00778133902809619
2019-02-19,Asset1,-0.0034395975233135756
2019-02-20,Asset1,0.012362906803977669
2019-02-21,Asset1,0.005067269008080633
2019-02-22,Asset1,0.00016689586186968697
2019-02-25,Asset1,0.008196078963680797
2019-02-26,Asset1,-0.004117591409631749
2019-02-27,Asset1,-0.002644081343287419
2019-02-28,Asset1,-0.0013094150466157473
2019-03-01,Asset1,0.006578642575862936
2019-03-05,Asset1,0.011409784628572783
2019-03-06,Asset1,0.005965879573721855
2019-03-07,Asset1,0.00047047817900125466
2019-03-08,Asset1,-0.0020618006804727917
2019-03-11,Asset1,0.012020353532001593
2019-03-12,Asset1,0.011922438828049886
2019-03-13,Asset1,0.0035836901656514097
2019-03-14,Asset1,0.00013664659273393553
2019-03-15,Asset1,0.007369987382364052
2019-03-18,Asset1,0.0030936423551506387
2019-03-19,Asset1,0.006124495656707252
2019-03-20,Asset1,-0.0009842344657688962
2019-03-22,Asset1,-0.005568018119008533
2019-03-25,Asset1,-0.008959700017030503
2019-03-26,Asset1,0.011361384503600025
2019-03-27,Asset1,-0.0033266013813597617
2019-03-28,Asset1,0.010917400749215211
2019-04-01,Asset1,0.008569610252809001
2019-04-02,Asset1,0.0037748939051200914
2019-04-03,Asset1,-0.005912133221091298
2019-04-04,Asset1,-0.003946272059030087
2019-04-05,Asset1,0.005858785593421345
2019-04-08,Asset1,-0.005267483083991831
2019-04-09,Asset1,0.005812417192683883
2019-04-10,Asset1,-0.007509489773200095
2019-04-11,Asset1,0.0010704480058416621
2019-04-12,Asset1,0.0040313191867198395
2019-04-15,Asset1,0.0040279653604204935
2019-04-16,Asset1,0.008280400884877803
2019-04-18,Asset1,-0.0029142400664389223
2019-04-22,Asset1,-0.013473352052831178
2019-04-23,Asset1,-0.0015955909670886115
2019-04-24,Asset1,0.012975193636658888
2019-04-25,Asset1,-0.007193374050953438
2019-04-26,Asset1,0.009693568677590747
2019-04-30,Asset1,-0.0005529726349993158
2019-05-02,Asset1,-0.001991836148409698
2019-05-03,Asset1,-0.0010661208128105448
2019-05-06,Asset1,-0.00973339879186319
2019-05-07,Asset1,-0.008652133673183404
2019-05-08,Asset1,-0.012041345863927244
2019-05-09,Asset1,-0.005075103956069027
2019-05-10,Asset1,-0.0020261741013145596
2019-05-13,Asset1,-0.011588026384304118
2019-05-14,Asset1,0.006624352638199937
2019-05-15,Asset1,-0.005796606308085428
2019-05-16,Asset1,0.008971910851931497
2019-05-17,Asset1,0.013329435330307948
2019-05-20,Asset1,0.036915407876193296
2019-05-21,Asset1,-0.010073374389702572
2019-05-22,Asset1,0.0024596922232125173
2019-05-23,Asset1,-0.006887993870017373
2019-05-24,Asset1,0.016046067214389392
2019-05-27,Asset1,0.006809330661248669
2019-05-28,Asset1,0.0003354368016101894
2019-05-29,Asset1,-0.005671205333752538
2019-05-30,Asset1,0.007149487319284775
2019-05-31,Asset1,-0.0019337668306382838
2019-06-03,Asset1,0.013901936014629301
2019-06-04,Asset1,-0.005534114111566901
2019-06-06,Asset1,-0.014798333410505293
2019-06-07,Asset1,0.0022712730870713127
2019-06-10,Asset1,0.004384747505377318
2019-06-11,Asset1,0.0035981290613484873
2019-06-12,Asset1,-0.004964181988503125
2019-06-13,Asset1,0.0006592875347493088
2019-06-14,Asset1,-0.007617057296864349
2019-06-17,Asset1,-0.012784029548381648
2019-06-18,Asset1,0.0016577587443133979
2019-06-19,Asset1,-4.259905700743083e-06
2019-06-20,Asset1,0.012000205478679637
2019-06-21,Asset1,-0.009098433505187353
2019-06-24,Asset1,-0.002085381356743965
2019-06-25,Asset1,0.008273734808782462
2019-06-26,Asset1,0.004331778503613437
2019-06-27,Asset1,-0.0005064338279993086
2019-06-28,Asset1,-0.004450447465215945
2019-07-01,Asset1,0.006510389269786421
2019-07-02,Asset1,0.003767209141051886
2019-07-03,Asset1,0.0005415644793391738
2019-07-04,Asset1,0.0025174649128327786
2019-07-05,Asset1,-0.011350334557515662
2019-07-08,Asset1,-0.02138240331360608
2019-07-09,Asset1,-0.00023352472109261502
2019-07-10,Asset1,-0.004932545113165099
2019-07-11,Asset1,0.007305046321514741
2019-07-12,Asset1,-0.0026245922523520093
2019-07-15,Asset1,0.0031031905972733753
2019-07-16,Asset1,0.006407297199588324
2019-07-17,Asset1,0.0021350634900458854
2019-07-18,Asset1,-0.007751838235294128
2019-07-19,Asset1,-0.01531878214359883
2019-07-22,Asset1,-0.006397075524881224
2019-07-23,Asset1,-0.0013352832106081625
2019-07-24,Asset1,-0.005273121293252303
2019-07-25,Asset1,-0.0016989534831232112
2019-07-26,Asset1,0.0028571795564771296
2019-07-29,Asset1,-0.008427603929443195
2019-07-30,Asset1,-0.009276785013729971
2019-07-31,Asset1,0.00294076968140633
2019-08-01,Asset1,-0.012412304371289817
2019-08-02,Asset1,0.0015801101434427256
2019-08-05,Asset1,-0.012252952282714391
2019-08-06,Asset1,0.007884888857643269
2019-08-07,Asset1,-0.00847167355513434
2019-08-08,Asset1,0.016300510829763803
2019-08-09,Asset1,0.006997556657477588
2019-08-13,Asset1,-0.01654424529912324
2019-08-14,Asset1,0.009477595331455646
2019-08-16,Asset1,0.0016682152620135504
2019-08-19,Asset1,0.0005521991749806165
2019-08-20,Asset1,-0.0033382235519596737
2019-08-21,Asset1,-0.008922556475220111
2019-08-22,Asset1,-0.016242829527789215
2019-08-23,Asset1,0.008192639025843995
2019-08-26,Asset1,0.021100066785376237
2019-08-27,Asset1,0.004295591066795668
2019-08-28,Asset1,-0.005335266523260329
2019-08-29,Asset1,-0.0088537862364102
2019-08-30,Asset1,0.006845829640179435
2019-09-03,Asset1,-0.02044311880570615
2019-09-04,Asset1,0.004329545403159107
2019-09-05,Asset1,0.000299686931614751
2019-09-06,Asset1,0.009061643373168504
2019-09-09,Asset1,0.005193547382711383
2019-09-11,Asset1,0.0029673946046386845
2019-09-12,Asset1,-0.00479356902496042
2019-09-13,Asset1,0.008476944640087414
2019-09-16,Asset1,-0.006536749886833726
2019-09-17,Asset1,-0.01689465993774708
2019-09-18,Asset1,0.002130859163064436
2019-09-19,Asset1,-0.012531589991591652
2019-09-20,Asset1,0.05319112930777714
2019-09-23,Asset1,0.028915576657539077
2019-09-24,Asset1,-0.0010344649056013289
2019-09-25,Asset1,-0.012771612287114875
2019-09-26,Asset1,0.01145084856589107
2019-09-27,Asset1,-0.005081564893442914
2019-09-30,Asset1,-0.003296462425282254
2019-10-01,Asset1,-0.009983032105041145
2019-10-03,Asset1,-0.004040562773145462
2019-10-04,Asset1,-0.012307760296977222
2019-10-07,Asset1,-0.0043266837625002275
2019-10-09,Asset1,0.01679783285706482
2019-10-10,Asset1,-0.006960833829169011
2019-10-11,Asset1,0.006275284833450412
2019-10-14,Asset1,0.003193315072573366
2019-10-15,Asset1,0.007684353972992053
2019-10-16,Asset1,0.003123841334461419
2019-10-17,Asset1,0.010672506051552677
2019-10-18,Asset1,0.006516288783389612
2019-10-22,Asset1,-0.006302602285396697
2019-10-23,Asset1,0.001359123648397631
2019-10-24,Asset1,-0.0018527934715960592
2019-10-25,Asset1,0.00011230477560042473
2019-10-29,Asset1,0.017519938181983052
2019-10-30,Asset1,0.004857107869982835
2019-10-31,Asset1,0.0028157974888274317
2019-11-01,Asset1,0.0011070906504571099
2019-11-04,Asset1,0.004263888868356602
2019-11-05,Asset1,-0.002018173043904281
2019-11-06,Asset1,0.004099084396871566
2019-11-07,Asset1,0.003844209304726398
2019-11-08,Asset1,-0.008649599006986697
2019-11-11,Asset1,0.0004450569159482054
2019-11-13,Asset1,-0.006127528029514329
2019-11-14,Asset1,0.002672990768123773
2019-11-15,Asset1,0.001966845520657623
2019-11-18,Asset1,-0.0009205364347466549
2019-11-19,Asset1,0.004678329704657314
2019-11-20,Asset1,0.004941332311304558
2019-11-21,Asset1,-0.002558460196964596
2019-11-22,Asset1,-0.004511881140131235
2019-11-25,Asset1,0.013374538722098483
2019-11-26,Asset1,-0.0029858001604721185
2019-11-27,Asset1,0.005233557820665036
2019-11-28,Asset1,0.004169196368656758
2019-11-29,Asset1,-0.007826467690735917
2019-12-02,Asset1,-0.0006510929783939412
2019-12-03,Asset1,-0.004481997238144242
2019-12-04,Asset1,0.004085307832292884
2019-12-05,Asset1,-0.00205923710353606
2019-12-06,Asset1,-0.008062669529681155
2019-12-09,Asset1,0.001342112989137334
2019-12-10,Asset1,-0.006760225785340301
2019-12-11,Asset1,0.0044995771891509495
2019-12-12,Asset1,0.005176207859728388
2019-12-13,Asset1,0.009597587037832866
2019-12-16,Asset1,-0.0027095898360001147
2019-12-17,Asset1,0.009212731336046609
2019-12-18,Asset1,0.004656834412248179
2019-12-19,Asset1,0.003113311498149862
2019-12-20,Asset1,0.000986941701855537
2019-12-23,Asset1,-0.0007374472230261553
2019-12-24,Asset1,-0.003930618769240168
2019-12-26,Asset1,-0.007204522590446127
2019-12-27,Asset1,0.009833794601157297
2019-12-30,Asset1,0.0008206736062803532
2019-12-31,Asset1,-0.007131240742024536
2020-01-01,Asset1,0.001154609211690083
2020-01-02,Asset1,0.008183886337984836
2020-01-03,Asset1,-0.004522789386603554
2020-01-06,Asset1,-0.019105853072941215
2020-01-07,Asset1,0.004994592001242859
2020-01-08,Asset1,-0.0022899444111396106
2020-01-09,Asset1,0.015845758122611686
2020-01-10,Asset1,0.0033480474426501594
2020-01-13,Asset1,0.0059354808073293075
2020-01-14,Asset1,0.0026562202609821117
2020-01-15,Asset1,-0.0015369308543056182
2020-01-16,Asset1,0.000988406301843714
2020-01-17,Asset1,-0.000254978804985595
2020-01-20,Asset1,-0.010346193941151438
2020-01-21,Asset1,-0.004474618385662321
2020-01-22,Asset1,-0.005172555189302153
2020-01-23,Asset1,0.0060667236352978104
2020-01-24,Asset1,0.005574584704263197
2020-01-27,Asset1,-0.010552527912150667
2020-01-28,Asset1,-0.005214967844912932
2020-01-29,Asset1,0.006113256399948197
2020-01-30,Asset1,-0.0077249841553650445
2020-01-31,Asset1,-0.006123414854723341
2020-02-03,Asset1,-0.021250384719316173
2020-02-04,Asset1,0.02321082268667074
2020-02-05,Asset1,0.009140500467834434
2020-02-06,Asset1,0.004036661230167438
2020-02-07,Asset1,-0.0032625431230384194
2020-02-10,Asset1,-0.005525514763038308
2020-02-11,Asset1,0.006350030388978967
2020-02-12,Asset1,0.0077056964194832656
2020-02-13,Asset1,-0.0021759994314084485
2020-02-14,Asset1,-0.005026854435148831
2020-02-17,Asset1,-0.00558473346026378
2020-02-18,Asset1,-0.004424762618648104
2020-02-19,Asset1,0.011123651500938081
2020-02-20,Asset1,-0.003715252459506435
2020-02-24,Asset1,-0.02081386879900149
2020-02-25,Asset1,-0.002662856861702312
2020-02-26,Asset1,-0.010120477938589723
2020-02-27,Asset1,-0.003870376787472707
2020-02-28,Asset1,-0.03709607866493836
2020-03-02,Asset1,-0.006159751824491688
2020-03-03,Asset1,0.015319647408546855
2020-03-04,Asset1,-0.004626950146523701
2020-03-05,Asset1,0.0015998577904186018
2020-03-06,Asset1,-0.024806975302821943
2020-03-09,Asset1,-0.048956043335951605
2020-03-11,Asset1,0.0006649981756232659
2020-03-12,Asset1,-0.08301938801064712
2020-03-13,Asset1,0.03806507612689369
2020-03-16,Asset1,-0.07612100106679087
2020-03-17,Asset1,-0.02504518409052825
2020-03-18,Asset1,-0.05556454027271507
2020-03-19,Asset1,-0.024247781753128472
2020-03-20,Asset1,0.058329146858465686
2020-03-23,Asset1,-0.12980466070471242
2020-03-24,Asset1,0.02507142402516349
2020-03-25,Asset1,0.06624746894667499
2020-03-26,Asset1,0.038904356430389475
2020-03-27,Asset1,0.0021755381634551707
2020-03-30,Asset1,-0.04378053643081892
2020-03-31,Asset1,0.03823772271336057
2020-04-01,Asset1,-0.04000467509668226
2020-04-03,Asset1,-0.020596574186770744
2020-04-07,Asset1,0.08763210467115035
2020-04-08,Asset1,-0.004941902407507137
2020-04-09,Asset1,0.04150883161880259
2020-04-13,Asset1,-0.01295567073707915
2020-04-15,Asset1,-0.007621853562688519
2020-04-16,Asset1,0.007562771164790316
2020-04-17,Asset1,0.03046328187687486
2020-04-20,Asset1,-0.0005288143766692954
2020-04-21,Asset1,-0.030274667144095657
2020-04-22,Asset1,0.02291941778872575
2020-04-23,Asset1,0.01377995587701486
2020-04-24,Asset1,-0.017124941572334906
2020-04-27,Asset1,0.013971358975458648
2020-04-28,Asset1,0.010622430648890235
2020-04-29,Asset1,0.018383013524196468
2020-04-30,Asset1,0.03208830345213909
2020-05-04,Asset1,-0.05744483901313502
2020-05-05,Asset1,-0.009458265521601117
2020-05-06,Asset1,0.007093593467121684
2020-05-07,Asset1,-0.007750119504051356
2020-05-08,Asset1,0.0057016970693835045
2020-05-11,Asset1,-0.0013294930214019507
2020-05-12,Asset1,-0.004616242718351149
2020-05-13,Asset1,0.02033371253039773
2020-05-14,Asset1,-0.025661909373274727
2020-05-15,Asset1,-0.0006453627874545287
2020-05-18,Asset1,-0.034322509703259896
2020-05-19,Asset1,0.00632982284022332
2020-05-20,Asset1,0.021111396826158035
2020-05-21,Asset1,0.004378754451001221
2020-05-22,Asset1,-0.0073575840768702605
2020-05-26,Asset1,-0.0011284338094974533
2020-05-27,Asset1,0.03166450477176164
2020-05-28,Asset1,0.018803043536468778
2020-05-29,Asset1,0.009504662651105722
2020-06-01,Asset1,0.025662097319460564
2020-06-02,Asset1,0.015565527970742954
2020-06-03,Asset1,0.008262288035990828
2020-06-04,Asset1,-0.003225168681009971
2020-06-05,Asset1,0.011272276241460544
2020-06-08,Asset1,0.002494520758722585
2020-06-09,Asset1,-0.011881032349997822
2020-06-10,Asset1,0.006917728526201428
2020-06-11,Asset1,-0.021169158460066062
2020-06-12,Asset1,0.00716020911179549
2020-06-15,Asset1,-0.015963279394844432
2020-06-16,Asset1,0.010220386061458031
2020-06-17,Asset1,-0.0033134566648174157
2020-06-18,Asset1,0.021303187551898528
2020-06-19,Asset1,0.015136275444292302
2020-06-22,Asset1,0.006520616350433883
2020-06-23,Asset1,0.015497691991291696
2020-06-24,Asset1,-0.015824677233549855
2020-06-25,Asset1,-0.001591357298992957
2020-06-26,Asset1,0.00914574014738645
2020-06-29,Asset1,-0.006799538608783573
2020-06-30,Asset1,-0.0009988732845714887
2020-07-01,Asset1,0.012419817334717198
2020-07-02,Asset1,0.011663452514898642
2020-07-03,Asset1,0.005273976044848361
2020-07-06,Asset1,0.014735139974255018
2020-07-07,Asset1,0.003344590235981215
2020-07-08,Asset1,-0.00869476207364206
2020-07-09,Asset1,0.010060032721901813
2020-07-10,Asset1,-0.004198511095439339
2020-07-13,Asset1,0.003217889149241815
2020-07-14,Asset1,-0.01808349601540049
2020-07-15,Asset1,0.0010229309240368245
2020-07-16,Asset1,0.011466161662100571
2020-07-17,Asset1,0.01506059125586967
2020-07-20,Asset1,0.011053321760931656
2020-07-21,Asset1,0.012706156865764484
2020-07-22,Asset1,-0.0026563094918139463
2020-07-23,Asset1,0.007442159858846331
2020-07-24,Asset1,-0.0018991484351116306
2020-07-27,Asset1,-0.005569925698846956
2020-07-28,Asset1,0.0151592736988444
2020-07-29,Asset1,-0.008645614328603224
2020-07-30,Asset1,-0.008988714680747911
2020-07-31,Asset1,-0.002585102372305803
2020-08-03,Asset1,-0.016422215545293994
2020-08-04,Asset1,0.018697932161379383
2020-08-05,Asset1,0.0005768586219327965
2020-08-06,Asset1,0.008872554668374333
2020-08-07,Asset1,0.0012410024488720417
2020-08-10,Asset1,0.005002705259437024
2020-08-11,Asset1,0.004644978776729314
2020-08-12,Asset1,-0.0012452735151247118
2020-08-13,Asset1,-0.0007030344733010008
2020-08-14,Asset1,-0.010800437378868932
2020-08-17,Asset1,0.0061457110453491115
2020-08-18,Asset1,0.012292057935075373
2020-08-19,Asset1,0.002024600213507588
2020-08-20,Asset1,-0.008432399987605033
2020-08-21,Asset1,0.005250916093857194
2020-08-24,Asset1,0.008341006471886514
2020-08-25,Asset1,0.0005058064691958464
2020-08-26,Asset1,0.0067423225064831005
2020-08-27,Asset1,0.0008355606212675504
2020-08-28,Asset1,0.007643195654994939
2020-08-31,Asset1,-0.022330747801946216
2020-09-01,Asset1,0.007266739846322645
2020-09-02,Asset1,0.005645038251127943
2020-09-03,Asset1,-0.0006545127600779965
2020-09-04,Asset1,-0.016794744948559814
2020-09-07,Asset1,0.0018705202595032944
2020-09-08,Asset1,-0.0033201259317187093
2020-09-09,Asset1,-0.003476927967516641
2020-09-10,Asset1,0.015184429863450921
2020-09-11,Asset1,0.0013276149365679668
2020-09-14,Asset1,-0.0021283524468515003
2020-09-15,Asset1,0.007145947910690342
2020-09-16,Asset1,0.0071820376506051
2020-09-17,Asset1,-0.007622027291120936
2020-09-18,Asset1,-0.0009681588767627147
2020-09-21,Asset1,-0.02211225483867385
2020-09-22,Asset1,-0.00861286032635733
2020-09-23,Asset1,-0.0019545871070447696
2020-09-24,Asset1,-0.029312272096516434
2020-09-25,Asset1,0.022645788482354545
2020-09-28,Asset1,0.016044868187371275
2020-09-29,Asset1,-0.0004586409458945395
2020-09-30,Asset1,0.002241001317642377
2020-10-01,Asset1,0.015061092732783665
2020-10-05,Asset1,0.0075676439490797165
2020-10-06,Asset1,0.013826475474619793
2020-10-07,Asset1,0.006555187284725372
2020-10-08,Asset1,0.008156676606839941
2020-10-09,Asset1,0.0067260903253916204
2020-10-12,Asset1,0.0014058853909966196
2020-10-13,Asset1,0.0002975290843887368
2020-10-14,Asset1,0.0030625333853533387
2020-10-15,Asset1,-0.02428360085835335
2020-10-16,Asset1,0.007028949362235082
2020-10-19,Asset1,0.009402769621849272
2020-10-20,Asset1,0.002000328507897331
2020-10-21,Asset1,0.0034337457642519276
2020-10-22,Asset1,-0.0034512817819539743
2020-10-23,Asset1,0.0028495402835257977
2020-10-26,Asset1,-0.013629073304543216
2020-10-27,Asset1,0.010337608346965288
2020-10-28,Asset1,-0.013440608945763599
2020-10-29,Asset1,-0.005012942184360991
2020-10-30,Asset1,-0.002433373422367602
2020-11-02,Asset1,0.002297636149117599
2020-11-03,Asset1,0.01237019016319918
2020-11-04,Asset1,0.008041647267956087
2020-11-05,Asset1,0.017785598915690537
2020-11-06,Asset1,0.011819014571289532
2020-11-09,Asset1,0.016104635537461442
2020-11-10,Asset1,0.01364650710436388
2020-11-11,Asset1,0.009346041508720315
2020-11-12,Asset1,-0.004576821525331454
2020-11-13,Asset1,0.002296970330761372
2020-11-17,Asset1,0.012126619808373373
2020-11-18,Asset1,0.004975051165572175
2020-11-19,Asset1,-0.01287266861341374
2020-11-20,Asset1,0.00683930941371913
2020-11-23,Asset1,0.005241475198302092
2020-11-24,Asset1,0.0099563448098976
2020-11-25,Asset1,-0.015070680468092346
2020-11-26,Asset1,0.010001213639976747
2020-11-27,Asset1,-0.001389836350773832
2020-12-01,Asset1,0.010802694687318537
2020-12-02,Asset1,0.0003585458429504751
2020-12-03,Asset1,0.0015365849299400214
2020-12-04,Asset1,0.009490662358873525
2020-12-07,Asset1,0.007331133249439903
2020-12-08,Asset1,0.002785331809333158
2020-12-09,Asset1,0.010165752285866914
2020-12-10,Asset1,-0.0037548548058806697
2020-12-11,Asset1,0.002637558535026452
2020-12-14,Asset1,0.0032781762806703973
2020-12-15,Asset1,0.0007153791977927426
2020-12-16,Asset1,0.008464907059269056
2020-12-17,Asset1,0.004238929390550483
2020-12-18,Asset1,0.0014445849987885229
2020-12-21,Asset1,-0.0314049525779333
2020-12-22,Asset1,0.010346283876607965
2020-12-23,Asset1,0.010010159185716239
2020-12-24,Asset1,0.01089253037474136
2020-12-28,Asset1,0.009015051389166695
2020-12-29,Asset1,0.004281594241144937
2020-12-30,Asset1,0.003542094606974411
2020-12-31,Asset1,-1.4318125132972703e-05
2021-01-01,Asset1,0.0026284263414808606
2021-01-04,Asset1,0.00816067272711063
2021-01-05,Asset1,0.004712380865514287
2021-01-06,Asset1,-0.0037501320469031096
2021-01-07,Asset1,-0.0006291696120880319
2021-01-08,Asset1,0.014847223590326086
2021-01-11,Asset1,0.009583718134137165
2021-01-12,Asset1,0.005433314024232416
2021-01-13,Asset1,9.609083312889233e-05
2021-01-14,Asset1,0.002111247340323086
2021-01-15,Asset1,-0.011092344158201595
2021-01-18,Asset1,-0.010558650142566628
2021-01-19,Asset1,0.016794730817062842
2021-01-20,Asset1,0.008508265623863087
2021-01-21,Asset1,-0.0037112802046228577
2021-01-22,Asset1,-0.014972171647596122
2021-01-25,Asset1,-0.009254169343308138
2021-01-27,Asset1,-0.019060488041877988
2021-01-28,Asset1,-0.010735650281904374
2021-01-29,Asset1,-0.013240422354072856
2021-02-01,Asset1,0.047423511101338356
2021-02-02,Asset1,0.02567357148195737
2021-02-03,Asset1,0.009701122671723184
2021-02-04,Asset1,0.0071467580293813615
2021-02-05,Asset1,0.0019199973566108586
2021-02-08,Asset1,0.01283480273296811
2021-02-09,Asset1,-0.0004300136336804483
2021-02-10,Asset1,-0.00018530340410816137
2021-02-11,Asset1,0.004421924647502795
2021-02-12,Asset1,-0.0006590524229219685
2021-02-15,Asset1,0.00998465984153385
2021-02-16,Asset1,-8.162092525865194e-05
2021-02-17,Asset1,-0.006827318687430917
2021-02-18,Asset1,-0.005914312869584326
2021-02-19,Asset1,-0.009074717063029758
2021-02-22,Asset1,-0.020428174591586412
2021-02-23,Asset1,0.0021872625461001327
2021-02-24,Asset1,0.01864318245786234
2021-02-25,Asset1,0.007699213013950157
2021-02-26,Asset1,-0.03763569324758598
2021-03-01,Asset1,0.015995389118723446
2021-03-02,Asset1,0.010672985341787733
2021-03-03,Asset1,0.021884698711632122
2021-03-04,Asset1,-0.010812930524138231
2021-03-05,Asset1,-0.009459104528952489
2021-03-08,Asset1,0.0012117060677612201
2021-03-09,Asset1,0.00950777560179139
2021-03-10,Asset1,0.005060099883821945
2021-03-12,Asset1,-0.009479506235763657
2021-03-15,Asset1,-0.006749419963093084
2021-03-16,Asset1,-0.001275984104457617
2021-03-17,Asset1,-0.012685759862868795
2021-03-18,Asset1,-0.011102973071742905
2021-03-19,Asset1,0.012786942826028547
2021-03-22,Asset1,-0.000515437423697751
2021-03-23,Asset1,0.00531673999743143
2021-03-24,Asset1,-0.017911176994211853
2021-03-25,Asset1,-0.015430189146808937
2021-03-26,Asset1,0.012733031929623273
2021-03-30,Asset1,0.02328481586755049
2021-03-31,Asset1,-0.010400699094332388
2021-04-01,Asset1,0.012024574166918489
2021-04-05,Asset1,-0.015439860548026041
2021-04-06,Asset1,0.003122067245233451
2021-04-07,Asset1,0.009231436965811968
2021-04-08,Asset1,0.0036945688638336804
2021-04-09,Asset1,-0.0026187118170183377
2021-04-12,Asset1,-0.03532558930400764
2021-04-13,Asset1,0.013556195506029933
2021-04-15,Asset1,0.005284484560774683
2021-04-16,Asset1,0.002496282165007191
2021-04-19,Asset1,-0.017676978554819645
2021-04-20,Asset1,-0.004390823034999047
2021-04-22,Asset1,0.007676757575422188
2021-04-23,Asset1,-0.004498133053794207
2021-04-26,Asset1,0.010016518287169873
2021-04-27,Asset1,0.011601643402658013
2021-04-28,Asset1,0.014433855260107098
2021-04-29,Asset1,0.0020418099664161193
2021-04-30,Asset1,-0.017710812045177438
2021-05-03,Asset1,0.00020851346320172048
2021-05-04,Asset1,-0.00940610742344028
2021-05-05,Asset1,0.0083709591539336
2021-05-06,Asset1,0.0073164109749706
2021-05-07,Asset1,0.006679247748155426
2021-05-10,Asset1,0.008041422748121585
2021-05-11,Asset1,-0.006130201191218876
2021-05-12,Asset1,-0.0103866808073666
2021-05-14,Asset1,-0.0012724250884564858
2021-05-17,Asset1,0.01671576048197254
2021-05-18,Asset1,0.012393443335275034
2021-05-19,Asset1,-0.005159432408138875
2021-05-20,Asset1,-0.00825677606093067
2021-05-21,Asset1,0.01806313567497475
2021-05-24,Asset1,0.001476108604989923
2021-05-25,Asset1,0.0007073438653115716
2021-05-26,Asset1,0.006115021504864648
2021-05-27,Asset1,0.002378821196545866
2021-05-28,Asset1,0.006376433707514062
2021-05-31,Asset1,0.009533088035724946
2021-06-01,Asset1,-0.0005101904286871628
2021-06-02,Asset1,8.67158252806366e-05
2021-06-03,Asset1,0.0073284506253876724
2021-06-04,Asset1,-0.001281017305247989
2021-06-07,Asset1,0.0051945814919991395
2021-06-08,Asset1,-0.0007333060957773752
2021-06-09,Asset1,-0.006654976944212576
2021-06-10,Asset1,0.0065492869160790335
2021-06-11,Asset1,0.003914130633349666
2021-06-14,Asset1,0.0007911718082738162
2021-06-15,Asset1,0.003630213545097627
2021-06-16,Asset1,-0.006408632752808119
2021-06-17,Asset1,-0.0048295020472909345
2021-06-18,Asset1,-0.000513069646403852
2021-06-21,Asset1,0.004026588209654625
2021-06-22,Asset1,0.0016670371193598932
2021-06-23,Asset1,-0.005439749231269109
2021-06-24,Asset1,0.006597840798329813
2021-06-25,Asset1,0.0044266891189239654
2021-06-28,Asset1,-0.0028782098242977616
2021-06-29,Asset1,-0.0041891404314852165
2021-06-30,Asset1,-0.0017112919035373597
2021-07-01,Asset1,-0.002639697229908089
2021-07-02,Asset1,0.002691338986766656
2021-07-05,Asset1,0.007133188273225066
2021-07-06,Asset1,-0.0010167521731027085
2021-07-07,Asset1,0.0038816171589777237
2021-07-08,Asset1,-0.0095562557277451
2021-07-09,Asset1,-0.0024224839292732447
2021-07-12,Asset1,0.00017844744498685117
2021-07-13,Asset1,0.007630985495128417
2021-07-14,Asset1,0.0026308921169333477
2021-07-15,Asset1,0.004431072328003882
2021-07-16,Asset1,-5.0225736783704455e-05
2021-07-19,Asset1,-0.010738912280361723
2021-07-20,Asset1,-0.0076369809214345
2021-07-22,Asset1,0.012279233123449584
2021-07-23,Asset1,0.002022238326785386
2021-07-26,Asset1,-0.0019929055322251976
2021-07-27,Asset1,-0.004929081202650898
2021-07-28,Asset1,-0.002352898858342667
2021-07-29,Asset1,0.004395444954646832
2021-07-30,Asset1,-0.000976039499086867
2021-08-02,Asset1,0.007746000136419795
2021-08-03,Asset1,0.015460955882416139
2021-08-04,Asset1,0.007938242467802281
2021-08-05,Asset1,0.0022018725316477195
2021-08-06,Asset1,-0.003461233501561467
2021-08-09,Asset1,0.0012347307242392969
2021-08-10,Asset1,0.0013439090538649445
2021-08-11,Asset1,0.00013208706805212245
2021-08-12,Asset1,0.005045395484346349
2021-08-13,Asset1,0.010064482340847336
2021-08-16,Asset1,0.002054024277023725
2021-08-17,Asset1,0.0031122785775283823
2021-08-18,Asset1,-0.00275360231817956
2021-08-20,Asset1,-0.007142898400624986
2021-08-23,Asset1,0.0027931806783987323
2021-08-24,Asset1,0.007768362083601765
2021-08-25,Asset1,0.0006045728309951315
2021-08-26,Asset1,0.00013525983096518424
2021-08-27,Asset1,0.004105261588480014
2021-08-30,Asset1,0.013519836521704187
2021-08-31,Asset1,0.011880446175423387
2021-09-01,Asset1,-0.00326573477436376
2021-09-02,Asset1,0.009246783727399066
2021-09-03,Asset1,0.005190230833697296
2021-09-06,Asset1,0.0031287476677577253
2021-09-07,Asset1,-0.0009035189246697772
2021-09-08,Asset1,-0.0004953092983268625
2021-09-09,Asset1,0.0009075978909154347
2021-09-13,Asset1,-0.000803098507419775
2021-09-14,Asset1,0.001423151293159064
2021-09-15,Asset1,0.00802354538262362
2021-09-16,Asset1,0.006281634763507293
2021-09-17,Asset1,-0.002515647600612625
2021-09-20,Asset1,-0.010705054879733056
2021-09-21,Asset1,0.00949017386246398
2021-09-22,Asset1,-0.0008740239935656202
2021-09-23,Asset1,0.015746528367181822
2021-09-24,Asset1,0.0016972499684944076
2021-09-27,Asset1,0.00010644538279747096
2021-09-28,Asset1,-0.0059646824901542495
2021-09-29,Asset1,-0.0021015082285871234
2021-09-30,Asset1,-0.005259376020738893
2021-10-01,Asset1,-0.004886983449795879
2021-10-04,Asset1,0.009080467581137563
2021-10-05,Asset1,0.007407660919946268
2021-10-06,Asset1,-0.009892144870289554
2021-10-07,Asset1,0.008180302016037588
2021-10-08,Asset1,0.005893622760496431
2021-10-11,Asset1,0.0028359561343596074
2021-10-12,Asset1,0.0025632525445875576
2021-10-13,Asset1,0.00943759784921161
2021-10-14,Asset1,0.009734787740718787
2021-10-18,Asset1,0.007552396132719963
2021-10-19,Asset1,-0.003155307734996393
2021-10-20,Asset1,-0.008260625212080042
2021-10-21,Asset1,-0.004844908296702255
2021-10-22,Asset1,-0.003476668084567369
2021-10-25,Asset1,0.000579633328010587
2021-10-26,Asset1,0.007889480889700096
2021-10-27,Asset1,-0.0031448386638428527
2021-10-28,Asset1,-0.0194223384240636
2021-10-29,Asset1,-0.010393515763905459
2021-11-01,Asset1,0.014599655057507821
2021-11-02,Asset1,-0.002270048271341696
2021-11-03,Asset1,-0.0033400508475575075
2021-11-04,Asset1,0.004913376165984751
2021-11-08,Asset1,0.008469704042186388
2021-11-09,Asset1,-0.001344921435271762
2021-11-10,Asset1,-0.0014991358050348014
2021-11-11,Asset1,-0.007970140510272006
2021-11-12,Asset1,0.012820606684330382
2021-11-15,Asset1,0.0003700663573213969
2021-11-16,Asset1,-0.006087981951756416
2021-11-17,Asset1,-0.005586294529162039
2021-11-18,Asset1,-0.007478195643460861
2021-11-22,Asset1,-0.019603372100156835
2021-11-23,Asset1,0.004983697932798847
2021-11-24,Asset1,-0.0050446817378146935
2021-11-25,Asset1,0.006959452503032093
2021-11-26,Asset1,-0.029071254187753914
2021-11-29,Asset1,0.0016151341742889347
2021-11-30,Asset1,-0.004148599194972014
2021-12-01,Asset1,0.01081664117042136
2021-12-02,Asset1,0.013674571102433752
2021-12-03,Asset1,-0.01177768586739425
2021-12-06,Asset1,-0.01654091957599968
2021-12-07,Asset1,0.015636548581649423
2021-12-08,Asset1,0.017060948527881648
2021-12-09,Asset1,0.002696066593683266
2021-12-10,Asset1,-0.00031677089480919296
2021-12-13,Asset1,-0.008169055116863166
2021-12-14,Asset1,-0.002495911181322197
2021-12-15,Asset1,-0.005974060321640162
2021-12-16,Asset1,0.0015678167505297491
2021-12-17,Asset1,-0.01525945397337003
2021-12-20,Asset1,-0.021842546279377872
2021-12-21,Asset1,0.00942870544420904
2021-12-22,Asset1,0.011007170994593363
2021-12-23,Asset1,0.006909306212627531
2021-12-24,Asset1,-0.004032754879180422
2021-12-27,Asset1,0.004851870910828504
2021-12-28,Asset1,0.008603409174043453
2021-12-29,Asset1,-0.0011402602889762914
2021-12-30,Asset1,-0.0005606259494814747
2021-12-31,Asset1,0.008724831757606522
2022-01-03,Asset1,0.015653315812207858
2022-01-04,Asset1,0.01018687423526421
2022-01-05,Asset1,0.0067395852346920915
2022-01-06,Asset1,-0.010005417462796928
2022-01-07,Asset1,0.003764183651131514
2022-01-10,Asset1,0.010700318921871732
2022-01-11,Asset1,0.002913311252602302
2022-01-12,Asset1,0.008673115731830494
2022-01-13,Asset1,0.0024956237305924223
2022-01-14,Asset1,-0.00011232356375068253
2022-01-17,Asset1,0.0028675682661627455
2022-01-18,Asset1,-0.010653690567923424
2022-01-19,Asset1,-0.00964224043394124
2022-01-20,Asset1,-0.010112406160797005
2022-01-21,Asset1,-0.007875745304668613
2022-01-24,Asset1,-0.02656790518738339
2022-01-25,Asset1,0.007513491221694313
2022-01-27,Asset1,-0.00971173291462768
2022-01-28,Asset1,-0.0004793161771092791
2022-01-31,Asset1,0.0139107178709299
2022-02-01,Asset1,0.013667938611870323
2022-02-02,Asset1,0.011557838585399605
2022-02-03,Asset1,-0.012362248664229525
2022-02-04,Asset1,-0.0024998826581151823
2022-02-07,Asset1,-0.017281112927623465
2022-02-08,Asset1,0.0030876976246183574
2022-02-09,Asset1,0.01141215233034587
2022-02-10,Asset1,0.008133901085124018
2022-02-11,Asset1,-0.01312629691281364
2022-02-14,Asset1,-0.03061622289529342
2022-02-15,Asset1,0.03025912638397754
2022-02-16,Asset1,-0.0017432697608654735
2022-02-17,Asset1,-0.001016014719190439
2022-02-18,Asset1,-0.0016353356196504576
2022-02-21,Asset1,-0.004031556958107085
2022-02-22,Asset1,-0.006651566067580439
2022-02-23,Asset1,-0.0016937094155936583
2022-02-24,Asset1,-0.04778103847083648
2022-02-25,Asset1,0.025261660109649586
2022-02-28,Asset1,0.008134034290366632
2022-03-02,Asset1,-0.011191633122935585
2022-03-03,Asset1,-0.00649757722841704
2022-03-04,Asset1,-0.015317032007332254
2022-03-07,Asset1,-0.02352668473994779
2022-03-08,Asset1,0.009474776509483585
2022-03-09,Asset1,0.020726290088294297
2022-03-10,Asset1,0.01526738719047449
2022-03-11,Asset1,0.0021421537513466316
2022-03-14,Asset1,0.014482565042708062
2022-03-15,Asset1,-0.012346456503312231
2022-03-16,Asset1,0.018745100484606647
2022-03-17,Asset1,0.018361988356508263
2022-03-21,Asset1,-0.009802202470463706
2022-03-22,Asset1,0.011561223252155806
2022-03-23,Asset1,-0.0040339354552280104
2022-03-24,Asset1,-0.0013278937068936791
2022-03-25,Asset1,-0.004049875890900112
2022-03-28,Asset1,0.004022619949862971
2022-03-29,Asset1,0.005998187274997013
2022-03-30,Asset1,0.009982465582194733
2022-03-31,Asset1,-0.001914477162001882
2022-04-01,Asset1,0.011777965258592316
2022-04-04,Asset1,0.021671841339984343
2022-04-05,Asset1,-0.005317557796472028
2022-04-06,Asset1,-0.008339180323571727
2022-04-07,Asset1,-0.00943974110495216
2022-04-08,Asset1,0.008208759390795572
2022-04-11,Asset1,-0.006151497975913078
2022-04-12,Asset1,-0.008183810641252287
2022-04-13,Asset1,-0.0031174816283502382
2022-04-18,Asset1,-0.017281188010147552
2022-04-19,Asset1,-0.012519178806467801
2022-04-20,Asset1,0.010490244596548015
2022-04-21,Asset1,0.014941678252146096
2022-04-22,Asset1,-0.012686452605167986
2022-04-25,Asset1,-0.012695122564301942
2022-04-26,Asset1,0.014560121616207233
2022-04-27,Asset1,-0.009441443610115341
2022-04-28,Asset1,0.012128508890934642
2022-04-29,Asset1,-0.008263240381694681
2022-05-02,Asset1,-0.0019559171203674675
2022-05-04,Asset1,-0.022936183451936376
2022-05-05,Asset1,0.00030284821366977077
2022-05-06,Asset1,-0.0162684216398562
2022-05-09,Asset1,-0.006666182687180999
2022-05-10,Asset1,-0.003790968888092272
2022-05-11,Asset1,-0.0044919933245182175
2022-05-12,Asset1,-0.022211752141785834
2022-05-13,Asset1,-0.0016352232651188903
2022-05-16,Asset1,0.0038112305721171857
2022-05-17,Asset1,0.026321935902047233
2022-05-18,Asset1,-0.0011685620062508173
2022-05-19,Asset1,-0.026532725334179386
2022-05-20,Asset1,0.028891038794289337
2022-05-23,Asset1,-0.0031630222318707046
2022-05-24,Asset1,-0.005522754266735541
2022-05-25,Asset1,-0.006161219184365629
2022-05-26,Asset1,0.009007387318995308
2022-05-27,Asset1,0.011273847198922216
2022-05-30,Asset1,0.018893205092962884
2022-05-31,Asset1,-0.004612433983534836
2022-06-01,Asset1,-0.0037264067061659745
2022-06-02,Asset1,0.006370004993115463
2022-06-03,Asset1,-0.002628050201467391
2022-06-06,Asset1,-0.0008893953501298846
2022-06-07,Asset1,-0.009245946006475991
2022-06-08,Asset1,-0.0036609606157923524
2022-06-09,Asset1,0.00744972774168895
2022-06-10,Asset1,-0.016767698414100085
2022-06-13,Asset1,-0.026379749115209128
2022-06-14,Asset1,-0.00268160945598539
2022-06-15,Asset1,-0.0025393443813560568
2022-06-16,Asset1,-0.021128447854290244
2022-06-17,Asset1,-0.00436829362663993
2022-06-20,Asset1,0.0037042135956451006
2022-06-21,Asset1,0.018804337854487096
2022-06-22,Asset1,-0.014419265085317434
2022-06-23,Asset1,0.009300447519609234
2022-06-24,Asset1,0.009166472588529428
2022-06-27,Asset1,0.008458990377725017
2022-06-28,Asset1,0.0011464333961117568
2022-06-29,Asset1,-0.0032239710103227903
2022-06-30,Asset1,-0.001193081241402827
2022-07-01,Asset1,-0.0017870563085186086
2022-07-04,Asset1,0.005288188249805481
2022-07-05,Asset1,-0.0015471713984448465
2022-07-06,Asset1,0.011318189707300252
2022-07-07,Asset1,0.00894949203151052
2022-07-08,Asset1,0.005436047866567373
2022-07-11,Asset1,-0.00028356592763323363
2022-07-12,Asset1,-0.0097249750439381
2022-07-13,Asset1,-0.005707292501522909
2022-07-14,Asset1,-0.0017536552323109689
2022-07-15,Asset1,0.0069359576863876615
2022-07-18,Asset1,0.014287304158276504
2022-07-19,Asset1,0.003811764271124396
2022-07-20,Asset1,0.01103388850696918
2022-07-21,Asset1,0.005108719746296009
2022-07-22,Asset1,0.006877295960614926
2022-07-25,Asset1,-0.005290199311757782
2022-07-26,Asset1,-0.00884795806776506
2022-07-27,Asset1,0.0095821774414373
2022-07-28,Asset1,0.017293731123692924
2022-07-29,Asset1,0.013505953826479233
2022-08-01,Asset1,0.010595531668439406
2022-08-02,Asset1,0.000311327663805816
2022-08-03,Asset1,0.002461808358865669
2022-08-04,Asset1,-0.0003537116074355806
2022-08-05,Asset1,0.0008917270739845495
2022-08-08,Asset1,0.007334364671648164
2022-08-10,Asset1,0.0005506610997998429
2022-08-11,Asset1,0.007085929368824795
2022-08-12,Asset1,0.0022170219505635025
2022-08-16,Asset1,0.007181519343531395
2022-08-17,Asset1,0.006675923198833145
2022-08-18,Asset1,0.0006826699360520383
2022-08-19,Asset1,-0.011029475746944017
2022-08-22,Asset1,-0.0150773300473388
2022-08-23,Asset1,0.00496268217550444
2022-08-24,Asset1,0.001561611079505143
2022-08-25,Asset1,-0.004686182219266755
2022-08-26,Asset1,0.002080255529346653
2022-08-29,Asset1,-0.014009988924553851
2022-08-30,Asset1,0.02578426378902554
2022-09-01,Asset1,-0.012190795272107646
2022-09-02,Asset1,-0.0001910505934481499
2022-09-05,Asset1,0.007203850071011875
2022-09-06,Asset1,-0.0005774531254664206
2022-09-07,Asset1,-0.0017671004916441913
2022-09-08,Asset1,0.009892512965589573
2022-09-09,Asset1,0.0019439347917691308
2022-09-12,Asset1,0.005775695663245095
2022-09-13,Asset1,0.007454201929980142
2022-09-14,Asset1,-0.0036690976717561608
2022-09-15,Asset1,-0.007017960667916379
2022-09-16,Asset1,-0.019384853148544656
2022-09-19,Asset1,0.0052136885924867205
2022-09-20,Asset1,0.011008809885230342
2022-09-21,Asset1,-0.005495005437451739
2022-09-22,Asset1,-0.004997577656902563
2022-09-23,Asset1,-0.017155677232420508
2022-09-26,Asset1,-0.017951321762256445
2022-09-27,Asset1,-0.0005230508522044985
2022-09-28,Asset1,-0.00874917846539458
2022-09-29,Asset1,-0.0024023347691036756
2022-09-30,Asset1,0.01642575596626905
2022-10-03,Asset1,-0.012109264448790458
2022-10-04,Asset1,0.02291367093271912
2022-10-06,Asset1,0.0033286441360573793
2022-10-07,Asset1,-0.0009895331040011834
2022-10-10,Asset1,-0.00425364584114718
2022-10-11,Asset1,-0.014932383199930399
2022-10-12,Asset1,0.008246145339619648
2022-10-13,Asset1,-0.006380083772817624
2022-10-14,Asset1,0.010070888003887335
2022-10-17,Asset1,0.007337586960815656
2022-10-18,Asset1,0.010117285874136073
2022-10-19,Asset1,0.0014468379208691928
2022-10-20,Asset1,0.0029521745492440132
2022-10-21,Asset1,0.0007032337856462956
2022-10-24,Asset1,0.008787356376761757
2022-10-25,Asset1,-0.004196122026705051
2022-10-27,Asset1,0.004564907874966551
2022-10-28,Asset1,0.002810605244745412
2022-10-31,Asset1,0.012672230395564199
2022-11-01,Asset1,0.007395053222392978
2022-11-02,Asset1,-0.003447197631545107
2022-11-03,Asset1,-0.0016673473084335422
2022-11-04,Asset1,0.003570168155688336
2022-11-07,Asset1,0.004727586225111935
2022-11-09,Asset1,-0.002516139235956394
2022-11-10,Asset1,-0.007093725904609771
2022-11-11,Asset1,0.017833173247033374
2022-11-14,Asset1,-0.0011198455015547504
2022-11-15,Asset1,0.004050924260950772
2022-11-16,Asset1,0.0003396111515991951
2022-11-17,Asset1,-0.00357149639481924
2022-11-18,Asset1,-0.00197613371355454
2022-11-21,Asset1,-0.008067729540576885
2022-11-22,Asset1,0.00463933015368867
2022-11-23,Asset1,0.0012634580983039712
2022-11-24,Asset1,0.011870949889830174
2022-11-25,Asset1,0.0015500019600884762
2022-11-28,Asset1,0.0027008413120686026
2022-11-29,Asset1,0.00297912654375021
2022-11-30,Asset1,0.007535634625419174
2022-12-01,Asset1,0.002886735334004964
2022-12-02,Asset1,-0.006187396179402005
2022-12-05,Asset1,0.00026482378562620035
2022-12-06,Asset1,-0.0031175136590962937
2022-12-07,Asset1,-0.004411902750398933
2022-12-08,Asset1,0.002631912360927746
2022-12-09,Asset1,-0.006058782405979346
2022-12-12,Asset1,2.977743269738653e-05
2022-12-13,Asset1,0.0059927938646799905
2022-12-14,Asset1,0.002810661073194387
2022-12-15,Asset1,-0.013150934355333654
2022-12-16,Asset1,-0.00792295301794177
2022-12-19,Asset1,0.008289956688926514
2022-12-20,Asset1,-0.0019081205394395617
2022-12-21,Asset1,-0.01012771964355863
2022-12-22,Asset1,-0.003942502735851727
2022-12-23,Asset1,-0.01768316025411787
2022-12-26,Asset1,0.011669632893506865
2022-12-27,Asset1,0.006533654614990558
2022-12-28,Asset1,-0.0005405150382313817
2022-12-29,Asset1,0.00377983170092433
2022-12-30,Asset1,-0.00471107793689185
2023-01-02,Asset1,0.005089583355357918
2023-01-03,Asset1,0.00192892762485819
2023-01-04,Asset1,-0.010399069487028845
2023-01-05,Asset1,-0.0028154392892826285
2023-01-06,Asset1,-0.007375503705446151
2023-01-09,Asset1,0.013536251708490266
2023-01-10,Asset1,-0.010333504750958511
2023-01-11,Asset1,-0.0010299775022909463
2023-01-12,Asset1,-0.00209547554088918
2023-01-13,Asset1,0.005510095918388247
2023-01-16,Asset1,-0.003438847072569362
2023-01-17,Asset1,0.008854568511824201
2023-01-18,Asset1,0.006206556323560042
2023-01-19,Asset1,-0.003165367099256078
2023-01-20,Asset1,-0.004428975305189153
2023-01-23,Asset1,0.005042276095628795
2023-01-24,Asset1,-1.3798013043020418e-05
2023-01-25,Asset1,-0.01249297962501228
2023-01-27,Asset1,-0.016074246906178757
2023-01-30,Asset1,0.0025334426073457816
2023-01-31,Asset1,0.0007479862801675896
2023-02-01,Asset1,-0.0025959245256645946
2023-02-02,Asset1,-0.0003349392530399564
2023-02-03,Asset1,0.013835596307890219
2023-02-06,Asset1,-0.005010133160870178
2023-02-07,Asset1,-0.0024261514654264627
2023-02-08,Asset1,0.008475536424681795
2023-02-09,Asset1,0.0012170079483646568
2023-02-10,Asset1,-0.0020649578680046465
2023-02-13,Asset1,-0.00479375070002519
2023-02-14,Asset1,0.0089443537049958
2023-02-15,Asset1,0.004796470794436125
2023-02-16,Asset1,0.0011101336008929596
2023-02-17,Asset1,-0.005081567689351307
2023-02-20,Asset1,-0.005550518480140765
2023-02-21,Asset1,-0.001003126492992057
2023-02-22,Asset1,-0.015280363131582653
2023-02-23,Asset1,-0.002452434977984641
2023-02-24,Asset1,-0.002595429723749043
2023-02-27,Asset1,-0.004185411445805309
2023-02-28,Asset1,-0.0051027157362857345
2023-03-01,Asset1,0.008492348770636093
2023-03-02,Asset1,-0.007392168719804415
2023-03-03,Asset1,0.015728598629827895
2023-03-06,Asset1,0.006655523618366965
2023-03-08,Asset1,0.0024250512391459367
2023-03-09,Asset1,-0.009282249899975281
2023-03-10,Asset1,-0.010045664635585094
2023-03-13,Asset1,-0.014851035931626178
2023-03-14,Asset1,-0.006470680525861194
2023-03-15,Asset1,-0.004174683738684903
2023-03-16,Asset1,0.0007924286811309411
2023-03-17,Asset1,0.006738129621978839
2023-03-20,Asset1,-0.0065292432199922645
2023-03-21,Asset1,0.007010642946744028
2023-03-22,Asset1,0.0025953757489405316
2023-03-23,Asset1,-0.004372693304643627
2023-03-24,Asset1,-0.007720933328590696
2023-03-27,Asset1,0.0023988383407489433
2023-03-28,Asset1,-0.002001683861354908
2023-03-29,Asset1,0.007609856589321451
2023-03-31,Asset1,0.016337198944623932
2023-04-03,Asset1,0.002206297973761151
2023-04-05,Asset1,0.009138954817361267
2023-04-06,Asset1,0.002397874785437182
2023-04-10,Asset1,0.0014148632219350699
2023-04-11,Asset1,0.005574768321964241
2023-04-12,Asset1,0.005083967961446945
2023-04-13,Asset1,0.0008757724412713497
2023-04-17,Asset1,-0.006795512150830185
2023-04-18,Asset1,-0.0026373533282438855
2023-04-19,Asset1,-0.002344283016240789
2023-04-20,Asset1,0.0003234746363958152
2023-04-21,Asset1,-2.260708945023282e-05
2023-04-24,Asset1,0.006771973756565242
2023-04-25,Asset1,0.0014568576938982503
2023-04-26,Asset1,0.0024958627615121465
2023-04-27,Asset1,0.005695152810193838
2023-04-28,Asset1,0.008370013603697934
2023-05-02,Asset1,0.004575166931912511
2023-05-03,Asset1,-0.00318502836487633
2023-05-04,Asset1,0.009173717607303677
2023-05-05,Asset1,-0.010232406865540389
2023-05-08,Asset1,0.010814123118324304
2023-05-09,Asset1,8.480038171931881e-05
2023-05-10,Asset1,0.0026908205008338015
2023-05-11,Asset1,-0.0009882342854272697
2023-05-12,Asset1,0.0009728797753729701
2023-05-15,Asset1,0.004589120522186851
2023-05-16,Asset1,-0.006106338807060685
2023-05-17,Asset1,-0.005728269488420423
2023-05-18,Asset1,-0.002849053652701161
2023-05-19,Asset1,0.0040513721791914925
2023-05-22,Asset1,0.006097761825706316
2023-05-23,Asset1,0.001834600568861644
2023-05-24,Asset1,-0.0034117947119577385
2023-05-25,Asset1,0.001955111686716471
2023-05-26,Asset1,0.009726420827874671
2023-05-29,Asset1,0.005367798508963517
2023-05-30,Asset1,0.0018925684396833287
2023-05-31,Asset1,-0.0053370195013254795
2023-06-01,Asset1,-0.0025169624936233204
2023-06-02,Asset1,0.002507044360454902
2023-06-05,Asset1,0.003223787573137793
2023-06-06,Asset1,0.00027699431442118616
2023-06-07,Asset1,0.006849851638528914
2023-06-08,Asset1,-0.0049048192636628185
2023-06-09,Asset1,-0.00381819725413457
2023-06-12,Asset1,0.0020524046550352004
2023-06-13,Asset1,0.0061635024393194016
2023-06-14,Asset1,0.0021238341844009856
2023-06-15,Asset1,-0.0036149041015322014
2023-06-16,Asset1,0.0073790483520230765
2023-06-19,Asset1,-0.0037475183921172883
2023-06-20,Asset1,0.003265717567498605
2023-06-21,Asset1,0.0021337637466720683
2023-06-22,Asset1,-0.004539443817404343
2023-06-23,Asset1,-0.005633615236065759
2023-06-26,Asset1,0.0013768299134766515
2023-06-27,Asset1,0.00675190341711196
2023-06-28,Asset1,0.00822107281232487
2023-06-30,Asset1,0.01143527476356887
2023-07-03,Asset1,0.00695709243369369
2023-07-04,Asset1,0.003438946519135566
2023-07-05,Asset1,0.0004899685388621844
2023-07-06,Asset1,0.00509321758125636
2023-07-07,Asset1,-0.00848835445771845
2023-07-10,Asset1,0.0012466303397029588
2023-07-11,Asset1,0.004313930032438185
2023-07-12,Asset1,-0.002834429471475497
2023-07-13,Asset1,0.0015192303855748879
2023-07-14,Asset1,0.007765114931427508
2023-07-17,Asset1,0.007511013251041421
2023-07-18,Asset1,0.001917706853032497
2023-07-19,Asset1,0.004248282371482448
2023-07-20,Asset1,0.007361412439498949
2023-07-21,Asset1,-0.011719737128305097
2023-07-24,Asset1,-0.0036794322929856182
2023-07-25,Asset1,0.0004193703428323481
2023-07-26,Asset1,0.004964339187534694
2023-07-27,Asset1,-0.0059863783008722304
2023-07-28,Asset1,-0.0007044597937843067
2023-07-31,Asset1,0.005484562836559181
2023-08-01,Asset1,-0.0010251191770254131
2023-08-02,Asset1,-0.010489749274959825
2023-08-03,Asset1,-0.007420685416911321
2023-08-04,Asset1,0.006983389270114548
2023-08-07,Asset1,0.004114401867602702
2023-08-08,Asset1,-0.0013497354646058168
2023-08-09,Asset1,0.003152707884763739
2023-08-10,Asset1,-0.004556268458015711
2023-08-11,Asset1,-0.005874136161590715
2023-08-14,Asset1,0.00032169565781225984
2023-08-16,Asset1,0.0015667570139761278
2023-08-17,Asset1,-0.005124582584125403
2023-08-18,Asset1,-0.0028452826260957353
2023-08-21,Asset1,0.0043215209131937105
2023-08-22,Asset1,0.00014693555773015454
2023-08-23,Asset1,0.0024515199000461063
2023-08-24,Asset1,-0.002946964680621278
2023-08-25,Asset1,-0.006236153774081932
2023-08-28,Asset1,0.002089194238900971
2023-08-29,Asset1,0.0018957584743610756
2023-08-30,Asset1,0.0002480956863764039
2023-08-31,Asset1,-0.004840350603388277
2023-09-01,Asset1,0.009426710188917609
2023-09-04,Asset1,0.004810833701642592
2023-09-05,Asset1,0.0023605960187407238
2023-09-06,Asset1,0.0018467726478093027
2023-09-07,Asset1,0.005915032360780392
2023-09-08,Asset1,0.004709190366575022
2023-09-11,Asset1,0.008900143420050854
2023-09-12,Asset1,-0.0001575482868895195
2023-09-13,Asset1,0.003841345269944396
2023-09-14,Asset1,0.001649208239910216
2023-09-15,Asset1,0.004439613877174287
2023-09-18,Asset1,-0.002924316846098174
2023-09-20,Asset1,-0.011518249945432046
2023-09-21,Asset1,-0.007991939166498319
2023-09-22,Asset1,-0.003449417659114995
2023-09-25,Asset1,1.5288066889551644e-05
2023-09-26,Asset1,-0.0005007261720755274
2023-09-27,Asset1,0.002631619198663282
2023-09-28,Asset1,-0.009783629666773708
2023-09-29,Asset1,0.005877516917168757
2023-10-03,Asset1,-0.005578424654468894
2023-10-04,Asset1,-0.004744307271330683
2023-10-05,Asset1,0.005641584105285702
2023-10-06,Asset1,0.0055127073660514725
2023-10-09,Asset1,-0.00718194675884698
2023-10-10,Asset1,0.00909680297624016
2023-10-11,Asset1,0.006170692128707245
2023-10-12,Asset1,-0.0008757409120068171
2023-10-13,Asset1,-0.0021698099802970328
2023-10-16,Asset1,-0.0009772027556287366
2023-10-17,Asset1,0.004041709427698992
2023-10-18,Asset1,-0.007086812741337156
2023-10-19,Asset1,-0.0023588102112444
2023-10-20,Asset1,-0.004180896084593599
2023-10-23,Asset1,-0.013350307425555652
2023-10-25,Asset1,-0.008277236732921023
2023-10-26,Asset1,-0.013853064912347501
2023-10-27,Asset1,0.010075700327460302
2023-10-30,Asset1,0.004916740769664862
2023-10-31,Asset1,-0.0032026069828995363
2023-11-01,Asset1,-0.004740624572936891
2023-11-02,Asset1,0.007588523257266999
2023-11-03,Asset1,0.005087980838331285
2023-11-06,Asset1,0.00941990339899168
2023-11-07,Asset1,-0.000260191958478706
2023-11-08,Asset1,0.0018962926582819506
2023-11-09,Asset1,-0.002478937369815082
2023-11-10,Asset1,0.001549283945833313
2023-11-13,Asset1,0.0009369804014345284
2023-11-15,Asset1,0.011926753508604282
2023-11-16,Asset1,0.004561522280999375
2023-11-17,Asset1,-0.0016897597201204206
2023-11-20,Asset1,-0.0019157289123818977
2023-11-21,Asset1,0.0045394734754240496
2023-11-22,Asset1,0.0014380348265852216
2023-11-23,Asset1,-0.0004971574875239915
2023-11-24,Asset1,-0.00036868908443588033
2023-11-28,Asset1,0.004799264638990497
2023-11-29,Asset1,0.010402389113554511
2023-11-30,Asset1,0.0018187545137213768
2023-12-01,Asset1,0.0066929416105065975
2023-12-04,Asset1,0.020668169003769332
2023-12-05,Asset1,0.008135565760247543
2023-12-06,Asset1,0.003960643244200535
2023-12-07,Asset1,-0.0017455990623970186
2023-12-08,Asset1,0.003265370504707432
2023-12-11,Asset1,0.001320935183362959
2023-12-12,Asset1,-0.004319607014175553
2023-12-13,Asset1,0.0009542158562574343
2023-12-14,Asset1,0.012250087289956912
2023-12-15,Asset1,0.012932779200891975
2023-12-18,Asset1,-0.0017710126840955187
2023-12-19,Asset1,0.0016083748565725031
2023-12-20,Asset1,-0.01412146609423337
2023-12-21,Asset1,0.004959794076523361
2023-12-22,Asset1,0.004438926556610712
2023-12-26,Asset1,0.004306875934107168
2023-12-27,Asset1,0.0099527499207277
2023-12-28,Asset1,0.005723881307796219
2023-12-29,Asset1,-0.0021717930740454694
2024-01-01,Asset1,0.00048317180721269004
2024-01-02,Asset1,-0.003500136051024061
2024-01-03,Asset1,-0.00685186637566948
2024-01-04,Asset1,0.006564470186349425
2024-01-05,Asset1,0.002410182228605562
2024-01-08,Asset1,-0.00911070868564301
2024-01-09,Asset1,0.0014804820050666745
2024-01-10,Asset1,0.0034277152411805734
2024-01-11,Asset1,0.0013183031833516878
2024-01-12,Asset1,0.011426492637705898
2024-01-15,Asset1,0.009267074694848665
2024-01-16,Asset1,-0.0029482333845447517
2024-01-17,Asset1,-0.020894393512082443
2024-01-18,Asset1,-0.0050852715087356115
2024-01-19,Asset1,0.00746195718645537
2024-01-23,Asset1,-0.01774084294273448
2024-01-24,Asset1,0.010129971071150878
2024-01-25,Asset1,-0.004724053755400193
2024-01-29,Asset1,0.018030591452244726
2024-01-30,Asset1,-0.009913698102483215
2024-01-31,Asset1,0.009460025419002926
2024-02-01,Asset1,-0.0013003033741542103
2024-02-02,Asset1,0.007205988175093214
2024-02-05,Asset1,-0.0037568550808078083
2024-02-06,Asset1,0.007243402101531293
2024-02-07,Asset1,5.014315737827957e-05
2024-02-08,Asset1,-0.009692017110872975
2024-02-09,Asset1,0.0029722318898448563
2024-02-12,Asset1,-0.0076414194307357075
2024-02-13,Asset1,0.005884480011507653
2024-02-14,Asset1,0.004451992284961959
2024-02-15,Asset1,0.0032371361888359207
2024-02-16,Asset1,0.005930843022260657
2024-02-19,Asset1,0.0037000088082788096
2024-02-20,Asset1,0.0033766555730090353
2024-02-21,Asset1,-0.006392700010330099
2024-02-22,Asset1,0.0073633218581414805
2024-02-23,Asset1,-0.0002137959201901074
2024-02-26,Asset1,-0.004080928508836235
2024-02-27,Asset1,0.003448994348646428
2024-02-28,Asset1,-0.011135927809948543
2024-02-29,Asset1,0.0014418556686905948
2024-03-01,Asset1,0.016192168700068565
2024-03-04,Asset1,0.0029925402887358565
2024-03-05,Asset1,-0.00220029050703785
2024-03-06,Asset1,0.005266971542034149
2024-03-07,Asset1,0.0008676673462120199
2024-03-11,Asset1,-0.007153178801771132
2024-03-12,Asset1,0.0001365188668460693
2024-03-13,Asset1,-0.015132725270416536
2024-03-14,Asset1,0.006771215952804832
2024-03-15,Asset1,-0.005567468627318717
2024-03-18,Asset1,0.0014688778023679294
2024-03-19,Asset1,-0.010802196640288697
2024-03-20,Asset1,0.0009923428906801757
2024-03-21,Asset1,0.0079146856998078
2024-03-22,Asset1,0.0038524885010076115
2024-03-26,Asset1,-0.00416580634029895
2024-03-27,Asset1,0.005405716783151604
2024-03-28,Asset1,0.009187001078543977
2024-04-01,Asset1,0.006050979178091831
2024-04-02,Asset1,-0.0003872860275131451
2024-04-03,Asset1,-0.0008306302403686683
2024-04-04,Asset1,0.003565912488363576
2024-04-05,Asset1,-4.224679746289706e-05
2024-04-08,Asset1,0.006778164752814453
2024-04-09,Asset1,-0.0010390218270411866
2024-04-10,Asset1,0.0049044741142307835
2024-04-12,Asset1,-0.010301592814249916
2024-04-15,Asset1,-0.010963897188301042
2024-04-16,Asset1,-0.005594325260972033
2024-04-18,Asset1,-0.0068652458503182245
2024-04-19,Asset1,0.0068717686886063944
2024-04-22,Asset1,0.008551965982977361
2024-04-23,Asset1,0.0014147135985376202
2024-04-24,Asset1,0.0015379287654238016
2024-04-25,Asset1,0.0074969296067168845
2024-04-26,Asset1,-0.006663626980883297
2024-04-29,Asset1,0.00996662256880243
2024-04-30,Asset1,-0.00170251731563964
2024-05-02,Asset1,0.0019177127972140884
2024-05-03,Asset1,-0.007609859296553445
2024-05-06,Asset1,-0.0014749338156797576
2024-05-07,Asset1,-0.006246985595782073
2024-05-08,Asset1,0.0
2024-05-09,Asset1,-0.01546911781190452
2024-05-10,Asset1,0.0044494691449390444
2024-05-13,Asset1,0.0022149680905385605
2024-05-14,Asset1,0.005148324587705533
2024-05-15,Asset1,-0.0007786004689536163
2024-05-16,Asset1,0.009157377676264788
2024-05-17,Asset1,0.0027785403439750667
2024-05-21,Asset1,0.002802051667603722
2024-05-22,Asset1,0.0030516154749500313
2024-05-23,Asset1,0.01636661960848307
2024-05-24,Asset1,-0.0004593757337192361
2024-05-27,Asset1,-0.0010737589261899938
2024-05-28,Asset1,-0.0019317094176221072
2024-05-29,Asset1,-0.008015115627261094
2024-05-30,Asset1,-0.009515599658179275
2024-05-31,Asset1,0.0018697799732139142
2024-06-03,Asset1,0.03254231769535276
2024-06-04,Asset1,-0.05929359941641077
2024-06-05,Asset1,0.033624236760035675
2024-06-06,Asset1,0.008888049244237806
2024-06-07,Asset1,0.020539931466807104
2024-06-10,Asset1,-0.0013289382574128705
2024-06-11,Asset1,0.0002429314342191624
2024-06-12,Asset1,0.002497312914139238
2024-06-13,Asset1,0.0032564994745150067
2024-06-14,Asset1,0.0028505279152657437
2024-06-18,Asset1,0.003933450786960613
2024-06-19,Asset1,-0.0017786131162043084
2024-06-20,Asset1,0.0021687361796223215
2024-06-21,Asset1,-0.00279629951309035
2024-06-24,Asset1,0.00156375661610908
2024-06-25,Asset1,0.007793879853915442
2024-06-26,Asset1,0.006218040121837909
2024-06-27,Asset1,0.007361040898544724
2024-06-28,Asset1,-0.0014099020825968367
2024-07-01,Asset1,0.005470484349075377
2024-07-02,Asset1,-0.0007497161563467802
2024-07-03,Asset1,0.006742306607722792
2024-07-04,Asset1,0.0006444070008029268
2024-07-05,Asset1,0.0008928929498506211
2024-07-08,Asset1,-0.00013562113637344275
2024-07-09,Asset1,0.004631820986013446
2024-07-10,Asset1,-0.004450911197766749
2024-07-11,Asset1,-0.0003494426502141934
2024-07-12,Asset1,0.007657573644356042
2024-07-15,Asset1,0.003450669707641296
2024-07-16,Asset1,0.0010697158254551198
2024-07-18,Asset1,0.007632129743428306
2024-07-19,Asset1,-0.010884676251089243
2024-07-22,Asset1,-0.0008825762723847497
2024-07-23,Asset1,-0.0012321559717249908
2024-07-24,Asset1,-0.002677831825905974
2024-07-25,Asset1,-0.0003031269840456652
2024-07-26,Asset1,0.01756732976027453
2024-07-29,Asset1,5.03324972633834e-05
2024-07-30,Asset1,0.0008536433743000504
2024-07-31,Asset1,0.00377553501085659
2024-08-01,Asset1,0.0023946791656728195
2024-08-02,Asset1,-0.011722935491954689
2024-08-05,Asset1,-0.02678645789462286
2024-08-06,Asset1,-0.0026209626510589334
2024-08-07,Asset1,0.012710162480444431
2024-08-08,Asset1,-0.007428747813561065
2024-08-09,Asset1,0.010386864037815746
2024-08-12,Asset1,-0.0008412844977941925
2024-08-13,Asset1,-0.008543146999630324
2024-08-14,Asset1,0.00019677699987563635
2024-08-16,Asset1,0.016459762490292462
2024-08-19,Asset1,0.0012835584110202358
2024-08-20,Asset1,0.005135759339910173
2024-08-21,Asset1,0.0028887826964991703
2024-08-22,Asset1,0.001667357653657442
2024-08-23,Asset1,0.00046955607782672715
2024-08-26,Asset1,0.007551387144671073
2024-08-27,Asset1,0.0002858944102370753
2024-08-28,Asset1,0.0013830024432652799
2024-08-29,Asset1,0.00397565940632294
2024-08-30,Asset1,0.003337760073577778
2024-09-02,Asset1,0.001695950113232314
2024-09-03,Asset1,4.550829989491412e-05
2024-09-04,Asset1,-0.0032100820170585243
2024-09-05,Asset1,-0.0021270784221717465
2024-09-06,Asset1,-0.011650350298901935
2024-09-09,Asset1,0.003390048695012693
2024-09-10,Asset1,0.0041986500501236534
2024-09-11,Asset1,-0.004897963449619458
2024-09-12,Asset1,0.01887963282727112
2024-09-13,Asset1,-0.0012761636040355961
2024-09-16,Asset1,0.0010746751326089488
2024-09-17,Asset1,0.0013709866056039743
2024-09-18,Asset1,-0.0016129951842196455
2024-09-19,Asset1,0.0015072376499098983
2024-09-20,Asset1,0.014760441377741573
2024-09-23,Asset1,0.005742385099666292
2024-09-24,Asset1,5.2030021699067674e-05
2024-09-25,Asset1,0.0024575565157058943
2024-09-26,Asset1,0.008148714241454025
2024-09-27,Asset1,-0.0014152231703233875
2024-09-30,Asset1,-0.014060900852023384
2024-10-01,Asset1,-0.0005404401234794243
2024-10-03,Asset1,-0.021196375260987388
2024-10-04,Asset1,-0.009326695880144675
2024-10-07,Asset1,-0.008748875168602677
2024-10-08,Asset1,0.00876764730346924
2024-10-09,Asset1,-0.0012473907279866303
2024-10-10,Asset1,0.0006604768849507447
2024-10-11,Asset1,-0.0013680536120755926
2024-10-14,Asset1,0.006557345754428789
2024-10-15,Asset1,-0.0028096049048969007
2024-10-16,Asset1,-0.0034340754096676696
2024-10-17,Asset1,-0.008868227322834543
2024-10-18,Asset1,0.004210173941240125
2024-10-21,Asset1,-0.00293518237799828
2024-10-22,Asset1,-0.012469180337869368
2024-10-23,Asset1,-0.001495564743491773
2024-10-24,Asset1,-0.0014773427748562273
2024-10-25,Asset1,-0.008959220549493163
2024-10-28,Asset1,0.0065485676346082045
2024-10-29,Asset1,0.0052466588480091225
2024-10-30,Asset1,-0.005149825253829232
2024-10-31,Asset1,-0.005566773640794054
2024-11-01,Asset1,0.004090004961616156
2024-11-04,Asset1,-0.0127137736646451
2024-11-05,Asset1,0.00908305881860727
2024-11-06,Asset1,0.011181870759630508
2024-11-07,Asset1,-0.011628025706147627
2024-11-08,Asset1,-0.002113709312467793
2024-11-11,Asset1,-0.00028567088740283353
2024-11-12,Asset1,-0.010680930776533315
2024-11-13,Asset1,-0.013582562322921432
2024-11-14,Asset1,-0.0011185324376894457
2024-11-18,Asset1,-0.0033527151631265184
2024-11-19,Asset1,0.002758581406631766
2024-11-21,Asset1,-0.007168807933116472
2024-11-22,Asset1,0.023869464111237804
2024-11-25,Asset1,0.013161295867362366
2024-11-26,Asset1,-0.0011312238174179257
2024-11-27,Asset1,0.003323085437806128
2024-11-28,Asset1,-0.014861029054492936
2024-11-29,Asset1,0.009072001940535257
2024-12-02,Asset1,0.006006820004948565
2024-12-03,Asset1,0.007460011144599932
2024-12-04,Asset1,0.00042109681465385407
2024-12-05,Asset1,0.009847825562885104
2024-12-06,Asset1,-0.0012384293961259507
2024-12-09,Asset1,-0.0023827399277279726
2024-12-10,Asset1,-0.0003635086213900074
2024-12-11,Asset1,0.0012901233029631864
2024-12-12,Asset1,-0.003778196379659149
2024-12-13,Asset1,0.008945547808588916
2024-12-16,Asset1,-0.004039468921733236
2024-12-17,Asset1,-0.013468730047733413
2024-12-18,Asset1,-0.005635699812006956
2024-12-19,Asset1,-0.010213311567061067
2024-12-20,Asset1,-0.01520556915080562
2024-12-23,Asset1,0.0070354729729729115
2024-12-24,Asset1,-0.0010861087115143775
2024-12-26,Asset1,0.0009503186263191132
2024-12-27,Asset1,0.002661079652128029
2024-12-30,Asset1,-0.007075847935867907
2024-12-31,Asset1,-4.212721278373799e-06
2007-09-18,Asset2,0.011010486317119829
2007-09-19,Asset2,0.0393084111065452
2007-09-20,Asset2,0.003083397983853047
2007-09-21,Asset2,0.018198861213565964
2007-09-24,Asset2,0.018783139950715153
2007-09-25,Asset2,0.0012943323460526557
2007-09-26,Asset2,0.00032070344689174137
2007-09-27,Asset2,0.011668416658233058
2007-09-28,Asset2,0.003993217152098297
2007-10-01,Asset2,0.009100360034909443
2007-10-03,Asset2,0.026864660285265317
2007-10-04,Asset2,-0.0003960824302141575
2007-10-05,Asset2,-0.004202204584752636
2007-10-08,Asset2,-0.018650751213135308
2007-10-09,Asset2,0.04571471589264164
2007-10-10,Asset2,0.020579508658313303
2007-10-11,Asset2,0.014713707444932781
2007-10-12,Asset2,-0.016785268760385146
2007-10-15,Asset2,0.04282483420070918
2007-10-16,Asset2,-0.000397872070551415
2007-10-17,Asset2,-0.01841903363545974
2007-10-18,Asset2,-0.035969963758995506
2007-10-19,Asset2,-0.024345391048402158
2007-10-22,Asset2,-0.005761473668875788
2007-10-23,Asset2,0.05364818431712962
2007-10-24,Asset2,0.003937321735022437
2007-10-25,Asset2,0.012715861556140809
2007-10-26,Asset2,0.022987389096737306
2007-10-29,Asset2,0.03427671298329991
2007-10-30,Asset2,-0.006038691281551643
2007-10-31,Asset2,0.005218130990415233
2007-11-01,Asset2,-0.005564085192880057
2007-11-02,Asset2,0.01079216845658877
2007-11-05,Asset2,-0.013771171042890062
2007-11-06,Asset2,-0.009982011261541466
2007-11-07,Asset2,-0.0006884828912122743
2007-11-08,Asset2,-0.013879494045601001
2007-11-12,Asset2,-0.013754578855012021
2007-11-13,Asset2,0.01338196065463805
2007-11-14,Asset2,0.04087509288051898
2007-11-15,Asset2,-0.004171140118112113
2007-11-16,Asset2,-0.0008524889492311161
2007-11-19,Asset2,0.0001299867928432974
2007-11-20,Asset2,-0.02059702284519702
2007-11-21,Asset2,-0.036509210904072484
2007-11-22,Asset2,-0.007198590222345552
2007-11-23,Asset2,0.015523566812038895
2007-11-26,Asset2,0.021070515225249196
2007-11-27,Asset2,-0.005619324136377699
2007-11-28,Asset2,-0.013579160793606633
2007-11-29,Asset2,0.002913775902145446
2007-11-30,Asset2,0.021833653518937766
2007-12-03,Asset2,0.017033534336905094
2007-12-04,Asset2,-0.0010884750639385745
2007-12-05,Asset2,0.013379860360574796
2007-12-06,Asset2,0.00237578914141416
2007-12-07,Asset2,0.0031597938406388694
2007-12-10,Asset2,-0.0022013824514934654
2007-12-11,Asset2,0.022008506543088304
2007-12-12,Asset2,0.009769619500594474
2007-12-13,Asset2,-0.015773175820417613
2007-12-14,Asset2,-0.0016480259634307972
2007-12-17,Asset2,-0.04297041505156354
2007-12-18,Asset2,-0.005766347152501297
2007-12-19,Asset2,0.001479562899705158
2007-12-20,Asset2,0.0025622864992607933
2007-12-24,Asset2,0.036392281930113485
2007-12-26,Asset2,0.01373810043414281
2007-12-27,Asset2,0.0016999547008194327
2007-12-28,Asset2,-0.00028410959467237265
2007-12-31,Asset2,0.009300443185273509
2008-01-01,Asset2,0.0008992278226605777
2008-01-02,Asset2,0.00547621993623622
2008-01-03,Asset2,-0.0001320668289634952
2008-01-04,Asset2,0.014877277501309792
2008-01-07,Asset2,0.0007344694059019474
2008-01-08,Asset2,0.0013377713158507021
2008-01-09,Asset2,-0.0024199199271102145
2008-01-10,Asset2,-0.01760966398278061
2008-01-11,Asset2,0.006727991121568096
2008-01-14,Asset2,0.0010373572440275326
2008-01-15,Asset2,-0.020501356013432216
2008-01-16,Asset2,-0.02188912211384125
2008-01-17,Asset2,-0.0036470222802510222
2008-01-18,Asset2,-0.03375234533040402
2008-01-21,Asset2,-0.08354337481237889
2008-01-22,Asset2,-0.057041931182038506
2008-01-23,Asset2,0.05958730949077343
2008-01-24,Asset2,-0.031354829882768026
2008-01-25,Asset2,0.0667343260022355
2008-01-28,Asset2,-0.019482292271063992
2008-01-29,Asset2,0.0012194912176312302
2008-01-30,Asset2,-0.02057864769907351
2008-01-31,Asset2,-0.005601034465327075
2008-02-01,Asset2,0.03359795344731325
2008-02-04,Asset2,0.0264046264516432
2008-02-05,Asset2,0.003584498261187861
2008-02-06,Asset2,-0.028245609239475656
2008-02-07,Asset2,-0.03414299897014672
2008-02-08,Asset2,-0.0024124884332537636
2008-02-11,Asset2,-0.049374767140575426
2008-02-12,Asset2,-0.003705991352686873
2008-02-13,Asset2,0.018095837854596158
2008-02-14,Asset2,0.0530784980338791
2008-02-15,Asset2,0.018620512543252588
2008-02-18,Asset2,-0.004706858598060358
2008-02-19,Asset2,0.0007094897229976028
2008-02-20,Asset2,-0.022969176921331463
2008-02-21,Asset2,0.006956246280662058
2008-02-22,Asset2,-0.014986674260773684
2008-02-25,Asset2,0.01689618695886125
2008-02-26,Asset2,0.012801281077499099
2008-02-27,Asset2,-0.00030054863022193956
2008-02-28,Asset2,0.003043084769033584
2008-02-29,Asset2,-0.011189209789276192
2008-03-03,Asset2,-0.04971379343352155
2008-03-04,Asset2,-0.01720169594185343
2008-03-05,Asset2,0.01127900627023692
2008-03-07,Asset2,-0.02922091586816862
2008-03-10,Asset2,0.005794243426556207
2008-03-11,Asset2,0.013098908690773783
2008-03-12,Asset2,0.0012034965510036957
2008-03-13,Asset2,-0.04894579356527096
2008-03-14,Asset2,0.02537237569690916
2008-03-17,Asset2,-0.049094299873304874
2008-03-18,Asset2,0.006374254541874223
2008-03-19,Asset2,0.008672443745863633
2008-03-24,Asset2,0.007534823244319498
2008-03-25,Asset2,0.055738017681016605
2008-03-26,Asset2,-0.009575378011276286
2008-03-27,Asset2,0.00027830771774254974
2008-03-28,Asset2,0.022210030536721704
2008-03-31,Asset2,-0.04030756778632135
2008-04-01,Asset2,0.001023933361495466
2008-04-02,Asset2,0.0029674495636884757
2008-04-03,Asset2,0.003513505019512948
2008-04-04,Asset2,-0.025068340033095854
2008-04-07,Asset2,0.02359203518398971
2008-04-08,Asset2,-0.010394076959570491
2008-04-09,Asset2,0.007623476690301772
2008-04-10,Asset2,-0.002841304189958436
2008-04-11,Asset2,0.009086797485738459
2008-04-15,Asset2,0.02046466946021312
2008-04-16,Asset2,0.0015050067928997636
2008-04-17,Asset2,0.013966013233838127
2008-04-21,Asset2,0.015217831404508716
2008-04-22,Asset2,0.0023442153067301063
2008-04-23,Asset2,-0.005038322338551389
2008-04-24,Asset2,-0.004386342200905382
2008-04-25,Asset2,0.021475862606427754
2008-04-28,Asset2,-0.0041411429546301904
2008-04-29,Asset2,0.01996524234470563
2008-04-30,Asset2,-0.005469366519103112
2008-05-02,Asset2,0.011577514543567844
2008-05-05,Asset2,-0.0066011602866590385
2008-05-06,Asset2,-0.008800826953632815
2008-05-07,Asset2,-0.0017073865893183894
2008-05-08,Asset2,-0.01005701733034755
2008-05-09,Asset2,-0.018721311784145805
2008-05-12,Asset2,0.005789710579737247
2008-05-13,Asset2,-0.010504642210376574
2008-05-14,Asset2,0.010446607273458568
2008-05-15,Asset2,0.019825410285828227
2008-05-16,Asset2,0.007966802697815325
2008-05-20,Asset2,-0.00981832950391791
2008-05-21,Asset2,0.002388215023369753
2008-05-22,Asset2,-0.01729538370912472
2008-05-23,Asset2,-0.015072157131444863
2008-05-26,Asset2,-0.013876338601696646
2008-05-27,Asset2,-0.003003046242916945
2008-05-28,Asset2,0.011565966399641497
2008-05-29,Asset2,-0.01621037129666572
2008-05-30,Asset2,0.006909247120026194
2008-06-02,Asset2,-0.025724317259986407
2008-06-03,Asset2,-0.0048004445588671635
2008-06-04,Asset2,-0.026524696259526765
2008-06-05,Asset2,0.019124234970865007
2008-06-06,Asset2,-0.010088705893702006
2008-06-09,Asset2,-0.026313935377380315
2008-06-10,Asset2,-0.010909779684107548
2008-06-11,Asset2,0.015921678358511215
2008-06-12,Asset2,0.0033424705264803838
2008-06-13,Asset2,-0.004705519411474519
2008-06-16,Asset2,0.011773904739811911
2008-06-17,Asset2,0.016901038819026725
2008-06-18,Asset2,-0.014566106544165047
2008-06-19,Asset2,-0.016372186594109266
2008-06-20,Asset2,-0.03339783260254201
2008-06-23,Asset2,-0.017919037101312655
2008-06-24,Asset2,-0.016943515412207014
2008-06-25,Asset2,0.014098401642338061
2008-06-26,Asset2,0.014266913311288933
2008-06-27,Asset2,-0.03986055669389984
2008-06-30,Asset2,-0.022302070891406487
2008-07-01,Asset2,-0.03416565695431444
2008-07-02,Asset2,0.04843423205235127
2008-07-03,Asset2,-0.039306702312642446
2008-07-04,Asset2,0.02206966821626438
2008-07-07,Asset2,0.003346613545816837
2008-07-08,Asset2,-0.00987393377791559
2008-07-09,Asset2,0.040568137517176486
2008-07-10,Asset2,0.0011777666245661323
2008-07-11,Asset2,-0.026109312959618658
2008-07-14,Asset2,-0.0022050004630773403
2008-07-15,Asset2,-0.042442721352426785
2008-07-16,Asset2,-0.011039377262162553
2008-07-17,Asset2,0.03282416789444881
2008-07-18,Asset2,0.03527767749228389
2008-07-21,Asset2,0.01577616225792653
2008-07-22,Asset2,0.018602258384421262
2008-07-23,Asset2,0.0535911213217829
2008-07-24,Asset2,-0.009274482177319144
2008-07-25,Asset2,-0.02635173256122581
2008-07-28,Asset2,0.004508505527723799
2008-07-29,Asset2,-0.03152281732222249
2008-07-30,Asset2,0.02834271298069311
2008-07-31,Asset2,0.004317644595122304
2008-08-01,Asset2,0.01785749235791059
2008-08-04,Asset2,-0.003958654489736091
2008-08-05,Asset2,0.023479358346228097
2008-08-06,Asset2,0.0031339525953450933
2008-08-07,Asset2,0.0013388410779056415
2008-08-08,Asset2,0.0011989579965990772
2008-08-11,Asset2,0.019265681918534058
2008-08-12,Asset2,-0.014159793012031942
2008-08-13,Asset2,-0.004892566862540556
2008-08-14,Asset2,-0.020846674042374433
2008-08-18,Asset2,-0.008157711740062901
2008-08-19,Asset2,-0.005419426949040372
2008-08-20,Asset2,0.010438962971441585
2008-08-21,Asset2,-0.028675515201268244
2008-08-22,Asset2,0.009770671894635187
2008-08-25,Asset2,0.0017525115039372
2008-08-26,Asset2,0.0004760644938722436
2008-08-27,Asset2,-0.010048162824207518
2008-08-28,Asset2,-0.01746839357053709
2008-08-29,Asset2,0.033260560037968574
2008-09-01,Asset2,-0.002499104071100895
2008-09-02,Asset2,0.034294803467536286
2008-09-04,Asset2,-0.011989342806394278
2008-09-05,Asset2,-0.020601919509864574
2008-09-08,Asset2,0.02867449523251793
2008-09-09,Asset2,-0.0029127067730602366
2008-09-10,Asset2,-0.014704989063470784
2008-09-11,Asset2,-0.023987770581216986
2008-09-12,Asset2,-0.01383950486050587
2008-09-15,Asset2,-0.035315133051712314
2008-09-16,Asset2,0.00047140858995703644
2008-09-17,Asset2,-0.01570195778630012
2008-09-18,Asset2,0.007161206573941144
2008-09-19,Asset2,0.04923445106250434
2008-09-22,Asset2,-0.0050202432130027575
2008-09-23,Asset2,-0.02185716733616175
2008-09-24,Asset2,0.00799052425072695
2008-09-25,Asset2,-0.011696530489636531
2008-09-26,Asset2,-0.029263193055787513
2008-09-29,Asset2,-0.03256808308763564
2008-09-30,Asset2,0.01774104372248097
2008-10-01,Asset2,0.007234532089219741
2008-10-03,Asset2,-0.03218425694488385
2008-10-06,Asset2,-0.05429430649082331
2008-10-07,Asset2,0.0011325939704347123
2008-10-08,Asset2,-0.02474135892082618
2008-10-10,Asset2,-0.06385153881590427
2008-10-13,Asset2,0.061683868050399375
2008-10-14,Asset2,0.0076866970809084025
2008-10-15,Asset2,-0.04917795313615582
2008-10-16,Asset2,-0.01987055515081597
2008-10-17,Asset2,-0.057245266671709885
2008-10-20,Asset2,0.015129035941761801
2008-10-21,Asset2,0.034461335241551795
2008-10-22,Asset2,-0.05037559272913896
2008-10-23,Asset2,-0.038210203001962456
2008-10-24,Asset2,-0.11714792575649466
2008-10-27,Asset2,-0.02221673640673373
2008-10-29,Asset2,0.06573809403370086
2008-10-31,Asset2,0.06711334368957979
2008-11-03,Asset2,0.05264762782736
2008-11-04,Asset2,0.030987071299150418
2008-11-05,Asset2,-0.04495851062490704
2008-11-06,Asset2,-0.032791214703461975
2008-11-07,Asset2,0.026666239038295247
2008-11-10,Asset2,0.0565893037336025
2008-11-11,Asset2,-0.063913632573652
2008-11-12,Asset2,-0.029466576830379697
2008-11-14,Asset2,-0.012840618582732156
2008-11-17,Asset2,-0.003689236755109811
2008-11-18,Asset2,-0.039915035872202194
2008-11-19,Asset2,-0.017227478125476026
2008-11-20,Asset2,-0.02982014943073999
2008-11-21,Asset2,0.05275367762439594
2008-11-24,Asset2,0.0052750365265996635
2008-11-25,Asset2,-0.01923013015785106
2008-11-26,Asset2,0.03553880934438574
2008-11-28,Asset2,0.000994129802888608
2008-12-01,Asset2,-0.025157774688100612
2008-12-02,Asset2,-0.008981274088515222
2008-12-03,Asset2,-0.00048765660553417694
2008-12-04,Asset2,0.04754015667386803
2008-12-05,Asset2,-0.025342931761119056
2008-12-08,Asset2,0.024615420038995667
2008-12-10,Asset2,0.04974137931034491
2008-12-11,Asset2,-0.0026555429864253102
2008-12-12,Asset2,0.0003945645047451052
2008-12-15,Asset2,0.01966757062807915
2008-12-16,Asset2,0.01949820469175528
2008-12-17,Asset2,-0.027584090161913405
2008-12-18,Asset2,0.034574069718762465
2008-12-19,Asset2,0.005253614310218069
2008-12-22,Asset2,-0.011916150487408609
2008-12-23,Asset2,-0.022315710701597668
2008-12-24,Asset2,-0.01675098584738464
2008-12-26,Asset2,-0.019615712784134588
2008-12-29,Asset2,0.02182236525505296
2008-12-30,Asset2,0.0188241899233968
2008-12-31,Asset2,-0.00655683629803658
2009-01-02,Asset2,0.028419004283423706
2009-01-05,Asset2,0.023537196397800955
2009-01-06,Asset2,-0.0026602721106844386
2009-01-07,Asset2,-0.05933697562570249
2009-01-09,Asset2,-0.015581395621017863
2009-01-12,Asset2,-0.033381102071005954
2009-01-13,Asset2,-0.009745101032537562
2009-01-14,Asset2,0.03159842448601687
2009-01-15,Asset2,-0.03338485949278031
2009-01-16,Asset2,0.03218474862846527
2009-01-19,Asset2,0.006024501155815117
2009-01-20,Asset2,-0.016729625532947844
2009-01-21,Asset2,-0.03104919704922118
2009-01-22,Asset2,0.0027138705873755243
2009-01-23,Asset2,-0.012469599598766657
2009-01-27,Asset2,0.033259802972125385
2009-01-28,Asset2,0.027071248166533696
2009-01-29,Asset2,-0.008607842384628911
2009-01-30,Asset2,0.01728645854001151
2009-02-02,Asset2,-0.036115256317503716
2009-02-03,Asset2,0.005985578437651711
2009-02-04,Asset2,0.006603736222528128
2009-02-05,Asset2,-0.007877133699140018
2009-02-06,Asset2,0.021772286761712965
2009-02-09,Asset2,0.025932190203495936
2009-02-10,Asset2,0.004800196656998211
2009-02-11,Asset2,-0.002878870974612369
2009-02-12,Asset2,-0.010713301696383902
2009-02-13,Asset2,0.018350199954717043
2009-02-16,Asset2,-0.03251177457731345
2009-02-17,Asset2,-0.026287519747235387
2009-02-18,Asset2,0.001957735517054786
2009-02-19,Asset2,0.004564662552732415
2009-02-20,Asset2,-0.018206441947775397
2009-02-24,Asset2,-0.0008946068514615036
2009-02-25,Asset2,0.010042830656112188
2009-02-26,Asset2,0.008044852941176402
2009-02-27,Asset2,-0.007581713689947272
2009-03-02,Asset2,-0.030932938512762045
2009-03-03,Asset2,-0.018736329047438965
2009-03-04,Asset2,0.008346570961750573
2009-03-05,Asset2,-0.02486012445708198
2009-03-06,Asset2,0.016188129745580045
2009-03-09,Asset2,-0.017220388787542156
2009-03-12,Asset2,0.01652762119931808
2009-03-13,Asset2,0.0373371215106694
2009-03-16,Asset2,0.020476234255769086
2009-03-17,Asset2,-0.00684419727248173
2009-03-18,Asset2,0.012968503738319016
2009-03-19,Asset2,0.004276649849293506
2009-03-20,Asset2,-3.414829215920179e-05
2009-03-23,Asset2,0.04543412377996006
2009-03-24,Asset2,-0.00039183413152318994
2009-03-25,Asset2,0.014912764607875105
2009-03-26,Asset2,0.03149225230773361
2009-03-27,Asset2,0.008222534268797191
2009-03-30,Asset2,-0.04030045323069214
2009-03-31,Asset2,0.01379650058671139
2009-04-01,Asset2,0.012520611475316629
2009-04-02,Asset2,0.047273007501918235
2009-04-06,Asset2,0.013617989819547845
2009-04-08,Asset2,0.025454724832397847
2009-04-09,Asset2,-0.00025842631885566905
2009-04-13,Asset2,0.01164795449088203
2009-04-15,Asset2,0.028820377722908363
2009-04-16,Asset2,-0.03158988830416313
2009-04-17,Asset2,0.0042451124054014855
2009-04-20,Asset2,-0.002070621883408954
2009-04-21,Asset2,-0.0033543710720513433
2009-04-22,Asset2,-0.009984250887732955
2009-04-23,Asset2,0.026923672022150527
2009-04-24,Asset2,0.01599674260481095
2009-04-27,Asset2,-0.0029648782589958957
2009-04-28,Asset2,-0.029782105547550446
2009-04-29,Asset2,0.03186338610297597
2009-05-04,Asset2,0.04975547987290164
2009-05-05,Asset2,0.0020755080049260502
2009-05-06,Asset2,-0.009660520581777235
2009-05-07,Asset2,0.015584849481806062
2009-05-08,Asset2,-0.01646949014179228
2009-05-11,Asset2,-0.01752585418033931
2009-05-12,Asset2,0.034164180685211966
2009-05-13,Asset2,-0.011957320524379329
2009-05-14,Asset2,-0.011038593459872069
2009-05-15,Asset2,0.020891331212368133
2009-05-18,Asset2,0.17034303831657768
2009-05-19,Asset2,-0.0010436183921251187
2009-05-20,Asset2,-0.010703926850927808
2009-05-21,Asset2,-0.013353607207485787
2009-05-22,Asset2,0.00629226397313623
2009-05-25,Asset2,-0.00021521469859617782
2009-05-26,Asset2,-0.027377996801752184
2009-05-27,Asset2,0.037159768198370816
2009-05-28,Asset2,0.013706173671259024
2009-05-29,Asset2,0.02475757795122725
2009-06-01,Asset2,0.017467428345652965
2009-06-02,Asset2,-0.0009854315429112504
2009-06-03,Asset2,0.0011562206507927898
2009-06-04,Asset2,0.008888630236815303
2009-06-05,Asset2,0.0029917007188738154
2009-06-08,Asset2,-0.03285879422025044
2009-06-09,Asset2,0.026232710402444327
2009-06-10,Asset2,0.022001517969397356
2009-06-11,Asset2,-0.003619099403898787
2009-06-12,Asset2,-0.01124011450819694
2009-06-15,Asset2,-0.020819458978738582
2009-06-16,Asset2,0.007236354259589746
2009-06-17,Asset2,-0.034349442861320904
2009-06-18,Asset2,-0.02308460504214864
2009-06-19,Asset2,0.014045300106226436
2009-06-22,Asset2,-0.01743696495900675
2009-06-23,Asset2,0.0026633610766778307
2009-06-24,Asset2,0.010386670002354706
2009-06-25,Asset2,-0.011427128552193438
2009-06-26,Asset2,0.030247157088576063
2009-06-29,Asset2,0.003389826876928268
2009-06-30,Asset2,-0.021830375997507298
2009-07-01,Asset2,0.011141155277666997
2009-07-02,Asset2,0.0017582039834366015
2009-07-03,Asset2,0.016644378312559098
2009-07-06,Asset2,-0.056101669774538086
2009-07-07,Asset2,0.008399960897180066
2009-07-08,Asset2,-0.0281570155157975
2009-07-09,Asset2,0.00048249452600416024
2009-07-10,Asset2,-0.01812520314143022
2009-07-13,Asset2,-0.007156986956198885
2009-07-14,Asset2,0.03317921459340504
2009-07-15,Asset2,0.028510020074471357
2009-07-16,Asset2,-0.00047622386913904086
2009-07-17,Asset2,0.03256801163455826
2009-07-20,Asset2,0.027933532279050512
2009-07-21,Asset2,-0.007068444944194604
2009-07-22,Asset2,-0.015079587842604526
2009-07-23,Asset2,0.02724683361995581
2009-07-24,Asset2,0.009507115225200381
2009-07-27,Asset2,0.0007879962250398621
2009-07-28,Asset2,-0.0017216103681412067
2009-07-29,Asset2,-0.010643082472039753
2009-07-30,Asset2,0.012325731139913502
2009-07-31,Asset2,0.013649935432739398
2009-08-03,Asset2,0.015518708434039468
2009-08-04,Asset2,-0.0062961979167259945
2009-08-05,Asset2,0.0027996808567461074
2009-08-06,Asset2,-0.022219977721189076
2009-08-07,Asset2,-0.02179393604841348
2009-08-10,Asset2,-0.009372071431972452
2009-08-11,Asset2,0.007290387527622002
2009-08-12,Asset2,-0.0029736194794877592
2009-08-13,Asset2,0.03176668536174987
2009-08-14,Asset2,-0.005201343648208443
2009-08-17,Asset2,-0.040275524091726744
2009-08-18,Asset2,0.015533626909673403
2009-08-19,Asset2,-0.013951381251528297
2009-08-20,Asset2,0.012966498824273458
2009-08-21,Asset2,0.0162426033362037
2009-08-24,Asset2,0.02416534285457381
2009-08-25,Asset2,0.0034221336086812217
2009-08-26,Asset2,0.004429802347409364
2009-08-27,Asset2,0.0015074385213774378
2009-08-28,Asset2,0.009040549567908372
2009-08-31,Asset2,-0.014250847593334335
2009-09-01,Asset2,-0.007567405088049491
2009-09-02,Asset2,-0.0035283815614886296
2009-09-03,Asset2,-0.0030831601221500194
2009-09-04,Asset2,0.01815068896497394
2009-09-07,Asset2,0.021023844554548747
2009-09-08,Asset2,0.004486001001084362
2009-09-09,Asset2,0.0017980334009677537
2009-09-10,Asset2,0.0010269317650725186
2009-09-11,Asset2,0.002021809031713886
2009-09-14,Asset2,-0.004164305072592889
2009-09-15,Asset2,0.01667013234040212
2009-09-16,Asset2,0.013010325060702002
2009-09-17,Asset2,0.001384298641736308
2009-09-18,Asset2,0.0020299866875736683
2009-09-22,Asset2,0.008517674995952334
2009-09-23,Asset2,-0.009609178543326458
2009-09-24,Asset2,0.0032063953105666344
2009-09-25,Asset2,-0.005313418302789934
2009-09-29,Asset2,0.009272911491118948
2009-09-30,Asset2,0.014782965798126711
2009-10-01,Asset2,-0.00010391157066941049
2009-10-05,Asset2,-0.015145713543902383
2009-10-06,Asset2,0.0046433718106595025
2009-10-07,Asset2,-0.007953197880948332
2009-10-08,Asset2,0.0031770546056259976
2009-10-09,Asset2,-0.010948635613973716
2009-10-12,Asset2,0.02116958027285371
2009-10-14,Asset2,0.012146646386704277
2009-10-15,Asset2,-0.0017537597998258294
2009-10-16,Asset2,0.006257340084154209
2009-10-20,Asset2,-0.005171323134294426
2009-10-21,Asset2,-0.009544739294702858
2009-10-22,Asset2,-0.01421913235868015
2009-10-23,Asset2,0.001626051114782854
2009-10-26,Asset2,-0.005023745456059174
2009-10-27,Asset2,-0.02398594240326247
2009-10-28,Asset2,-0.0040704562805597535
2009-10-29,Asset2,-0.015038093556678442
2009-10-30,Asset2,-0.00785080180891889
2009-11-03,Asset2,-0.030114030046130547
2009-11-04,Asset2,0.030899868373006786
2009-11-05,Asset2,0.011157341041684603
2009-11-06,Asset2,0.006164261198383657
2009-11-09,Asset2,0.020466416187707497
2009-11-10,Asset2,-0.003272848087051692
2009-11-11,Asset2,0.02404080449526397
2009-11-12,Asset2,-0.009841880779735562
2009-11-13,Asset2,0.008974646325993164
2009-11-16,Asset2,0.011349507953330049
2009-11-17,Asset2,0.0007971822452723388
2009-11-18,Asset2,-0.0014317373697466708
2009-11-19,Asset2,-0.012477928475063679
2009-11-20,Asset2,0.012209297955502053
2009-11-23,Asset2,0.009709274332978524
2009-11-24,Asset2,-0.0024453567570826
2009-11-25,Asset2,0.003319109801153744
2009-11-26,Asset2,-0.0192821463020902
2009-11-27,Asset2,-0.012235981039014698
2009-11-30,Asset2,0.017668272879040856
2009-12-01,Asset2,0.017034158438416044
2009-12-02,Asset2,0.00023428348301443694
2009-12-03,Asset2,0.0015834065290586353
2009-12-04,Asset2,-0.004265307873985656
2009-12-07,Asset2,-0.007929636423570337
2009-12-08,Asset2,0.01539463496817156
2009-12-09,Asset2,-0.0067040639848119105
2009-12-10,Asset2,0.004253502787558645
2009-12-11,Asset2,-0.0032438616199318916
2009-12-14,Asset2,-0.002176074380047055
2009-12-15,Asset2,-0.013660099953387716
2009-12-16,Asset2,0.0017166529907876795
2009-12-17,Asset2,-5.708243891849208e-05
2009-12-18,Asset2,-0.01029162741111712
2009-12-21,Asset2,-0.006755837847204199
2009-12-22,Asset2,0.0064450994165883915
2009-12-23,Asset2,0.030566502605371117
2009-12-24,Asset2,0.006307159329018078
2009-12-29,Asset2,0.001770485366696093
2009-12-30,Asset2,-0.0034233173664710397
2009-12-31,Asset2,0.005868249785539632
2010-01-04,Asset2,0.005749680568920539
2010-01-05,Asset2,0.00838494650669226
2010-01-06,Asset2,0.0007093552964764883
2010-01-07,Asset2,-0.0033987881808901933
2010-01-08,Asset2,-0.003347094568435907
2010-01-11,Asset2,0.0008511189761188832
2010-01-12,Asset2,-0.007132243817675956
2010-01-13,Asset2,0.004339068339040609
2010-01-14,Asset2,0.004759640008097748
2010-01-15,Asset2,-0.0014052964670879576
2010-01-18,Asset2,0.004139961433573305
2010-01-19,Asset2,-0.008954223651016413
2010-01-20,Asset2,-0.000725597546881076
2010-01-21,Asset2,-0.02344988732978603
2010-01-22,Asset2,-0.010958434149006139
2010-01-25,Asset2,-0.005356650863780814
2010-01-27,Asset2,-0.029674677089781734
2010-01-28,Asset2,0.002799016294050887
2010-01-29,Asset2,0.0029190636396321423
2010-02-01,Asset2,0.0034707501311704906
2010-02-02,Asset2,-0.01363677186084214
2010-02-03,Asset2,0.020223183376137186
2010-02-04,Asset2,-0.016837494724233973
2010-02-05,Asset2,-0.025102868739832654
2010-02-08,Asset2,0.008493955014567192
2010-02-09,Asset2,0.006503655288446809
2010-02-10,Asset2,-0.007100814673184744
2010-02-11,Asset2,0.014055306378715004
2010-02-15,Asset2,-0.00495227855980172
2010-02-16,Asset2,0.01075559104099341
2010-02-17,Asset2,0.011516243628687662
2010-02-18,Asset2,-0.00512820512820511
2010-02-19,Asset2,-0.008416161577412923
2010-02-22,Asset2,0.002278684848506174
2010-02-23,Asset2,0.0026982757831940777
2010-02-24,Asset2,-0.002257003355370273
2010-02-25,Asset2,0.00022720664961333627
2010-02-26,Asset2,0.012356152579865168
2010-03-02,Asset2,0.018469453529308455
2010-03-03,Asset2,0.013604961879609264
2010-03-04,Asset2,-0.0014811213626617105
2010-03-05,Asset2,0.00159680872004337
2010-03-08,Asset2,0.006659424057093447
2010-03-09,Asset2,-0.004215456674473046
2010-03-10,Asset2,0.002775654219347317
2010-03-11,Asset2,0.003217963596384124
2010-03-12,Asset2,0.0006732562854536184
2010-03-15,Asset2,-0.0015137422133540569
2010-03-16,Asset2,0.012952521742458317
2010-03-17,Asset2,0.006242244645236782
2010-03-18,Asset2,0.0025688564863367703
2010-03-19,Asset2,0.0030926831529423287
2010-03-22,Asset2,-0.01050688360798926
2010-03-23,Asset2,0.0037069899861634785
2010-03-25,Asset2,0.006448643141925033
2010-03-26,Asset2,0.003941923453530762
2010-03-29,Asset2,0.0037894914331691614
2010-03-30,Asset2,-0.007313785141153027
2010-03-31,Asset2,-0.0024353852814447663
2010-04-01,Asset2,0.007571565698994008
2010-04-05,Asset2,0.014135508222285226
2010-04-06,Asset2,-0.0004291606981428587
2010-04-07,Asset2,0.001547503960119272
2010-04-08,Asset2,-0.012538810894568578
2010-04-09,Asset2,0.010370125173125402
2010-04-12,Asset2,-0.003947929780388826
2010-04-13,Asset2,-0.0030114050249704506
2010-04-15,Asset2,-0.008900345111573671
2010-04-16,Asset2,-0.0020024271473851486
2010-04-19,Asset2,-0.010753655312932474
2010-04-20,Asset2,0.004879687906859971
2010-04-21,Asset2,0.002716546956026065
2010-04-22,Asset2,0.0044752403166953775
2010-04-23,Asset2,0.006330951518070265
2010-04-26,Asset2,0.0033212219652084944
2010-04-27,Asset2,-0.002543207217217578
2010-04-28,Asset2,-0.016800682812796452
2010-04-29,Asset2,0.007123396324135386
2010-04-30,Asset2,0.004357716124503171
2010-05-03,Asset2,-0.010049261083743844
2010-05-04,Asset2,-0.013647982384758992
2010-05-05,Asset2,-0.004400523210643926
2010-05-06,Asset2,-0.0063782343309868855
2010-05-07,Asset2,-0.013728214327539378
2010-05-10,Asset2,0.033584417813584296
2010-05-11,Asset2,-0.01061925956233882
2010-05-12,Asset2,0.0038316638677191152
2010-05-13,Asset2,0.004142224196816642
2010-05-14,Asset2,-0.015830370888786194
2010-05-17,Asset2,-0.00633279547462454
2010-05-18,Asset2,0.0011953361463135793
2010-05-19,Asset2,-0.027769980621802443
2010-05-20,Asset2,0.005454084748432351
2010-05-21,Asset2,-0.0031918884283879127
2010-05-24,Asset2,0.002491970735701941
2010-05-25,Asset2,-0.026641082999760004
2010-05-26,Asset2,0.02209890388516158
2010-05-27,Asset2,0.016730831157495987
2010-05-28,Asset2,0.012174795139224629
2010-05-31,Asset2,0.003742191576298879
2010-06-01,Asset2,-0.021912909045841786
2010-06-02,Asset2,0.009589936899312975
2010-06-03,Asset2,0.017335957161475977
2010-06-04,Asset2,0.004696213677722412
2010-06-07,Asset2,-0.018973809755622604
2010-06-08,Asset2,-0.008943962306317027
2010-06-09,Asset2,0.002540899220361652
2010-06-10,Asset2,0.015032754871924753
2010-06-11,Asset2,0.0077029101027375904
2010-06-14,Asset2,0.014692508290151098
2010-06-15,Asset2,0.0045527647537926446
2010-06-16,Asset2,0.00202207814538113
2010-06-17,Asset2,0.007612714467133018
2010-06-18,Asset2,-0.002229447241586087
2010-06-21,Asset2,0.016545380065792516
2010-06-22,Asset2,-0.0065903277020106545
2010-06-23,Asset2,0.0011917679665887704
2010-06-24,Asset2,-0.0004598428646396258
2010-06-25,Asset2,-0.009301259320691955
2010-06-28,Asset2,0.011742570253360826
2010-06-29,Asset2,-0.01392258249742195
2010-06-30,Asset2,0.010291961750534925
2010-07-01,Asset2,-0.011041147058823562
2010-07-02,Asset2,-0.002614124377363254
2010-07-05,Asset2,-0.00022000486500456165
2010-07-06,Asset2,0.009745011784346858
2010-07-07,Asset2,-0.008703211436807337
2010-07-08,Asset2,0.01021159661192769
2010-07-09,Asset2,0.010076950029908858
2010-07-12,Asset2,0.005479324688660228
2010-07-13,Asset2,0.0031476697473528507
2010-07-14,Asset2,-0.0025774675736634834
2010-07-15,Asset2,-0.0013189210064333068
2010-07-16,Asset2,0.0027039565419475055
2010-07-19,Asset2,-0.0013258901498880604
2010-07-20,Asset2,-0.003288285764790615
2010-07-21,Asset2,0.00560657484165418
2010-07-22,Asset2,0.007574262274222932
2010-07-23,Asset2,0.0012612953084195056
2010-07-26,Asset2,-0.00537336431250246
2010-07-27,Asset2,0.0021260103702768164
2010-07-28,Asset2,-0.005842500033042981
2010-07-29,Asset2,0.002018711108610347
2010-07-30,Asset2,-0.0073301065310563025
2010-08-02,Asset2,0.011455363920804942
2010-08-03,Asset2,0.0013962435698824296
2010-08-04,Asset2,0.004994582681564595
2010-08-05,Asset2,-0.0036431137730967224
2010-08-06,Asset2,-0.0013835056479396003
2010-08-09,Asset2,0.00827759456726561
2010-08-10,Asset2,-0.004453345093534971
2010-08-11,Asset2,-0.0070496625658088875
2010-08-12,Asset2,-0.0007349566797451957
2010-08-13,Asset2,0.006318512128038734
2010-08-16,Asset2,-0.005951519720620837
2010-08-17,Asset2,-0.0007352686993350944
2010-08-18,Asset2,0.011525355065065314
2010-08-19,Asset2,0.010696601168902121
2010-08-20,Asset2,-0.0016548646126104318
2010-08-23,Asset2,0.002230496228801684
2010-08-24,Asset2,-0.006649933480652984
2010-08-25,Asset2,-0.00745490531906448
2010-08-26,Asset2,0.0027328553155912517
2010-08-27,Asset2,-0.012127223924186092
2010-08-30,Asset2,0.001198069733207916
2010-08-31,Asset2,-0.0023134330107669144
2010-09-01,Asset2,0.012341216626906047
2010-09-02,Asset2,0.002508806391805294
2010-09-03,Asset2,-0.0011811562052345438
2010-09-06,Asset2,0.017090973996977895
2010-09-07,Asset2,0.0046562747721553424
2010-09-08,Asset2,0.0006595456370450137
2010-09-09,Asset2,0.005512222725589524
2010-09-13,Asset2,0.020416874227652287
2010-09-14,Asset2,0.005924967447916672
2010-09-15,Asset2,0.010833204288783663
2010-09-16,Asset2,-0.005282419909447712
2010-09-17,Asset2,0.009264501207906905
2010-09-20,Asset2,0.015578721477205662
2010-09-21,Asset2,0.004590896020088806
2010-09-22,Asset2,-0.0028836193846293414
2010-09-23,Asset2,-0.005039590635953957
2010-09-24,Asset2,0.009463802107272913
2010-09-27,Asset2,0.002767574612522026
2010-09-28,Asset2,-0.0009781724164795592
2010-09-29,Asset2,-0.006082127456671387
2010-09-30,Asset2,0.006193042613385771
2010-10-01,Asset2,0.018061794081593592
2010-10-04,Asset2,0.002508103248190281
2010-10-05,Asset2,-0.0021275234938944723
2010-10-06,Asset2,0.006349763454747688
2010-10-07,Asset2,-0.010265074961424184
2010-10-08,Asset2,-0.002642946508537243
2010-10-11,Asset2,0.005096118630391616
2010-10-12,Asset2,-0.00703279689255826
2010-10-13,Asset2,0.02253854146366365
2010-10-14,Asset2,-0.008708483188764334
2010-10-15,Asset2,-0.01782514925643888
2010-10-18,Asset2,0.00210605617274112
2010-10-19,Asset2,-0.0076867606709534195
2010-10-20,Asset2,-0.0071991970129399625
2010-10-21,Asset2,0.01916114815512849
2010-10-22,Asset2,-0.005577675571580763
2010-10-25,Asset2,0.006290749536957635
2010-10-26,Asset2,-0.003741985199458995
2010-10-27,Asset2,-0.010946414625123283
2010-10-28,Asset2,-0.0039835545290377895
2010-10-29,Asset2,0.004809860056545006
2010-11-01,Asset2,0.01592894658904193
2010-11-02,Asset2,0.000227572728371257
2010-11-03,Asset2,0.006510867788854285
2010-11-04,Asset2,0.018902331385439553
2010-11-08,Asset2,-0.0013142133236783238
2010-11-09,Asset2,0.004338395739440273
2010-11-10,Asset2,-0.003938019339550501
2010-11-11,Asset2,-0.012459516080517048
2010-11-12,Asset2,-0.019000862695241524
2010-11-15,Asset2,0.007897719445498552
2010-11-16,Asset2,-0.02084159438948774
2010-11-18,Asset2,0.00161898653861293
2010-11-19,Asset2,-0.01736347325986916
2010-11-22,Asset2,0.019508716247100467
2010-11-23,Asset2,-0.012019966722129816
2010-11-24,Asset2,-0.011161380007582445
2010-11-25,Asset2,-0.010801687763713092
2010-11-26,Asset2,-0.007912032846243413
2010-11-29,Asset2,0.013026505785996251
2010-11-30,Asset2,0.005384594768439187
2010-12-01,Asset2,0.016079914648437
2010-12-02,Asset2,0.008181362218618204
2010-12-03,Asset2,-0.0030181769566865317
2010-12-06,Asset2,-8.807444219762317e-05
2010-12-07,Asset2,-0.002515280153531663
2010-12-08,Asset2,-0.011701671915316184
2010-12-09,Asset2,-0.022310107753198347
2010-12-10,Asset2,0.015124615234544338
2010-12-13,Asset2,0.008243968978279313
2010-12-14,Asset2,0.0059231992549383964
2010-12-15,Asset2,-0.008365989877863562
2010-12-16,Asset2,0.009197119850705633
2010-12-20,Asset2,-0.00027437486866990215
2010-12-21,Asset2,0.008652373099253766
2010-12-22,Asset2,-0.0025997184061524337
2010-12-23,Asset2,-0.0007058195172328042
2010-12-24,Asset2,0.005072925376254105
2010-12-27,Asset2,-0.0021558320230004925
2010-12-28,Asset2,-0.0003361220581810187
2010-12-29,Asset2,0.010302884214476223
2010-12-30,Asset2,0.0065738776404035805
2010-12-31,Asset2,0.00513678732652565
2011-01-03,Asset2,0.0036149798272068524
2011-01-04,Asset2,-0.0017539300748209998
2011-01-05,Asset2,-0.010394507347435678
2011-01-06,Asset2,-0.0049817121406938725
2011-01-07,Asset2,-0.02280062931426443
2011-01-10,Asset2,-0.02304643798891906
2011-01-11,Asset2,-0.0014576120943032224
2011-01-12,Asset2,0.018210302996411302
2011-01-13,Asset2,-0.018231542872979994
2011-01-14,Asset2,-0.016247865111824886
2011-01-17,Asset2,3.3988116939127625e-05
2011-01-18,Asset2,0.011764943189354043
2011-01-19,Asset2,-0.00553454303875153
2011-01-20,Asset2,0.0034665451765596347
2011-01-21,Asset2,-0.002538009227212648
2011-01-24,Asset2,0.00787852189941198
2011-01-25,Asset2,-0.009335497105297571
2011-01-27,Asset2,-0.014026812800190955
2011-01-28,Asset2,-0.015785006036973217
2011-01-31,Asset2,-0.0010885045048301123
2011-02-01,Asset2,-0.015465540649177571
2011-02-02,Asset2,0.0026227224373752737
2011-02-03,Asset2,0.01674521354933731
2011-02-04,Asset2,-0.022754783552720852
2011-02-07,Asset2,4.447945142018739e-05
2011-02-08,Asset2,-0.014846587750185273
2011-02-09,Asset2,-0.010661547106819427
2011-02-10,Asset2,-0.005070857037698637
2011-02-11,Asset2,0.015467907405770519
2011-02-14,Asset2,0.026395480225988806
2011-02-15,Asset2,0.004398826979472191
2011-02-16,Asset2,0.00012263957307055763
2011-02-17,Asset2,0.011339547546426304
2011-02-18,Asset2,-0.01514482183054515
2011-02-21,Asset2,0.010489911833079547
2011-02-22,Asset2,-0.008593466714527978
2011-02-23,Asset2,-0.005590596916932427
2011-02-24,Asset2,-0.030835591462516094
2011-02-25,Asset2,0.007451616764133605
2011-02-28,Asset2,0.0053760572729608215
2011-03-01,Asset2,0.03402949655463367
2011-03-03,Asset2,0.002416452469435413
2011-03-04,Asset2,0.000442146673466084
2011-03-07,Asset2,-0.013103334461746741
2011-03-08,Asset2,0.010130402284267676
2011-03-09,Asset2,0.00177369001710332
2011-03-10,Asset2,-0.0063525752576387975
2011-03-11,Asset2,-0.008552657175527934
2011-03-14,Asset2,0.015170061158783527
2011-03-15,Asset2,-0.014205205414444536
2011-03-16,Asset2,0.010833723460769279
2011-03-17,Asset2,-0.011235404787967555
2011-03-18,Asset2,-0.012857760275699839
2011-03-21,Asset2,-0.0015989331722478185
2011-03-22,Asset2,0.008786261009366712
2011-03-23,Asset2,0.01177422815559588
2011-03-24,Asset2,0.0073835876556725575
2011-03-25,Asset2,0.022920486742780143
2011-03-28,Asset2,0.005602865101472361
2011-03-29,Asset2,0.008288029144138136
2011-03-30,Asset2,0.008585217370209293
2011-03-31,Asset2,0.007646643196589694
2011-04-01,Asset2,-0.001267141632740483
2011-04-04,Asset2,0.013577703186875427
2011-04-05,Asset2,0.0002599031809082675
2011-04-06,Asset2,-0.0029725320565093228
2011-04-07,Asset2,-0.0009857533839691614
2011-04-08,Asset2,-0.007127815911080866
2011-04-11,Asset2,-0.009251594060253297
2011-04-13,Asset2,0.020873499908938272
2011-04-15,Asset2,-0.014120305759959423
2011-04-18,Asset2,-0.01573198304120542
2011-04-19,Asset2,0.0019521226823344764
2011-04-20,Asset2,0.018545295693071537
2011-04-21,Asset2,0.00542210859834448
2011-04-25,Asset2,-0.0016640078806054249
2011-04-26,Asset2,-0.000996866754617436
2011-04-27,Asset2,-0.005643787156831728
2011-04-28,Asset2,-0.007972663146193854
2011-04-29,Asset2,-0.005965341733986804
2011-05-02,Asset2,-0.008048036785807434
2011-05-03,Asset2,-0.022908427371705075
2011-05-04,Asset2,-0.004847238443915352
2011-05-05,Asset2,-0.013401806671079904
2011-05-06,Asset2,0.016105953859016753
2011-05-09,Asset2,-6.054161312370354e-05
2011-05-10,Asset2,-0.0017034630224003068
2011-05-11,Asset2,0.004123223550642976
2011-05-12,Asset2,-0.01361064301458729
2011-05-13,Asset2,0.010254202810967145
2011-05-16,Asset2,-0.007921006357365102
2011-05-17,Asset2,-0.0104833265139116
2011-05-18,Asset2,-0.0032388775622880675
2011-05-19,Asset2,0.0013282662196596109
2011-05-20,Asset2,0.010301947089027623
2011-05-23,Asset2,-0.01746302724846686
2011-05-24,Asset2,0.0014792922258075691
2011-05-25,Asset2,-0.008167772125706173
2011-05-26,Asset2,0.011378663855075218
2011-05-27,Asset2,0.011307472520393987
2011-05-30,Asset2,-0.0005259217232410408
2011-06-01,Asset2,0.020855439186811042
2011-06-02,Asset2,-0.007150197827253245
2011-06-03,Asset2,-0.005811542187874004
2011-06-06,Asset2,0.002662403135904299
2011-06-07,Asset2,0.004182191875856916
2011-06-08,Asset2,-0.005062464655270489
2011-06-09,Asset2,-0.0010074963408834494
2011-06-10,Asset2,-0.006129269105898843
2011-06-13,Asset2,-0.0005249918156945555
2011-06-14,Asset2,0.0030991807297928633
2011-06-15,Asset2,-0.009250068175620357
2011-06-16,Asset2,-0.008943552088113834
2011-06-17,Asset2,-0.005398822207810241
2011-06-20,Asset2,-0.01940966046054612
2011-06-21,Asset2,0.0032773897982193746
2011-06-22,Asset2,0.00044575162418759363
2011-06-23,Asset2,0.007584295887181015
2011-06-24,Asset2,0.027293233082706723
2011-06-27,Asset2,0.009711874571624365
2011-06-28,Asset2,0.003248239140301337
2011-06-29,Asset2,0.009547612728755582
2011-06-30,Asset2,0.008047874220491238
2011-07-01,Asset2,-0.0034337427993990847
2011-07-04,Asset2,0.003974945216740693
2011-07-05,Asset2,-0.0031260784443854564
2011-07-06,Asset2,-0.0011334859358513329
2011-07-07,Asset2,0.01766258637980542
2011-07-08,Asset2,-0.01144507789640919
2011-07-11,Asset2,-0.007555283092546006
2011-07-12,Asset2,-0.01537582770934531
2011-07-13,Asset2,0.010301617266273554
2011-07-15,Asset2,-0.0007476736169815724
2011-07-18,Asset2,-0.002416778236187547
2011-07-19,Asset2,0.008018609778273032
2011-07-20,Asset2,-0.007952187395349029
2011-07-21,Asset2,-0.004388629454945523
2011-07-22,Asset2,0.015998284283901258
2011-07-25,Asset2,0.007897766834541856
2011-07-26,Asset2,-0.01782154502944746
2011-07-27,Asset2,-0.00483031485659513
2011-07-28,Asset2,-0.010219913192485138
2011-07-29,Asset2,-0.0010058767254339076
2011-08-01,Asset2,0.0060940920284567575
2011-08-02,Asset2,-0.01048433911827921
2011-08-03,Asset2,-0.009104654365533663
2011-08-04,Asset2,-0.012966252688808277
2011-08-05,Asset2,-0.02170520588531044
2011-08-08,Asset2,-0.01708611177740469
2011-08-09,Asset2,-0.008561865048353958
2011-08-10,Asset2,0.01668172814511067
2011-08-11,Asset2,-0.00422247384227859
2011-08-12,Asset2,-0.012209413110299324
2011-08-16,Asset2,-0.007030302610294648
2011-08-17,Asset2,0.003965265106728993
2011-08-18,Asset2,-0.02134876901775094
2011-08-19,Asset2,-0.01912563370199891
2011-08-22,Asset2,0.010529837540537344
2011-08-23,Asset2,0.0098179341201039
2011-08-24,Asset2,-0.011638950299382956
2011-08-25,Asset2,-0.0096806671123111
2011-08-26,Asset2,-0.01820982714928853
2011-08-29,Asset2,0.03473783395145823
2011-08-30,Asset2,0.015884198857388513
2011-09-02,Asset2,0.007486502699460048
2011-09-05,Asset2,-0.004342819940476197
2011-09-06,Asset2,0.009012122945033028
2011-09-07,Asset2,0.011440099517089096
2011-09-08,Asset2,0.005357652575923809
2011-09-09,Asset2,-0.01747398486392079
2011-09-12,Asset2,-0.021374728641502153
2011-09-13,Asset2,-0.0011352036107624387
2011-09-14,Asset2,0.013911418306788336
2011-09-15,Asset2,0.012094518231680597
2011-09-16,Asset2,0.001617079847935159
2011-09-19,Asset2,-0.00987516595368053
2011-09-20,Asset2,0.020652032704299474
2011-09-21,Asset2,-0.0012980403965752885
2011-09-22,Asset2,-0.03919857668143966
2011-09-23,Asset2,-0.01089921243678493
2011-09-26,Asset2,-0.006379968928149538
2011-09-27,Asset2,0.02697110815731847
2011-09-28,Asset2,-0.00489536711088757
2011-09-29,Asset2,0.013499723522176411
2011-09-30,Asset2,-0.013819733982161787
2011-10-03,Asset2,-0.01820664542558035
2011-10-04,Asset2,-0.015312113362202312
2011-10-05,Asset2,-0.004194355617406167
2011-10-07,Asset2,0.027630333886841357
2011-10-10,Asset2,0.01798023440058195
2011-10-11,Asset2,-0.0010121294684631722
2011-10-12,Asset2,0.024133366197237084
2011-10-13,Asset2,-0.004056911184881074
2011-10-14,Asset2,0.010294064957554881
2011-10-17,Asset2,-0.0026280250595807075
2011-10-18,Asset2,-0.015145801787720396
2011-10-19,Asset2,0.019371495037220757
2011-10-20,Asset2,-0.008826362503906147
2011-10-21,Asset2,-0.007908976908886914
2011-10-24,Asset2,0.009200864256667033
2011-10-25,Asset2,0.017558621570761233
2011-10-28,Asset2,0.0312689904261476
2011-10-31,Asset2,-0.006106682440220262
2011-11-01,Asset2,-0.012372602606116098
2011-11-02,Asset2,9.129032839219065e-05
2011-11-03,Asset2,0.0013326764045891793
2011-11-04,Asset2,0.003363659022931103
2011-11-08,Asset2,0.0009356016175134841
2011-11-09,Asset2,-0.0123962831046207
2011-11-11,Asset2,-0.009598015844439837
2011-11-14,Asset2,-0.0038074232427292645
2011-11-15,Asset2,-0.014889448521555942
2011-11-16,Asset2,-0.007206828943474442
2011-11-17,Asset2,-0.01826321381446313
2011-11-18,Asset2,-0.005631934241856236
2011-11-21,Asset2,-0.024940218439629906
2011-11-22,Asset2,0.006830809658758526
2011-11-23,Asset2,-0.02112562556483852
2011-11-25,Asset2,0.0007342317153258194
2011-11-28,Asset2,0.028789504489963067
2011-11-29,Asset2,-0.009142234150762187
2011-11-30,Asset2,0.005384220562360156
2011-12-01,Asset2,0.020821035650833226
2011-12-02,Asset2,0.022031824006898123
2011-12-05,Asset2,-0.0020910270396328557
2011-12-07,Asset2,0.004467457395845501
2011-12-08,Asset2,-0.022556035495054305
2011-12-09,Asset2,-0.014942748821063924
2011-12-12,Asset2,-0.0201401544817589
2011-12-13,Asset2,0.007253494373431267
2011-12-14,Asset2,-0.007469085743573132
2011-12-15,Asset2,-0.003406058101086487
2011-12-16,Asset2,-0.019164199464535125
2011-12-19,Asset2,-0.007945652941795842
2011-12-20,Asset2,-0.014338276831149877
2011-12-21,Asset2,0.03146686162671735
2011-12-22,Asset2,0.008325365333096997
2011-12-23,Asset2,-0.004025495813531315
2011-12-27,Asset2,0.007433177768349495
2011-12-28,Asset2,-0.009033193874329016
2011-12-29,Asset2,-0.012148373256986995
2011-12-30,Asset2,-0.004535310734463281
2012-01-03,Asset2,0.02927145853795864
2012-01-04,Asset2,-0.0031527725150096945
2012-01-05,Asset2,6.069526300414907e-05
2012-01-06,Asset2,0.0008387258994697078
2012-01-09,Asset2,-0.002281879015409949
2012-01-10,Asset2,0.021607490136672996
2012-01-11,Asset2,0.0022567816479421767
2012-01-12,Asset2,-0.005865558451410316
2012-01-13,Asset2,0.0069050452781371525
2012-01-16,Asset2,0.0015585504007397334
2012-01-17,Asset2,0.018396747583363935
2012-01-18,Asset2,-0.0022225354687836684
2012-01-19,Asset2,0.012126416747738063
2012-01-20,Asset2,0.005777177599270261
2012-01-23,Asset2,-0.0004468751151527073
2012-01-24,Asset2,0.015428505078028181
2012-01-25,Asset2,0.0057947513206833895
2012-01-27,Asset2,0.008635476162033272
2012-01-30,Asset2,-0.021654345259214874
2012-01-31,Asset2,0.021125585600631214
2012-02-01,Asset2,0.0067302375342598005
2012-02-02,Asset2,0.006270740784469382
2012-02-03,Asset2,0.010192259529656696
2012-02-06,Asset2,0.0064530191180417525
2012-02-07,Asset2,-0.004744808121261173
2012-02-08,Asset2,0.005937977485146817
2012-02-09,Asset2,0.007904434166689995
2012-02-10,Asset2,-0.005454192627484176
2012-02-13,Asset2,0.0015341336405867878
2012-02-14,Asset2,0.004603841063562016
2012-02-15,Asset2,0.020543454918694127
2012-02-16,Asset2,-0.0017353735411672134
2012-02-17,Asset2,0.007362548295801617
2012-02-21,Asset2,0.007392860772050157
2012-02-22,Asset2,-0.017429142113563004
2012-02-23,Asset2,-0.0038450381673296266
2012-02-24,Asset2,-0.009454161152319927
2012-02-27,Asset2,-0.026186733117454647
2012-02-28,Asset2,0.017141522599417914
2012-02-29,Asset2,0.0017323388521997885
2012-03-01,Asset2,-0.008102240569993847
2012-03-02,Asset2,0.003523778032679488
2012-03-05,Asset2,-0.01415096954258811
2012-03-06,Asset2,-0.010535700563622293
2012-03-07,Asset2,-0.0003584020345052608
2012-03-09,Asset2,0.02079813444010853
2012-03-12,Asset2,0.004679810054096265
2012-03-13,Asset2,0.01252944555926483
2012-03-14,Asset2,0.006082310756054952
2012-03-15,Asset2,-0.014653252746386587
2012-03-16,Asset2,-0.011169239615277356
2012-03-19,Asset2,-0.010984805058902012
2012-03-20,Asset2,0.003250545816545909
2012-03-21,Asset2,0.016397829729499307
2012-03-22,Asset2,-0.02442520344634197
2012-03-23,Asset2,0.009134638031518066
2012-03-26,Asset2,-0.017087678406002633
2012-03-27,Asset2,0.010906863336065983
2012-03-28,Asset2,-0.008861830600958031
2012-03-29,Asset2,-0.002938333172914973
2012-03-30,Asset2,0.021632547117110195
2012-04-02,Asset2,0.0040517216420111885
2012-04-03,Asset2,0.007329226661980358
2012-04-04,Asset2,-0.006377921759820816
2012-04-09,Asset2,-0.015961224437564783
2012-04-10,Asset2,0.0016873352561474777
2012-04-11,Asset2,-0.0030665954116500063
2012-04-12,Asset2,0.009183351177705178
2012-04-13,Asset2,-0.012625696204558032
2012-04-16,Asset2,0.0034565861073817673
2012-04-17,Asset2,0.011664306326167308
2012-04-18,Asset2,0.0018692576393577556
2012-04-19,Asset2,0.0058686615566038115
2012-04-20,Asset2,-0.007480274028672903
2012-04-23,Asset2,-0.01637544031693132
2012-04-24,Asset2,0.004070263450854483
2012-04-25,Asset2,-0.003795756296263271
2012-04-26,Asset2,-0.0023990772779699655
2012-04-27,Asset2,0.00029602885912503044
2012-04-30,Asset2,0.010643819878350272
2012-05-02,Asset2,-0.0016462944391397018
2012-05-03,Asset2,-0.009299218557996376
2012-05-04,Asset2,-0.01878957180150323
2012-05-07,Asset2,0.005152070927365173
2012-05-08,Asset2,-0.021436938854638793
2012-05-09,Asset2,-0.004828923100601159
2012-05-10,Asset2,-0.0017559751835176842
2012-05-11,Asset2,-0.007114461175757079
2012-05-14,Asset2,-0.004109658169436159
2012-05-15,Asset2,0.006846245025705358
2012-05-16,Asset2,-0.01642142423470695
2012-05-17,Asset2,0.002361382699531731
2012-05-18,Asset2,0.00418873951416515
2012-05-22,Asset2,-0.006074310544646516
2012-05-23,Asset2,-0.004908156311079139
2012-05-24,Asset2,0.01702356491111992
2012-05-25,Asset2,-0.00019506644837839816
2012-05-28,Asset2,0.012730672555733237
2012-05-29,Asset2,0.0008568968105825549
2012-05-30,Asset2,-0.0075702076132185435
2012-05-31,Asset2,-0.00513861536130893
2012-06-01,Asset2,-0.016112891557089955
2012-06-04,Asset2,0.0012987054637254405
2012-06-05,Asset2,0.002999887904243366
2012-06-06,Asset2,0.026411754653948096
2012-06-07,Asset2,0.010095417645057978
2012-06-08,Asset2,0.0035551350781105385
2012-06-11,Asset2,-0.0026991032064509215
2012-06-12,Asset2,0.011738551147317438
2012-06-13,Asset2,0.0010415139763697567
2012-06-14,Asset2,-0.012502745327604004
2012-06-15,Asset2,0.01601025025965669
2012-06-18,Asset2,-0.013972974621592799
2012-06-19,Asset2,0.007506756923532692
2012-06-20,Asset2,0.003141102979760646
2012-06-21,Asset2,0.008333516736998945
2012-06-22,Asset2,-0.003522204743465594
2012-06-25,Asset2,-0.0058576786844429666
2012-06-26,Asset2,0.0011543128782469836
2012-06-27,Asset2,0.003955650391069412
2012-06-28,Asset2,0.0013535852762958456
2012-06-29,Asset2,0.0241904008161238
2012-07-02,Asset2,-5.452130279493872e-05
2012-07-03,Asset2,0.0017004686060582233
2012-07-04,Asset2,0.0026504835488851343
2012-07-05,Asset2,0.004480863146065275
2012-07-06,Asset2,-0.001865039581826764
2012-07-09,Asset2,-0.0075472366254959065
2012-07-10,Asset2,0.012775407096973198
2012-07-11,Asset2,-0.007013250875080637
2012-07-12,Asset2,-0.012854119633373564
2012-07-13,Asset2,-0.0014669786543144525
2012-07-16,Asset2,-0.005509589172126859
2012-07-17,Asset2,-0.0008127194670257865
2012-07-18,Asset2,0.0043351374152241825
2012-07-19,Asset2,0.0048586883325273085
2012-07-20,Asset2,-0.00688501962829637
2012-07-23,Asset2,-0.016073448095200327
2012-07-24,Asset2,0.0019226447355842427
2012-07-25,Asset2,-0.0034819416305786536
2012-07-26,Asset2,-0.012512934971041504
2012-07-27,Asset2,0.010822148274836324
2012-07-30,Asset2,0.018814615510776848
2012-07-31,Asset2,0.005391012837596066
2012-08-01,Asset2,0.0021113023522662646
2012-08-02,Asset2,-0.0023356549947524388
2012-08-03,Asset2,-0.0022127707904930818
2012-08-06,Asset2,0.01230431631359423
2012-08-07,Asset2,0.009840773286012593
2012-08-08,Asset2,0.000233817238055849
2012-08-09,Asset2,-0.002706596571749742
2012-08-10,Asset2,-0.00045994817914245094
2012-08-13,Asset2,0.004962033020933348
2012-08-14,Asset2,0.005825125389191968
2012-08-16,Asset2,-0.003104613258768545
2012-08-17,Asset2,0.0005996000117269774
2012-08-21,Asset2,0.009785548592370859
2012-08-22,Asset2,-0.001443258854454932
2012-08-23,Asset2,0.0004433893340293338
2012-08-24,Asset2,-0.005078878697409408
2012-08-27,Asset2,-0.006496033978362128
2012-08-29,Asset2,-0.011205492733984386
2012-08-30,Asset2,0.0049472372189298145
2012-08-31,Asset2,-0.01021398001804645
2012-09-03,Asset2,-0.0008671674431872135
2012-09-04,Asset2,0.003700214132762341
2012-09-05,Asset2,-0.008791773321956776
2012-09-06,Asset2,0.002333030655094959
2012-09-07,Asset2,0.019004312262501842
2012-09-10,Asset2,0.0038367109143073465
2012-09-11,Asset2,0.00475212998570882
2012-09-12,Asset2,0.007302411873840456
2012-09-13,Asset2,0.0007689364297552004
2012-09-14,Asset2,0.02513321314093574
2012-09-17,Asset2,0.0055679532229066814
2012-09-18,Asset2,-0.0017027072192513871
2012-09-20,Asset2,-0.00785132526199977
2012-09-21,Asset2,0.02366186366296084
2012-09-24,Asset2,-0.0036350847992038383
2012-09-25,Asset2,0.0007280606090201759
2012-09-26,Asset2,-0.0017680464799627773
2012-09-27,Asset2,-0.0023646694220219545
2012-09-28,Asset2,0.009142014780068949
2012-10-01,Asset2,0.002609015922285849
2012-10-03,Asset2,0.0020899817983141846
2012-10-04,Asset2,0.009438794983642397
2012-10-05,Asset2,-0.006742674958797324
2012-10-08,Asset2,-0.011851884075062245
2012-10-09,Asset2,0.004837225819238996
2012-10-10,Asset2,-0.00882659373804092
2012-10-11,Asset2,0.009494423746218601
2012-10-12,Asset2,-0.005381873153029027
2012-10-15,Asset2,0.0018943081667678286
2012-10-16,Asset2,-0.006625346169062425
2012-10-17,Asset2,0.0020821529745041548
2012-10-18,Asset2,0.009913376175963934
2012-10-19,Asset2,-0.005783165119778247
2012-10-22,Asset2,0.005556389365351536
2012-10-23,Asset2,-0.004323832752726347
2012-10-25,Asset2,0.0023445736512918104
2012-10-29,Asset2,-0.006680055396683465
2012-10-30,Asset2,-0.011471368677589135
2012-10-31,Asset2,0.0037385951187225435
2012-11-01,Asset2,0.0043304133947037115
2012-11-02,Asset2,0.008953751826605513
2012-11-05,Asset2,0.0010951787187983798
2012-11-06,Asset2,0.0033995508723440797
2012-11-07,Asset2,0.005987035861342989
2012-11-08,Asset2,-0.0035582877732176503
2012-11-09,Asset2,-0.008782400348507979
2012-11-12,Asset2,-0.0004304792262035662
2012-11-15,Asset2,-0.008901276591211628
2012-11-16,Asset2,-0.009709143580181136
2012-11-19,Asset2,-0.00045638383924391236
2012-11-20,Asset2,2.5829459834554314e-05
2012-11-21,Asset2,0.007452145534994302
2012-11-22,Asset2,0.0022141817931995433
2012-11-23,Asset2,-0.00019615410243876142
2012-11-26,Asset2,0.0015867153067654982
2012-11-27,Asset2,0.015594365189745645
2012-11-29,Asset2,0.01635069870649325
2012-11-30,Asset2,0.009039672746781094
2012-12-03,Asset2,-0.001453082324905779
2012-12-04,Asset2,0.002992328654742451
2012-12-05,Asset2,0.0018338498110964708
2012-12-06,Asset2,0.004946005635115683
2012-12-07,Asset2,-0.003803807241981048
2012-12-10,Asset2,0.00024376206517338518
2012-12-11,Asset2,-0.0016409304456408338
2012-12-12,Asset2,-0.0017576138949081611
2012-12-13,Asset2,-0.005951086956521721
2012-12-14,Asset2,0.004610115995898526
2012-12-17,Asset2,-0.0035431300010189664
2012-12-18,Asset2,0.0063749648974128804
2012-12-19,Asset2,0.005339893212072298
2012-12-20,Asset2,-0.0021371065993150396
2012-12-21,Asset2,-0.011147271962443491
2012-12-24,Asset2,0.0013215131148812988
2012-12-26,Asset2,0.008172496050890104
2012-12-27,Asset2,-0.005770793727385169
2012-12-28,Asset2,0.0062554299567499074
2012-12-31,Asset2,-0.0005280662026506633
2013-01-02,Asset2,0.014330647211820705
2013-01-03,Asset2,0.002602928294331051
2013-01-04,Asset2,0.0010623023962060786
2013-01-07,Asset2,-0.004428081153633059
2013-01-08,Asset2,0.002132169103303099
2013-01-09,Asset2,-0.004830662405070463
2013-01-10,Asset2,-0.00045819203717663016
2013-01-11,Asset2,-0.0027905965373273747
2013-01-14,Asset2,0.011735251506736618
2013-01-15,Asset2,0.005187254797542381
2013-01-16,Asset2,-0.008678136108134248
2013-01-17,Asset2,0.005974173490937745
2013-01-18,Asset2,0.00400578188627982
2013-01-21,Asset2,0.002833570761611455
2013-01-22,Asset2,-0.005334793341655555
2013-01-23,Asset2,0.0009205278168141007
2013-01-24,Asset2,-0.005541800015259036
2013-01-25,Asset2,0.008819525636276141
2013-01-28,Asset2,2.3689636820733997e-05
2013-01-29,Asset2,-0.003934929054214287
2013-01-30,Asset2,0.0009282953173860165
2013-01-31,Asset2,-0.0033290674152665293
2013-02-01,Asset2,-0.005702985832055987
2013-02-04,Asset2,-0.0018643261984802352
2013-02-05,Asset2,-0.004866356632844813
2013-02-06,Asset2,0.00037070981319182295
2013-02-07,Asset2,-0.003286409980890568
2013-02-08,Asset2,-0.005706171889015793
2013-02-11,Asset2,-0.0009187611162870013
2013-02-12,Asset2,0.004012293608378315
2013-02-13,Asset2,0.0016939109328829717
2013-02-14,Asset2,-0.005825095249797521
2013-02-15,Asset2,-0.001554749649621954
2013-02-18,Asset2,0.0017610968206648182
2013-02-19,Asset2,0.006754602875579181
2013-02-20,Asset2,0.0005413783346400437
2013-02-21,Asset2,-0.014667185260881973
2013-02-22,Asset2,-0.00031990900935539916
2013-02-25,Asset2,0.0007302510371481219
2013-02-26,Asset2,-0.015314728425637336
2013-02-27,Asset2,0.005923579008657001
2013-02-28,Asset2,-0.017198174098140236
2013-03-01,Asset2,0.004493966481539431
2013-03-04,Asset2,-0.0035582612383564085
2013-03-05,Asset2,0.014445906817583492
2013-03-06,Asset2,0.005701014608635546
2013-03-07,Asset2,0.007374921463890446
2013-03-08,Asset2,0.01349144298177606
2013-03-11,Asset2,-0.0005409108505900662
2013-03-12,Asset2,-0.004563850926705975
2013-03-13,Asset2,-0.010210159661303387
2013-03-14,Asset2,0.009474979175112495
2013-03-15,Asset2,-0.005905633419906416
2013-03-18,Asset2,-0.006105659018789673
2013-03-19,Asset2,-0.014691369264384592
2013-03-20,Asset2,-0.00861272366933708
2013-03-21,Asset2,-0.006010098840426289
2013-03-22,Asset2,-0.0012553843605036265
2013-03-25,Asset2,-0.0029727409751109947
2013-03-26,Asset2,0.0013205889171766928
2013-03-28,Asset2,0.006968185987931222
2013-04-01,Asset2,0.0036913171852354766
2013-04-02,Asset2,0.007354355974019811
2013-04-03,Asset2,-0.012559312863990684
2013-04-04,Asset2,-0.016609478022178978
2013-04-05,Asset2,-0.0037024081797389745
2013-04-08,Asset2,-0.0017805451762481896
2013-04-09,Asset2,-0.008287300468412405
2013-04-10,Asset2,0.011111006654099214
2013-04-11,Asset2,0.006096355498462956
2013-04-12,Asset2,-0.011232067840543467
2013-04-15,Asset2,0.006919733944978504
2013-04-16,Asset2,0.02078304060045859
2013-04-17,Asset2,-4.218704537045426e-05
2013-04-18,Asset2,0.015930511916355458
2013-04-22,Asset2,0.008515815335784823
2013-04-23,Asset2,0.0004113533594151165
2013-04-25,Asset2,0.013058970947813152
2013-04-26,Asset2,-0.00727745827990102
2013-04-29,Asset2,0.005338358532790295
2013-04-30,Asset2,0.00424384636702655
2013-05-02,Asset2,0.011194209986784715
2013-05-03,Asset2,-0.008856974986467066
2013-05-06,Asset2,0.004368743691117061
2013-05-07,Asset2,0.011656241745858794
2013-05-08,Asset2,0.004090311290365634
2013-05-09,Asset2,-0.0030289995290398155
2013-05-10,Asset2,0.007076864944026156
2013-05-13,Asset2,-0.01800366093769224
2013-05-14,Asset2,0.0023997723049761534
2013-05-15,Asset2,0.024234595876281875
2013-05-16,Asset2,0.003615553951275033
2013-05-17,Asset2,0.002707322082106174
2013-05-20,Asset2,-0.004716743518374536
2013-05-21,Asset2,-0.0066734579336524295
2013-05-22,Asset2,-0.0030774919365832436
2013-05-23,Asset2,-0.020075836820083702
2013-05-24,Asset2,0.0026545781447234163
2013-05-27,Asset2,0.01597982750558778
2013-05-28,Asset2,0.004434560085327988
2013-05-29,Asset2,-0.001091787686643464
2013-05-30,Asset2,0.0031060073401768308
2013-05-31,Asset2,-0.021648358394884933
2013-06-03,Asset2,-0.007481581626768304
2013-06-04,Asset2,-0.003208395876052706
2013-06-05,Asset2,0.0007135639477708367
2013-06-06,Asset2,-0.00039707073292262864
2013-06-07,Asset2,-0.0065497866872069824
2013-06-10,Asset2,-0.0004897126339058388
2013-06-11,Asset2,-0.014568252381762471
2013-06-12,Asset2,-0.0047428872868894
2013-06-13,Asset2,-0.010182995687846558
2013-06-14,Asset2,0.018411294889021407
2013-06-17,Asset2,0.0068838074034582065
2013-06-18,Asset2,-0.005981439460902003
2013-06-19,Asset2,0.0014283586952167583
2013-06-20,Asset2,-0.027428587530593875
2013-06-21,Asset2,0.0019943775870795836
2013-06-24,Asset2,-0.013110179268354756
2013-06-25,Asset2,0.003237081302267342
2013-06-26,Asset2,-0.003491452444962278
2013-06-27,Asset2,0.016086729133440798
2013-06-28,Asset2,0.027005744298172447
2013-07-01,Asset2,0.009308805660859535
2013-07-02,Asset2,-0.006721357653376075
2013-07-03,Asset2,-0.014201143656248938
2013-07-04,Asset2,0.010987589859988278
2013-07-05,Asset2,0.005090281355126223
2013-07-08,Asset2,-0.009218987141957414
2013-07-09,Asset2,0.007838216832153435
2013-07-10,Asset2,-0.006930843573988739
2013-07-11,Asset2,0.01954096006900926
2013-07-12,Asset2,0.011953278812941264
2013-07-15,Asset2,0.00348274463305053
2013-07-16,Asset2,-0.012026234471193576
2013-07-17,Asset2,0.002909670039041217
2013-07-18,Asset2,0.010406308411176825
2013-07-19,Asset2,-0.0014070147274049206
2013-07-22,Asset2,0.00041392306096255994
2013-07-23,Asset2,0.007321197889505769
2013-07-24,Asset2,-0.013789169632629737
2013-07-25,Asset2,-0.013301060011685203
2013-07-26,Asset2,-0.0034613309352517878
2013-07-29,Asset2,-0.008896789017081625
2013-07-30,Asset2,-0.012609826546762692
2013-07-31,Asset2,-0.0021768382420941637
2013-08-01,Asset2,-0.0023657099007314388
2013-08-02,Asset2,-0.008371760203644493
2013-08-05,Asset2,0.00126807448596054
2013-08-06,Asset2,-0.024171370283618644
2013-08-07,Asset2,-0.00400990685191033
2013-08-08,Asset2,0.008096938216245988
2013-08-12,Asset2,0.008063748311064458
2013-08-13,Asset2,0.014864212761311252
2013-08-14,Asset2,0.00724299500195599
2013-08-16,Asset2,-0.03919539668867018
2013-08-19,Asset2,-0.016227038166494838
2013-08-20,Asset2,-0.002357968973636808
2013-08-21,Asset2,-0.01757757112754554
2013-08-22,Asset2,0.019172733636585237
2013-08-23,Asset2,0.011235716389265704
2013-08-26,Asset2,0.000833371407684922
2013-08-27,Asset2,-0.03313937962202136
2013-08-28,Asset2,-0.00044486234633197343
2013-08-29,Asset2,0.02253317171239367
2013-08-30,Asset2,0.011136891353412254
2013-09-02,Asset2,0.013851418218018738
2013-09-03,Asset2,-0.036198317794892534
2013-09-04,Asset2,0.019167810708007594
2013-09-05,Asset2,0.02552377732740645
2013-09-06,Asset2,0.015010274688367532
2013-09-10,Asset2,0.03656363941283502
2013-09-11,Asset2,0.0026699294102683524
2013-09-12,Asset2,-0.010138711133678095
2013-09-13,Asset2,-1.6424316200094327e-05
2013-09-16,Asset2,-0.0016491096791703443
2013-09-17,Asset2,0.001586216248436756
2013-09-18,Asset2,0.008081774712236865
2013-09-19,Asset2,0.03516524729115211
2013-09-20,Asset2,-0.016239213467590264
2013-09-23,Asset2,-0.019536616463819174
2013-09-24,Asset2,0.00044011842607929454
2013-09-25,Asset2,-0.003030334268112256
2013-09-26,Asset2,0.0013728484922039996
2013-09-27,Asset2,-0.008005068213693713
2013-09-30,Asset2,-0.01611197487710513
2013-10-01,Asset2,0.007490454111028129
2013-10-03,Asset2,0.021533443344910527
2013-10-04,Asset2,-0.0003899309480754454
2013-10-07,Asset2,-0.000186871546476155
2013-10-08,Asset2,0.0036165692292237854
2013-10-09,Asset2,0.012800803336495222
2013-10-10,Asset2,0.002157321255882039
2013-10-11,Asset2,0.011998106221878545
2013-10-14,Asset2,0.0025983398662300064
2013-10-15,Asset2,-0.0037142955280893377
2013-10-17,Asset2,-0.0068108687036972535
2013-10-18,Asset2,0.02278587754820528
2013-10-21,Asset2,0.0024196552971969256
2013-10-22,Asset2,-0.0003326980773446664
2013-10-23,Asset2,-0.003784052281078303
2013-10-24,Asset2,-0.0021753380413159465
2013-10-25,Asset2,-0.0030290601935635667
2013-10-28,Asset2,-0.006842717240025778
2013-10-29,Asset2,0.018850340210641862
2013-10-30,Asset2,0.004753055299742002
2013-10-31,Asset2,0.0072862929006344505
2013-11-01,Asset2,0.001226876859546451
2013-11-05,Asset2,-0.008226832769405874
2013-11-06,Asset2,-0.005833859825801895
2013-11-07,Asset2,-0.004309454586107329
2013-11-08,Asset2,-0.007214836963109584
2013-11-11,Asset2,-0.009684841021047923
2013-11-12,Asset2,-0.00959399912381194
2013-11-13,Asset2,-0.004538300551904158
2013-11-14,Asset2,0.010666457102035808
2013-11-18,Asset2,0.02105893939326748
2013-11-19,Asset2,0.0022258997818710925
2013-11-20,Asset2,-0.012450077181550619
2013-11-21,Asset2,-0.01941826514336583
2013-11-22,Asset2,-0.0005760287232987693
2013-11-25,Asset2,0.019198542644886418
2013-11-26,Asset2,-0.00883023852071787
2013-11-27,Asset2,-0.0003168787392607087
2013-11-28,Asset2,0.005507586049784621
2013-11-29,Asset2,0.013276754795906315
2013-12-02,Asset2,0.006489532126464397
2013-12-03,Asset2,-0.0024703072217501544
2013-12-04,Asset2,-0.006330998916732647
2013-12-05,Asset2,0.012488967417484106
2013-12-06,Asset2,0.002891767832209169
2013-12-09,Asset2,0.015949136816487908
2013-12-10,Asset2,-0.004683890846400978
2013-12-11,Asset2,-0.003782212926351214
2013-12-12,Asset2,-0.010782684380379593
2013-12-13,Asset2,-0.010566519157898854
2013-12-16,Asset2,-0.0021321118860991107
2013-12-17,Asset2,-0.0024411221543240206
2013-12-18,Asset2,0.012212980206277493
2013-12-19,Asset2,-0.007797785281278778
2013-12-20,Asset2,0.016750763443006633
2013-12-23,Asset2,0.0015683149380404872
2013-12-24,Asset2,-0.0024593991168748988
2013-12-26,Asset2,0.0016080658791778292
2013-12-27,Asset2,0.00533595164297708
2013-12-30,Asset2,-0.003451442779959777
2013-12-31,Asset2,0.0019684802431635265
2014-01-02,Asset2,-0.012616766140545722
2014-01-03,Asset2,-0.0015431230802497354
2014-01-06,Asset2,-0.0030448015339097625
2014-01-07,Asset2,-0.004527564078803828
2014-01-08,Asset2,0.001923987788551216
2014-01-09,Asset2,-0.0009717228492704068
2014-01-10,Asset2,0.0004824780861790856
2014-01-13,Asset2,0.01575769218292706
2014-01-14,Asset2,-0.0047290113985094355
2014-01-15,Asset2,0.012157903716478985
2014-01-16,Asset2,-0.0003037542169095531
2014-01-17,Asset2,-0.008697716509105469
2014-01-20,Asset2,0.006485236620271735
2014-01-21,Asset2,0.001499952364317636
2014-01-22,Asset2,0.0038240640734404255
2014-01-23,Asset2,0.001014634687421321
2014-01-24,Asset2,-0.01193635126671957
2014-01-27,Asset2,-0.0200524843419635
2014-01-28,Asset2,-0.0015020076441437525
2014-01-29,Asset2,-0.000940216282391333
2014-01-30,Asset2,-0.00730163187778274
2014-01-31,Asset2,0.0024972935792428076
2014-02-03,Asset2,-0.013825796452910773
2014-02-04,Asset2,-0.00014394119732642709
2014-02-05,Asset2,0.0034394841333611485
2014-02-06,Asset2,0.002215712418035594
2014-02-07,Asset2,0.0042781796523668454
2014-02-10,Asset2,-0.001543739229860215
2014-02-11,Asset2,0.0014669320327234915
2014-02-12,Asset2,0.003372723677777998
2014-02-13,Asset2,-0.013080852440828432
2014-02-14,Asset2,0.007558614131051727
2014-02-18,Asset2,0.012499276460417761
2014-02-19,Asset2,0.004018851635771341
2014-02-20,Asset2,-0.0095644732030393
2014-02-21,Asset2,0.01008626813484888
2014-02-24,Asset2,0.004780138790239335
2014-02-25,Asset2,0.002164807962786384
2014-02-26,Asset2,0.0059999518023025195
2014-02-28,Asset2,0.005870419976047785
2014-03-03,Asset2,-0.008488198622284459
2014-03-04,Asset2,0.01180432177297398
2014-03-05,Asset2,0.004679573168415274
2014-03-06,Asset2,0.010997606294230949
2014-03-07,Asset2,0.018821618277660764
2014-03-10,Asset2,0.0015591603506027241
2014-03-11,Asset2,-0.003722680599640569
2014-03-12,Asset2,0.0007371120674432775
2014-03-13,Asset2,-0.0035059327045644296
2014-03-14,Asset2,0.0016411411482545903
2014-03-18,Asset2,0.0018375385737070362
2014-03-19,Asset2,0.001090116295405892
2014-03-20,Asset2,-0.0060256619625672775
2014-03-21,Asset2,0.0014955952559648012
2014-03-24,Asset2,0.013350552869535763
2014-03-25,Asset2,0.0009113693324218986
2014-03-26,Asset2,0.0016971670017831288
2014-03-27,Asset2,0.005867860502777234
2014-03-28,Asset2,0.007826838747318163
2014-03-31,Asset2,0.001190023949911563
2014-04-01,Asset2,0.002412759841406569
2014-04-02,Asset2,0.004499297115594985
2014-04-03,Asset2,-0.002338630473934096
2014-04-04,Asset2,-0.005950030346779621
2014-04-07,Asset2,0.00010034114442781573
2014-04-09,Asset2,0.014503906293872932
2014-04-10,Asset2,2.820969725590317e-05
2014-04-11,Asset2,-0.002839163973171388
2014-04-15,Asset2,-0.0061201127378266666
2014-04-16,Asset2,-0.008241119312828183
2014-04-17,Asset2,0.014971027021112065
2014-04-21,Asset2,0.005416408609750931
2014-04-22,Asset2,-0.000323837763983903
2014-04-23,Asset2,0.0035848075887402334
2014-04-25,Asset2,-0.008146388447417188
2014-04-28,Asset2,-0.003043013526961822
2014-04-29,Asset2,-0.006531336661120335
2014-04-30,Asset2,-0.0026947758832507776
2014-05-02,Asset2,-0.00022939098208013322
2014-05-05,Asset2,0.0006524887042837691
2014-05-06,Asset2,0.002285552856142914
2014-05-07,Asset2,-0.008970560027409391
2014-05-08,Asset2,0.0010534729473295102
2014-05-09,Asset2,0.02867808072995736
2014-05-12,Asset2,0.02175776983576789
2014-05-13,Asset2,0.012933670741704335
2014-05-14,Asset2,0.0
2014-05-15,Asset2,0.0019446324951644558
2014-05-16,Asset2,0.010761544373055827
2014-05-19,Asset2,0.00806994481466056
2014-05-20,Asset2,0.0015794188528310117
2014-05-21,Asset2,-0.002982075974159848
2014-05-22,Asset2,0.0031104799878334437
2014-05-23,Asset2,0.011966382918557558
2014-05-26,Asset2,-0.001049026231156951
2014-05-27,Asset2,-0.005355013696863154
2014-05-28,Asset2,0.00152827360617664
2014-05-29,Asset2,-0.012311638509657144
2014-05-30,Asset2,-0.0007562166251613789
2014-06-02,Asset2,0.01760009530667304
2014-06-03,Asset2,0.006956345500848898
2014-06-04,Asset2,-0.0017605660279091497
2014-06-05,Asset2,0.009318260495119688
2014-06-06,Asset2,0.014038855665433801
2014-06-09,Asset2,0.009013396152149938
2014-06-10,Asset2,0.0002257221119269559
2014-06-11,Asset2,-0.003705111130796084
2014-06-12,Asset2,0.002901304236568052
2014-06-13,Asset2,-0.013527995636687145
2014-06-16,Asset2,-0.0010883283361024
2014-06-17,Asset2,0.012507300999241053
2014-06-18,Asset2,-0.00924564621174966
2014-06-19,Asset2,-0.0022227513913192
2014-06-20,Asset2,-0.0037237921244309647
2014-06-23,Asset2,-0.002313280831022908
2014-06-24,Asset2,0.011126678009623206
2014-06-25,Asset2,-0.0013867954973670394
2014-06-26,Asset2,-0.009645316576939606
2014-06-27,Asset2,0.0019985619774802645
2014-06-30,Asset2,0.013111054204500478
2014-07-01,Asset2,0.0029450877258821607
2014-07-02,Asset2,0.011373297775767597
2014-07-03,Asset2,-0.0012862007696427826
2014-07-04,Asset2,0.00457928684403889
2014-07-07,Asset2,0.004402679713872076
2014-07-08,Asset2,-0.020211723252255426
2014-07-09,Asset2,-0.004810602707580713
2014-07-10,Asset2,-0.0021832564271588597
2014-07-11,Asset2,-0.013719256879521602
2014-07-14,Asset2,-0.0007014032161916717
2014-07-15,Asset2,0.009337080808921813
2014-07-16,Asset2,0.012467698274471105
2014-07-17,Asset2,0.0020209172456003444
2014-07-18,Asset2,0.0029463864267855657
2014-07-21,Asset2,0.002542867404105849
2014-07-22,Asset2,0.010450522397762044
2014-07-23,Asset2,0.003448046230717168
2014-07-24,Asset2,0.004291581149985575
2014-07-25,Asset2,-0.004922216148100383
2014-07-28,Asset2,-0.005144760443256012
2014-07-30,Asset2,0.005290141277474803
2014-07-31,Asset2,-0.008637227532083963
2014-08-01,Asset2,-0.01475810053131486
2014-08-04,Asset2,0.010234368702884496
2014-08-05,Asset2,0.007858752938701842
2014-08-06,Asset2,-0.009232497279849988
2014-08-07,Asset2,-0.002852928885658024
2014-08-08,Asset2,-0.010128076281988464
2014-08-11,Asset2,0.007280704550014648
2014-08-12,Asset2,0.012727020569798455
2014-08-13,Asset2,0.0015529859782604661
2014-08-14,Asset2,0.006468641750929579
2014-08-18,Asset2,0.010170798479602184
2014-08-19,Asset2,0.002834555671968673
2014-08-20,Asset2,-0.0026985992402658713
2014-08-21,Asset2,0.0019260576265264719
2014-08-22,Asset2,0.0026886103949311036
2014-08-25,Asset2,-0.0008371297119367328
2014-08-26,Asset2,-0.00018818063275542586
2014-08-27,Asset2,0.0038012350169202595
2014-08-28,Asset2,0.002213731224270177
2014-09-01,Asset2,0.008852526339109375
2014-09-02,Asset2,0.006619034556251365
2014-09-03,Asset2,0.0037471352994059262
2014-09-04,Asset2,-0.002206381834536906
2014-09-05,Asset2,-0.0010790696013740586
2014-09-08,Asset2,0.010333790226211762
2014-09-09,Asset2,-0.002460480185747507
2014-09-10,Asset2,-0.006929527642948444
2014-09-11,Asset2,-0.000996269647361423
2014-09-12,Asset2,0.0023507936283636613
2014-09-15,Asset2,-0.007520819196841693
2014-09-16,Asset2,-0.013023637621238501
2014-09-17,Asset2,0.005155251453244318
2014-09-18,Asset2,0.016761331577957464
2014-09-19,Asset2,0.0007926538094211821
2014-09-22,Asset2,0.0029373602529471302
2014-09-23,Asset2,-0.015172532679054954
2014-09-24,Asset2,-0.0018140088436366499
2014-09-25,Asset2,-0.010862717879737645
2014-09-26,Asset2,0.006916207881164241
2014-09-29,Asset2,-0.0011986908252684715
2014-09-30,Asset2,0.0007116443628512315
2014-10-01,Asset2,-0.0023202089761407765
2014-10-07,Asset2,-0.011254590109956128
2014-10-08,Asset2,-0.001185843674011089
2014-10-09,Asset2,0.01442559605524899
2014-10-10,Asset2,-0.012131778252694545
2014-10-13,Asset2,0.0029679338825725665
2014-10-14,Asset2,-0.0024656752386085757
2014-10-16,Asset2,-0.01413629355289931
2014-10-17,Asset2,0.0039028418520077684
2014-10-20,Asset2,0.01230275156459996
2014-10-21,Asset2,0.0058908158394389435
2014-10-22,Asset2,0.008252518842042207
2014-10-27,Asset2,-0.0005042232643280897
2014-10-28,Asset2,0.0043124623556593635
2014-10-29,Asset2,0.00751608114704375
2014-10-30,Asset2,0.009344350212278842
2014-10-31,Asset2,0.01797972830734146
2014-11-03,Asset2,0.00022496304535607695
2014-11-05,Asset2,0.0016318106788769883
2014-11-07,Asset2,-0.00014964831311278462
2014-11-10,Asset2,0.00083483267362368
2014-11-11,Asset2,0.002116951793151074
2014-11-12,Asset2,0.0023704730646426243
2014-11-13,Asset2,-0.0029143878984667993
2014-11-14,Asset2,0.0036814194365840792
2014-11-17,Asset2,0.004674146673281073
2014-11-18,Asset2,-0.0005522195534205565
2014-11-19,Asset2,-0.0049676070876142125
2014-11-20,Asset2,0.0022447971247076736
2014-11-21,Asset2,0.008620817509431547
2014-11-24,Asset2,0.005979315745565615
2014-11-25,Asset2,-0.00754602756719784
2014-11-26,Asset2,0.0014349795654711528
2014-11-27,Asset2,0.002089748694805849
2014-11-28,Asset2,0.010629348311077536
2014-12-01,Asset2,-0.003616059732774382
2014-12-02,Asset2,-0.0035007639327848854
2014-12-03,Asset2,0.0014583724019804124
2014-12-04,Asset2,0.003007853311515163
2014-12-05,Asset2,-0.0029256645365889613
2014-12-08,Asset2,-0.011249055982699298
2014-12-09,Asset2,-0.011098013509910274
2014-12-10,Asset2,0.0017207413243394854
2014-12-11,Asset2,-0.007209492640763103
2014-12-12,Asset2,-0.007964493348390783
2014-12-15,Asset2,-0.000525285466517893
2014-12-16,Asset2,-0.017752632510660185
2014-12-17,Asset2,-0.004498026775092861
2014-12-18,Asset2,0.015482328703565714
2014-12-19,Asset2,0.007753652459694465
2014-12-22,Asset2,0.01153136826433162
2014-12-23,Asset2,-0.006573762614127824
2014-12-24,Asset2,-0.01078794075843721
2014-12-26,Asset2,0.0031240250847090326
2014-12-29,Asset2,0.005338035040595984
2014-12-30,Asset2,0.00022703364470650912
2014-12-31,Asset2,0.004009600521322767
2015-01-02,Asset2,0.013068202089610566
2015-01-05,Asset2,-0.001949605097906293
2015-01-06,Asset2,-0.028765428961795084
2015-01-07,Asset2,-0.0029825219424213147
2015-01-08,Asset2,0.015699575383769402
2015-01-09,Asset2,0.005817450425332425
2015-01-12,Asset2,0.004461343472750344
2015-01-13,Asset2,-0.0027220503424246092
2015-01-14,Asset2,-0.0025274792771409695
2015-01-15,Asset2,0.025120545017107292
2015-01-16,Asset2,0.0022207562419449545
2015-01-19,Asset2,0.004160818413946715
2015-01-20,Asset2,0.01626807563388283
2015-01-21,Asset2,0.003742625748880286
2015-01-22,Asset2,0.0035081476602324816
2015-01-23,Asset2,0.008130121535847225
2015-01-27,Asset2,0.008138030035189132
2015-01-28,Asset2,0.0004093835923910661
2015-01-29,Asset2,0.004097664797047927
2015-01-30,Asset2,-0.015382693483707044
2015-02-02,Asset2,-0.0012532778792400734
2015-02-03,Asset2,-0.004457744419793777
2015-02-04,Asset2,-0.0036013756220650353
2015-02-05,Asset2,-0.0013205405667413572
2015-02-06,Asset2,-0.005581502337071172
2015-02-09,Asset2,-0.01493031334723586
2015-02-10,Asset2,0.004413634113551055
2015-02-11,Asset2,0.006932019993334891
2015-02-12,Asset2,0.00936358970748394
2015-02-13,Asset2,0.010353173605397857
2015-02-16,Asset2,0.00041969507694048506
2015-02-18,Asset2,0.006511263889329158
2015-02-19,Asset2,0.0028359347180421683
2015-02-20,Asset2,-0.0066588185671703935
2015-02-23,Asset2,-0.008547301308502746
2015-02-24,Asset2,0.0007839493482983073
2015-02-25,Asset2,0.0005642911197573853
2015-02-26,Asset2,-0.009132210784453499
2015-02-27,Asset2,0.017770920379988838
2015-03-02,Asset2,0.012172894167631797
2015-03-03,Asset2,0.004233678510620536
2015-03-04,Asset2,-0.007853897457273825
2015-03-05,Asset2,0.0016245873552583846
2015-03-09,Asset2,-0.019441134513719868
2015-03-10,Asset2,-0.00490046963770805
2015-03-11,Asset2,-0.0013332826671572208
2015-03-12,Asset2,0.008391750626266372
2015-03-13,Asset2,-0.014029170464904334
2015-03-16,Asset2,-0.0016207250440865907
2015-03-17,Asset2,0.010024548812908521
2015-03-18,Asset2,-0.004115809189626525
2015-03-19,Asset2,-0.005664352316669828
2015-03-20,Asset2,-0.007087721822118916
2015-03-23,Asset2,-0.0022401380397561255
2015-03-24,Asset2,-0.0008925595143603716
2015-03-25,Asset2,-0.0013653801945843116
2015-03-26,Asset2,-0.02122936203478691
2015-03-27,Asset2,-8.630868136940251e-05
2015-03-30,Asset2,0.01736680062292827
2015-03-31,Asset2,-0.00014693457940698096
2015-04-01,Asset2,0.010769049581910224
2015-04-06,Asset2,0.008234604745960042
2015-04-07,Asset2,4.427735686363122e-05
2015-04-08,Asset2,0.005997085975232466
2015-04-09,Asset2,0.007039318226185074
2015-04-10,Asset2,0.0002241678393063751
2015-04-13,Asset2,0.00586586836417169
2015-04-16,Asset2,-0.013833802637536757
2015-04-17,Asset2,-0.01110319470424006
2015-04-20,Asset2,-0.01761380141761567
2015-04-21,Asset2,-0.007994179534182386
2015-04-22,Asset2,0.005952933365163702
2015-04-23,Asset2,-0.0035759723716819996
2015-04-24,Asset2,-0.010636416248219868
2015-04-27,Asset2,-0.010570685710845568
2015-04-28,Asset2,0.008391708361416833
2015-04-29,Asset2,-0.005312304127054049
2015-04-30,Asset2,-0.006786613671531257
2015-05-04,Asset2,0.01765350944203377
2015-05-05,Asset2,-0.0008238617417398687
2015-05-06,Asset2,-0.026269438020222646
2015-05-07,Asset2,-0.004706951648758811
2015-05-08,Asset2,0.015989499040987527
2015-05-11,Asset2,0.01567478483794183
2015-05-12,Asset2,-0.022866317828293497
2015-05-13,Asset2,0.012816616011757846
2015-05-14,Asset2,-0.0013114037173276572
2015-05-15,Asset2,0.004453130593887381
2015-05-18,Asset2,0.01293200542842719
2015-05-19,Asset2,-0.0009171627237504865
2015-05-20,Asset2,0.006609841723958213
2015-05-21,Asset2,-0.00025643308699141443
2015-05-22,Asset2,0.0043263493053082415
2015-05-25,Asset2,-0.010066519548393452
2015-05-26,Asset2,-0.003544024969385582
2015-05-27,Asset2,-0.0005468052322537887
2015-05-28,Asset2,-0.0017968019703256035
2015-05-29,Asset2,0.013230481428056324
2015-06-01,Asset2,-2.8457428145998166e-05
2015-06-02,Asset2,-0.022419448708990795
2015-06-03,Asset2,-0.01181286736916988
2015-06-04,Asset2,-0.0005251548780857719
2015-06-05,Asset2,-0.0018832096983521752
2015-06-08,Asset2,-0.00834636888854174
2015-06-09,Asset2,-0.002595675149454451
2015-06-10,Asset2,0.012211842147307977
2015-06-11,Asset2,-0.01879956059526624
2015-06-12,Asset2,0.00211513772696037
2015-06-15,Asset2,0.0037279685783435925
2015-06-16,Asset2,0.004001036529121507
2015-06-17,Asset2,0.005278789287216057
2015-06-18,Asset2,0.009853276958613365
2015-06-19,Asset2,0.005912961266919865
2015-06-22,Asset2,0.014957347409849647
2015-06-23,Asset2,0.0032697069084805723
2015-06-24,Asset2,-0.0023709442720111088
2015-06-25,Asset2,0.004265640056485296
2015-06-26,Asset2,-0.001931933198380591
2015-06-29,Asset2,-0.007181784348759024
2015-06-30,Asset2,0.005781835778691758
2015-07-01,Asset2,0.009699206847105303
2015-07-02,Asset2,-0.0009255165509213016
2015-07-03,Asset2,0.00454712290539618
2015-07-06,Asset2,0.004214545646229482
2015-07-07,Asset2,-0.0012786165463574406
2015-07-08,Asset2,-0.01666588373067814
2015-07-09,Asset2,-0.003960277742389664
2015-07-10,Asset2,0.0036885172953771677
2015-07-13,Asset2,0.011379223223652063
2015-07-14,Asset2,-0.0006299019172122655
2015-07-15,Asset2,0.00791476213809908
2015-07-16,Asset2,0.009488725903149559
2015-07-17,Asset2,0.00020072055101941544
2015-07-20,Asset2,-0.0007135359824764365
2015-07-21,Asset2,-0.008257152466426235
2015-07-22,Asset2,0.011710932148345848
2015-07-23,Asset2,-0.004859232929866266
2015-07-24,Asset2,-0.007627651573933748
2015-07-27,Asset2,-0.01808682880844259
2015-07-28,Asset2,-0.0027556512378901846
2015-07-29,Asset2,0.004381409679740856
2015-07-30,Asset2,0.005358774102439412
2015-07-31,Asset2,0.012658554581250316
2015-08-03,Asset2,0.0011475870252349552
2015-08-04,Asset2,-0.002938463203881341
2015-08-05,Asset2,0.005754184063717034
2015-08-06,Asset2,0.002319363097006786
2015-08-07,Asset2,-0.0026882861625387024
2015-08-10,Asset2,-0.004371482813862962
2015-08-11,Asset2,-0.007122079710760794
2015-08-12,Asset2,-0.012807723918653445
2015-08-13,Asset2,0.0007357894659278231
2015-08-14,Asset2,0.01869255608965922
2015-08-17,Asset2,-0.004648678578859631
2015-08-18,Asset2,-0.0012173687657352874
2015-08-19,Asset2,0.0032429458437484727
2015-08-20,Asset2,-0.01383193582183953
2015-08-21,Asset2,-0.008347055925472554
2015-08-24,Asset2,-0.05678494164533412
2015-08-25,Asset2,0.008814468882059076
2015-08-26,Asset2,-0.010823415640241585
2015-08-27,Asset2,0.019355620534250804
2015-08-28,Asset2,0.006400845237400432
2015-08-31,Asset2,-0.003677150479796332
2015-09-01,Asset2,-0.022334088933063188
2015-09-02,Asset2,-0.008489258452316833
2015-09-03,Asset2,0.013186471426720275
2015-09-04,Asset2,-0.020610020132941324
2015-09-07,Asset2,-0.012070463596908212
2015-09-08,Asset2,0.01644073010412761
2015-09-09,Asset2,0.016276277924105003
2015-09-10,Asset2,-0.0037449159228360434
2015-09-11,Asset2,0.0001478818627852263
2015-09-14,Asset2,0.010223279305808575
2015-09-15,Asset2,-0.005262016100860585
2015-09-16,Asset2,0.008589468988923984
2015-09-18,Asset2,0.010056778385282855
2015-09-21,Asset2,-0.0005772826715913838
2015-09-22,Asset2,-0.01986888616285107
2015-09-23,Asset2,0.004172067012288778
2015-09-24,Asset2,0.0027591065404587315
2015-09-28,Asset2,-0.008881974010294193
2015-09-29,Asset2,0.005861644734295553
2015-09-30,Asset2,0.012925184077422715
2015-10-01,Asset2,0.00024154285795368937
2015-10-05,Asset2,0.02033278097267264
2015-10-06,Asset2,0.003972767914220654
2015-10-07,Asset2,0.0028848630894190565
2015-10-08,Asset2,-0.005640889897873223
2015-10-09,Asset2,0.007126780499551018
2015-10-12,Asset2,-0.005403872265718626
2015-10-13,Asset2,-0.001402807862985327
2015-10-14,Asset2,-0.002809779099230774
2015-10-15,Asset2,0.008477669258118397
2015-10-16,Asset2,0.006883596185586001
2015-10-19,Asset2,0.0042999260538278605
2015-10-20,Asset2,-0.0015544846017378335
2015-10-21,Asset2,-0.0011562081482943398
2015-10-23,Asset2,0.005089860150743065
2015-10-26,Asset2,-0.004038885679638292
2015-10-27,Asset2,-0.003213277339595209
2015-10-28,Asset2,-0.0071945711340621445
2015-10-29,Asset2,-0.006984553815330586
2015-10-30,Asset2,-0.0054380605294787904
2015-11-02,Asset2,-0.0017853158209594612
2015-11-03,Asset2,0.0011805504087265461
2015-11-04,Asset2,-0.002441475246957339
2015-11-05,Asset2,-0.01011915101907956
2015-11-06,Asset2,-0.0001388199250685318
2015-11-09,Asset2,-0.0047189100136608535
2015-11-10,Asset2,-0.01599152145576312
2015-11-13,Asset2,-0.002602490379573155
2015-11-16,Asset2,0.005485019646365431
2015-11-17,Asset2,0.0038059742241593857
2015-11-18,Asset2,-0.012953027735694001
2015-11-19,Asset2,0.013775859462298286
2015-11-20,Asset2,0.001689179496987734
2015-11-23,Asset2,-0.0008919707345097905
2015-11-24,Asset2,-0.002158665636844326
2015-11-26,Asset2,0.006398656484643155
2015-11-27,Asset2,0.007172223597862129
2015-11-30,Asset2,-0.0009004730537633421
2015-12-01,Asset2,0.0023772289782930047
2015-12-02,Asset2,-0.0028419983629635937
2015-12-03,Asset2,-0.008133821695635817
2015-12-04,Asset2,-0.010040500369463638
2015-12-07,Asset2,-0.0020354926430279007
2015-12-08,Asset2,-0.007874896273087373
2015-12-09,Asset2,-0.011118608271991485
2015-12-10,Asset2,0.008928448275862167
2015-12-11,Asset2,-0.009102290263010852
2015-12-14,Asset2,0.0049951874099925676
2015-12-15,Asset2,0.006381147181563307
2015-12-16,Asset2,0.006233037775934634
2015-12-17,Asset2,0.0115744221484362
2015-12-18,Asset2,-0.010084188653644476
2015-12-21,Asset2,0.008966818679412755
2015-12-22,Asset2,-0.005924614056232223
2015-12-23,Asset2,0.009845248942159728
2015-12-24,Asset2,-0.0005980682413681038
2015-12-28,Asset2,0.007827974033863257
2015-12-29,Asset2,0.0004603422389426015
2015-12-30,Asset2,-0.003959185860261592
2015-12-31,Asset2,0.006091004432483729
2016-01-04,Asset2,-0.018731654082784745
2016-01-05,Asset2,-0.000819363445128829
2016-01-06,Asset2,-0.005382888989957522
2016-01-07,Asset2,-0.02141741215605219
2016-01-08,Asset2,0.004192260093918208
2016-01-11,Asset2,-0.004736000781111188
2016-01-12,Asset2,-0.006796575895380208
2016-01-13,Asset2,0.006659666731118109
2016-01-14,Asset2,-0.003249774419147471
2016-01-15,Asset2,-0.012610126640340093
2016-01-18,Asset2,-0.011203287892675499
2016-01-19,Asset2,0.010983008264181748
2016-01-20,Asset2,-0.01624299332406693
2016-01-21,Asset2,-0.004268534720657016
2016-01-22,Asset2,0.019215091627218968
2016-01-25,Asset2,0.0017718837316422766
2016-01-27,Asset2,0.00020657111141822782
2016-01-28,Asset2,-0.001690846526167178
2016-01-29,Asset2,0.017959622070248288
2016-02-01,Asset2,-0.0009645768439943581
2016-02-02,Asset2,-0.012756089242064414
2016-02-03,Asset2,-0.012071544333781327
2016-02-04,Asset2,0.005503027598523573
2016-02-05,Asset2,0.011034048318476552
2016-02-08,Asset2,-0.01305578674006501
2016-02-09,Asset2,-0.011572345933872514
2016-02-10,Asset2,-0.010851990611448096
2016-02-11,Asset2,-0.03184390807967162
2016-02-12,Asset2,0.0006330091936588645
2016-02-15,Asset2,0.025028111519448972
2016-02-16,Asset2,-0.01537246309098432
2016-02-17,Asset2,0.00819950874330516
2016-02-18,Asset2,0.011249683166203043
2016-02-19,Asset2,0.0025362394410261405
2016-02-22,Asset2,0.003168576431023098
2016-02-23,Asset2,-0.016587072207623486
2016-02-24,Asset2,-0.012267390678168724
2016-02-25,Asset2,-0.006579009284488181
2016-02-26,Asset2,0.008146200535746217
2016-02-29,Asset2,-0.0058312439987197
2016-03-01,Asset2,0.03232265495638622
2016-03-02,Asset2,0.019479706610723756
2016-03-03,Asset2,0.013907190218538262
2016-03-04,Asset2,0.0012520733958112373
2016-03-08,Asset2,-6.450099109649443e-06
2016-03-09,Asset2,0.005963688985716403
2016-03-10,Asset2,-0.005818517138855164
2016-03-11,Asset2,0.0030841329055903803
2016-03-14,Asset2,0.003649411705044301
2016-03-15,Asset2,-0.009951770021555256
2016-03-16,Asset2,0.004908975922929528
2016-03-17,Asset2,0.0017666694449074074
2016-03-18,Asset2,0.011730808253013052
2016-03-21,Asset2,0.012611716322682015
2016-03-22,Asset2,0.001327047571145883
2016-03-23,Asset2,0.00019910741155996448
2016-03-28,Asset2,-0.012615033532041693
2016-03-29,Asset2,-0.002281794530231842
2016-03-30,Asset2,0.017463760365933965
2016-03-31,Asset2,0.00039710914681442946
2016-04-01,Asset2,-0.003144848296432592
2016-04-04,Asset2,0.0056942456112895464
2016-04-05,Asset2,-0.019252413873309955
2016-04-06,Asset2,0.0014078159163295114
2016-04-07,Asset2,-0.008560665771076685
2016-04-08,Asset2,0.0011131061336915593
2016-04-11,Asset2,0.014764892506648693
2016-04-12,Asset2,0.004699048636349517
2016-04-13,Asset2,0.017621076353898178
2016-04-18,Asset2,0.007856874251215515
2016-04-20,Asset2,6.040974240306696e-06
2016-04-21,Asset2,-0.00032751350326922337
2016-04-22,Asset2,-0.0015470074509324407
2016-04-25,Asset2,-0.0053776918271657695
2016-04-26,Asset2,0.01315027865111155
2016-04-27,Asset2,0.002079709669908496
2016-04-28,Asset2,-0.015958083159990297
2016-04-29,Asset2,0.00031193252413267206
2016-05-02,Asset2,-0.005368787395677721
2016-05-03,Asset2,-0.007243739601762336
2016-05-04,Asset2,-0.005012545178778929
2016-05-05,Asset2,0.003606307388436747
2016-05-06,Asset2,-0.0002543872406438297
2016-05-09,Asset2,0.016460392423185016
2016-05-10,Asset2,0.0026544454355675387
2016-05-11,Asset2,-0.004740449767472477
2016-05-12,Asset2,0.006305103535456454
2016-05-13,Asset2,-0.010389347503238434
2016-05-16,Asset2,0.005632329818683744
2016-05-17,Asset2,0.003663772540788131
2016-05-18,Asset2,-0.0025062375249500593
2016-05-19,Asset2,-0.010581755243975586
2016-05-20,Asset2,-0.004156502191318552
2016-05-23,Asset2,-0.0023103313094395618
2016-05-24,Asset2,0.0022103442199581736
2016-05-25,Asset2,0.02304958932603725
2016-05-26,Asset2,0.01630266312014733
2016-05-27,Asset2,0.010349891384475285
2016-05-30,Asset2,0.002571655520481926
2016-05-31,Asset2,-0.0021597977929938496
2016-06-01,Asset2,0.00233527696007954
2016-06-02,Asset2,0.004577044982676739
2016-06-03,Asset2,0.0002160403649863696
2016-06-06,Asset2,-0.002306344936071625
2016-06-07,Asset2,0.007655650983135588
2016-06-08,Asset2,0.0007664263196787148
2016-06-09,Asset2,-0.00805896121430621
2016-06-10,Asset2,-0.003926058563754573
2016-06-13,Asset2,-0.00698547990702032
2016-06-14,Asset2,-0.00020713633760408357
2016-06-15,Asset2,0.011572483165908169
2016-06-16,Asset2,-0.007703022933857291
2016-06-17,Asset2,0.003472921720971698
2016-06-20,Asset2,0.008025239398370944
2016-06-21,Asset2,-0.00216733932147843
2016-06-22,Asset2,-0.0018920165404604462
2016-06-23,Asset2,0.007811109435302726
2016-06-24,Asset2,-0.021108414853758008
2016-06-27,Asset2,0.0007239934820979955
2016-06-28,Asset2,0.003931449650035006
2016-06-29,Asset2,0.00899424883230573
2016-06-30,Asset2,0.009800097513408162
2016-07-01,Asset2,0.004702799312238
2016-07-04,Asset2,0.004881706989609711
2016-07-05,Asset2,-0.003985329688271584
2016-07-07,Asset2,0.00022459197285662924
2016-07-08,Asset2,-0.0016925349115308565
2016-07-11,Asset2,0.016689756853167242
2016-07-12,Asset2,0.006025512245808713
2016-07-13,Asset2,-0.00017460436614062048
2016-07-14,Asset2,0.0051270614472680625
2016-07-15,Asset2,-0.002645140105078774
2016-07-18,Asset2,-0.0036752974997467194
2016-07-19,Asset2,0.002239545942692587
2016-07-20,Asset2,0.004198581625251166
2016-07-21,Asset2,-0.006248066734842511
2016-07-22,Asset2,0.003508368159064688
2016-07-25,Asset2,0.01061586023352561
2016-07-26,Asset2,-0.005002518402887013
2016-07-27,Asset2,0.002810431853488993
2016-07-28,Asset2,0.005626871689105784
2016-07-29,Asset2,-0.0030794933364253654
2016-08-01,Asset2,-0.00021672599409622962
2016-08-02,Asset2,-0.0015172074261516144
2016-08-03,Asset2,-0.008689506616760207
2016-08-04,Asset2,0.0007021773669858079
2016-08-05,Asset2,0.014824847772912904
2016-08-08,Asset2,0.0031176760486872016
2016-08-09,Asset2,-0.0036476121869571192
2016-08-10,Asset2,-0.011388492783683299
2016-08-11,Asset2,0.0018864136378249443
2016-08-16,Asset2,0.005631120883637167
2016-08-17,Asset2,-0.0020549491066129025
2016-08-18,Asset2,0.00547679901782658
2016-08-19,Asset2,-0.0007028074827774589
2016-08-22,Asset2,-0.004181425696227095
2016-08-23,Asset2,0.0003837283915688517
2016-08-24,Asset2,0.0019683743332132766
2016-08-25,Asset2,-0.006447825654525339
2016-08-26,Asset2,-0.002195523215379893
2016-08-29,Asset2,0.003908332498888499
2016-08-30,Asset2,0.015268567870607229
2016-08-31,Asset2,0.004594574130124656
2016-09-01,Asset2,-0.0012619576442061487
2016-09-02,Asset2,0.0038292123907179847
2016-09-06,Asset2,0.014531294583066626
2016-09-07,Asset2,-0.002689009560550169
2016-09-08,Asset2,0.0037192193019236442
2016-09-09,Asset2,-0.009200537559340987
2016-09-12,Asset2,-0.016359700824968224
2016-09-14,Asset2,0.0012116205967792127
2016-09-15,Asset2,0.0017546568177083089
2016-09-16,Asset2,0.004095808808638566
2016-09-19,Asset2,0.003121778984771311
2016-09-20,Asset2,-0.003542073318239183
2016-09-21,Asset2,0.00013673810624389662
2016-09-22,Asset2,0.009876532660599367
2016-09-23,Asset2,-0.0038866161343898403
2016-09-26,Asset2,-0.011794079442853303
2016-09-27,Asset2,-0.0018323221645955457
2016-09-28,Asset2,0.004272718727713993
2016-09-29,Asset2,-0.016894435018337185
2016-09-30,Asset2,0.0022237014404189637
2016-10-03,Asset2,0.01415272576503611
2016-10-04,Asset2,0.0034113538792826152
2016-10-05,Asset2,-0.0027587835106423955
2016-10-06,Asset2,-0.0037768256065437815
2016-10-07,Asset2,-0.001317196382966337
2016-10-10,Asset2,0.0012362247036998043
2016-10-13,Asset2,-0.014931126035301718
2016-10-14,Asset2,0.0011254352662171385
2016-10-17,Asset2,-0.007046158544119337
2016-10-18,Asset2,0.01774564493076703
2016-10-19,Asset2,-0.002079852174783916
2016-10-20,Asset2,0.004467987636741384
2016-10-21,Asset2,-0.000700802610093696
2016-10-24,Asset2,0.0017559286260810582
2016-10-25,Asset2,-0.0019456277300931646
2016-10-26,Asset2,-0.008400102877664501
2016-10-27,Asset2,0.0
2016-10-28,Asset2,0.0025350396099939588
2016-11-01,Asset2,-0.001305857837462341
2016-11-02,Asset2,-0.012492102593826965
2016-11-03,Asset2,-0.0032755241367160084
2016-11-04,Asset2,-0.005792866943067523
2016-11-07,Asset2,0.007205313472654567
2016-11-08,Asset2,0.005253588130714917
2016-11-09,Asset2,-0.01253434637218895
2016-11-10,Asset2,0.010673624288425146
2016-11-11,Asset2,-0.02583610679412374
2016-11-15,Asset2,-0.021736874178306387
2016-11-16,Asset2,0.0003729327031876295
2016-11-17,Asset2,-0.003745735229080012
2016-11-18,Asset2,-0.0006950653920191031
2016-11-21,Asset2,-0.01724031140515667
2016-11-22,Asset2,0.008862508719087999
2016-11-23,Asset2,0.0037189308981609064
2016-11-24,Asset2,-0.008102251139938873
2016-11-25,Asset2,0.01793331397903451
2016-11-28,Asset2,0.0014907131904359973
2016-11-29,Asset2,0.0018014249192090405
2016-11-30,Asset2,0.009709486400789943
2016-12-01,Asset2,-0.003688446106146231
2016-12-02,Asset2,-0.012432295968904123
2016-12-05,Asset2,0.004979990660416292
2016-12-06,Asset2,0.0017006189451022637
2016-12-07,Asset2,-0.004845310994292725
2016-12-08,Asset2,0.017157116513845168
2016-12-09,Asset2,0.0017345259920514167
2016-12-12,Asset2,-0.010568243713498938
2016-12-13,Asset2,0.005992069463250331
2016-12-14,Asset2,-0.00459456881672832
2016-12-15,Asset2,-0.0033848166611348774
2016-12-16,Asset2,-0.0016660010409272276
2016-12-19,Asset2,-0.004139848876943262
2016-12-20,Asset2,-0.0026001082438546065
2016-12-21,Asset2,-0.0025061979108614097
2016-12-22,Asset2,-0.009788957198206952
2016-12-23,Asset2,0.0008000784765032876
2016-12-26,Asset2,-0.00931659518517364
2016-12-27,Asset2,0.015125482091486831
2016-12-28,Asset2,0.00023901852725465746
2016-12-29,Asset2,0.008214216718150454
2016-12-30,Asset2,0.009737859445066022
2017-01-02,Asset2,-0.0007388175430990174
2017-01-03,Asset2,0.0014964239867961738
2017-01-04,Asset2,-0.0002050718667032925
2017-01-05,Asset2,0.009763483609059237
2017-01-06,Asset2,-0.0034808673982760756
2017-01-09,Asset2,-0.0009024964429351812
2017-01-10,Asset2,0.006125243738969033
2017-01-11,Asset2,0.010661481331544707
2017-01-12,Asset2,0.003041269031877434
2017-01-13,Asset2,-0.0007822535858806746
2017-01-16,Asset2,0.0014228202462741992
2017-01-17,Asset2,-0.0016888328297178035
2017-01-18,Asset2,0.0021719457013574584
2017-01-19,Asset2,0.0020643489366757
2017-01-20,Asset2,-0.009759220852413755
2017-01-23,Asset2,0.0048464104263360504
2017-01-24,Asset2,0.009644022224870456
2017-01-25,Asset2,0.014378842151580714
2017-01-27,Asset2,0.0042963006015517636
2017-01-30,Asset2,-0.0009443078258353311
2017-01-31,Asset2,-0.007945577886536768
2017-02-01,Asset2,0.017391817352135706
2017-02-02,Asset2,0.0019659061346506235
2017-02-03,Asset2,0.0007364327217563727
2017-02-06,Asset2,0.00660061248615051
2017-02-07,Asset2,-0.0035723011115394955
2017-02-08,Asset2,8.211398059344789e-05
2017-02-09,Asset2,0.0010236642167548383
2017-02-10,Asset2,0.0016567297973252694
2017-02-13,Asset2,0.0012554656816880796
2017-02-14,Asset2,-0.0013901113873863481
2017-02-15,Asset2,-0.007380961345904283
2017-02-16,Asset2,0.005864707251200586
2017-02-17,Asset2,0.004779242139439433
2017-02-20,Asset2,0.0062572972077799705
2017-02-21,Asset2,0.003097512939793745
2017-02-22,Asset2,0.0020531049357581568
2017-02-23,Asset2,0.0013549635899043724
2017-02-27,Asset2,-0.0045962092398903216
2017-02-28,Asset2,-0.001845241734530916
2017-03-01,Asset2,0.007157100578375406
2017-03-02,Asset2,-0.00494173952750824
2017-03-03,Asset2,-0.0002373311048062732
2017-03-06,Asset2,0.007110314231303434
2017-03-07,Asset2,-0.0017725108249397794
2017-03-08,Asset2,-0.0024250367784059536
2017-03-09,Asset2,0.0002904639643144691
2017-03-10,Asset2,0.0008118978940292721
2017-03-14,Asset2,0.01638047699092972
2017-03-15,Asset2,-0.0002324405744470326
2017-03-16,Asset2,0.007280774086609157
2017-03-17,Asset2,0.0006659192315607499
2017-03-20,Asset2,-0.0034794775333742934
2017-03-21,Asset2,-0.0005626941628056414
2017-03-22,Asset2,-0.009582613879296141
2017-03-23,Asset2,0.005937203997629155
2017-03-24,Asset2,0.002292703074716087
2017-03-27,Asset2,-0.006619215250329411
2017-03-28,Asset2,0.00590098879488167
2017-03-29,Asset2,0.004535865076247277
2017-03-30,Asset2,0.003144446303960109
2017-03-31,Asset2,0.0
2017-04-03,Asset2,0.0067077939773810165
2017-04-05,Asset2,0.0028371050740426543
2017-04-06,Asset2,-0.00033158528145520454
2017-04-07,Asset2,-0.00659735516942483
2017-04-10,Asset2,-0.0017585450945790271
2017-04-11,Asset2,0.005808212359222581
2017-04-12,Asset2,-0.0034868260798960908
2017-04-13,Asset2,-0.005491894227421739
2017-04-17,Asset2,-0.0012064519206665025
2017-04-18,Asset2,-0.003587084153119165
2017-04-19,Asset2,-0.00017400865796034283
2017-04-20,Asset2,0.0034694760257044524
2017-04-21,Asset2,-0.0017862614708464976
2017-04-24,Asset2,0.01037434572971037
2017-04-25,Asset2,0.009232360307530954
2017-04-26,Asset2,0.004667655408344942
2017-04-27,Asset2,-0.0009956586545901659
2017-04-28,Asset2,-0.003915218763412867
2017-05-02,Asset2,0.0010060135313639052
2017-05-03,Asset2,-0.00019064453147322525
2017-05-04,Asset2,0.004943345543576001
2017-05-05,Asset2,-0.00765142357409399
2017-05-08,Asset2,0.002972440371399472
2017-05-09,Asset2,0.00028857613566202645
2017-05-10,Asset2,0.00931990867520554
2017-05-11,Asset2,0.0015409908051168487
2017-05-12,Asset2,-0.0021905246162683056
2017-05-15,Asset2,0.004544245574881529
2017-05-16,Asset2,0.0067943784642201886
2017-05-17,Asset2,0.0013624536781519227
2017-05-18,Asset2,-0.009705042910007046
2017-05-19,Asset2,-0.00015778358962432294
2017-05-22,Asset2,0.001053853412566852
2017-05-23,Asset2,-0.0052992477419012834
2017-05-24,Asset2,-0.002618385757439796
2017-05-25,Asset2,0.015301685316419482
2017-05-26,Asset2,0.008615959935855316
2017-05-29,Asset2,0.0009805786685952002
2017-05-30,Asset2,0.0019639388991906518
2017-05-31,Asset2,-0.00032913877160854814
2017-06-01,Asset2,-0.0005139015200727571
2017-06-02,Asset2,0.0037337773586492064
2017-06-05,Asset2,0.0021479903661884947
2017-06-06,Asset2,-0.0037654651084624295
2017-06-07,Asset2,0.002664688103755282
2017-06-08,Asset2,-0.001654029362254832
2017-06-09,Asset2,0.0020897146855321583
2017-06-12,Asset2,-0.0051483593204561025
2017-06-13,Asset2,-0.0009483798125638288
2017-06-14,Asset2,0.0011241919412987046
2017-06-15,Asset2,-0.004002491220923617
2017-06-16,Asset2,0.0010022917186441305
2017-06-19,Asset2,0.00695866222632489
2017-06-20,Asset2,-0.0004025671706205714
2017-06-21,Asset2,-0.0019790102035531377
2017-06-22,Asset2,-0.0003587054829056413
2017-06-23,Asset2,-0.005487830996884747
2017-06-27,Asset2,-0.006371606249175806
2017-06-28,Asset2,-0.002033809345158808
2017-06-29,Asset2,0.0012996839193994704
2017-06-30,Asset2,0.0016970308248968281
2017-07-03,Asset2,0.009488138862260485
2017-07-04,Asset2,-0.0001697542901716176
2017-07-05,Asset2,0.0024266186402118707
2017-07-06,Asset2,0.003680603982084421
2017-07-07,Asset2,-0.0008682574558591228
2017-07-10,Asset2,0.010453351201315046
2017-07-11,Asset2,0.001473741336687482
2017-07-12,Asset2,0.002947850570531756
2017-07-13,Asset2,0.007393625308231933
2017-07-14,Asset2,-0.0005192800427204958
2017-07-17,Asset2,0.002874323043669591
2017-07-18,Asset2,-0.00859703919653601
2017-07-19,Asset2,0.007077458595357556
2017-07-20,Asset2,-0.0025503872374889273
2017-07-21,Asset2,0.004078898473323065
2017-07-24,Asset2,0.004952409167696246
2017-07-25,Asset2,-0.0001782551804432231
2017-07-26,Asset2,0.005404816429806445
2017-07-27,Asset2,-9.63635055963863e-06
2017-07-28,Asset2,-0.000579590203452014
2017-07-31,Asset2,0.006000861251185868
2017-08-01,Asset2,0.003577294201444872
2017-08-02,Asset2,-0.003146364310277825
2017-08-03,Asset2,-0.006460906115161471
2017-08-04,Asset2,0.005057096865236162
2017-08-07,Asset2,-0.0008583008488363221
2017-08-08,Asset2,-0.0075264541094099266
2017-08-09,Asset2,-0.006782548699431957
2017-08-10,Asset2,-0.008507003311602581
2017-08-11,Asset2,-0.01069954303607343
2017-08-14,Asset2,0.008239955936623744
2017-08-16,Asset2,0.010110467324943856
2017-08-17,Asset2,0.0006644804774818881
2017-08-18,Asset2,-0.006470014839501701
2017-08-21,Asset2,-0.00810465639641766
2017-08-22,Asset2,0.0011022967117833816
2017-08-23,Asset2,0.008547617816657152
2017-08-24,Asset2,0.0004433202232936395
2017-08-28,Asset2,0.005429616473536428
2017-08-29,Asset2,-0.011306593718053329
2017-08-30,Asset2,0.008658241249387473
2017-08-31,Asset2,0.0032536116232707714
2017-09-01,Asset2,0.005468899450862708
2017-09-04,Asset2,-0.0059240403117904
2017-09-05,Asset2,0.0038108681144797887
2017-09-06,Asset2,-0.003472598955181603
2017-09-07,Asset2,0.0013263333979700322
2017-09-08,Asset2,0.00047366411695740854
2017-09-11,Asset2,0.006884889614758834
2017-09-12,Asset2,0.008346950258120246
2017-09-13,Asset2,-0.0013078306612407076
2017-09-14,Asset2,0.0006952677900046211
2017-09-15,Asset2,-0.00011413658166123499
2017-09-18,Asset2,0.006444092200882139
2017-09-19,Asset2,-0.000524747387987894
2017-09-20,Asset2,-0.0006054109236459837
2017-09-21,Asset2,-0.0018222784682380678
2017-09-22,Asset2,-0.014937906338225098
2017-09-25,Asset2,-0.008844360578175491
2017-09-26,Asset2,-0.00010692472517547458
2017-09-27,Asset2,-0.013201641087980534
2017-09-28,Asset2,0.0032737269855944366
2017-09-29,Asset2,0.0019309585086278959
2017-10-03,Asset2,0.00695343335269449
2017-10-04,Asset2,0.005394226380648207
2017-10-05,Asset2,-0.0025368068774329093
2017-10-06,Asset2,0.008834325874437141
2017-10-09,Asset2,0.0008705484463431646
2017-10-10,Asset2,0.002710267801276416
2017-10-11,Asset2,-0.0030812147807665726
2017-10-12,Asset2,0.010729966007901695
2017-10-13,Asset2,0.006755656457853406
2017-10-16,Asset2,0.005986106283368926
2017-10-17,Asset2,0.0003378568380902891
2017-10-18,Asset2,-0.002213754727183819
2017-10-19,Asset2,-0.006045315998320611
2017-10-23,Asset2,0.00362367634395433
2017-10-24,Asset2,0.0021538425545143272
2017-10-25,Asset2,0.008243133702010469
2017-10-26,Asset2,0.004517786113610569
2017-10-27,Asset2,-0.0019257913316316434
2017-10-30,Asset2,0.0037756828880453953
2017-10-31,Asset2,-0.0026261559850205177
2017-11-01,Asset2,0.009771577932765467
2017-11-02,Asset2,-0.0015355766007375139
2017-11-03,Asset2,0.0026431999862094814
2017-11-06,Asset2,-6.430877780438494e-05
2017-11-07,Asset2,-0.009336519960536799
2017-11-08,Asset2,-0.004359356946239999
2017-11-09,Asset2,0.00054039903222872
2017-11-10,Asset2,0.001191955753708811
2017-11-13,Asset2,-0.009003106304647979
2017-11-14,Asset2,-0.0036006593476492557
2017-11-15,Asset2,-0.006460233544414109
2017-11-16,Asset2,0.009174909126953708
2017-11-17,Asset2,0.006470606231185273
2017-11-20,Asset2,0.0014143272348664483
2017-11-21,Asset2,0.002624044180118901
2017-11-22,Asset2,0.0014315464409263969
2017-11-23,Asset2,0.0005987244246384904
2017-11-24,Asset2,0.0037987377702620507
2017-11-27,Asset2,0.0009100960395630154
2017-11-28,Asset2,-0.002704714437477094
2017-11-29,Asset2,-0.0008285419830765407
2017-11-30,Asset2,-0.01248492008130846
2017-12-01,Asset2,-0.009833228402594507
2017-12-04,Asset2,0.0005643450384540927
2017-12-05,Asset2,-0.0009004961615364239
2017-12-06,Asset2,-0.007035245719368498
2017-12-07,Asset2,0.011717980414107388
2017-12-08,Asset2,0.009343463038656168
2017-12-11,Asset2,0.005292954945126738
2017-12-12,Asset2,-0.007635508246748479
2017-12-13,Asset2,-0.004424953323096084
2017-12-14,Asset2,0.005570854013013147
2017-12-15,Asset2,0.007598870277144059
2017-12-18,Asset2,0.005156170614279177
2017-12-19,Asset2,0.0068797677776441905
2017-12-20,Asset2,-0.0017432525097026287
2017-12-21,Asset2,-0.00035851237337258373
2017-12-22,Asset2,0.0048458558131908806
2017-12-26,Asset2,0.003522348232154684
2017-12-27,Asset2,-0.0037145705739922976
2017-12-28,Asset2,-0.0011758573028620846
2017-12-29,Asset2,0.004837592514751563
2018-01-02,Asset2,-0.008067839595112432
2018-01-03,Asset2,9.193464806692475e-05
2018-01-04,Asset2,0.0056625961289665135
2018-01-05,Asset2,0.004939438491426245
2018-01-08,Asset2,0.0058870049578894175
2018-01-09,Asset2,0.0012109243074867493
2018-01-10,Asset2,-0.0004331872238413226
2018-01-11,Asset2,0.0017155433179335945
2018-01-12,Asset2,0.0027084095661535205
2018-01-15,Asset2,0.00541957284961967
2018-01-16,Asset2,-0.0036731780532062077
2018-01-17,Asset2,0.007903931466084374
2018-01-18,Asset2,0.0025315902502608626
2018-01-19,Asset2,0.0068958294813718625
2018-01-22,Asset2,0.006300311047525043
2018-01-23,Asset2,0.01028615181110915
2018-01-24,Asset2,0.0001991945344150281
2018-01-25,Asset2,-0.001415805971495594
2018-01-29,Asset2,0.0052684590697996475
2018-01-30,Asset2,-0.006964709020287715
2018-01-31,Asset2,-0.0019070456308624985
2018-02-01,Asset2,-0.0009401608963223752
2018-02-02,Asset2,-0.02233375462025407
2018-02-05,Asset2,-0.008390593068934358
2018-02-06,Asset2,-0.015147148371162907
2018-02-07,Asset2,-0.0019705962898578736
2018-02-08,Asset2,0.009176881623759386
2018-02-09,Asset2,-0.01106411094247516
2018-02-12,Asset2,0.007786532788697543
2018-02-14,Asset2,-0.0035385682772361452
2018-02-15,Asset2,0.0040773289344050315
2018-02-16,Asset2,-0.008484395002607741
2018-02-19,Asset2,-0.00678735195369967
2018-02-20,Asset2,-0.0016649964685895924
2018-02-21,Asset2,0.003433053854963504
2018-02-22,Asset2,-0.001361872356588343
2018-02-23,Asset2,0.010018167051280145
2018-02-26,Asset2,0.008377408756627177
2018-02-27,Asset2,-0.0025672153821195568
2018-02-28,Asset2,-0.005589398500296525
2018-03-01,Asset2,-0.0031564352137868215
2018-03-05,Asset2,-0.009133372240145335
2018-03-06,Asset2,-0.01015707621672366
2018-03-07,Asset2,-0.008902877039783378
2018-03-08,Asset2,0.008362272347082325
2018-03-09,Asset2,-0.001480939934636787
2018-03-12,Asset2,0.018262588884536655
2018-03-13,Asset2,0.0005019718851513488
2018-03-14,Asset2,-0.0014684445037198303
2018-03-15,Asset2,-0.004679710512250459
2018-03-16,Asset2,-0.015289353342142428
2018-03-19,Asset2,-0.009501024633150267
2018-03-20,Asset2,0.0028625826584440972
2018-03-21,Asset2,0.002930003026814703
2018-03-22,Asset2,-0.0038285615814480423
2018-03-23,Asset2,-0.011076120269902817
2018-03-26,Asset2,0.012732139265831464
2018-03-27,Asset2,0.005069763343874599
2018-03-28,Asset2,-0.006640925841222689
2018-04-02,Asset2,0.009311688420786838
2018-04-03,Asset2,0.003121113624394596
2018-04-04,Asset2,-0.010925878477306023
2018-04-05,Asset2,0.018648551865586855
2018-04-06,Asset2,0.0005996280698848011
2018-04-09,Asset2,0.0044368734497225405
2018-04-10,Asset2,0.0021180879175842194
2018-04-11,Asset2,0.0013751231704679867
2018-04-12,Asset2,0.0038244624015273134
2018-04-13,Asset2,0.0020147197977750156
2018-04-16,Asset2,0.0043737955564103
2018-04-17,Asset2,0.001855614908779657
2018-04-18,Asset2,-0.0020476456435456216
2018-04-19,Asset2,0.0035659235339942797
2018-04-20,Asset2,-0.00011357936094420041
2018-04-23,Asset2,0.0018765885589827037
2018-04-24,Asset2,0.002689111356465759
2018-04-25,Asset2,-0.0039614120551353695
2018-04-26,Asset2,0.004291167520906641
2018-04-27,Asset2,0.006735858776356452
2018-04-30,Asset2,0.004224330904021159
2018-05-02,Asset2,-0.001904008458961961
2018-05-03,Asset2,-0.0034393791941401022
2018-05-04,Asset2,-0.005519316910574475
2018-05-07,Asset2,0.008792409295317044
2018-05-08,Asset2,0.00020603914889640864
2018-05-09,Asset2,0.0021407728655245964
2018-05-10,Asset2,-0.0022477237831061815
2018-05-11,Asset2,0.008057834757808848
2018-05-14,Asset2,8.848840975375083e-06
2018-05-15,Asset2,-0.0004219643703690679
2018-05-16,Asset2,-0.0053990753536675845
2018-05-17,Asset2,-0.005219524959164091
2018-05-18,Asset2,-0.0077553250568946205
2018-05-21,Asset2,-0.0072205829035766915
2018-05-22,Asset2,0.0018256677135817514
2018-05-23,Asset2,-0.009689614453054284
2018-05-24,Asset2,0.00768526492419305
2018-05-25,Asset2,0.008336504064300528
2018-05-28,Asset2,0.00755859153783078
2018-05-29,Asset2,-0.004971306999301426
2018-05-30,Asset2,-0.0017108694228653932
2018-05-31,Asset2,0.011016101250021393
2018-06-01,Asset2,-0.003572247603152974
2018-06-04,Asset2,-0.006076194004716023
2018-06-05,Asset2,-0.0031928894011384657
2018-06-06,Asset2,0.008292150754107937
2018-06-07,Asset2,0.007520250739369346
2018-06-08,Asset2,-6.233545755382154e-05
2018-06-11,Asset2,0.0017206922427693172
2018-06-12,Asset2,0.0049748479902428505
2018-06-13,Asset2,0.0012262977887753834
2018-06-14,Asset2,-0.004301894144609939
2018-06-15,Asset2,0.000857173603695145
2018-06-18,Asset2,-0.001584122520554381
2018-06-19,Asset2,-0.007946725241942227
2018-06-20,Asset2,0.0055213015252972755
2018-06-21,Asset2,-0.002758266814461834
2018-06-22,Asset2,0.007217138171993085
2018-06-25,Asset2,-0.005269287557886635
2018-06-26,Asset2,0.0005976508493206723
2018-06-27,Asset2,-0.008713779322990228
2018-06-28,Asset2,-0.007403784611943714
2018-06-29,Asset2,0.011350557831525948
2018-07-02,Asset2,-0.005107193283508843
2018-07-03,Asset2,0.003837422541309366
2018-07-04,Asset2,0.006280432298124765
2018-07-05,Asset2,-0.001796151709707452
2018-07-06,Asset2,0.0020451057001324813
2018-07-09,Asset2,0.007151443443021748
2018-07-10,Asset2,0.008345752908433753
2018-07-11,Asset2,9.206079152292546e-05
2018-07-12,Asset2,0.006567629338138446
2018-07-13,Asset2,-0.00037446589255957013
2018-07-16,Asset2,-0.0071485127560475805
2018-07-17,Asset2,0.006249714491951082
2018-07-18,Asset2,-0.002406931788109965
2018-07-19,Asset2,-0.0020414975799052473
2018-07-20,Asset2,0.004652377391584963
2018-07-23,Asset2,0.006500137257310641
2018-07-24,Asset2,0.004291284196756849
2018-07-25,Asset2,-0.00019828929871913204
2018-07-26,Asset2,0.003044180066475022
2018-07-27,Asset2,0.009546427011411538
2018-07-30,Asset2,0.003506912701759291
2018-07-31,Asset2,0.0031337100955473574
2018-08-01,Asset2,-0.0008706742834499793
2018-08-02,Asset2,-0.00858789712173909
2018-08-03,Asset2,0.009911836070690542
2018-08-06,Asset2,0.002222362239811915
2018-08-07,Asset2,0.00019816832884671955
2018-08-08,Asset2,0.0051036539519636655
2018-08-09,Asset2,0.0017355622270743254
2018-08-10,Asset2,-0.003448105767437149
2018-08-13,Asset2,-0.006194496697143386
2018-08-14,Asset2,0.006708110428637469
2018-08-16,Asset2,-0.0042017834685592
2018-08-17,Asset2,0.00722633531792944
2018-08-20,Asset2,0.0067789813220581864
2018-08-21,Asset2,0.0015914796459410498
2018-08-23,Asset2,0.000983123578629801
2018-08-24,Asset2,-0.0021259523860913633
2018-08-27,Asset2,0.011201475013245244
2018-08-28,Asset2,0.003822100826080757
2018-08-29,Asset2,-0.0038110171657366725
2018-08-30,Asset2,-0.001239880773498925
2018-08-31,Asset2,0.00030420899213950747
2018-09-03,Asset2,-0.008066810068062154
2018-09-04,Asset2,-0.0051429817359152355
2018-09-05,Asset2,-0.003612373436936736
2018-09-06,Asset2,0.005014588938750109
2018-09-07,Asset2,0.0043435626817685605
2018-09-10,Asset2,-0.012508305639441952
2018-09-11,Asset2,-0.012639829161961665
2018-09-12,Asset2,0.007008139534883782
2018-09-14,Asset2,0.012268164865807734
2018-09-17,Asset2,-0.011458957313978254
2018-09-18,Asset2,-0.008340456153457368
2018-09-19,Asset2,-0.0037919254997188646
2018-09-21,Asset2,-0.007797514145981204
2018-09-24,Asset2,-0.015136834086818426
2018-09-25,Asset2,0.008757573269788068
2018-09-26,Asset2,-0.0011840464396713913
2018-09-27,Asset2,-0.006622157203259533
2018-09-28,Asset2,-0.0041189177734991846
2018-10-01,Asset2,0.0068373784852934
2018-10-03,Asset2,-0.013085382398348458
2018-10-04,Asset2,-0.022898717564985134
2018-10-05,Asset2,-0.02561387008514757
2018-10-08,Asset2,0.002940510003507129
2018-10-09,Asset2,-0.004360241866980736
2018-10-10,Asset2,0.014822548710571226
2018-10-11,Asset2,-0.020691127052558933
2018-10-12,Asset2,0.02231005616070263
2018-10-15,Asset2,0.0036667462401527478
2018-10-16,Asset2,0.006597859690844246
2018-10-17,Asset2,-0.011944749521717563
2018-10-19,Asset2,-0.013729964238345183
2018-10-22,Asset2,-0.005431896148503839
2018-10-23,Asset2,-0.009224976208486845
2018-10-24,Asset2,0.007374954561085403
2018-10-25,Asset2,-0.009374862466074952
2018-10-26,Asset2,-0.008998051485460224
2018-10-29,Asset2,0.021138148055832532
2018-10-30,Asset2,-0.00491190993124615
2018-10-31,Asset2,0.017715645893456443
2018-11-01,Asset2,-0.0005683705661159166
2018-11-02,Asset2,0.01595767133248252
2018-11-05,Asset2,-0.002638112385103746
2018-11-06,Asset2,0.0005473204104902863
2018-11-07,Asset2,0.006235933048432969
2018-11-09,Asset2,-0.0011956698211939454
2018-11-12,Asset2,-0.009341344346400505
2018-11-13,Asset2,0.009185839871962998
2018-11-14,Asset2,-0.0005624557051736545
2018-11-15,Asset2,0.0036671024570248535
2018-11-16,Asset2,0.005922744246631524
2018-11-19,Asset2,0.007297390619416363
2018-11-20,Asset2,-0.009561308115011472
2018-11-21,Asset2,-0.005058498715490707
2018-11-22,Asset2,-0.006638441686272252
2018-11-26,Asset2,0.009288301232574129
2018-11-27,Asset2,0.005148373446275443
2018-11-28,Asset2,0.0038856031966209774
2018-11-29,Asset2,0.011618819075539407
2018-11-30,Asset2,0.0015957538368616044
2018-12-03,Asset2,0.0006178316133036788
2018-12-04,Asset2,-0.0012569197197657546
2018-12-05,Asset2,-0.007648523391140359
2018-12-06,Asset2,-0.01618117516430907
2018-12-07,Asset2,0.00838095953987903
2018-12-10,Asset2,-0.018425801771249476
2018-12-11,Asset2,0.005555843467325872
2018-12-12,Asset2,0.0171493668495593
2018-12-13,Asset2,0.0048234418663534485
2018-12-14,Asset2,0.0012365577921165994
2018-12-17,Asset2,0.0073651200145759795
2018-12-18,Asset2,0.001794262969217897
2018-12-19,Asset2,0.005156950323391812
2018-12-20,Asset2,-0.0013654796774680024
2018-12-21,Asset2,-0.01732992906263391
2018-12-24,Asset2,-0.00807885437976566
2018-12-26,Asset2,0.005973238148825502
2018-12-27,Asset2,0.004469045629316427
2018-12-28,Asset2,0.0071333943016790614
2018-12-31,Asset2,0.0002342044962212242
2019-01-02,Asset2,-0.006190794399946569
2019-01-03,Asset2,-0.010696316886726934
2019-01-04,Asset2,0.0049563704935698645
2019-01-07,Asset2,0.003977887274477112
2019-01-08,Asset2,0.0027048926853728973
2019-01-09,Asset2,0.004710173267367068
2019-01-10,Asset2,-0.0029671399143228073
2019-01-11,Asset2,-0.0023641086737154994
2019-01-14,Asset2,-0.005100214591439923
2019-01-15,Asset2,0.013339311644191271
2019-01-16,Asset2,0.00030863064080165263
2019-01-17,Asset2,0.0013134968969213646
2019-01-18,Asset2,0.00015405494350510197
2019-01-21,Asset2,0.004832096649955347
2019-01-22,Asset2,-0.003424205434080996
2019-01-23,Asset2,-0.008019958343823675
2019-01-24,Asset2,0.0016219187093201271
2019-01-25,Asset2,-0.00612730199604954
2019-01-28,Asset2,-0.010596862133165744
2019-01-29,Asset2,-0.0008418686930538045
2019-01-30,Asset2,-3.608409464263218e-05
2019-01-31,Asset2,0.01614603899374039
2019-02-01,Asset2,0.005557424456263292
2019-02-04,Asset2,0.0016390855553218133
2019-02-05,Asset2,0.0019442026163255834
2019-02-06,Asset2,0.0112468109117858
2019-02-07,Asset2,0.0006031383086206433
2019-02-08,Asset2,-0.010910143796251397
2019-02-11,Asset2,-0.004807176283654685
2019-02-12,Asset2,-0.005060561171882192
2019-02-14,Asset2,-0.007564724739648554
2019-02-15,Asset2,-0.0019340537106885237
2019-02-18,Asset2,-0.007470085466972343
2019-02-19,Asset2,-0.003302013622381033
2019-02-20,Asset2,0.011868390531818563
2019-02-21,Asset2,0.004864578247757408
2019-02-22,Asset2,0.0001602200273948995
2019-02-25,Asset2,0.007868235805133567
2019-02-26,Asset2,-0.0039528877532464795
2019-02-27,Asset2,-0.0025383180895559225
2019-02-28,Asset2,-0.0012570384447511175
2019-03-01,Asset2,0.006315496872828419
2019-03-05,Asset2,0.010953393243429872
2019-03-06,Asset2,0.005727244390772981
2019-03-07,Asset2,0.0004516590518412045
2019-03-08,Asset2,-0.00197932865325388
2019-03-11,Asset2,0.01153953939072153
2019-03-12,Asset2,0.011445541274927891
2019-03-13,Asset2,0.0034403425590253537
2019-03-14,Asset2,0.00013118072902457812
2019-03-15,Asset2,0.00707518788706949
2019-03-18,Asset2,0.0029698966609446134
2019-03-19,Asset2,0.0058795158304389625
2019-03-20,Asset2,-0.0009448650871381404
2019-03-22,Asset2,-0.005345297394248192
2019-03-25,Asset2,-0.008601312016349283
2019-03-26,Asset2,0.010906929123456024
2019-03-27,Asset2,-0.0031935373261053716
2019-03-28,Asset2,0.010480704719246604
2019-04-01,Asset2,0.008226825842696642
2019-04-02,Asset2,0.003623898148915288
2019-04-03,Asset2,-0.005675647892247646
2019-04-04,Asset2,-0.0037884211766688837
2019-04-05,Asset2,0.0056244341696844915
2019-04-08,Asset2,-0.0050567837606321575
2019-04-09,Asset2,0.005579920504976528
2019-04-10,Asset2,-0.007209110182272092
2019-04-11,Asset2,0.0010276300856079956
2019-04-12,Asset2,0.0038700664192510463
2019-04-15,Asset2,0.003866846746003674
2019-04-16,Asset2,0.007949184849482692
2019-04-18,Asset2,-0.0027976704637813657
2019-04-22,Asset2,-0.012934417970717932
2019-04-23,Asset2,-0.001531767328405067
2019-04-24,Asset2,0.012456185891192535
2019-04-25,Asset2,-0.006905639088915301
2019-04-26,Asset2,0.009305825930487118
2019-04-30,Asset2,-0.0005308537295993433
2019-05-02,Asset2,-0.0019121627024733102
2019-05-03,Asset2,-0.001023475980298123
2019-05-06,Asset2,-0.009344062840188664
2019-05-07,Asset2,-0.008306048326256069
2019-05-08,Asset2,-0.011559692029370155
2019-05-09,Asset2,-0.004872099797826266
2019-05-10,Asset2,-0.0019451271372619772
2019-05-13,Asset2,-0.011124505328931954
2019-05-14,Asset2,0.00635937853267194
2019-05-15,Asset2,-0.0055647420557620115
2019-05-16,Asset2,0.008613034417854238
2019-05-17,Asset2,0.012796257917095632
2019-05-20,Asset2,0.035438791561145565
2019-05-21,Asset2,-0.00967043941411447
2019-05-22,Asset2,0.002361304534284017
2019-05-23,Asset2,-0.006612474115216678
2019-05-24,Asset2,0.015404224525813817
2019-05-27,Asset2,0.006536957434798723
2019-05-28,Asset2,0.0003220193295457819
2019-05-29,Asset2,-0.005444357120402437
2019-05-30,Asset2,0.006863507826513385
2019-05-31,Asset2,-0.0018564161574127526
2019-06-03,Asset2,0.01334585857404413
2019-06-04,Asset2,-0.005312749547104226
2019-06-06,Asset2,-0.014206400074085083
2019-06-07,Asset2,0.0021804221635884605
2019-06-10,Asset2,0.004209357605162225
2019-06-11,Asset2,0.003454203898894548
2019-06-12,Asset2,-0.004765614708963
2019-06-13,Asset2,0.0006329160333593365
2019-06-14,Asset2,-0.007312375004989775
2019-06-17,Asset2,-0.012272668366446382
2019-06-18,Asset2,0.001591448394540862
2019-06-19,Asset2,-4.08950947271336e-06
2019-06-20,Asset2,0.011520197259532452
2019-06-21,Asset2,-0.00873449616497986
2019-06-24,Asset2,-0.0020019661024742066
2019-06-25,Asset2,0.007942785416431165
2019-06-26,Asset2,0.0041585073634689
2019-06-27,Asset2,-0.00048617647487933627
2019-06-28,Asset2,-0.004272429566607308
2019-07-01,Asset2,0.006249973698994964
2019-07-02,Asset2,0.003616520775409811
2019-07-03,Asset2,0.0005199019001656069
2019-07-04,Asset2,0.0024167663163194675
2019-07-05,Asset2,-0.010896321175215037
2019-07-08,Asset2,-0.02052710718106184
2019-07-09,Asset2,-0.00022418373224891044
2019-07-10,Asset2,-0.004735243308638495
2019-07-11,Asset2,0.007012844468654152
2019-07-12,Asset2,-0.002519608562257929
2019-07-15,Asset2,0.0029790629733824404
2019-07-16,Asset2,0.006151005311604792
2019-07-17,Asset2,0.0020496609504440503
2019-07-18,Asset2,-0.007441764705882364
2019-07-19,Asset2,-0.014706030857854878
2019-07-22,Asset2,-0.006141192503885976
2019-07-23,Asset2,-0.0012818718821838361
2019-07-24,Asset2,-0.005062196441522212
2019-07-25,Asset2,-0.001630995343798283
2019-07-26,Asset2,0.002742892374218045
2019-07-29,Asset2,-0.008090499772265468
2019-07-30,Asset2,-0.008905713613180773
2019-07-31,Asset2,0.002823138894150077
2019-08-01,Asset2,-0.011915812196438226
2019-08-02,Asset2,0.0015169057377050167
2019-08-05,Asset2,-0.011762834191405816
2019-08-06,Asset2,0.007569493303337538
2019-08-07,Asset2,-0.008132806612928967
2019-08-08,Asset2,0.01564849039657325
2019-08-09,Asset2,0.006717654391178485
2019-08-13,Asset2,-0.01588247548715831
2019-08-14,Asset2,0.009098491518197421
2019-08-16,Asset2,0.0016014866515330086
2019-08-19,Asset2,0.000530111207981392
2019-08-20,Asset2,-0.003204694609881287
2019-08-21,Asset2,-0.008565654216211308
2019-08-22,Asset2,-0.015593116346677647
2019-08-23,Asset2,0.007864933464810236
2019-08-26,Asset2,0.02025606411396119
2019-08-27,Asset2,0.0041237674241238415
2019-08-28,Asset2,-0.0051218558623299165
2019-08-29,Asset2,-0.008499634786953793
2019-08-30,Asset2,0.006571996454572258
2019-09-03,Asset2,-0.019625394053477907
2019-09-04,Asset2,0.004156363587032743
2019-09-05,Asset2,0.000287699454350161
2019-09-06,Asset2,0.008699177638241764
2019-09-09,Asset2,0.004985805487402928
2019-09-11,Asset2,0.0028486988204531375
2019-09-12,Asset2,-0.004601826263962004
2019-09-13,Asset2,0.008137866854483918
2019-09-16,Asset2,-0.006275279891360378
2019-09-17,Asset2,-0.0162188735402372
2019-09-18,Asset2,0.0020456247965418583
2019-09-19,Asset2,-0.012030326391927988
2019-09-20,Asset2,0.05106348413546606
2019-09-23,Asset2,0.027758953591237517
2019-09-24,Asset2,-0.0009930863093772758
2019-09-25,Asset2,-0.012260747795630281
2019-09-26,Asset2,0.010992814623255428
2019-09-27,Asset2,-0.0048783022977051975
2019-09-30,Asset2,-0.0031646039282709638
2019-10-01,Asset2,-0.009583710820839501
2019-10-03,Asset2,-0.0038789402622196436
2019-10-04,Asset2,-0.011815449885098134
2019-10-07,Asset2,-0.004153616412000218
2019-10-09,Asset2,0.016125919542782228
2019-10-10,Asset2,-0.006682400476002251
2019-10-11,Asset2,0.006024273440112396
2019-10-14,Asset2,0.0030655824696704317
2019-10-15,Asset2,0.007376979814072372
2019-10-16,Asset2,0.0029988876810829626
2019-10-17,Asset2,0.010245605809490571
2019-10-18,Asset2,0.006255637232054028
2019-10-22,Asset2,-0.006050498193980829
2019-10-23,Asset2,0.0013047587024617258
2019-10-24,Asset2,-0.001778681732732217
2019-10-25,Asset2,0.00010781258457640775
2019-10-29,Asset2,0.016819140654703732
2019-10-30,Asset2,0.004662823555183522
2019-10-31,Asset2,0.0027031655892743346
2019-11-01,Asset2,0.0010628070244388256
2019-11-04,Asset2,0.004093333313622338
2019-11-05,Asset2,-0.00193744612214811
2019-11-06,Asset2,0.003935121020996704
2019-11-07,Asset2,0.0036904409325373426
2019-11-08,Asset2,-0.00830361504670723
2019-11-11,Asset2,0.0004272546393102772
2019-11-13,Asset2,-0.005882426908333756
2019-11-14,Asset2,0.0025660711373988224
2019-11-15,Asset2,0.0018881716998313182
2019-11-18,Asset2,-0.0008837149773567888
2019-11-19,Asset2,0.004491196516471022
2019-11-20,Asset2,0.004743679018852376
2019-11-21,Asset2,-0.002456121789086012
2019-11-22,Asset2,-0.004331405894525986
2019-11-25,Asset2,0.012839557173214545
2019-11-26,Asset2,-0.002866368154053234
2019-11-27,Asset2,0.005024215507838435
2019-11-28,Asset2,0.004002428513910488
2019-11-29,Asset2,-0.007513408983106481
2019-12-02,Asset2,-0.0006250492592581836
2019-12-03,Asset2,-0.004302717348618473
2019-12-04,Asset2,0.003921895519001168
2019-12-05,Asset2,-0.001976867619394618
2019-12-06,Asset2,-0.007740162748493909
2019-12-09,Asset2,0.0012884284695718407
2019-12-10,Asset2,-0.00648981675392669
2019-12-11,Asset2,0.004319594101584912
2019-12-12,Asset2,0.004969159545339253
2019-12-13,Asset2,0.009213683556319553
2019-12-16,Asset2,-0.0026012062425601105
2019-12-17,Asset2,0.008844222082604745
2019-12-18,Asset2,0.004470561035758252
2019-12-19,Asset2,0.002988779038223868
2019-12-20,Asset2,0.0009474640337813157
2019-12-23,Asset2,-0.0007079493341051092
2019-12-24,Asset2,-0.003773394018470562
2019-12-26,Asset2,-0.006916341686828283
2019-12-27,Asset2,0.009440442817111006
2019-12-30,Asset2,0.0007878466620291392
2019-12-31,Asset2,-0.0068459911123435555
2020-01-01,Asset2,0.0011084248432224797
2020-01-02,Asset2,0.007856530884465442
2020-01-03,Asset2,-0.004341877811139412
2020-01-06,Asset2,-0.018341618950023567
2020-01-07,Asset2,0.004794808321193145
2020-01-08,Asset2,-0.0021983466346940264
2020-01-09,Asset2,0.01521192779770722
2020-01-10,Asset2,0.003214125544944153
2020-01-13,Asset2,0.005698061575036136
2020-01-14,Asset2,0.0025499714505428273
2020-01-15,Asset2,-0.0014754536201333935
2020-01-16,Asset2,0.0009488700497699655
2020-01-17,Asset2,-0.00024477965278617124
2020-01-20,Asset2,-0.009932346183505381
2020-01-21,Asset2,-0.004295633650235829
2020-01-22,Asset2,-0.004965652981730067
2020-01-23,Asset2,0.005824054689885899
2020-01-24,Asset2,0.0053516013160926695
2020-01-27,Asset2,-0.010130426795664641
2020-01-28,Asset2,-0.0050063691311164156
2020-01-29,Asset2,0.0058687261439502696
2020-01-30,Asset2,-0.007415984789150443
2020-01-31,Asset2,-0.005878478260534408
2020-02-03,Asset2,-0.020400369330543528
2020-02-04,Asset2,0.022282389779203913
2020-02-05,Asset2,0.008774880449121057
2020-02-06,Asset2,0.0038751947809607403
2020-02-07,Asset2,-0.0031320413981168827
2020-02-10,Asset2,-0.005304494172516777
2020-02-11,Asset2,0.006096029173419808
2020-02-12,Asset2,0.0073974685627039355
2020-02-13,Asset2,-0.002088959454152111
2020-02-14,Asset2,-0.004825780257742878
2020-02-17,Asset2,-0.005361344121853229
2020-02-18,Asset2,-0.00424777211390218
2020-02-19,Asset2,0.01067870544090056
2020-02-20,Asset2,-0.003566642361126178
2020-02-24,Asset2,-0.01998131404704143
2020-02-25,Asset2,-0.0025563425872342197
2020-02-26,Asset2,-0.009715658821046134
2020-02-27,Asset2,-0.003715561715973799
2020-02-28,Asset2,-0.03561223551834083
2020-03-02,Asset2,-0.005913361751512021
2020-03-03,Asset2,0.014706861512204981
2020-03-04,Asset2,-0.004441872140662753
2020-03-05,Asset2,0.001535863478801858
2020-03-06,Asset2,-0.023814696290709068
2020-03-09,Asset2,-0.046997801602513545
2020-03-11,Asset2,0.0006383982485983354
2020-03-12,Asset2,-0.07969861249022124
2020-03-13,Asset2,0.03654247308181795
2020-03-16,Asset2,-0.07307616102411925
2020-03-17,Asset2,-0.024043376726907123
2020-03-18,Asset2,-0.05334195866180647
2020-03-19,Asset2,-0.023277870483003334
2020-03-20,Asset2,0.055995980984127065
2020-03-23,Asset2,-0.12461247427652393
2020-03-24,Asset2,0.024068567064156953
2020-03-25,Asset2,0.063597570188808
2020-03-26,Asset2,0.0373481821731739
2020-03-27,Asset2,0.002088516636916964
2020-03-30,Asset2,-0.04202931497358616
2020-03-31,Asset2,0.03670821380482615
2020-04-01,Asset2,-0.03840448809281498
2020-04-03,Asset2,-0.019772711219299917
2020-04-07,Asset2,0.08412682048430434
2020-04-08,Asset2,-0.004744226311206852
2020-04-09,Asset2,0.03984847835405049
2020-04-13,Asset2,-0.012437443907595986
2020-04-15,Asset2,-0.007316979420180979
2020-04-16,Asset2,0.0072602603181987045
2020-04-17,Asset2,0.029244750601799867
2020-04-20,Asset2,-0.0005076618016025237
2020-04-21,Asset2,-0.029063680458331832
2020-04-22,Asset2,0.02200264107717672
2020-04-23,Asset2,0.013228757641934267
2020-04-24,Asset2,-0.01643994390944151
2020-04-27,Asset2,0.013412504616440302
2020-04-28,Asset2,0.010197533422934627
2020-04-29,Asset2,0.01764769298322861
2020-04-30,Asset2,0.030804771314053528
2020-05-04,Asset2,-0.05514704545260962
2020-05-05,Asset2,-0.009079934900737073
2020-05-06,Asset2,0.006809849728436817
2020-05-07,Asset2,-0.007440114723889302
2020-05-08,Asset2,0.0054736291866081645
2020-05-11,Asset2,-0.0012763133005458728
2020-05-12,Asset2,-0.004431593009617103
2020-05-13,Asset2,0.019520364029181822
2020-05-14,Asset2,-0.02463543299834374
2020-05-15,Asset2,-0.0006195482759563475
2020-05-18,Asset2,-0.032949609315129504
2020-05-19,Asset2,0.006076629926614388
2020-05-20,Asset2,0.020266940953111715
2020-05-21,Asset2,0.0042036042729611724
2020-05-22,Asset2,-0.007063280713795451
2020-05-26,Asset2,-0.0010832964571175553
2020-05-27,Asset2,0.030397924580891175
2020-05-28,Asset2,0.018050921795010028
2020-05-29,Asset2,0.009124476145061493
2020-06-01,Asset2,0.02463561342668214
2020-06-02,Asset2,0.014942906851913237
2020-06-03,Asset2,0.007931796514551195
2020-06-04,Asset2,-0.0030961619337695726
2020-06-05,Asset2,0.010821385191802122
2020-06-08,Asset2,0.0023947399283736816
2020-06-09,Asset2,-0.01140579105599791
2020-06-10,Asset2,0.006641019385153371
2020-06-11,Asset2,-0.02032239212166342
2020-06-12,Asset2,0.006873800747323671
2020-06-15,Asset2,-0.015324748219050655
2020-06-16,Asset2,0.009811570618999711
2020-06-17,Asset2,-0.0031809183982247193
2020-06-18,Asset2,0.020451060049822587
2020-06-19,Asset2,0.014530824426520612
2020-06-22,Asset2,0.006259791696416528
2020-06-23,Asset2,0.01487778431164003
2020-06-24,Asset2,-0.015191690144207862
2020-06-25,Asset2,-0.0015277030070332388
2020-06-26,Asset2,0.008779910541490993
2020-06-29,Asset2,-0.00652755706443223
2020-06-30,Asset2,-0.0009589183531886293
2020-07-01,Asset2,0.011923024641328512
2020-07-02,Asset2,0.011196914414302697
2020-07-03,Asset2,0.005063017003054427
2020-07-06,Asset2,0.014145734375284819
2020-07-07,Asset2,0.003210806626541967
2020-07-08,Asset2,-0.008346971590696377
2020-07-09,Asset2,0.00965763141302574
2020-07-10,Asset2,-0.004030570651621766
2020-07-13,Asset2,0.0030891735832721426
2020-07-14,Asset2,-0.017360156174784473
2020-07-15,Asset2,0.0009820136870753516
2020-07-16,Asset2,0.01100751519561655
2020-07-17,Asset2,0.014458167605634885
2020-07-20,Asset2,0.01061118889049439
2020-07-21,Asset2,0.012197910591133905
2020-07-22,Asset2,-0.0025500571121413887
2020-07-23,Asset2,0.0071444734644924785
2020-07-24,Asset2,-0.0018231824977071654
2020-07-27,Asset2,-0.005347128670893078
2020-07-28,Asset2,0.014552902750890625
2020-07-29,Asset2,-0.008299789755459095
2020-07-30,Asset2,-0.008629166093517996
2020-07-31,Asset2,-0.0024816982774135713
2020-08-03,Asset2,-0.015765326923482235
2020-08-04,Asset2,0.01795001487492421
2020-08-05,Asset2,0.0005537842770554847
2020-08-06,Asset2,0.008517652481639361
2020-08-07,Asset2,0.0011913623509171602
2020-08-10,Asset2,0.004802597049059543
2020-08-11,Asset2,0.0044591796256601415
2020-08-12,Asset2,-0.0011954625745197235
2020-08-13,Asset2,-0.0006749130943689607
2020-08-14,Asset2,-0.010368419883714175
2020-08-17,Asset2,0.005899882603535148
2020-08-18,Asset2,0.01180037561767236
2020-08-19,Asset2,0.0019436162049672847
2020-08-20,Asset2,-0.008095103988100831
2020-08-21,Asset2,0.005040879450102907
2020-08-24,Asset2,0.008007366213011053
2020-08-25,Asset2,0.00048557421042801254
2020-08-26,Asset2,0.006472629606223777
2020-08-27,Asset2,0.0008021381964168484
2020-08-28,Asset2,0.007337467828795141
2020-08-31,Asset2,-0.02143751788986837
2020-09-01,Asset2,0.00697607025246974
2020-09-02,Asset2,0.005419236721082825
2020-09-03,Asset2,-0.0006283322496748767
2020-09-04,Asset2,-0.016122955150617423
2020-09-07,Asset2,0.0017956994491231627
2020-09-08,Asset2,-0.003187320894449961
2020-09-09,Asset2,-0.0033378508488159757
2020-09-10,Asset2,0.014577052668912885
2020-09-11,Asset2,0.0012745103391052482
2020-09-14,Asset2,-0.0020432183489774406
2020-09-15,Asset2,0.006860109994262729
2020-09-16,Asset2,0.006894756144580896
2020-09-17,Asset2,-0.0073171461994761
2020-09-18,Asset2,-0.0009294325216922063
2020-09-21,Asset2,-0.0212277646451269
2020-09-22,Asset2,-0.008268345913303037
2020-09-23,Asset2,-0.001876403622762979
2020-09-24,Asset2,-0.028139781212655778
2020-09-25,Asset2,0.021739956943060364
2020-09-28,Asset2,0.015403073459876425
2020-09-29,Asset2,-0.00044029530805875797
2020-09-30,Asset2,0.002151361264936682
2020-10-01,Asset2,0.01445864902347232
2020-10-05,Asset2,0.007264938191116528
2020-10-06,Asset2,0.013273416455635002
2020-10-07,Asset2,0.006292979793336358
2020-10-08,Asset2,0.007830409542566344
2020-10-09,Asset2,0.006457046712375956
2020-10-12,Asset2,0.0013496499753567549
2020-10-13,Asset2,0.00028562792101318737
2020-10-14,Asset2,0.0029400320499392055
2020-10-15,Asset2,-0.023312256824019217
2020-10-16,Asset2,0.006747791387745679
2020-10-19,Asset2,0.009026658836975301
2020-10-20,Asset2,0.0019203153675814379
2020-10-21,Asset2,0.0032963959336818507
2020-10-22,Asset2,-0.0033132305106758158
2020-10-23,Asset2,0.002735558672184766
2020-10-26,Asset2,-0.013083910372361488
2020-10-27,Asset2,0.009924104013086677
2020-10-28,Asset2,-0.012902984587933056
2020-10-29,Asset2,-0.004812424496986552
2020-10-30,Asset2,-0.002336038485472898
2020-11-02,Asset2,0.002205730703152895
2020-11-03,Asset2,0.011875382556671213
2020-11-04,Asset2,0.007719981377237844
2020-11-05,Asset2,0.017074174959062917
2020-11-06,Asset2,0.011346253988437952
2020-11-09,Asset2,0.015460450115962986
2020-11-10,Asset2,0.013100646820189327
2020-11-11,Asset2,0.008972199848371503
2020-11-12,Asset2,-0.004393748664318196
2020-11-13,Asset2,0.002205091517530917
2020-11-17,Asset2,0.01164155501603844
2020-11-18,Asset2,0.004776049118949289
2020-11-19,Asset2,-0.01235776186887719
2020-11-20,Asset2,0.006565737037170365
2020-11-23,Asset2,0.005031816190370009
2020-11-24,Asset2,0.009558091017501696
2020-11-25,Asset2,-0.014467853249368653
2020-11-26,Asset2,0.009601165094377678
2020-11-27,Asset2,-0.001334242896742879
2020-12-01,Asset2,0.010370586899825797
2020-12-02,Asset2,0.00034420400923245614
2020-12-03,Asset2,0.0014751215327424207
2020-12-04,Asset2,0.009111035864518585
2020-12-07,Asset2,0.007037887919462307
2020-12-08,Asset2,0.002673918536959832
2020-12-09,Asset2,0.009759122194432238
2020-12-10,Asset2,-0.003604660613645443
2020-12-11,Asset2,0.002532056193625394
2020-12-14,Asset2,0.0031470492294435816
2020-12-15,Asset2,0.000686764029881033
2020-12-16,Asset2,0.008126310776898293
2020-12-17,Asset2,0.004069372214928464
2020-12-18,Asset2,0.001386801598836982
2020-12-21,Asset2,-0.030148754474815968
2020-12-22,Asset2,0.009932432521543647
2020-12-23,Asset2,0.00960975281828759
2020-12-24,Asset2,0.010456829159751707
2020-12-28,Asset2,0.008654449333600028
2020-12-29,Asset2,0.00411033047149914
2020-12-30,Asset2,0.0034004108226954348
2020-12-31,Asset2,-1.3745400127653797e-05
2021-01-01,Asset2,0.0025232892878216265
2021-01-04,Asset2,0.007834245818026204
2021-01-05,Asset2,0.004523885630893716
2021-01-06,Asset2,-0.0036001267650269857
2021-01-07,Asset2,-0.0006040028276045107
2021-01-08,Asset2,0.014253334646713044
2021-01-11,Asset2,0.00920036940877168
2021-01-12,Asset2,0.00521598146326312
2021-01-13,Asset2,9.224719980373664e-05
2021-01-14,Asset2,0.0020267974467101627
2021-01-15,Asset2,-0.010648650391873531
2021-01-18,Asset2,-0.010136304136863963
2021-01-19,Asset2,0.01612294158438033
2021-01-20,Asset2,0.008167934998908563
2021-01-21,Asset2,-0.0035628289964379435
2021-01-22,Asset2,-0.014373284781692279
2021-01-25,Asset2,-0.008884002569575814
2021-01-27,Asset2,-0.01829806852020287
2021-01-28,Asset2,-0.0103062242706282
2021-01-29,Asset2,-0.012710805459909942
2021-02-01,Asset2,0.045526570657284826
2021-02-02,Asset2,0.024646628622679075
2021-02-03,Asset2,0.009313077764854258
2021-02-04,Asset2,0.006860887708206108
2021-02-05,Asset2,0.0018431974623464244
2021-02-08,Asset2,0.012321410623649385
2021-02-09,Asset2,-0.0004128130883332304
2021-02-10,Asset2,-0.00017789126794383493
2021-02-11,Asset2,0.004245047661602683
2021-02-12,Asset2,-0.0006326903260050899
2021-02-15,Asset2,0.009585273447872496
2021-02-16,Asset2,-7.835608824830587e-05
2021-02-17,Asset2,-0.006554225939933681
2021-02-18,Asset2,-0.005677740354800954
2021-02-19,Asset2,-0.008711728380508568
2021-02-22,Asset2,-0.019611047607922958
2021-02-23,Asset2,0.0020997720442561276
2021-02-24,Asset2,0.017897455159547847
2021-02-25,Asset2,0.007391244493392151
2021-02-26,Asset2,-0.036130265517682544
2021-03-01,Asset2,0.01535557355397451
2021-03-02,Asset2,0.010246065928116225
2021-03-03,Asset2,0.02100931076316684
2021-03-04,Asset2,-0.010380413303172702
2021-03-05,Asset2,-0.00908074034779439
2021-03-08,Asset2,0.0011632378250507715
2021-03-09,Asset2,0.009127464577719735
2021-03-10,Asset2,0.004857695888469067
2021-03-12,Asset2,-0.009100325986333112
2021-03-15,Asset2,-0.006479443164569361
2021-03-16,Asset2,-0.0012249447402793124
2021-03-17,Asset2,-0.012178329468354045
2021-03-18,Asset2,-0.01065885414887319
2021-03-19,Asset2,0.012275465112987405
2021-03-22,Asset2,-0.000494819926749841
2021-03-23,Asset2,0.005104070397534174
2021-03-24,Asset2,-0.01719472991444338
2021-03-25,Asset2,-0.014812981580936581
2021-03-26,Asset2,0.012223710652438343
2021-03-30,Asset2,0.022353423232848474
2021-03-31,Asset2,-0.009984671130559094
2021-04-01,Asset2,0.011543591200241751
2021-04-05,Asset2,-0.014822266126105
2021-04-06,Asset2,0.002997184555424113
2021-04-07,Asset2,0.008862179487179489
2021-04-08,Asset2,0.0035467861092803336
2021-04-09,Asset2,-0.002513963344337604
2021-04-12,Asset2,-0.03391256573184734
2021-04-13,Asset2,0.013013947685788736
2021-04-15,Asset2,0.005073105178343695
2021-04-16,Asset2,0.0023964308784069034
2021-04-19,Asset2,-0.01696989941262686
2021-04-20,Asset2,-0.004215190113599086
2021-04-22,Asset2,0.007369687272405301
2021-04-23,Asset2,-0.004318207731642439
2021-04-26,Asset2,0.00961585755568308
2021-04-27,Asset2,0.011137577666551693
2021-04-28,Asset2,0.013856501049702815
2021-04-29,Asset2,0.0019601375677594747
2021-04-30,Asset2,-0.01700237956337034
2021-05-03,Asset2,0.00020017292467365167
2021-05-04,Asset2,-0.009029863126502669
2021-05-05,Asset2,0.008036120787776256
2021-05-06,Asset2,0.007023754535971777
2021-05-07,Asset2,0.0064120778382292095
2021-05-10,Asset2,0.007719765838196722
2021-05-11,Asset2,-0.005884993143570121
2021-05-12,Asset2,-0.009971213575071936
2021-05-14,Asset2,-0.0012215280849182265
2021-05-17,Asset2,0.01604713006269364
2021-05-18,Asset2,0.011897705601864034
2021-05-19,Asset2,-0.00495305511181332
2021-05-20,Asset2,-0.007926505018493445
2021-05-21,Asset2,0.01734061024797576
2021-05-24,Asset2,0.0014170642607903262
2021-05-25,Asset2,0.0006790501106991088
2021-05-26,Asset2,0.0058704206446700625
2021-05-27,Asset2,0.0022836683486840317
2021-05-28,Asset2,0.0061213763592135
2021-05-31,Asset2,0.00915176451429595
2021-06-01,Asset2,-0.0004897828115396763
2021-06-02,Asset2,8.324719226941114e-05
2021-06-03,Asset2,0.007035312600372166
2021-06-04,Asset2,-0.0012297766130380694
2021-06-07,Asset2,0.004986798232319174
2021-06-08,Asset2,-0.0007039738519462802
2021-06-09,Asset2,-0.006388777866444074
2021-06-10,Asset2,0.006287315439435873
2021-06-11,Asset2,0.00375756540801568
2021-06-14,Asset2,0.0007595249359428636
2021-06-15,Asset2,0.0034850050032937223
2021-06-16,Asset2,-0.006152287442695794
2021-06-17,Asset2,-0.0046363219653992975
2021-06-18,Asset2,-0.0004925468605476979
2021-06-21,Asset2,0.00386552468126844
2021-06-22,Asset2,0.0016003556345854976
2021-06-23,Asset2,-0.005222159262018345
2021-06-24,Asset2,0.006333927166396621
2021-06-25,Asset2,0.004249621554167007
2021-06-28,Asset2,-0.0027630814313258515
2021-06-29,Asset2,-0.004021574814225808
2021-06-30,Asset2,-0.0016428402273958654
2021-07-01,Asset2,-0.0025341093407117658
2021-07-02,Asset2,0.00258368542729599
2021-07-05,Asset2,0.006847860742296064
2021-07-06,Asset2,-0.0009760820861786002
2021-07-07,Asset2,0.0037263524726186153
2021-07-08,Asset2,-0.009174005498635297
2021-07-09,Asset2,-0.002325584572102315
2021-07-12,Asset2,0.00017130954718737714
2021-07-13,Asset2,0.007325746075323281
2021-07-14,Asset2,0.002525656432256014
2021-07-15,Asset2,0.004253829434883727
2021-07-16,Asset2,-4.821670731235628e-05
2021-07-19,Asset2,-0.010309355789147255
2021-07-20,Asset2,-0.0073315016845771205
2021-07-22,Asset2,0.011788063798511602
2021-07-23,Asset2,0.0019413487937139707
2021-07-26,Asset2,-0.0019131893109361898
2021-07-27,Asset2,-0.004731917954544862
2021-07-28,Asset2,-0.0022587829040089605
2021-07-29,Asset2,0.004219627156460959
2021-07-30,Asset2,-0.0009369979191233925
2021-08-02,Asset2,0.007436160130963004
2021-08-03,Asset2,0.014842517647119495
2021-08-04,Asset2,0.007620712769090191
2021-08-05,Asset2,0.0021137976303818107
2021-08-06,Asset2,-0.0033227841614990087
2021-08-09,Asset2,0.001185341495269725
2021-08-10,Asset2,0.001290152691710347
2021-08-11,Asset2,0.00012680358533003757
2021-08-12,Asset2,0.004843579664972495
2021-08-13,Asset2,0.009661903047213443
2021-08-16,Asset2,0.0019718633059427762
2021-08-17,Asset2,0.002987787434427247
2021-08-18,Asset2,-0.0026434582254523777
2021-08-20,Asset2,-0.006857182464599988
2021-08-23,Asset2,0.002681453451262783
2021-08-24,Asset2,0.007457627600257696
2021-08-25,Asset2,0.0005803899177553262
2021-08-26,Asset2,0.00012984943772657688
2021-08-27,Asset2,0.003941051124940813
2021-08-30,Asset2,0.012979043060836021
2021-08-31,Asset2,0.011405228328406453
2021-09-01,Asset2,-0.0031351053833892097
2021-09-02,Asset2,0.008876912378303105
2021-09-03,Asset2,0.004982621600349404
2021-09-06,Asset2,0.0030035977610474167
2021-09-07,Asset2,-0.0008673781676829862
2021-09-08,Asset2,-0.00047549692639378807
2021-09-09,Asset2,0.0008712939752788174
2021-09-13,Asset2,-0.000770974567122984
2021-09-14,Asset2,0.0013662252414327015
2021-09-15,Asset2,0.007702603567318676
2021-09-16,Asset2,0.006030369372967002
2021-09-17,Asset2,-0.00241502169658812
2021-09-20,Asset2,-0.010276852684543734
2021-09-21,Asset2,0.009110566907965422
2021-09-22,Asset2,-0.0008390630338229954
2021-09-23,Asset2,0.01511666723249455
2021-09-24,Asset2,0.0016293599697546313
2021-09-27,Asset2,0.00010218756748557213
2021-09-28,Asset2,-0.0057260951905480795
2021-09-29,Asset2,-0.0020174478994436384
2021-09-30,Asset2,-0.005049000979909337
2021-10-01,Asset2,-0.0046915041118040434
2021-10-04,Asset2,0.008717248877892061
2021-10-05,Asset2,0.007111354483148418
2021-10-06,Asset2,-0.009496459075477973
2021-10-07,Asset2,0.007853089935396086
2021-10-08,Asset2,0.005657877850076574
2021-10-11,Asset2,0.0027225178889852234
2021-10-12,Asset2,0.0024607224428040554
2021-10-13,Asset2,0.009060093935243147
2021-10-14,Asset2,0.009345396231090037
2021-10-18,Asset2,0.007250300287411165
2021-10-19,Asset2,-0.0030290954255965375
2021-10-20,Asset2,-0.007930200203596841
2021-10-21,Asset2,-0.004651111964834165
2021-10-22,Asset2,-0.0033376013611846746
2021-10-25,Asset2,0.0005564479948901636
2021-10-26,Asset2,0.007573901654112093
2021-10-27,Asset2,-0.003019045117289139
2021-10-28,Asset2,-0.01864544488710106
2021-10-29,Asset2,-0.00997777513334924
2021-11-01,Asset2,0.01401566885520751
2021-11-02,Asset2,-0.002179246340488028
2021-11-03,Asset2,-0.0032064488136552076
2021-11-04,Asset2,0.004716841119345361
2021-11-08,Asset2,0.008130915880498933
2021-11-09,Asset2,-0.0012911245778608916
2021-11-10,Asset2,-0.0014391703728334094
2021-11-11,Asset2,-0.007651334889861126
2021-11-12,Asset2,0.012307782416957168
2021-11-15,Asset2,0.00035526370302854107
2021-11-16,Asset2,-0.00584446267368616
2021-11-17,Asset2,-0.005362842747995558
2021-11-18,Asset2,-0.007179067817722427
2021-11-22,Asset2,-0.018819237216150562
2021-11-23,Asset2,0.004784350015486894
2021-11-24,Asset2,-0.004842894468302106
2021-11-25,Asset2,0.00668107440291081
2021-11-26,Asset2,-0.02790840402024376
2021-11-29,Asset2,0.0015505288073173775
2021-11-30,Asset2,-0.0039826552271731335
2021-12-01,Asset2,0.010383975523604505
2021-12-02,Asset2,0.013127588258336403
2021-12-03,Asset2,-0.01130657843269848
2021-12-06,Asset2,-0.015879282792959692
2021-12-07,Asset2,0.015011086638383447
2021-12-08,Asset2,0.016378510586766384
2021-12-09,Asset2,0.0025882239299359357
2021-12-10,Asset2,-0.00030410005901682525
2021-12-13,Asset2,-0.00784229291218864
2021-12-14,Asset2,-0.002396074734069309
2021-12-15,Asset2,-0.005735097908774556
2021-12-16,Asset2,0.0015051040805085592
2021-12-17,Asset2,-0.01464907581443523
2021-12-20,Asset2,-0.02096884442820276
2021-12-21,Asset2,0.009051557226440679
2021-12-22,Asset2,0.010566884154809629
2021-12-23,Asset2,0.00663293396412243
2021-12-24,Asset2,-0.003871444684013206
2021-12-27,Asset2,0.0046577960743953645
2021-12-28,Asset2,0.008259272807081715
2021-12-29,Asset2,-0.0010946498774172398
2021-12-30,Asset2,-0.0005382009115022158
2021-12-31,Asset2,0.008375838487302261
2022-01-03,Asset2,0.015027183179719544
2022-01-04,Asset2,0.009779399265853642
2022-01-05,Asset2,0.0064700018253044085
2022-01-06,Asset2,-0.009605200764285051
2022-01-07,Asset2,0.0036136163050862536
2022-01-10,Asset2,0.010272306164996864
2022-01-11,Asset2,0.00279677880249821
2022-01-12,Asset2,0.008326191102557275
2022-01-13,Asset2,0.0023957987813687256
2022-01-14,Asset2,-0.00010783062120065524
2022-01-17,Asset2,0.0027528655355162357
2022-01-18,Asset2,-0.010227542945206489
2022-01-19,Asset2,-0.009256550816583591
2022-01-20,Asset2,-0.009707909914365126
2022-01-21,Asset2,-0.0075607154924818695
2022-01-24,Asset2,-0.025505188979888054
2022-01-25,Asset2,0.007212951572826541
2022-01-27,Asset2,-0.009323263598042574
2022-01-28,Asset2,-0.00046014353002490796
2022-01-31,Asset2,0.013354289156092705
2022-02-01,Asset2,0.013121221067395512
2022-02-02,Asset2,0.011095525041983622
2022-02-03,Asset2,-0.011867758717660345
2022-02-04,Asset2,-0.0023998873517905753
2022-02-07,Asset2,-0.01658986841051853
2022-02-08,Asset2,0.0029641897196336234
2022-02-09,Asset2,0.010955666237132037
2022-02-10,Asset2,0.007808545041719058
2022-02-11,Asset2,-0.012601245036301095
2022-02-14,Asset2,-0.029391573979481687
2022-02-15,Asset2,0.02904876132861844
2022-02-16,Asset2,-0.0016735389704308546
2022-02-17,Asset2,-0.0009753741304228215
2022-02-18,Asset2,-0.0015699221948644393
2022-02-21,Asset2,-0.0038702946797828023
2022-02-22,Asset2,-0.006385503424877222
2022-02-23,Asset2,-0.0016259610389699121
2022-02-24,Asset2,-0.04586979693200302
2022-02-25,Asset2,0.024251193705263605
2022-02-28,Asset2,0.007808672918751967
2022-03-02,Asset2,-0.010743967798018162
2022-03-03,Asset2,-0.006237674139280358
2022-03-04,Asset2,-0.014704350727038965
2022-03-07,Asset2,-0.02258561735034988
2022-03-08,Asset2,0.009095785449104242
2022-03-09,Asset2,0.019897238484762526
2022-03-10,Asset2,0.014656691702855513
2022-03-11,Asset2,0.0020564676012927666
2022-03-14,Asset2,0.013903262440999741
2022-03-15,Asset2,-0.011852598243179743
2022-03-16,Asset2,0.017995296465222382
2022-03-17,Asset2,0.017627508822247933
2022-03-21,Asset2,-0.009410114371645158
2022-03-22,Asset2,0.011098774322069575
2022-03-23,Asset2,-0.0038725780370188903
2022-03-24,Asset2,-0.0012747779586179322
2022-03-25,Asset2,-0.003887880855264108
2022-03-28,Asset2,0.0038617151518684526
2022-03-29,Asset2,0.005758259783997134
2022-03-30,Asset2,0.009583166958906944
2022-03-31,Asset2,-0.0018378980755218068
2022-04-01,Asset2,0.011306846648248624
2022-04-04,Asset2,0.02080496768638497
2022-04-05,Asset2,-0.005104855484613147
2022-04-06,Asset2,-0.008005613110628858
2022-04-07,Asset2,-0.009062151460754075
2022-04-08,Asset2,0.00788040901516375
2022-04-11,Asset2,-0.005905438056876555
2022-04-12,Asset2,-0.007856458215602196
2022-04-13,Asset2,-0.002992782363216229
2022-04-18,Asset2,-0.01658994048974165
2022-04-19,Asset2,-0.01201841165420909
2022-04-20,Asset2,0.010070634812686096
2022-04-21,Asset2,0.014344011122060253
2022-04-22,Asset2,-0.012178994500961268
2022-04-25,Asset2,-0.012187317661729865
2022-04-26,Asset2,0.013977716751558945
2022-04-27,Asset2,-0.009063785865710728
2022-04-28,Asset2,0.011643368535297257
2022-04-29,Asset2,-0.007932710766426895
2022-05-02,Asset2,-0.0018776804355527688
2022-05-04,Asset2,-0.022018736113858923
2022-05-05,Asset2,0.00029073428512298
2022-05-06,Asset2,-0.015617684774261955
2022-05-09,Asset2,-0.0063995353796937595
2022-05-10,Asset2,-0.0036393301325685816
2022-05-11,Asset2,-0.004312313591537489
2022-05-12,Asset2,-0.021323282056114404
2022-05-13,Asset2,-0.0015698143345141348
2022-05-16,Asset2,0.0036587813492324987
2022-05-17,Asset2,0.025269058465965347
2022-05-18,Asset2,-0.0011218195260007846
2022-05-19,Asset2,-0.025471416320812214
2022-05-20,Asset2,0.027735397242517765
2022-05-23,Asset2,-0.0030365013425958766
2022-05-24,Asset2,-0.00530184409606612
2022-05-25,Asset2,-0.005914770416991005
2022-05-26,Asset2,0.008647091826235496
2022-05-27,Asset2,0.010822893310965328
2022-05-30,Asset2,0.01813747688924437
2022-05-31,Asset2,-0.004427936624193443
2022-06-01,Asset2,-0.0035773504379193358
2022-06-02,Asset2,0.006115204793390845
2022-06-03,Asset2,-0.0025229281934086955
2022-06-06,Asset2,-0.0008538195361246893
2022-06-07,Asset2,-0.008876108166216952
2022-06-08,Asset2,-0.0035145221911606584
2022-06-09,Asset2,0.007151738632021392
2022-06-10,Asset2,-0.016096990477536082
2022-06-13,Asset2,-0.025324559150600764
2022-06-14,Asset2,-0.0025743450777459746
2022-06-15,Asset2,-0.0024377706061018147
2022-06-16,Asset2,-0.020283309940118635
2022-06-17,Asset2,-0.004193561881574333
2022-06-20,Asset2,0.003556045051819297
2022-06-21,Asset2,0.018052164340307614
2022-06-22,Asset2,-0.013842494481904739
2022-06-23,Asset2,0.008928429618824864
2022-06-24,Asset2,0.008799813684988252
2022-06-27,Asset2,0.008120630762616017
2022-06-28,Asset2,0.0011005760602672866
2022-06-29,Asset2,-0.003095012169909879
2022-06-30,Asset2,-0.0011453579917467139
2022-07-01,Asset2,-0.0017155740561778645
2022-07-04,Asset2,0.005076660719813262
2022-07-05,Asset2,-0.0014852845425070529
2022-07-06,Asset2,0.010865462119008244
2022-07-07,Asset2,0.008591512350250099
2022-07-08,Asset2,0.005218605951904679
2022-07-11,Asset2,-0.0002722232905279043
2022-07-12,Asset2,-0.009335976042180576
2022-07-13,Asset2,-0.0054790008014619935
2022-07-14,Asset2,-0.0016835090230185301
2022-07-15,Asset2,0.0066585193789321555
2022-07-18,Asset2,0.013715811991945444
2022-07-19,Asset2,0.0036592937002794205
2022-07-20,Asset2,0.010592532966690413
2022-07-21,Asset2,0.004904370956444169
2022-07-22,Asset2,0.00660220412219033
2022-07-25,Asset2,-0.005078591339287471
2022-07-26,Asset2,-0.00849403974505446
2022-07-27,Asset2,0.00919889034377981
2022-07-28,Asset2,0.016601981878745207
2022-07-29,Asset2,0.012965715673420065
2022-08-01,Asset2,0.01017171040170183
2022-08-02,Asset2,0.00029887455725358336
2022-08-03,Asset2,0.0023633360245110427
2022-08-04,Asset2,-0.0003395631431381574
2022-08-05,Asset2,0.0008560579910251677
2022-08-08,Asset2,0.007040990084782237
2022-08-10,Asset2,0.0005286346558078493
2022-08-11,Asset2,0.006802492194071803
2022-08-12,Asset2,0.0021283410725409626
2022-08-16,Asset2,0.00689425856979014
2022-08-17,Asset2,0.006408886270879819
2022-08-18,Asset2,0.0006553631386099568
2022-08-19,Asset2,-0.010588296717066258
2022-08-22,Asset2,-0.014474236845445248
2022-08-23,Asset2,0.004764174888484263
2022-08-24,Asset2,0.0014991466363249374
2022-08-25,Asset2,-0.004498734930496085
2022-08-26,Asset2,0.001997045308172787
2022-08-29,Asset2,-0.013449589367571698
2022-08-30,Asset2,0.024752893237464522
2022-09-01,Asset2,-0.011703163461223342
2022-09-02,Asset2,-0.0001834085697102239
2022-09-05,Asset2,0.006915696068171401
2022-09-06,Asset2,-0.0005543550004477638
2022-09-07,Asset2,-0.0016964164719784236
2022-09-08,Asset2,0.00949681244696599
2022-09-09,Asset2,0.0018661774000983656
2022-09-12,Asset2,0.005544667836715291
2022-09-13,Asset2,0.007156033852780937
2022-09-14,Asset2,-0.0035223337648859145
2022-09-15,Asset2,-0.006737242241199724
2022-09-16,Asset2,-0.018609459022602873
2022-09-19,Asset2,0.005005141048787252
2022-09-20,Asset2,0.01056845748982113
2022-09-21,Asset2,-0.00527520521995367
2022-09-22,Asset2,-0.004797674550626461
2022-09-23,Asset2,-0.01646945014312369
2022-09-26,Asset2,-0.017233268891766188
2022-09-27,Asset2,-0.0005021288181163186
2022-09-28,Asset2,-0.008399211326778799
2022-09-29,Asset2,-0.0023062413783395286
2022-09-30,Asset2,0.01576872572761829
2022-10-03,Asset2,-0.011624893870838841
2022-10-04,Asset2,0.021997124095410357
2022-10-06,Asset2,0.0031954983706150844
2022-10-07,Asset2,-0.0009499517798411362
2022-10-10,Asset2,-0.004083500007501293
2022-10-11,Asset2,-0.014335087871933183
2022-10-12,Asset2,0.007916299526034863
2022-10-13,Asset2,-0.00612488042190492
2022-10-14,Asset2,0.009668052483731843
2022-10-17,Asset2,0.007044083482383031
2022-10-18,Asset2,0.00971259443917063
2022-10-19,Asset2,0.0013889644040344252
2022-10-20,Asset2,0.002834087567274253
2022-10-21,Asset2,0.0006751044342204438
2022-10-24,Asset2,0.008435862121691288
2022-10-25,Asset2,-0.00402827714563685
2022-10-27,Asset2,0.004382311559967889
2022-10-28,Asset2,0.0026981810349555957
2022-10-31,Asset2,0.012165341179741633
2022-11-01,Asset2,0.007099251093497259
2022-11-02,Asset2,-0.003309309726283303
2022-11-03,Asset2,-0.0016006534160962005
2022-11-04,Asset2,0.0034273614294608027
2022-11-07,Asset2,0.004538482776107458
2022-11-09,Asset2,-0.0024154936665181383
2022-11-10,Asset2,-0.006809976868425381
2022-11-11,Asset2,0.017119846317152042
2022-11-14,Asset2,-0.0010750516814925603
2022-11-15,Asset2,0.0038888872905127416
2022-11-16,Asset2,0.0003260267055352273
2022-11-17,Asset2,-0.0034286365390264707
2022-11-18,Asset2,-0.0018970883650123583
2022-11-21,Asset2,-0.007745020358953809
2022-11-22,Asset2,0.004453756947541123
2022-11-23,Asset2,0.0012129197743718124
2022-11-24,Asset2,0.011396111894236968
2022-11-25,Asset2,0.0014880018816849374
2022-11-28,Asset2,0.0025928076595858585
2022-11-29,Asset2,0.0028599614820002017
2022-11-30,Asset2,0.007234209240402408
2022-12-01,Asset2,0.0027712659206447655
2022-12-02,Asset2,-0.005939900332225925
2022-12-05,Asset2,0.00025423083420115237
2022-12-06,Asset2,-0.0029928131127324423
2022-12-07,Asset2,-0.004235426640382975
2022-12-08,Asset2,0.0025266358664906364
2022-12-09,Asset2,-0.005816431109740173
2022-12-12,Asset2,2.8586335389491072e-05
2022-12-13,Asset2,0.005753082110092791
2022-12-14,Asset2,0.0026982346302666118
2022-12-15,Asset2,-0.01262489698112031
2022-12-16,Asset2,-0.007606034897224099
2022-12-19,Asset2,0.007958358421369454
2022-12-20,Asset2,-0.0018317957178619795
2022-12-21,Asset2,-0.009722610857816286
2022-12-22,Asset2,-0.0037848026264176585
2022-12-23,Asset2,-0.016975833843953157
2022-12-26,Asset2,0.011202847577766592
2022-12-27,Asset2,0.006272308430390936
2022-12-28,Asset2,-0.0005188944367021265
2022-12-29,Asset2,0.003628638432887357
2022-12-30,Asset2,-0.004522634819416177
2023-01-02,Asset2,0.004886000021143602
2023-01-03,Asset2,0.0018517705198638624
2023-01-04,Asset2,-0.00998310670754769
2023-01-05,Asset2,-0.0027028217177113237
2023-01-06,Asset2,-0.007080483557228306
2023-01-09,Asset2,0.012994801640150657
2023-01-10,Asset2,-0.009920164560920172
2023-01-11,Asset2,-0.0009887784021993086
2023-01-12,Asset2,-0.002011656519253613
2023-01-13,Asset2,0.005289692081652718
2023-01-16,Asset2,-0.003301293189666588
2023-01-17,Asset2,0.008500385771351234
2023-01-18,Asset2,0.0059582940706176405
2023-01-19,Asset2,-0.003038752415285835
2023-01-20,Asset2,-0.004251816292981587
2023-01-23,Asset2,0.0048405850518036435
2023-01-24,Asset2,-1.3246092521299602e-05
2023-01-25,Asset2,-0.01199326044001179
2023-01-27,Asset2,-0.015431277029931608
2023-01-30,Asset2,0.0024321049030519505
2023-01-31,Asset2,0.0007180668289608861
2023-02-01,Asset2,-0.002492087544638011
2023-02-02,Asset2,-0.0003215416829183582
2023-02-03,Asset2,0.013282172455574611
2023-02-06,Asset2,-0.004809727834435371
2023-02-07,Asset2,-0.0023291054068094045
2023-02-08,Asset2,0.008136514967694524
2023-02-09,Asset2,0.0011683276304300706
2023-02-10,Asset2,-0.0019823595532844607
2023-02-13,Asset2,-0.004602000672024183
2023-02-14,Asset2,0.00858657955679597
2023-02-15,Asset2,0.004604611962658681
2023-02-16,Asset2,0.0010657282568572414
2023-02-17,Asset2,-0.004878304981777256
2023-02-20,Asset2,-0.005328497740935134
2023-02-21,Asset2,-0.0009630014332723747
2023-02-22,Asset2,-0.014669148606319347
2023-02-23,Asset2,-0.0023543375788652554
2023-02-24,Asset2,-0.0024916125347990816
2023-02-27,Asset2,-0.004017994987973097
2023-02-28,Asset2,-0.004898607106834305
2023-03-01,Asset2,0.00815265481981065
2023-03-02,Asset2,-0.007096481971012239
2023-03-03,Asset2,0.01509945468463478
2023-03-06,Asset2,0.0063893026736322875
2023-03-08,Asset2,0.0023280491895800995
2023-03-09,Asset2,-0.00891095990397627
2023-03-10,Asset2,-0.00964383805016169
2023-03-13,Asset2,-0.014256994494361132
2023-03-14,Asset2,-0.006211853304826747
2023-03-15,Asset2,-0.004007696389137508
2023-03-16,Asset2,0.0007607315338857035
2023-03-17,Asset2,0.006468604437099686
2023-03-20,Asset2,-0.006268073491192574
2023-03-21,Asset2,0.006730217228874267
2023-03-22,Asset2,0.0024915607189829104
2023-03-23,Asset2,-0.004197785572457882
2023-03-24,Asset2,-0.007412095995447068
2023-03-27,Asset2,0.0023028848071189856
2023-03-28,Asset2,-0.001921616506900712
2023-03-29,Asset2,0.0073054623257485934
2023-03-31,Asset2,0.015683710986838975
2023-04-03,Asset2,0.002118046054810705
2023-04-05,Asset2,0.008773396624666818
2023-04-06,Asset2,0.0023019597940196947
2023-04-10,Asset2,0.0013582686930576672
2023-04-11,Asset2,0.005351777589085671
2023-04-12,Asset2,0.004880609242989067
2023-04-13,Asset2,0.0008407415436204957
2023-04-17,Asset2,-0.006523691664796979
2023-04-18,Asset2,-0.00253185919511413
2023-04-19,Asset2,-0.0022505116955911578
2023-04-20,Asset2,0.0003105356509399826
2023-04-21,Asset2,-2.170280587222351e-05
2023-04-24,Asset2,0.006501094806302632
2023-04-25,Asset2,0.0013985833861423203
2023-04-26,Asset2,0.002396028251051661
2023-04-27,Asset2,0.005467346697786085
2023-04-28,Asset2,0.008035213059550017
2023-05-02,Asset2,0.004392160254636011
2023-05-03,Asset2,-0.003057627230281277
2023-05-04,Asset2,0.008806768903011531
2023-05-05,Asset2,-0.009823110590918773
2023-05-08,Asset2,0.010381558193591333
2023-05-09,Asset2,8.140836645054606e-05
2023-05-10,Asset2,0.0025831876808004497
2023-05-11,Asset2,-0.0009487049140101789
2023-05-12,Asset2,0.0009339645843580513
2023-05-15,Asset2,0.004405555701299377
2023-05-16,Asset2,-0.005862085254778258
2023-05-17,Asset2,-0.005499138708883607
2023-05-18,Asset2,-0.002735091506593115
2023-05-19,Asset2,0.0038893172920238333
2023-05-22,Asset2,0.005853851352678064
2023-05-23,Asset2,0.0017612165461071785
2023-05-24,Asset2,-0.0032753229234794294
2023-05-25,Asset2,0.001876907219247812
2023-05-26,Asset2,0.009337363994759686
2023-05-29,Asset2,0.005153086568604977
2023-05-30,Asset2,0.0018168657020959957
2023-05-31,Asset2,-0.0051235387212724606
2023-06-01,Asset2,-0.0024162839938783875
2023-06-02,Asset2,0.002406762586036706
2023-06-05,Asset2,0.0030948360702122814
2023-06-06,Asset2,0.00026591454184433873
2023-06-07,Asset2,0.006575857572987758
2023-06-08,Asset2,-0.004708626493116306
2023-06-09,Asset2,-0.0036654693639691874
2023-06-12,Asset2,0.0019703084688337926
2023-06-13,Asset2,0.005916962341746626
2023-06-14,Asset2,0.0020388808170249463
2023-06-15,Asset2,-0.0034703079374709136
2023-06-16,Asset2,0.007083886417942154
2023-06-19,Asset2,-0.003597617656432597
2023-06-20,Asset2,0.003135088864798661
2023-06-21,Asset2,0.0020484131968051857
2023-06-22,Asset2,-0.0043578660647081695
2023-06-23,Asset2,-0.005408270626623129
2023-06-26,Asset2,0.0013217567169375856
2023-06-27,Asset2,0.0064818272804274815
2023-06-28,Asset2,0.007892229899831876
2023-06-30,Asset2,0.010977863773026116
2023-07-03,Asset2,0.006678808736345943
2023-07-04,Asset2,0.0033013886583701437
2023-07-05,Asset2,0.0004703697973076971
2023-07-06,Asset2,0.004889488878006105
2023-07-07,Asset2,-0.008148820279409713
2023-07-10,Asset2,0.0011967651261148406
2023-07-11,Asset2,0.004141372831140658
2023-07-12,Asset2,-0.0027210522926164773
2023-07-13,Asset2,0.0014584611701518924
2023-07-14,Asset2,0.0074545103341704085
2023-07-17,Asset2,0.007210572720999764
2023-07-18,Asset2,0.0018409985789111973
2023-07-19,Asset2,0.0040783510766231506
2023-07-20,Asset2,0.007066955941918991
2023-07-21,Asset2,-0.011250947643172894
2023-07-24,Asset2,-0.003532255001266194
2023-07-25,Asset2,0.0004025955291190542
2023-07-26,Asset2,0.004765765620033307
2023-07-27,Asset2,-0.005746923168837342
2023-07-28,Asset2,-0.0006762814020329344
2023-07-31,Asset2,0.0052651803230968144
2023-08-01,Asset2,-0.0009841144099443967
2023-08-02,Asset2,-0.010070159303961433
2023-08-03,Asset2,-0.007123858000234869
2023-08-04,Asset2,0.006704053699309967
2023-08-07,Asset2,0.003949825792898594
2023-08-08,Asset2,-0.0012957460460215843
2023-08-09,Asset2,0.0030265995693731897
2023-08-10,Asset2,-0.004374017719695083
2023-08-11,Asset2,-0.005639170715127087
2023-08-14,Asset2,0.00030882783149976945
2023-08-16,Asset2,0.0015040867334170827
2023-08-17,Asset2,-0.004919599280760387
2023-08-18,Asset2,-0.002731471321051906
2023-08-21,Asset2,0.004148660076665962
2023-08-22,Asset2,0.00014105813542094838
2023-08-23,Asset2,0.0023534591040442624
2023-08-24,Asset2,-0.002829086093396427
2023-08-25,Asset2,-0.005986707623118655
2023-08-28,Asset2,0.002005626469344932
2023-08-29,Asset2,0.0018199281353866326
2023-08-30,Asset2,0.00023817185892134775
2023-08-31,Asset2,-0.004646736579252747
2023-09-01,Asset2,0.009049641781360905
2023-09-04,Asset2,0.004618400353576888
2023-09-05,Asset2,0.002266172177991095
2023-09-06,Asset2,0.0017729017418969307
2023-09-07,Asset2,0.005678431066349177
2023-09-08,Asset2,0.004520822751912022
2023-09-11,Asset2,0.00854413768324882
2023-09-12,Asset2,-0.00015124635541393874
2023-09-13,Asset2,0.0036876914591466208
2023-09-14,Asset2,0.0015832399103138074
2023-09-15,Asset2,0.004262029322087316
2023-09-18,Asset2,-0.002807344172254247
2023-09-20,Asset2,-0.011057519947614766
2023-09-21,Asset2,-0.007672261599838386
2023-09-22,Asset2,-0.0033114409527503956
2023-09-25,Asset2,1.4676544213969578e-05
2023-09-26,Asset2,-0.00048069712519250635
2023-09-27,Asset2,0.002526354430716751
2023-09-28,Asset2,-0.00939228448010276
2023-09-29,Asset2,0.0056424162404820075
2023-10-03,Asset2,-0.005355287668290139
2023-10-04,Asset2,-0.004554534980477456
2023-10-05,Asset2,0.005415920741074274
2023-10-06,Asset2,0.005292199071409414
2023-10-09,Asset2,-0.006894668888493102
2023-10-10,Asset2,0.008732930857190553
2023-10-11,Asset2,0.005923864443558955
2023-10-12,Asset2,-0.0008407112755265446
2023-10-13,Asset2,-0.0020830175810851517
2023-10-16,Asset2,-0.0009381146454035872
2023-10-17,Asset2,0.0038800410505910325
2023-10-18,Asset2,-0.00680334023168367
2023-10-19,Asset2,-0.002264457802794624
2023-10-20,Asset2,-0.0040136602412098555
2023-10-23,Asset2,-0.012816295128533427
2023-10-25,Asset2,-0.007946147263604183
2023-10-26,Asset2,-0.013298942315853603
2023-10-27,Asset2,0.009672672314361891
2023-10-30,Asset2,0.004720071138878268
2023-10-31,Asset2,-0.003074502703583555
2023-11-01,Asset2,-0.004550999590019416
2023-11-02,Asset2,0.00728498232697632
2023-11-03,Asset2,0.004884461604798034
2023-11-06,Asset2,0.009043107263032014
2023-11-07,Asset2,-0.0002497842801395578
2023-11-08,Asset2,0.0018204409519506728
2023-11-09,Asset2,-0.002379779875022479
2023-11-10,Asset2,0.0014873125879999805
2023-11-13,Asset2,0.0008995011853771474
2023-11-15,Asset2,0.011449683368260112
2023-11-16,Asset2,0.0043790613897594
2023-11-17,Asset2,-0.001622169331315604
2023-11-20,Asset2,-0.001839099755886622
2023-11-21,Asset2,0.004357894536407088
2023-11-22,Asset2,0.001380513433521813
2023-11-23,Asset2,-0.00047727118802303185
2023-11-24,Asset2,-0.0003539415210584451
2023-11-28,Asset2,0.004607294053430877
2023-11-29,Asset2,0.00998629354901233
2023-11-30,Asset2,0.001746004333172522
2023-12-01,Asset2,0.006425223946086334
2023-12-04,Asset2,0.01984144224361856
2023-12-05,Asset2,0.007810143129837642
2023-12-06,Asset2,0.0038022175144325136
2023-12-07,Asset2,-0.001675775099901138
2023-12-08,Asset2,0.0031347556845191353
2023-12-11,Asset2,0.0012680977760284407
2023-12-12,Asset2,-0.004146822733608531
2023-12-13,Asset2,0.000916047222007137
2023-12-14,Asset2,0.011760083798358637
2023-12-15,Asset2,0.012415468032856296
2023-12-18,Asset2,-0.001700172176731698
2023-12-19,Asset2,0.0015440398623096032
2023-12-20,Asset2,-0.013556607450464036
2023-12-21,Asset2,0.004761402313462427
2023-12-22,Asset2,0.004261369494346284
2023-12-26,Asset2,0.004134600896742882
2023-12-27,Asset2,0.009554639923898591
2023-12-28,Asset2,0.005494926055484371
2023-12-29,Asset2,-0.002084921351083651
2024-01-01,Asset2,0.0004638449349241825
2024-01-02,Asset2,-0.0033601306089830986
2024-01-03,Asset2,-0.006577791720642701
2024-01-04,Asset2,0.0063018913788954484
2024-01-05,Asset2,0.0023137749394613397
2024-01-08,Asset2,-0.00874628033821729
2024-01-09,Asset2,0.0014212627248640075
2024-01-10,Asset2,0.0032906066315333505
2024-01-11,Asset2,0.0012655710560176205
2024-01-12,Asset2,0.010969432932197664
2024-01-15,Asset2,0.008896391707054719
2024-01-16,Asset2,-0.002830304049162962
2024-01-17,Asset2,-0.020058617771599146
2024-01-18,Asset2,-0.004881860648386188
2024-01-19,Asset2,0.007163478898997156
2024-01-23,Asset2,-0.0170312092250251
2024-01-24,Asset2,0.009724772228304843
2024-01-25,Asset2,-0.0045350916051841855
2024-01-29,Asset2,0.01730936779415494
2024-01-30,Asset2,-0.009517150178383888
2024-01-31,Asset2,0.00908162440224281
2024-02-01,Asset2,-0.0012482912391880419
2024-02-02,Asset2,0.006917748648089486
2024-02-05,Asset2,-0.003606580877575496
2024-02-06,Asset2,0.006953666017470042
2024-02-07,Asset2,4.813743108314839e-05
2024-02-08,Asset2,-0.009304336426438057
2024-02-09,Asset2,0.0028533426142510624
2024-02-12,Asset2,-0.0073357626535062795
2024-02-13,Asset2,0.005649100811047348
2024-02-14,Asset2,0.004273912593563481
2024-02-15,Asset2,0.003107650741282484
2024-02-16,Asset2,0.0056936093013702305
2024-02-19,Asset2,0.0035520084559476574
2024-02-20,Asset2,0.003241589350088674
2024-02-21,Asset2,-0.006136992009916895
2024-02-22,Asset2,0.007068788983815822
2024-02-23,Asset2,-0.00020524408338250312
2024-02-26,Asset2,-0.003917691368482785
2024-02-27,Asset2,0.003311034574700571
2024-02-28,Asset2,-0.010690490697550601
2024-02-29,Asset2,0.001384181441942971
2024-03-01,Asset2,0.015544481952065824
2024-03-04,Asset2,0.0028728386771864223
2024-03-05,Asset2,-0.002112278886756336
2024-03-06,Asset2,0.005056292680352783
2024-03-07,Asset2,0.0008329606523635392
2024-03-11,Asset2,-0.006867051649700287
2024-03-12,Asset2,0.00013105811217222654
2024-03-13,Asset2,-0.014527416259599876
2024-03-14,Asset2,0.006500367314692639
2024-03-15,Asset2,-0.005344769882225969
2024-03-18,Asset2,0.0014101226902732123
2024-03-19,Asset2,-0.01037010877467715
2024-03-20,Asset2,0.0009526491750529687
2024-03-21,Asset2,0.007598098271815489
2024-03-22,Asset2,0.0036983889609673074
2024-03-26,Asset2,-0.003999174086686992
2024-03-27,Asset2,0.00518948811182554
2024-03-28,Asset2,0.008819521035402218
2024-04-01,Asset2,0.005808940010968158
2024-04-02,Asset2,-0.00037179458641261936
2024-04-03,Asset2,-0.0007974050307539216
2024-04-04,Asset2,0.0034232759888290333
2024-04-05,Asset2,-4.0556925564381176e-05
2024-04-08,Asset2,0.006507038162701875
2024-04-09,Asset2,-0.0009974609539595393
2024-04-10,Asset2,0.004708295149661553
2024-04-12,Asset2,-0.00988952910167992
2024-04-15,Asset2,-0.010525341300769
2024-04-16,Asset2,-0.005370552250533152
2024-04-18,Asset2,-0.006590636016305496
2024-04-19,Asset2,0.006596897941062139
2024-04-22,Asset2,0.008209887343658268
2024-04-23,Asset2,0.0013581250545961156
2024-04-24,Asset2,0.0014764116148068497
2024-04-25,Asset2,0.00719705242244821
2024-04-26,Asset2,-0.006397081901647966
2024-04-29,Asset2,0.009567957666050333
2024-04-30,Asset2,-0.0016344166230140545
2024-05-02,Asset2,0.001841004285325525
2024-05-03,Asset2,-0.007305464924691308
2024-05-06,Asset2,-0.0014159364630525674
2024-05-07,Asset2,-0.005997106171950791
2024-05-08,Asset2,0.0
2024-05-09,Asset2,-0.01485035309942834
2024-05-10,Asset2,0.004271490379141483
2024-05-13,Asset2,0.0021263693669170184
2024-05-14,Asset2,0.004942391604197312
2024-05-15,Asset2,-0.0007474564501954718
2024-05-16,Asset2,0.008791082569214197
2024-05-17,Asset2,0.0026673987302160643
2024-05-21,Asset2,0.0026899696008995735
2024-05-22,Asset2,0.00292955085595203
2024-05-23,Asset2,0.015711954824143747
2024-05-24,Asset2,-0.0004410007043704667
2024-05-27,Asset2,-0.001030808569142394
2024-05-28,Asset2,-0.001854441040917223
2024-05-29,Asset2,-0.00769451100217065
2024-05-30,Asset2,-0.009134975671852104
2024-05-31,Asset2,0.0017949887742853578
2024-06-03,Asset2,0.031240624987538653
2024-06-04,Asset2,-0.056921855439754344
2024-06-05,Asset2,0.03227926728963425
2024-06-06,Asset2,0.008532527274468293
2024-06-07,Asset2,0.019718334208134822
2024-06-10,Asset2,-0.0012757807271163559
2024-06-11,Asset2,0.00023321417685039593
2024-06-12,Asset2,0.002397420397573669
2024-06-13,Asset2,0.0031262394955344068
2024-06-14,Asset2,0.002736506798655114
2024-06-18,Asset2,0.0037761127554821884
2024-06-19,Asset2,-0.0017074685915561363
2024-06-20,Asset2,0.002081986732437429
2024-06-21,Asset2,-0.0026844475325667363
2024-06-24,Asset2,0.0015012063514647169
2024-06-25,Asset2,0.0074821246597588245
2024-06-26,Asset2,0.005969318516964393
2024-06-27,Asset2,0.007066599262602936
2024-06-28,Asset2,-0.0013535059992929633
2024-07-01,Asset2,0.005251664975112363
2024-07-02,Asset2,-0.0007197275100929091
2024-07-03,Asset2,0.006472614343413881
2024-07-04,Asset2,0.0006186307207708098
2024-07-05,Asset2,0.0008571772318565963
2024-07-08,Asset2,-0.00013019629091850506
2024-07-09,Asset2,0.004446548146572909
2024-07-10,Asset2,-0.004272874749856079
2024-07-11,Asset2,-0.0003354649442056257
2024-07-12,Asset2,0.007351270698581801
2024-07-15,Asset2,0.0033126429193356447
2024-07-16,Asset2,0.001026927192436915
2024-07-18,Asset2,0.007326844553691174
2024-07-19,Asset2,-0.010449289201045674
2024-07-22,Asset2,-0.0008472732214893598
2024-07-23,Asset2,-0.0011828697328559912
2024-07-24,Asset2,-0.0025707185528697353
2024-07-25,Asset2,-0.00029100190468383857
2024-07-26,Asset2,0.01686463656986355
2024-07-29,Asset2,4.831919737284807e-05
2024-07-30,Asset2,0.0008194976393280485
2024-07-31,Asset2,0.0036245136104223266
2024-08-01,Asset2,0.0022988919990459067
2024-08-02,Asset2,-0.011254018072276502
2024-08-05,Asset2,-0.02571499957883795
2024-08-06,Asset2,-0.0025161241450165762
2024-08-07,Asset2,0.012201755981226655
2024-08-08,Asset2,-0.007131597901018623
2024-08-09,Asset2,0.009971389476303117
2024-08-12,Asset2,-0.0008076331178824248
2024-08-13,Asset2,-0.008201421119645112
2024-08-14,Asset2,0.0001889059198806109
2024-08-16,Asset2,0.015801371990680765
2024-08-19,Asset2,0.0012322160745794266
2024-08-20,Asset2,0.004930328966313766
2024-08-21,Asset2,0.002773231388639204
2024-08-22,Asset2,0.0016006633475111444
2024-08-23,Asset2,0.00045077383471365807
2024-08-26,Asset2,0.007249331658884231
2024-08-27,Asset2,0.0002744586338275923
2024-08-28,Asset2,0.0013276823455346688
2024-08-29,Asset2,0.0038166330300700227
2024-08-30,Asset2,0.003204249670634667
2024-09-02,Asset2,0.0016281121087030215
2024-09-03,Asset2,4.3687967899117554e-05
2024-09-04,Asset2,-0.0030816787363761836
2024-09-05,Asset2,-0.002041995285284877
2024-09-06,Asset2,-0.011184336286945859
2024-09-09,Asset2,0.0032544467472121856
2024-09-10,Asset2,0.004030704048118707
2024-09-11,Asset2,-0.00470204491163468
2024-09-12,Asset2,0.018124447514180277
2024-09-13,Asset2,-0.0012251170598741724
2024-09-16,Asset2,0.001031688127304591
2024-09-17,Asset2,0.0013161471413798156
2024-09-18,Asset2,-0.0015484753768508599
2024-09-19,Asset2,0.0014469481439135024
2024-09-20,Asset2,0.014170023722631911
2024-09-23,Asset2,0.00551268969567964
2024-09-24,Asset2,4.9948820831104974e-05
2024-09-25,Asset2,0.0023592542550776585
2024-09-26,Asset2,0.007822765671795864
2024-09-27,Asset2,-0.0013586142435104522
2024-09-30,Asset2,-0.01349846481794245
2024-10-01,Asset2,-0.0005188225185402474
2024-10-03,Asset2,-0.020348520250547893
2024-10-04,Asset2,-0.00895362804493889
2024-10-07,Asset2,-0.00839892016185857
2024-10-08,Asset2,0.00841694141133047
2024-10-09,Asset2,-0.0011974950988671651
2024-10-10,Asset2,0.0006340578095527151
2024-10-11,Asset2,-0.001313331467592569
2024-10-14,Asset2,0.006295051924251638
2024-10-15,Asset2,-0.002697220708701025
2024-10-16,Asset2,-0.003296712393280963
2024-10-17,Asset2,-0.008513498229921162
2024-10-18,Asset2,0.00404176698359052
2024-10-21,Asset2,-0.002817775082878349
2024-10-22,Asset2,-0.011970413124354594
2024-10-23,Asset2,-0.001435742153752102
2024-10-24,Asset2,-0.0014182490638619783
2024-10-25,Asset2,-0.008600851727513438
2024-10-28,Asset2,0.006286624929223877
2024-10-29,Asset2,0.005036792494088758
2024-10-30,Asset2,-0.004943832243676063
2024-10-31,Asset2,-0.005344102695162292
2024-11-01,Asset2,0.00392640476315151
2024-11-04,Asset2,-0.012205222718059298
2024-11-05,Asset2,0.00871973646586298
2024-11-06,Asset2,0.010734595929245288
2024-11-07,Asset2,-0.011162904677901722
2024-11-08,Asset2,-0.0020291609399690816
2024-11-11,Asset2,-0.0002742440519067202
2024-11-12,Asset2,-0.010253693545471983
2024-11-13,Asset2,-0.013039259830004576
2024-11-14,Asset2,-0.001073791140181868
2024-11-18,Asset2,-0.003218606556601458
2024-11-19,Asset2,0.0026482381503664955
2024-11-21,Asset2,-0.006882055615791814
2024-11-22,Asset2,0.022914685546788292
2024-11-25,Asset2,0.012634844032667873
2024-11-26,Asset2,-0.0010859748647212087
2024-11-27,Asset2,0.003190162020293883
2024-11-28,Asset2,-0.014266587892313219
2024-11-29,Asset2,0.008709121862913848
2024-12-02,Asset2,0.005766547204750623
2024-12-03,Asset2,0.007161610698815935
2024-12-04,Asset2,0.00040425294206769996
2024-12-05,Asset2,0.0094539125403697
2024-12-06,Asset2,-0.0011888922202809129
2024-12-09,Asset2,-0.002287430330618854
2024-12-10,Asset2,-0.00034896827653440715
2024-12-11,Asset2,0.001238518370844659
2024-12-12,Asset2,-0.003627068524472783
2024-12-13,Asset2,0.00858772589624536
2024-12-16,Asset2,-0.0038778901648639065
2024-12-17,Asset2,-0.012929980845824076
2024-12-18,Asset2,-0.005410271819526678
2024-12-19,Asset2,-0.009804779104378625
2024-12-20,Asset2,-0.014597346384773396
2024-12-23,Asset2,0.0067540540540539954
2024-12-24,Asset2,-0.0010426643630538025
2024-12-26,Asset2,0.0009123058812663488
2024-12-27,Asset2,0.002554636466042908
2024-12-30,Asset2,-0.006792814018433191
2024-12-31,Asset2,-4.044212427238847e-06
2007-09-18,Asset3,0.01192802684354648
2007-09-19,Asset3,0.04258411203209063
2007-09-20,Asset3,0.0033403478158408008
2007-09-21,Asset3,0.019715432981363128
2007-09-24,Asset3,0.02034840161327475
2007-09-25,Asset3,0.0014021933748903771
2007-09-26,Asset3,0.00034742873413271983
2007-09-27,Asset3,0.012640784713085811
2007-09-28,Asset3,0.004325985248106488
2007-10-01,Asset3,0.009858723371151897
2007-10-03,Asset3,0.029103381975704095
2007-10-04,Asset3,-0.0004290892993986706
2007-10-05,Asset3,-0.004552388300148689
2007-10-08,Asset3,-0.020204980480896584
2007-10-09,Asset3,0.04952427555036178
2007-10-10,Asset3,0.022294467713172745
2007-10-11,Asset3,0.015939849732010514
2007-10-12,Asset3,-0.018184041157083906
2007-10-15,Asset3,0.04639357038410161
2007-10-16,Asset3,-0.0004310280764306995
2007-10-17,Asset3,-0.019953953105081388
2007-10-18,Asset3,-0.038967460738911795
2007-10-19,Asset3,-0.026374173635769004
2007-10-22,Asset3,-0.006241596474615437
2007-10-23,Asset3,0.05811886634355709
2007-10-24,Asset3,0.004265431879607639
2007-10-25,Asset3,0.01377551668581921
2007-10-26,Asset3,0.024903004854798745
2007-10-29,Asset3,0.03713310573190823
2007-10-30,Asset3,-0.00654191555501428
2007-10-31,Asset3,0.005652975239616502
2007-11-01,Asset3,-0.006027758958953395
2007-11-02,Asset3,0.011691515827971167
2007-11-05,Asset3,-0.014918768629797565
2007-11-06,Asset3,-0.010813845533336587
2007-11-07,Asset3,-0.0007458564654799637
2007-11-08,Asset3,-0.015036118549401083
2007-11-12,Asset3,-0.014900793759596357
2007-11-13,Asset3,0.014497124042524555
2007-11-14,Asset3,0.044281350620562224
2007-11-15,Asset3,-0.004518735127954789
2007-11-16,Asset3,-0.0009235296950003758
2007-11-19,Asset3,0.00014081902558023884
2007-11-20,Asset3,-0.022313441415630103
2007-11-21,Asset3,-0.03955164514607852
2007-11-22,Asset3,-0.007798472740874347
2007-11-23,Asset3,0.0168171973797088
2007-11-26,Asset3,0.022826391494019962
2007-11-27,Asset3,-0.006087601147742507
2007-11-28,Asset3,-0.014710757526407187
2007-11-29,Asset3,0.0031565905606575663
2007-11-30,Asset3,0.023653124645515913
2007-12-03,Asset3,0.018452995531647184
2007-12-04,Asset3,-0.0011791813192667889
2007-12-05,Asset3,0.01449484872395603
2007-12-06,Asset3,0.0025737715698653397
2007-12-07,Asset3,0.003423109994025442
2007-12-10,Asset3,-0.002384830989117921
2007-12-11,Asset3,0.02384254875501233
2007-12-12,Asset3,0.010583754458977346
2007-12-13,Asset3,-0.017087607138785748
2007-12-14,Asset3,-0.0017853614603833634
2007-12-17,Asset3,-0.04655128297252717
2007-12-18,Asset3,-0.006246876081876405
2007-12-19,Asset3,0.0016028598080139213
2007-12-20,Asset3,0.0027758103741991925
2007-12-24,Asset3,0.03942497209095627
2007-12-26,Asset3,0.014882942136988042
2007-12-27,Asset3,0.0018416175925543854
2007-12-28,Asset3,-0.0003077853942284037
2007-12-31,Asset3,0.010075480117379633
2008-01-01,Asset3,0.0009741634745489592
2008-01-02,Asset3,0.005932571597589238
2008-01-03,Asset3,-0.00014307239804378646
2008-01-04,Asset3,0.016117050626418942
2008-01-07,Asset3,0.0007956751897271097
2008-01-08,Asset3,0.0014492522588382606
2008-01-09,Asset3,-0.0026215799210360657
2008-01-10,Asset3,-0.019077135981345663
2008-01-11,Asset3,0.007288657048365437
2008-01-14,Asset3,0.001123803681029827
2008-01-15,Asset3,-0.0222098023478849
2008-01-16,Asset3,-0.023713215623328017
2008-01-17,Asset3,-0.003950940803605274
2008-01-18,Asset3,-0.03656504077460435
2008-01-21,Asset3,-0.09050532271341045
2008-01-22,Asset3,-0.06179542544720838
2008-01-23,Asset3,0.06455291861500455
2008-01-24,Asset3,-0.033967732372998695
2008-01-25,Asset3,0.07229551983575512
2008-01-28,Asset3,-0.02110581662698599
2008-01-29,Asset3,0.001321115485767166
2008-01-30,Asset3,-0.022293535007329633
2008-01-31,Asset3,-0.0060677873374376644
2008-02-01,Asset3,0.03639778290125602
2008-02-04,Asset3,0.02860501198928013
2008-02-05,Asset3,0.0038832064496201824
2008-02-06,Asset3,-0.030599410009431963
2008-02-07,Asset3,-0.036988248884325614
2008-02-08,Asset3,-0.0026135291360249104
2008-02-11,Asset3,-0.05348933106895671
2008-02-12,Asset3,-0.004014823965410779
2008-02-13,Asset3,0.01960382434247917
2008-02-14,Asset3,0.05750170620336903
2008-02-15,Asset3,0.02017222192185697
2008-02-18,Asset3,-0.005099096814565387
2008-02-19,Asset3,0.0007686138665807363
2008-02-20,Asset3,-0.024883274998109082
2008-02-21,Asset3,0.007535933470717229
2008-02-22,Asset3,-0.016235563782504823
2008-02-25,Asset3,0.018304202538766357
2008-02-26,Asset3,0.013868054500624024
2008-02-27,Asset3,-0.0003255943494071012
2008-02-28,Asset3,0.003296675166453049
2008-02-29,Asset3,-0.012121643938382541
2008-03-03,Asset3,-0.053856609552981674
2008-03-04,Asset3,-0.01863517060367455
2008-03-05,Asset3,0.01221892345942333
2008-03-07,Asset3,-0.03165599219051601
2008-03-10,Asset3,0.006277097045435891
2008-03-11,Asset3,0.014190484415004931
2008-03-12,Asset3,0.0013037879302540034
2008-03-13,Asset3,-0.05302460969571021
2008-03-14,Asset3,0.027486740338318258
2008-03-17,Asset3,-0.05318549152941361
2008-03-18,Asset3,0.0069054424203637416
2008-03-19,Asset3,0.009395147391352268
2008-03-24,Asset3,0.008162725181346123
2008-03-25,Asset3,0.060382852487767986
2008-03-26,Asset3,-0.010373326178882643
2008-03-27,Asset3,0.00030150002755442886
2008-03-28,Asset3,0.024060866414781844
2008-03-31,Asset3,-0.043666531768514795
2008-04-01,Asset3,0.0011092611416200881
2008-04-02,Asset3,0.003214737027329182
2008-04-03,Asset3,0.0038062971044723606
2008-04-04,Asset3,-0.02715736836918717
2008-04-07,Asset3,0.025558038115988852
2008-04-08,Asset3,-0.011260250039534698
2008-04-09,Asset3,0.008258766414493586
2008-04-10,Asset3,-0.003078079539121639
2008-04-11,Asset3,0.009844030609549997
2008-04-15,Asset3,0.022170058581897543
2008-04-16,Asset3,0.0016304240256414105
2008-04-17,Asset3,0.015129847669991304
2008-04-21,Asset3,0.016485984021551107
2008-04-22,Asset3,0.0025395665822909486
2008-04-23,Asset3,-0.005458182533430671
2008-04-24,Asset3,-0.004751870717647497
2008-04-25,Asset3,0.023265517823630066
2008-04-28,Asset3,-0.004486238200849373
2008-04-29,Asset3,0.021629012540097765
2008-04-30,Asset3,-0.005925147062361705
2008-05-02,Asset3,0.012542307422198497
2008-05-05,Asset3,-0.007151256977213958
2008-05-06,Asset3,-0.009534229199768882
2008-05-07,Asset3,-0.0018496688050949218
2008-05-08,Asset3,-0.010895102107876512
2008-05-09,Asset3,-0.020281421099491288
2008-05-12,Asset3,0.006272186461382017
2008-05-13,Asset3,-0.011380029061241288
2008-05-14,Asset3,0.011317157879580115
2008-05-15,Asset3,0.021477527809647245
2008-05-16,Asset3,0.008630702922633269
2008-05-20,Asset3,-0.010636523629244402
2008-05-21,Asset3,0.0025872329419838994
2008-05-22,Asset3,-0.018736665684885113
2008-05-23,Asset3,-0.016328170225731933
2008-05-26,Asset3,-0.015032700151838033
2008-05-27,Asset3,-0.003253300096493357
2008-05-28,Asset3,0.012529796932944955
2008-05-29,Asset3,-0.017561235571387862
2008-05-30,Asset3,0.00748501771336171
2008-06-02,Asset3,-0.027868010364985273
2008-06-03,Asset3,-0.005200481605439427
2008-06-04,Asset3,-0.02873508761448733
2008-06-05,Asset3,0.020717921218437088
2008-06-06,Asset3,-0.01092943138484384
2008-06-09,Asset3,-0.028506763325495336
2008-06-10,Asset3,-0.01181892799111651
2008-06-11,Asset3,0.01724848488838715
2008-06-12,Asset3,0.0036210097370204153
2008-06-13,Asset3,-0.005097646029097396
2008-06-16,Asset3,0.01275506346812957
2008-06-17,Asset3,0.018309458720612286
2008-06-18,Asset3,-0.0157799487561788
2008-06-19,Asset3,-0.017736535476951705
2008-06-20,Asset3,-0.03618098531942051
2008-06-23,Asset3,-0.01941229019308871
2008-06-24,Asset3,-0.018355475029890933
2008-06-25,Asset3,0.015273268445866232
2008-06-26,Asset3,0.015455822753896342
2008-06-27,Asset3,-0.043182269751724824
2008-06-30,Asset3,-0.024160576799023694
2008-07-01,Asset3,-0.03701279503384065
2008-07-02,Asset3,0.05247041805671387
2008-07-03,Asset3,-0.042582260838695984
2008-07-04,Asset3,0.023908807234286407
2008-07-07,Asset3,0.00362549800796824
2008-07-08,Asset3,-0.010696761592741888
2008-07-09,Asset3,0.04394881564360786
2008-07-10,Asset3,0.0012759138432799767
2008-07-11,Asset3,-0.02828508903958688
2008-07-14,Asset3,-0.0023887505016671187
2008-07-15,Asset3,-0.04597961479846235
2008-07-16,Asset3,-0.011959325367342765
2008-07-17,Asset3,0.035559515218986204
2008-07-18,Asset3,0.038217483949974214
2008-07-21,Asset3,0.017090842446087075
2008-07-22,Asset3,0.020152446583123033
2008-07-23,Asset3,0.05805704809859814
2008-07-24,Asset3,-0.01004735569209574
2008-07-25,Asset3,-0.028547710274661294
2008-07-28,Asset3,0.004884214321700782
2008-07-29,Asset3,-0.034149718765741036
2008-07-30,Asset3,0.030704605729084202
2008-07-31,Asset3,0.004677448311382495
2008-08-01,Asset3,0.019345616721069804
2008-08-04,Asset3,-0.004288542363880765
2008-08-05,Asset3,0.025435971541747104
2008-08-06,Asset3,0.003395115311623851
2008-08-07,Asset3,0.0014504111677311115
2008-08-08,Asset3,0.0012988711629823336
2008-08-11,Asset3,0.020871155411745227
2008-08-12,Asset3,-0.015339775763034602
2008-08-13,Asset3,-0.005300280767752268
2008-08-14,Asset3,-0.02258389687923897
2008-08-18,Asset3,-0.00883752105173481
2008-08-19,Asset3,-0.005871045861460402
2008-08-20,Asset3,0.011308876552395049
2008-08-21,Asset3,-0.031065141468040593
2008-08-22,Asset3,0.010584894552521451
2008-08-25,Asset3,0.0018985541292652996
2008-08-26,Asset3,0.0005157365350282639
2008-08-27,Asset3,-0.01088550972622481
2008-08-28,Asset3,-0.018924093034748513
2008-08-29,Asset3,0.036032273374465955
2008-09-01,Asset3,-0.002707362743692636
2008-09-02,Asset3,0.037152703756497645
2008-09-04,Asset3,-0.012988454706927133
2008-09-05,Asset3,-0.022318746135686622
2008-09-08,Asset3,0.03106403650189442
2008-09-09,Asset3,-0.0031554323374819227
2008-09-10,Asset3,-0.015930404818760017
2008-09-11,Asset3,-0.02598675146298507
2008-09-12,Asset3,-0.014992796932214692
2008-09-15,Asset3,-0.03825806080602167
2008-09-16,Asset3,0.0005106926391201228
2008-09-17,Asset3,-0.017010454268491796
2008-09-18,Asset3,0.007757973788436239
2008-09-19,Asset3,0.053337321984379696
2008-09-22,Asset3,-0.0054385968140863205
2008-09-23,Asset3,-0.023678597947508564
2008-09-24,Asset3,0.008656401271620862
2008-09-25,Asset3,-0.012671241363772907
2008-09-26,Asset3,-0.03170179247710314
2008-09-29,Asset3,-0.035282090011605274
2008-09-30,Asset3,0.019219464032687716
2008-10-01,Asset3,0.007837409763321385
2008-10-03,Asset3,-0.034866278356957506
2008-10-06,Asset3,-0.058818832031725256
2008-10-07,Asset3,0.0012269768013042715
2008-10-08,Asset3,-0.02680313883089503
2008-10-10,Asset3,-0.06917250038389629
2008-10-13,Asset3,0.06682419038793265
2008-10-14,Asset3,0.008327255170984102
2008-10-15,Asset3,-0.053276115897502134
2008-10-16,Asset3,-0.0215264347467173
2008-10-17,Asset3,-0.062015705561019034
2008-10-20,Asset3,0.016389788936908616
2008-10-21,Asset3,0.037333113178347775
2008-10-22,Asset3,-0.05457355878990054
2008-10-23,Asset3,-0.041394386585459325
2008-10-24,Asset3,-0.1269102529028692
2008-10-27,Asset3,-0.024068131107294874
2008-10-29,Asset3,0.07121626853650925
2008-10-31,Asset3,0.0727061223303781
2008-11-03,Asset3,0.057034930146306666
2008-11-04,Asset3,0.03356932724074629
2008-11-05,Asset3,-0.04870505317698263
2008-11-06,Asset3,-0.03552381592875047
2008-11-07,Asset3,0.02888842562481985
2008-11-10,Asset3,0.06130507904473603
2008-11-11,Asset3,-0.06923976862145632
2008-11-12,Asset3,-0.031922124899578005
2008-11-14,Asset3,-0.013910670131293169
2008-11-17,Asset3,-0.003996673151368962
2008-11-18,Asset3,-0.043241288861552374
2008-11-19,Asset3,-0.018663101302599027
2008-11-20,Asset3,-0.03230516188330165
2008-11-21,Asset3,0.05714981742642893
2008-11-24,Asset3,0.005714622903816302
2008-11-25,Asset3,-0.020832641004338646
2008-11-26,Asset3,0.03850037678975122
2008-11-28,Asset3,0.0010769739531293254
2008-12-01,Asset3,-0.027254255912108994
2008-12-02,Asset3,-0.00972971359589149
2008-12-03,Asset3,-0.0005282946559953583
2008-12-04,Asset3,0.05150183639669036
2008-12-05,Asset3,-0.02745484274121231
2008-12-08,Asset3,0.026666705042245307
2008-12-10,Asset3,0.05388649425287365
2008-12-11,Asset3,-0.002876838235294086
2008-12-12,Asset3,0.00042744488014053063
2008-12-15,Asset3,0.021306534847085744
2008-12-16,Asset3,0.021123055082734883
2008-12-17,Asset3,-0.029882764342072852
2008-12-18,Asset3,0.037455242195326
2008-12-19,Asset3,0.0056914155027362415
2008-12-22,Asset3,-0.012909163028025993
2008-12-23,Asset3,-0.02417535326006414
2008-12-24,Asset3,-0.018146901334666694
2008-12-26,Asset3,-0.0212503555161458
2008-12-29,Asset3,0.023640895692974038
2008-12-30,Asset3,0.0203928724170132
2008-12-31,Asset3,-0.007103239322872961
2009-01-02,Asset3,0.03078725464037568
2009-01-05,Asset3,0.025498629430951034
2009-01-06,Asset3,-0.0028819614532414753
2009-01-07,Asset3,-0.06428172359451102
2009-01-09,Asset3,-0.016879845256102685
2009-01-12,Asset3,-0.03616286057692311
2009-01-13,Asset3,-0.010557192785249025
2009-01-14,Asset3,0.034231626526518275
2009-01-15,Asset3,-0.03616693111717867
2009-01-16,Asset3,0.03486681101417071
2009-01-19,Asset3,0.00652654291879971
2009-01-20,Asset3,-0.01812376099402683
2009-01-21,Asset3,-0.03363663013665628
2009-01-22,Asset3,0.002940026469656818
2009-01-23,Asset3,-0.013508732898663878
2009-01-27,Asset3,0.0360314532198025
2009-01-28,Asset3,0.029327185513744834
2009-01-29,Asset3,-0.009325162583347986
2009-01-30,Asset3,0.018726996751679135
2009-02-02,Asset3,-0.03912486101062902
2009-02-03,Asset3,0.006484376640789354
2009-02-04,Asset3,0.007154047574405471
2009-02-05,Asset3,-0.008533561507401685
2009-02-06,Asset3,0.02358664399185571
2009-02-09,Asset3,0.028093206053787265
2009-02-10,Asset3,0.005200213045081395
2009-02-11,Asset3,-0.0031187768891633993
2009-02-12,Asset3,-0.011606076837749228
2009-02-13,Asset3,0.019879383284276797
2009-02-16,Asset3,-0.0352210891254229
2009-02-17,Asset3,-0.028478146392838338
2009-02-18,Asset3,0.0021208801434760183
2009-02-19,Asset3,0.00494505109879345
2009-02-20,Asset3,-0.019723645443423345
2009-02-24,Asset3,-0.0009691574224166289
2009-02-25,Asset3,0.010879733210788204
2009-02-26,Asset3,0.008715257352941102
2009-02-27,Asset3,-0.008213523164109544
2009-03-02,Asset3,-0.03351068338882555
2009-03-03,Asset3,-0.020297689801392214
2009-03-04,Asset3,0.009042118541896453
2009-03-05,Asset3,-0.026931801495172145
2009-03-06,Asset3,0.017537140557711713
2009-03-09,Asset3,-0.018655421186504
2009-03-12,Asset3,0.017904922965927918
2009-03-13,Asset3,0.040448548303225175
2009-03-16,Asset3,0.02218258711041651
2009-03-17,Asset3,-0.00741454704518854
2009-03-18,Asset3,0.014049212383178933
2009-03-19,Asset3,0.004633037336734631
2009-03-20,Asset3,-3.6993983172468605e-05
2009-03-23,Asset3,0.0492203007616234
2009-03-24,Asset3,-0.0004244869758167891
2009-03-25,Asset3,0.016155494991864697
2009-03-26,Asset3,0.03411660666671141
2009-03-27,Asset3,0.008907745457863624
2009-03-30,Asset3,-0.043658824333249815
2009-03-31,Asset3,0.014946208968937339
2009-04-01,Asset3,0.013563995764926347
2009-04-02,Asset3,0.05121242479374475
2009-04-06,Asset3,0.014752822304510166
2009-04-08,Asset3,0.02757595190176433
2009-04-09,Asset3,-0.0002799618454269748
2009-04-13,Asset3,0.012618617365122198
2009-04-15,Asset3,0.03122207586648406
2009-04-16,Asset3,-0.03422237899617672
2009-04-17,Asset3,0.004598871772518276
2009-04-20,Asset3,-0.002243173707026367
2009-04-21,Asset3,-0.0036339019947222886
2009-04-22,Asset3,-0.010816271795044035
2009-04-23,Asset3,0.029167311357329737
2009-04-24,Asset3,0.017329804488545195
2009-04-27,Asset3,-0.0032119514472455537
2009-04-28,Asset3,-0.03226394767651298
2009-04-29,Asset3,0.03451866827822397
2009-05-04,Asset3,0.0539017698623101
2009-05-05,Asset3,0.002248467005336554
2009-05-06,Asset3,-0.010465563963592004
2009-05-07,Asset3,0.016883586938623234
2009-05-08,Asset3,-0.017841947653608303
2009-05-11,Asset3,-0.01898634202870092
2009-05-12,Asset3,0.03701119574231296
2009-05-13,Asset3,-0.012953763901410937
2009-05-14,Asset3,-0.011958476248194742
2009-05-15,Asset3,0.022632275480065474
2009-05-18,Asset3,0.1845382915096258
2009-05-19,Asset3,-0.0011305865914688785
2009-05-20,Asset3,-0.011595920755171792
2009-05-21,Asset3,-0.014466407808109602
2009-05-22,Asset3,0.006816619304230916
2009-05-25,Asset3,-0.00023314925681252596
2009-05-26,Asset3,-0.029659496535231533
2009-05-27,Asset3,0.04025641554823505
2009-05-28,Asset3,0.014848354810530609
2009-05-29,Asset3,0.026820709447162853
2009-06-01,Asset3,0.018923047374457377
2009-06-02,Asset3,-0.0010675508381538545
2009-06-03,Asset3,0.001252572371692189
2009-06-04,Asset3,0.009629349423216579
2009-06-05,Asset3,0.0032410091121133
2009-06-08,Asset3,-0.03559702707193797
2009-06-09,Asset3,0.028418769602648022
2009-06-10,Asset3,0.023834977800180467
2009-06-11,Asset3,-0.003920691020890352
2009-06-12,Asset3,-0.012176790717213351
2009-06-15,Asset3,-0.022554413893633465
2009-06-16,Asset3,0.007839383781222224
2009-06-17,Asset3,-0.03721189643309764
2009-06-18,Asset3,-0.02500832212899436
2009-06-19,Asset3,0.015215741781745305
2009-06-22,Asset3,-0.018890045372257313
2009-06-23,Asset3,0.0028853078330676497
2009-06-24,Asset3,0.011252225835884264
2009-06-25,Asset3,-0.012379389264876224
2009-06-26,Asset3,0.032767753512624065
2009-06-29,Asset3,0.003672312450005624
2009-06-30,Asset3,-0.023649573997299573
2009-07-01,Asset3,0.012069584884139246
2009-07-02,Asset3,0.0019047209820563184
2009-07-03,Asset3,0.01803140983860569
2009-07-06,Asset3,-0.060776808922416256
2009-07-07,Asset3,0.009099957638611739
2009-07-08,Asset3,-0.03050343347544729
2009-07-09,Asset3,0.0005227024031711735
2009-07-10,Asset3,-0.019635636736549406
2009-07-13,Asset3,-0.007753402535882126
2009-07-14,Asset3,0.03594414914285546
2009-07-15,Asset3,0.030885855080677302
2009-07-16,Asset3,-0.0005159091915672942
2009-07-17,Asset3,0.03528201260410478
2009-07-20,Asset3,0.030261326635638054
2009-07-21,Asset3,-0.0076574820228774865
2009-07-22,Asset3,-0.01633622016282157
2009-07-23,Asset3,0.02951740308828546
2009-07-24,Asset3,0.010299374827300412
2009-07-27,Asset3,0.0008536625771265172
2009-07-28,Asset3,-0.0018650778988196404
2009-07-29,Asset3,-0.011530006011376397
2009-07-30,Asset3,0.013352875401572959
2009-07-31,Asset3,0.014787430052134348
2009-08-03,Asset3,0.01681193413687609
2009-08-04,Asset3,-0.006820881076453161
2009-08-05,Asset3,0.003032987594808283
2009-08-06,Asset3,-0.024071642531288164
2009-08-07,Asset3,-0.023610097385781268
2009-08-10,Asset3,-0.010153077384636822
2009-08-11,Asset3,0.007897919821590502
2009-08-12,Asset3,-0.003221421102778406
2009-08-13,Asset3,0.03441390914189569
2009-08-14,Asset3,-0.005634788952225814
2009-08-17,Asset3,-0.043631817766037306
2009-08-18,Asset3,0.016828095818812852
2009-08-19,Asset3,-0.015113996355822322
2009-08-20,Asset3,0.014047040392962914
2009-08-21,Asset3,0.017596153614220678
2009-08-24,Asset3,0.026179121425788293
2009-08-25,Asset3,0.003707311409404657
2009-08-26,Asset3,0.0047989525430268114
2009-08-27,Asset3,0.001633058398158891
2009-08-28,Asset3,0.009793928698567402
2009-08-31,Asset3,-0.015438418226112197
2009-09-01,Asset3,-0.008198022178720281
2009-09-02,Asset3,-0.0038224133582793487
2009-09-03,Asset3,-0.0033400901323291875
2009-09-04,Asset3,0.019663246378721768
2009-09-07,Asset3,0.022775831600761142
2009-09-08,Asset3,0.004859834417841391
2009-09-09,Asset3,0.0019478695177150662
2009-09-10,Asset3,0.0011125094121618951
2009-09-11,Asset3,0.0021902931176900433
2009-09-14,Asset3,-0.004511330495308963
2009-09-15,Asset3,0.01805931003543563
2009-09-16,Asset3,0.014094518815760503
2009-09-17,Asset3,0.0014996568618810002
2009-09-18,Asset3,0.002199152244871474
2009-09-22,Asset3,0.009227481245615027
2009-09-23,Asset3,-0.010409943421936995
2009-09-24,Asset3,0.0034735949197805204
2009-09-25,Asset3,-0.005756203161355762
2009-09-29,Asset3,0.01004565411537886
2009-09-30,Asset3,0.01601487961463727
2009-10-01,Asset3,-0.00011257086822519469
2009-10-05,Asset3,-0.016407856339227582
2009-10-06,Asset3,0.005030319461547794
2009-10-07,Asset3,-0.008615964371027358
2009-10-08,Asset3,0.0034418091560948307
2009-10-09,Asset3,-0.01186102191513819
2009-10-12,Asset3,0.022933711962258185
2009-10-14,Asset3,0.013158866918929634
2009-10-15,Asset3,-0.001899906449811315
2009-10-16,Asset3,0.006778785091167059
2009-10-20,Asset3,-0.005602266728818961
2009-10-21,Asset3,-0.010340134235928096
2009-10-22,Asset3,-0.015404060055236828
2009-10-23,Asset3,0.0017615553743480917
2009-10-26,Asset3,-0.005442390910730772
2009-10-27,Asset3,-0.025984770936867678
2009-10-28,Asset3,-0.004409660970606399
2009-10-29,Asset3,-0.01629126801973498
2009-10-30,Asset3,-0.008505035292995462
2009-11-03,Asset3,-0.03262353254997476
2009-11-04,Asset3,0.03347485740409068
2009-11-05,Asset3,0.012087119461824987
2009-11-06,Asset3,0.006677949631582294
2009-11-09,Asset3,0.022171950870016454
2009-11-10,Asset3,-0.0035455854276393328
2009-11-11,Asset3,0.026044204869869303
2009-11-12,Asset3,-0.010662037511380191
2009-11-13,Asset3,0.009722533519825927
2009-11-16,Asset3,0.012295300282774218
2009-11-17,Asset3,0.0008636140990450336
2009-11-18,Asset3,-0.00155104881722556
2009-11-19,Asset3,-0.013517755847985652
2009-11-20,Asset3,0.01322673945179389
2009-11-23,Asset3,0.0105183805273934
2009-11-24,Asset3,-0.002649136486839483
2009-11-25,Asset3,0.003595702284583222
2009-11-26,Asset3,-0.02088899182726438
2009-11-27,Asset3,-0.013255646125599254
2009-11-30,Asset3,0.01914062895229426
2009-12-01,Asset3,0.01845367164161738
2009-12-02,Asset3,0.00025380710659897335
2009-12-03,Asset3,0.001715357073146855
2009-12-04,Asset3,-0.004620750196817794
2009-12-07,Asset3,-0.008590439458867866
2009-12-08,Asset3,0.01667752121551919
2009-12-09,Asset3,-0.007262735983546236
2009-12-10,Asset3,0.004607961353188532
2009-12-11,Asset3,-0.0035141834215928827
2009-12-14,Asset3,-0.002357413911717643
2009-12-15,Asset3,-0.014798441616170024
2009-12-16,Asset3,0.0018597074066866526
2009-12-17,Asset3,-6.183930882836642e-05
2009-12-18,Asset3,-0.011149263028710213
2009-12-21,Asset3,-0.007318824334471214
2009-12-22,Asset3,0.0069821910346374244
2009-12-23,Asset3,0.03311371115581871
2009-12-24,Asset3,0.006832755939769584
2009-12-29,Asset3,0.0019180258139207674
2009-12-30,Asset3,-0.003708593813676959
2009-12-31,Asset3,0.006357270601001269
2010-01-04,Asset3,0.006228820616330584
2010-01-05,Asset3,0.009083692048916615
2010-01-06,Asset3,0.0007684682378495289
2010-01-07,Asset3,-0.0036820205292977092
2010-01-08,Asset3,-0.0036260191158055655
2010-01-11,Asset3,0.0009220455574621234
2010-01-12,Asset3,-0.007726597469148953
2010-01-13,Asset3,0.0047006573672939925
2010-01-14,Asset3,0.005156276675439227
2010-01-15,Asset3,-0.0015224045060119541
2010-01-18,Asset3,0.004484958219704413
2010-01-19,Asset3,-0.00970040895526778
2010-01-20,Asset3,-0.0007860640091211657
2010-01-21,Asset3,-0.0254040446072682
2010-01-22,Asset3,-0.01187163699475665
2010-01-25,Asset3,-0.005803038435762549
2010-01-27,Asset3,-0.032147566847263546
2010-01-28,Asset3,0.0030322676518884607
2010-01-29,Asset3,0.003162318942934821
2010-02-01,Asset3,0.003759979308768031
2010-02-02,Asset3,-0.014773169515912317
2010-02-03,Asset3,0.02190844865748195
2010-02-04,Asset3,-0.0182406192845868
2010-02-05,Asset3,-0.02719477446815204
2010-02-08,Asset3,0.009201784599114459
2010-02-09,Asset3,0.007045626562484042
2010-02-10,Asset3,-0.007692549229283472
2010-02-11,Asset3,0.015226581910274586
2010-02-15,Asset3,-0.0053649684397851964
2010-02-16,Asset3,0.011651890294409526
2010-02-17,Asset3,0.012475930597744966
2010-02-18,Asset3,-0.005555555555555536
2010-02-19,Asset3,-0.009117508375530665
2010-02-22,Asset3,0.0024685752525483553
2010-02-23,Asset3,0.0029231320984602505
2010-02-24,Asset3,-0.0024450869683177957
2010-02-25,Asset3,0.0002461405370811143
2010-02-26,Asset3,0.013385831961520598
2010-03-02,Asset3,0.020008574656750825
2010-03-03,Asset3,0.014738708702910035
2010-03-04,Asset3,-0.0016045481428835196
2010-03-05,Asset3,0.0017298761133803177
2010-03-08,Asset3,0.007214376061851233
2010-03-09,Asset3,-0.004566744730679133
2010-03-10,Asset3,0.0030069587376262597
2010-03-11,Asset3,0.003486127229416134
2010-03-12,Asset3,0.0007293609759080866
2010-03-15,Asset3,-0.0016398873978002283
2010-03-16,Asset3,0.014031898554329843
2010-03-17,Asset3,0.0067624316990065126
2010-03-18,Asset3,0.0027829278601981676
2010-03-19,Asset3,0.0033504067490208555
2010-03-22,Asset3,-0.011382457241988364
2010-03-23,Asset3,0.004015905818343768
2010-03-25,Asset3,0.006986030070418785
2010-03-26,Asset3,0.004270417074658326
2010-03-29,Asset3,0.004105282385933258
2010-03-30,Asset3,-0.007923267236249112
2010-03-31,Asset3,-0.0026383340548984968
2010-04-01,Asset3,0.008202529507243508
2010-04-05,Asset3,0.015313467240808993
2010-04-06,Asset3,-0.0004649240896547635
2010-04-07,Asset3,0.0016764626234625447
2010-04-08,Asset3,-0.013583711802449293
2010-04-09,Asset3,0.011234302270885852
2010-04-12,Asset3,-0.004276923928754561
2010-04-13,Asset3,-0.0032623554437179883
2010-04-15,Asset3,-0.009642040537538143
2010-04-16,Asset3,-0.002169296076333911
2010-04-19,Asset3,-0.011649793255676846
2010-04-20,Asset3,0.005286328565764969
2010-04-21,Asset3,0.002942925869028237
2010-04-22,Asset3,0.004848177009753325
2010-04-23,Asset3,0.006858530811242787
2010-04-26,Asset3,0.003597990462309202
2010-04-27,Asset3,-0.0027551411519857096
2010-04-28,Asset3,-0.018200739713862824
2010-04-29,Asset3,0.00771701268448
2010-04-30,Asset3,0.004720859134878435
2010-05-03,Asset3,-0.010886699507389163
2010-05-04,Asset3,-0.014785314250155572
2010-05-05,Asset3,-0.004767233478197586
2010-05-06,Asset3,-0.006909753858569126
2010-05-07,Asset3,-0.014872232188167658
2010-05-10,Asset3,0.03638311929804965
2010-05-11,Asset3,-0.011504197859200387
2010-05-12,Asset3,0.004150969190029041
2010-05-13,Asset3,0.004487409546551362
2010-05-14,Asset3,-0.01714956846285171
2010-05-17,Asset3,-0.006860528430843251
2010-05-18,Asset3,0.001294947491839711
2010-05-19,Asset3,-0.03008414567361931
2010-05-20,Asset3,0.0059085918108017135
2010-05-21,Asset3,-0.0034578791307535717
2010-05-24,Asset3,0.0026996349636771023
2010-05-25,Asset3,-0.028861173249740003
2010-05-26,Asset3,0.02394047920892504
2010-05-27,Asset3,0.018125067087287318
2010-05-28,Asset3,0.013189361400826681
2010-05-31,Asset3,0.004054040874323785
2010-06-01,Asset3,-0.023738984799661935
2010-06-02,Asset3,0.010389098307589056
2010-06-03,Asset3,0.01878062025826564
2010-06-04,Asset3,0.005087564817532613
2010-06-07,Asset3,-0.020554960568591154
2010-06-08,Asset3,-0.009689292498510112
2010-06-09,Asset3,0.0027526408220584567
2010-06-10,Asset3,0.01628548444458515
2010-06-11,Asset3,0.008344819277965723
2010-06-14,Asset3,0.015916883980997023
2010-06-15,Asset3,0.004932161816608698
2010-06-16,Asset3,0.002190584657496224
2010-06-17,Asset3,0.008247107339394101
2010-06-18,Asset3,-0.0024152345117182607
2010-06-21,Asset3,0.017924161737941893
2010-06-22,Asset3,-0.007139521677178209
2010-06-23,Asset3,0.0012910819638045012
2010-06-24,Asset3,-0.0004981631033595946
2010-06-25,Asset3,-0.01007636426408295
2010-06-28,Asset3,0.012721117774474227
2010-06-29,Asset3,-0.015082797705540446
2010-06-30,Asset3,0.011149625229746168
2010-07-01,Asset3,-0.011961242647058858
2010-07-02,Asset3,-0.0028319680754768585
2010-07-05,Asset3,-0.00023833860375494176
2010-07-06,Asset3,0.010557096099709095
2010-07-07,Asset3,-0.009428479056541282
2010-07-08,Asset3,0.011062562996254997
2010-07-09,Asset3,0.010916695865734596
2010-07-12,Asset3,0.005935935079381913
2010-07-13,Asset3,0.0034099755596322546
2010-07-14,Asset3,-0.00279225653813544
2010-07-15,Asset3,-0.001428831090302749
2010-07-16,Asset3,0.0029292862537764644
2010-07-19,Asset3,-0.0014363809957120654
2010-07-20,Asset3,-0.0035623095785231665
2010-07-21,Asset3,0.006073789411792028
2010-07-22,Asset3,0.008205450797074843
2010-07-23,Asset3,0.0013664032507877976
2010-07-26,Asset3,-0.005821144671877665
2010-07-27,Asset3,0.0023031779011332175
2010-07-28,Asset3,-0.006329375035796563
2010-07-29,Asset3,0.002186937034327876
2010-07-30,Asset3,-0.007940948741977661
2010-08-02,Asset3,0.012409977580872021
2010-08-03,Asset3,0.0015125972007059652
2010-08-04,Asset3,0.005410797905028311
2010-08-05,Asset3,-0.003946706587521449
2010-08-06,Asset3,-0.0014987977852679002
2010-08-09,Asset3,0.008967394114537744
2010-08-10,Asset3,-0.004824457184662885
2010-08-11,Asset3,-0.007637134446292961
2010-08-12,Asset3,-0.000796203069723962
2010-08-13,Asset3,0.006845054805375295
2010-08-16,Asset3,-0.00644747969733924
2010-08-17,Asset3,-0.0007965410909463522
2010-08-18,Asset3,0.012485801320487423
2010-08-19,Asset3,0.011587984599643964
2010-08-20,Asset3,-0.0017927699969946342
2010-08-23,Asset3,0.0024163709145351574
2010-08-24,Asset3,-0.007204094604040732
2010-08-25,Asset3,-0.00807614742898652
2010-08-26,Asset3,0.002960593258557189
2010-08-27,Asset3,-0.013137825917868265
2010-08-30,Asset3,0.001297908877641909
2010-08-31,Asset3,-0.0025062190949974904
2010-09-01,Asset3,0.013369651345814883
2010-09-02,Asset3,0.002717873591122402
2010-09-03,Asset3,-0.001279585889004089
2010-09-06,Asset3,0.018515221830059384
2010-09-07,Asset3,0.0050442976698349545
2010-09-08,Asset3,0.0007145077734654315
2010-09-09,Asset3,0.005971574619388651
2010-09-13,Asset3,0.02211828041328998
2010-09-14,Asset3,0.006418714735243061
2010-09-15,Asset3,0.011735971312848969
2010-09-16,Asset3,-0.005722621568568354
2010-09-17,Asset3,0.010036542975232479
2010-09-20,Asset3,0.0168769482669728
2010-09-21,Asset3,0.00497347068842954
2010-09-22,Asset3,-0.00312392100001512
2010-09-23,Asset3,-0.005459556522283453
2010-09-24,Asset3,0.010252452282878988
2010-09-27,Asset3,0.0029982058302321945
2010-09-28,Asset3,-0.0010596867845195225
2010-09-29,Asset3,-0.006588971411394003
2010-09-30,Asset3,0.0067091294978345855
2010-10-01,Asset3,0.019566943588393056
2010-10-04,Asset3,0.0027171118522061376
2010-10-05,Asset3,-0.0023048171183856782
2010-10-06,Asset3,0.006878910409309995
2010-10-07,Asset3,-0.0111204978748762
2010-10-08,Asset3,-0.0028631920509153462
2010-10-11,Asset3,0.00552079518292425
2010-10-12,Asset3,-0.007618863300271448
2010-10-13,Asset3,0.024416753252302286
2010-10-14,Asset3,-0.00943419012116136
2010-10-15,Asset3,-0.019310578361142118
2010-10-18,Asset3,0.0022815608538028797
2010-10-19,Asset3,-0.008327324060199537
2010-10-20,Asset3,-0.0077991300973516255
2010-10-21,Asset3,0.020757910501389195
2010-10-22,Asset3,-0.0060424818692124925
2010-10-25,Asset3,0.006814978665037437
2010-10-26,Asset3,-0.0040538172994139116
2010-10-27,Asset3,-0.011858615843883556
2010-10-28,Asset3,-0.004315517406457605
2010-10-29,Asset3,0.005210681727923756
2010-11-01,Asset3,0.017256358804795424
2010-11-02,Asset3,0.00024653712240219506
2010-11-03,Asset3,0.007053440104592142
2010-11-04,Asset3,0.020477525667559515
2010-11-08,Asset3,-0.0014237311006515174
2010-11-09,Asset3,0.004699928717726962
2010-11-10,Asset3,-0.004266187617846376
2010-11-11,Asset3,-0.013497809087226802
2010-11-12,Asset3,-0.020584267919844985
2010-11-15,Asset3,0.008555862732623432
2010-11-16,Asset3,-0.02257839392194505
2010-11-18,Asset3,0.0017539020834973407
2010-11-19,Asset3,-0.018810429364858258
2010-11-22,Asset3,0.021134442601025507
2010-11-23,Asset3,-0.013021630615640633
2010-11-24,Asset3,-0.012091495008214315
2010-11-25,Asset3,-0.011701828410689182
2010-11-26,Asset3,-0.008571368916763697
2010-11-29,Asset3,0.01411204793482927
2010-11-30,Asset3,0.0058333109991424515
2010-12-01,Asset3,0.017419907535806748
2010-12-02,Asset3,0.008863142403503055
2010-12-03,Asset3,-0.0032696917030770756
2010-12-06,Asset3,-9.541397904742511e-05
2010-12-07,Asset3,-0.0027248868329926347
2010-12-08,Asset3,-0.012676811241592532
2010-12-09,Asset3,-0.02416928339929821
2010-12-10,Asset3,0.01638499983742303
2010-12-13,Asset3,0.008930966393135922
2010-12-14,Asset3,0.0064167991928499295
2010-12-15,Asset3,-0.009063155701018859
2010-12-16,Asset3,0.009963546504931102
2010-12-20,Asset3,-0.00029723944105906067
2010-12-21,Asset3,0.009373404190858246
2010-12-22,Asset3,-0.0028163616066651364
2010-12-23,Asset3,-0.0007646378103355378
2010-12-24,Asset3,0.0054956691576086136
2010-12-27,Asset3,-0.0023354846915838666
2010-12-28,Asset3,-0.0003641322296961036
2010-12-29,Asset3,0.011161457899015908
2010-12-30,Asset3,0.0071217007771038785
2010-12-31,Asset3,0.005564852937069454
2011-01-03,Asset3,0.0039162281461407565
2011-01-04,Asset3,-0.0019000909143894163
2011-01-05,Asset3,-0.011260716293055318
2011-01-06,Asset3,-0.0053968548190850285
2011-01-07,Asset3,-0.024700681757119796
2011-01-10,Asset3,-0.02496697448799565
2011-01-11,Asset3,-0.0015790797688284908
2011-01-12,Asset3,0.019727828246112245
2011-01-13,Asset3,-0.019750838112394992
2011-01-14,Asset3,-0.017601853871143627
2011-01-17,Asset3,3.682046001738826e-05
2011-01-18,Asset3,0.012745355121800212
2011-01-19,Asset3,-0.00599575495864749
2011-01-20,Asset3,0.0037554239412729376
2011-01-21,Asset3,-0.002749509996147035
2011-01-24,Asset3,0.008535065391029644
2011-01-25,Asset3,-0.010113455197405702
2011-01-27,Asset3,-0.015195713866873533
2011-01-28,Asset3,-0.017100423206720984
2011-01-31,Asset3,-0.001179213213565955
2011-02-01,Asset3,-0.0167543357032757
2011-02-02,Asset3,0.0028412826404898795
2011-02-03,Asset3,0.018140648011782085
2011-02-04,Asset3,-0.02465101551544759
2011-02-07,Asset3,4.818607237186967e-05
2011-02-08,Asset3,-0.016083803396034047
2011-02-09,Asset3,-0.011550009365721045
2011-02-10,Asset3,-0.005493428457506857
2011-02-11,Asset3,0.01675689968958473
2011-02-14,Asset3,0.028595103578154542
2011-02-15,Asset3,0.004765395894428206
2011-02-16,Asset3,0.0001328595374931041
2011-02-17,Asset3,0.012284509841961829
2011-02-18,Asset3,-0.016406890316423912
2011-02-21,Asset3,0.011364071152502842
2011-02-22,Asset3,-0.009309588940738642
2011-02-23,Asset3,-0.006056479993343462
2011-02-24,Asset3,-0.033405224084392435
2011-02-25,Asset3,0.008072584827811405
2011-02-28,Asset3,0.005824062045707556
2011-03-01,Asset3,0.036865287934186475
2011-03-03,Asset3,0.0026178235085550306
2011-03-04,Asset3,0.0004789922295882576
2011-03-07,Asset3,-0.014195279000225635
2011-03-08,Asset3,0.010974602474623315
2011-03-09,Asset3,0.0019214975185285967
2011-03-10,Asset3,-0.006881956529108698
2011-03-11,Asset3,-0.009265378606821929
2011-03-14,Asset3,0.016434232922015485
2011-03-15,Asset3,-0.015388972532314913
2011-03-16,Asset3,0.011736533749166719
2011-03-17,Asset3,-0.012171688520298183
2011-03-18,Asset3,-0.013929240298674825
2011-03-21,Asset3,-0.00173217760326847
2011-03-22,Asset3,0.009518449426813938
2011-03-23,Asset3,0.012755413835228869
2011-03-24,Asset3,0.007998886626978603
2011-03-25,Asset3,0.02483052730467849
2011-03-28,Asset3,0.006069770526595058
2011-03-29,Asset3,0.00897869823948298
2011-03-30,Asset3,0.009300652151060067
2011-03-31,Asset3,0.008283863462972168
2011-04-01,Asset3,-0.0013727367688021897
2011-04-04,Asset3,0.014709178452448377
2011-04-05,Asset3,0.0002815617793172898
2011-04-06,Asset3,-0.003220243061218433
2011-04-07,Asset3,-0.0010678994992999247
2011-04-08,Asset3,-0.007721800570337605
2011-04-11,Asset3,-0.010022560231941072
2011-04-13,Asset3,0.02261295823468313
2011-04-15,Asset3,-0.015296997906622707
2011-04-18,Asset3,-0.017042981627972537
2011-04-19,Asset3,0.002114799572529016
2011-04-20,Asset3,0.0200907370008275
2011-04-21,Asset3,0.005873950981539853
2011-04-25,Asset3,-0.0018026752039892102
2011-04-26,Asset3,-0.0010799389841688889
2011-04-27,Asset3,-0.006114102753234372
2011-04-28,Asset3,-0.008637051741710007
2011-04-29,Asset3,-0.006462453545152371
2011-05-02,Asset3,-0.008718706517958053
2011-05-03,Asset3,-0.02481746298601383
2011-05-04,Asset3,-0.005251174980908297
2011-05-05,Asset3,-0.014518623893669896
2011-05-06,Asset3,0.01744811668060148
2011-05-09,Asset3,-6.558674755067884e-05
2011-05-10,Asset3,-0.001845418274266999
2011-05-11,Asset3,0.004466825513196557
2011-05-12,Asset3,-0.014744863265802897
2011-05-13,Asset3,0.011108719711881073
2011-05-16,Asset3,-0.00858109022047886
2011-05-17,Asset3,-0.011356937056737567
2011-05-18,Asset3,-0.003508784025812073
2011-05-19,Asset3,0.0014389550712979116
2011-05-20,Asset3,0.011160442679779923
2011-05-23,Asset3,-0.01891827951917243
2011-05-24,Asset3,0.0016025665779582
2011-05-25,Asset3,-0.008848419802848353
2011-05-26,Asset3,0.012326885842998153
2011-05-27,Asset3,0.012249761897093486
2011-05-30,Asset3,-0.0005697485335111274
2011-06-01,Asset3,0.022593392452378628
2011-06-02,Asset3,-0.007746047646191015
2011-06-03,Asset3,-0.006295837370196838
2011-06-06,Asset3,0.002884270063896324
2011-06-07,Asset3,0.004530707865511658
2011-06-08,Asset3,-0.005484336709876363
2011-06-09,Asset3,-0.0010914543692904033
2011-06-10,Asset3,-0.006640041531390413
2011-06-13,Asset3,-0.0005687411336691017
2011-06-14,Asset3,0.0033574457906089352
2011-06-15,Asset3,-0.010020907190255387
2011-06-16,Asset3,-0.009688848095456653
2011-06-17,Asset3,-0.005848724058461095
2011-06-20,Asset3,-0.02102713216559163
2011-06-21,Asset3,0.003550505614737656
2011-06-22,Asset3,0.0004828975928698931
2011-06-23,Asset3,0.008216320544446098
2011-06-24,Asset3,0.02956766917293228
2011-06-27,Asset3,0.010521197452593061
2011-06-28,Asset3,0.003518925735326448
2011-06-29,Asset3,0.010343247122818547
2011-06-30,Asset3,0.008718530405532174
2011-07-01,Asset3,-0.0037198880326823414
2011-07-04,Asset3,0.004306190651469084
2011-07-05,Asset3,-0.0033865849814175776
2011-07-06,Asset3,-0.0012279430971722772
2011-07-07,Asset3,0.019134468578122538
2011-07-08,Asset3,-0.01239883438777662
2011-07-11,Asset3,-0.00818489001692484
2011-07-12,Asset3,-0.016657146685124084
2011-07-13,Asset3,0.011160085371796349
2011-07-15,Asset3,-0.0008099797517300367
2011-07-18,Asset3,-0.002618176422536509
2011-07-19,Asset3,0.008686827259795785
2011-07-20,Asset3,-0.00861486967829478
2011-07-21,Asset3,-0.004754348576190983
2011-07-22,Asset3,0.01733147464089303
2011-07-25,Asset3,0.008555914070753677
2011-07-26,Asset3,-0.01930667378190141
2011-07-27,Asset3,-0.005232841094644725
2011-07-28,Asset3,-0.011071572625192233
2011-07-29,Asset3,-0.001089699785886733
2011-08-01,Asset3,0.006601933030828153
2011-08-02,Asset3,-0.011358034044802477
2011-08-03,Asset3,-0.009863375562661468
2011-08-04,Asset3,-0.014046773746208965
2011-08-05,Asset3,-0.023513973042419645
2011-08-08,Asset3,-0.01850995442552175
2011-08-09,Asset3,-0.009275353802383455
2011-08-10,Asset3,0.018071872157203225
2011-08-11,Asset3,-0.0045743466624684715
2011-08-12,Asset3,-0.013226864202824267
2011-08-16,Asset3,-0.007616161161152535
2011-08-17,Asset3,0.0042957038656230755
2011-08-18,Asset3,-0.023127833102563517
2011-08-19,Asset3,-0.020719436510498818
2011-08-22,Asset3,0.01140732400224879
2011-08-23,Asset3,0.010636095296779224
2011-08-24,Asset3,-0.012608862824331536
2011-08-25,Asset3,-0.010487389371670357
2011-08-26,Asset3,-0.019727312745062574
2011-08-29,Asset3,0.03763265344741308
2011-08-30,Asset3,0.017207882095504223
2011-09-02,Asset3,0.008110377924415052
2011-09-05,Asset3,-0.004704721602182547
2011-09-06,Asset3,0.009763133190452447
2011-09-07,Asset3,0.012393441143513187
2011-09-08,Asset3,0.005804123623917459
2011-09-09,Asset3,-0.018930150269247523
2011-09-12,Asset3,-0.023155956028293997
2011-09-13,Asset3,-0.0012298039116593086
2011-09-14,Asset3,0.015070703165687363
2011-09-15,Asset3,0.013102394750987312
2011-09-16,Asset3,0.0017518365019297555
2011-09-19,Asset3,-0.010698096449820574
2011-09-20,Asset3,0.022373035429657764
2011-09-21,Asset3,-0.0014062104296232293
2011-09-22,Asset3,-0.04246512473822629
2011-09-23,Asset3,-0.01180748013985034
2011-09-26,Asset3,-0.006911633005495333
2011-09-27,Asset3,0.029218700503761675
2011-09-28,Asset3,-0.005303314370128201
2011-09-29,Asset3,0.014624700482357778
2011-09-30,Asset3,-0.01497137848067527
2011-10-03,Asset3,-0.019723865877712046
2011-10-04,Asset3,-0.016588122809052502
2011-10-05,Asset3,-0.004543885252190015
2011-10-07,Asset3,0.029932861710744805
2011-10-10,Asset3,0.019478587267297114
2011-10-11,Asset3,-0.0010964735908351032
2011-10-12,Asset3,0.026144480047006837
2011-10-13,Asset3,-0.004394987116954497
2011-10-14,Asset3,0.011151903704017788
2011-10-17,Asset3,-0.0028470271478791
2011-10-18,Asset3,-0.016407951936697095
2011-10-19,Asset3,0.020985786290322484
2011-10-20,Asset3,-0.009561892712564992
2011-10-21,Asset3,-0.008568058317960823
2011-10-24,Asset3,0.009967602944722619
2011-10-25,Asset3,0.019021840034991334
2011-10-28,Asset3,0.033874739628326565
2011-10-31,Asset3,-0.00661557264357195
2011-11-01,Asset3,-0.013403652823292438
2011-11-02,Asset3,9.889785575820654e-05
2011-11-03,Asset3,0.0014437327716382777
2011-11-04,Asset3,0.0036439639415086944
2011-11-08,Asset3,0.001013568418972941
2011-11-09,Asset3,-0.013429306696672425
2011-11-11,Asset3,-0.010397850498143155
2011-11-14,Asset3,-0.004124708512956703
2011-11-15,Asset3,-0.01613023589835227
2011-11-16,Asset3,-0.007807398022097312
2011-11-17,Asset3,-0.01978514829900172
2011-11-18,Asset3,-0.006101262095344256
2011-11-21,Asset3,-0.027018569976265727
2011-11-22,Asset3,0.007400043796988403
2011-11-23,Asset3,-0.02288609436190839
2011-11-25,Asset3,0.0007954176916029709
2011-11-28,Asset3,0.031188629864126655
2011-11-29,Asset3,-0.009904086996659034
2011-11-30,Asset3,0.005832905609223503
2011-12-01,Asset3,0.022556121955069328
2011-12-02,Asset3,0.023867809340806297
2011-12-05,Asset3,-0.0022652792929355936
2011-12-07,Asset3,0.004839745512165958
2011-12-08,Asset3,-0.024435705119642163
2011-12-09,Asset3,-0.016187977889485918
2011-12-12,Asset3,-0.02181850068857214
2011-12-13,Asset3,0.007857952237883872
2011-12-14,Asset3,-0.008091509555537559
2011-12-15,Asset3,-0.0036898962761770272
2011-12-16,Asset3,-0.020761216086579718
2011-12-19,Asset3,-0.008607790686945496
2011-12-20,Asset3,-0.015533133233745701
2011-12-21,Asset3,0.03408910009561046
2011-12-22,Asset3,0.009019145777521748
2011-12-23,Asset3,-0.004360953797992257
2011-12-27,Asset3,0.008052609249045287
2011-12-28,Asset3,-0.0097859600305231
2011-12-29,Asset3,-0.013160737695069242
2011-12-30,Asset3,-0.004913253295668554
2012-01-03,Asset3,0.03171074674945519
2012-01-04,Asset3,-0.0034155035579271687
2012-01-05,Asset3,6.575320158782816e-05
2012-01-06,Asset3,0.0009086197244255168
2012-01-09,Asset3,-0.002472035600027445
2012-01-10,Asset3,0.023408114314729077
2012-01-11,Asset3,0.0024448467852706914
2012-01-12,Asset3,-0.006354354989027842
2012-01-13,Asset3,0.007480465717981915
2012-01-16,Asset3,0.0016884296008013778
2012-01-17,Asset3,0.019929809881977595
2012-01-18,Asset3,-0.0024077467578489742
2012-01-19,Asset3,0.013136951476716235
2012-01-20,Asset3,0.006258609065876115
2012-01-23,Asset3,-0.0004841147080820996
2012-01-24,Asset3,0.01671421383453053
2012-01-25,Asset3,0.006277647264073672
2012-01-27,Asset3,0.009355099175536044
2012-01-30,Asset3,-0.02345887403081611
2012-01-31,Asset3,0.02288605106735048
2012-02-01,Asset3,0.007291090662114783
2012-02-02,Asset3,0.006793302516508498
2012-02-03,Asset3,0.01104161449046142
2012-02-06,Asset3,0.006990770711211898
2012-02-07,Asset3,-0.005140208798032937
2012-02-08,Asset3,0.006432808942242386
2012-02-09,Asset3,0.008563137013914162
2012-02-10,Asset3,-0.0059087086797745235
2012-02-13,Asset3,0.0016619781106356867
2012-02-14,Asset3,0.004987494485525517
2012-02-15,Asset3,0.022255409495251968
2012-02-16,Asset3,-0.001879988002931148
2012-02-17,Asset3,0.007976093987118418
2012-02-21,Asset3,0.008008932503054336
2012-02-22,Asset3,-0.01888157062302659
2012-02-23,Asset3,-0.004165458014607095
2012-02-24,Asset3,-0.010242007915013254
2012-02-27,Asset3,-0.02836896087724253
2012-02-28,Asset3,0.01856998281603607
2012-02-29,Asset3,0.0018767004232164376
2012-03-01,Asset3,-0.00877742728416
2012-03-02,Asset3,0.003817426202069445
2012-03-05,Asset3,-0.01533021700447045
2012-03-06,Asset3,-0.011413675610590817
2012-03-07,Asset3,-0.0003882688707140325
2012-03-09,Asset3,0.022531312310117572
2012-03-12,Asset3,0.005069794225270954
2012-03-13,Asset3,0.013573566022536898
2012-03-14,Asset3,0.0065891699857261975
2012-03-15,Asset3,-0.015874357141918802
2012-03-16,Asset3,-0.012100009583217136
2012-03-19,Asset3,-0.01190020548047718
2012-03-20,Asset3,0.0035214246345914016
2012-03-21,Asset3,0.017764315540290915
2012-03-22,Asset3,-0.026460637066870466
2012-03-23,Asset3,0.009895857867477905
2012-03-26,Asset3,-0.018511651606502852
2012-03-27,Asset3,0.01181576861407148
2012-03-28,Asset3,-0.009600316484371199
2012-03-29,Asset3,-0.0031831942706578875
2012-03-30,Asset3,0.023435259376869376
2012-04-02,Asset3,0.004389365112178787
2012-04-03,Asset3,0.00793999555047872
2012-04-04,Asset3,-0.006909415239805883
2012-04-09,Asset3,-0.017291326474028514
2012-04-10,Asset3,0.0018279465274931006
2012-04-11,Asset3,-0.0033221450292875068
2012-04-12,Asset3,0.009948630442513942
2012-04-13,Asset3,-0.013677837554937868
2012-04-16,Asset3,0.0037446349496635814
2012-04-17,Asset3,0.012636331853347916
2012-04-18,Asset3,0.002025029109304235
2012-04-19,Asset3,0.006357716686320796
2012-04-20,Asset3,-0.008103630197728978
2012-04-23,Asset3,-0.017740060343342263
2012-04-24,Asset3,0.0044094520717590235
2012-04-25,Asset3,-0.0041120693209518765
2012-04-26,Asset3,-0.0025990003844674624
2012-04-27,Asset3,0.00032069793071878296
2012-04-30,Asset3,0.011530804868212794
2012-05-02,Asset3,-0.0017834856424013435
2012-05-03,Asset3,-0.010074153437829407
2012-05-04,Asset3,-0.0203553694516285
2012-05-07,Asset3,0.005581410171312271
2012-05-08,Asset3,-0.02322335042585869
2012-05-09,Asset3,-0.005231333358984589
2012-05-10,Asset3,-0.0019023064488108243
2012-05-11,Asset3,-0.007707332940403502
2012-05-14,Asset3,-0.004452129683555839
2012-05-15,Asset3,0.007416765444514138
2012-05-16,Asset3,-0.01778987625426586
2012-05-17,Asset3,0.0025581645911593753
2012-05-18,Asset3,0.004537801140345579
2012-05-22,Asset3,-0.006580503090033725
2012-05-23,Asset3,-0.005317169337002401
2012-05-24,Asset3,0.018442195320379915
2012-05-25,Asset3,-0.00021132198574326468
2012-05-28,Asset3,0.013791561935377672
2012-05-29,Asset3,0.000928304878131101
2012-05-30,Asset3,-0.008201058247653421
2012-05-31,Asset3,-0.005566833308084673
2012-06-01,Asset3,-0.017455632520180783
2012-06-04,Asset3,0.0014069309190358936
2012-06-05,Asset3,0.003249878562930313
2012-06-06,Asset3,0.02861273420844377
2012-06-07,Asset3,0.01093670244881281
2012-06-08,Asset3,0.0038513963346197503
2012-06-11,Asset3,-0.002924028473655165
2012-06-12,Asset3,0.012716763742927224
2012-06-13,Asset3,0.0011283068077339031
2012-06-14,Asset3,-0.013544640771571003
2012-06-15,Asset3,0.017344437781294745
2012-06-18,Asset3,-0.015137389173392198
2012-06-19,Asset3,0.00813232000049375
2012-06-20,Asset3,0.0034028615614073664
2012-06-21,Asset3,0.00902797646508219
2012-06-22,Asset3,-0.0038157218054210595
2012-06-25,Asset3,-0.006345818574813214
2012-06-26,Asset3,0.0012505056181008989
2012-06-27,Asset3,0.0042852879236585295
2012-06-28,Asset3,0.0014663840493204993
2012-06-29,Asset3,0.026206267550800782
2012-07-02,Asset3,-5.906474469451695e-05
2012-07-03,Asset3,0.0018421743232297416
2012-07-04,Asset3,0.0028713571779588956
2012-07-05,Asset3,0.0048542684082373815
2012-07-06,Asset3,-0.0020204595469789943
2012-07-09,Asset3,-0.008176173010953898
2012-07-10,Asset3,0.013840024355054298
2012-07-11,Asset3,-0.007597688448004024
2012-07-12,Asset3,-0.013925296269488028
2012-07-13,Asset3,-0.0015892268755073235
2012-07-16,Asset3,-0.00596872160313743
2012-07-17,Asset3,-0.0008804460892779353
2012-07-18,Asset3,0.004696398866492864
2012-07-19,Asset3,0.005263579026904584
2012-07-20,Asset3,-0.007458771263987734
2012-07-23,Asset3,-0.017412902103133687
2012-07-24,Asset3,0.002082865130216263
2012-07-25,Asset3,-0.0037721034331268744
2012-07-26,Asset3,-0.013555679551961628
2012-07-27,Asset3,0.011723993964406017
2012-07-30,Asset3,0.02038250013667492
2012-07-31,Asset3,0.005840263907395738
2012-08-01,Asset3,0.00228724421495512
2012-08-02,Asset3,-0.0025302929109818086
2012-08-03,Asset3,-0.0023971683563675053
2012-08-06,Asset3,0.013329676006393747
2012-08-07,Asset3,0.010660837726513642
2012-08-08,Asset3,0.0002533020078938364
2012-08-09,Asset3,-0.0029321462860622204
2012-08-10,Asset3,-0.0004982771940709885
2012-08-13,Asset3,0.005375535772677793
2012-08-14,Asset3,0.006310552504957965
2012-08-16,Asset3,-0.0033633310303325904
2012-08-17,Asset3,0.0006495666793708921
2012-08-21,Asset3,0.01060101097506843
2012-08-22,Asset3,-0.0015635304256595096
2012-08-23,Asset3,0.00048033844519844497
2012-08-24,Asset3,-0.005502118588860192
2012-08-27,Asset3,-0.007037370143225639
2012-08-29,Asset3,-0.012139283795149752
2012-08-30,Asset3,0.005359506987173966
2012-08-31,Asset3,-0.01106514501955032
2012-09-03,Asset3,-0.0009394313967861479
2012-09-04,Asset3,0.004008565310492536
2012-09-05,Asset3,-0.009524421098786507
2012-09-06,Asset3,0.002527449876352872
2012-09-07,Asset3,0.02058800495104366
2012-09-10,Asset3,0.004156436823832959
2012-09-11,Asset3,0.0051481408178512215
2012-09-12,Asset3,0.007910946196660494
2012-09-13,Asset3,0.0008330144655681338
2012-09-14,Asset3,0.02722764756934705
2012-09-17,Asset3,0.006031949324815571
2012-09-18,Asset3,-0.001844599487522336
2012-09-20,Asset3,-0.008505602367166416
2012-09-21,Asset3,0.025633685634874243
2012-09-24,Asset3,-0.003938008532470825
2012-09-25,Asset3,0.0007887323264385238
2012-09-26,Asset3,-0.0019153836866263418
2012-09-27,Asset3,-0.0025617252071904505
2012-09-28,Asset3,0.009903849345074694
2012-10-01,Asset3,0.0028264339158096696
2012-10-03,Asset3,0.0022641469481737
2012-10-04,Asset3,0.010225361232279262
2012-10-05,Asset3,-0.0073045645386971
2012-10-08,Asset3,-0.012839541081317431
2012-10-09,Asset3,0.005240327970842245
2012-10-10,Asset3,-0.009562143216210997
2012-10-11,Asset3,0.010285625725070151
2012-10-12,Asset3,-0.005830362582448112
2012-10-15,Asset3,0.0020521671806651475
2012-10-16,Asset3,-0.007177458349817627
2012-10-17,Asset3,0.002255665722379501
2012-10-18,Asset3,0.01073949085729426
2012-10-19,Asset3,-0.006265095546426434
2012-10-22,Asset3,0.006019421812464163
2012-10-23,Asset3,-0.004684152148786876
2012-10-25,Asset3,0.002539954788899461
2012-10-29,Asset3,-0.00723672667974042
2012-10-30,Asset3,-0.012427316067388228
2012-10-31,Asset3,0.004050144711949422
2012-11-01,Asset3,0.0046912811775956876
2012-11-02,Asset3,0.009699897812155972
2012-11-05,Asset3,0.0011864436120315781
2012-11-06,Asset3,0.0036828467783727526
2012-11-07,Asset3,0.006485955516454905
2012-11-08,Asset3,-0.0038548117543191207
2012-11-09,Asset3,-0.009514267044216975
2012-11-12,Asset3,-0.00046635249505386336
2012-11-15,Asset3,-0.009643049640479262
2012-11-16,Asset3,-0.010518238878529563
2012-11-19,Asset3,-0.0004944158258475718
2012-11-20,Asset3,2.7981914820767173e-05
2012-11-21,Asset3,0.008073157662910493
2012-11-22,Asset3,0.0023986969426328386
2012-11-23,Asset3,-0.00021250027764199153
2012-11-26,Asset3,0.0017189415823292897
2012-11-27,Asset3,0.016893895622224448
2012-11-29,Asset3,0.017713256932034353
2012-11-30,Asset3,0.009792978809012852
2012-12-03,Asset3,-0.0015741725186479273
2012-12-04,Asset3,0.0032416893759709886
2012-12-05,Asset3,0.0019866706286878434
2012-12-06,Asset3,0.005358172771375323
2012-12-07,Asset3,-0.004120791178812802
2012-12-10,Asset3,0.0002640755706045006
2012-12-11,Asset3,-0.0017776746494442364
2012-12-12,Asset3,-0.0019040817194838412
2012-12-13,Asset3,-0.006447010869565197
2012-12-14,Asset3,0.004994292328890069
2012-12-17,Asset3,-0.003838390834437213
2012-12-18,Asset3,0.006906211972197287
2012-12-19,Asset3,0.0057848843130783225
2012-12-20,Asset3,-0.002315198815924626
2012-12-21,Asset3,-0.012076211292647115
2012-12-24,Asset3,0.0014316392077880736
2012-12-26,Asset3,0.00885353738846428
2012-12-27,Asset3,-0.006251693204667266
2012-12-28,Asset3,0.006776715786479067
2012-12-31,Asset3,-0.0005720717195382186
2013-01-02,Asset3,0.015524867812805763
2013-01-03,Asset3,0.002819838985525305
2013-01-04,Asset3,0.0011508275958899185
2013-01-07,Asset3,-0.004797087916435814
2013-01-08,Asset3,0.0023098498619116906
2013-01-09,Asset3,-0.005233217605493001
2013-01-10,Asset3,-0.0004963747069413494
2013-01-11,Asset3,-0.0030231462487713225
2013-01-14,Asset3,0.012713189132298002
2013-01-15,Asset3,0.005619526030670912
2013-01-16,Asset3,-0.009401314117145435
2013-01-17,Asset3,0.006472021281849223
2013-01-18,Asset3,0.004339597043469805
2013-01-21,Asset3,0.0030697016584124094
2013-01-22,Asset3,-0.005779359453460185
2013-01-23,Asset3,0.0009972384682152757
2013-01-24,Asset3,-0.0060036166831972885
2013-01-25,Asset3,0.009554486105965819
2013-01-28,Asset3,2.566377322246183e-05
2013-01-29,Asset3,-0.004262839808732144
2013-01-30,Asset3,0.001005653260501518
2013-01-31,Asset3,-0.003606489699872073
2013-02-01,Asset3,-0.006178234651393986
2013-02-04,Asset3,-0.0020196867150202545
2013-02-05,Asset3,-0.005271886352248547
2013-02-06,Asset3,0.00040160229762447485
2013-02-07,Asset3,-0.0035602774792981152
2013-02-08,Asset3,-0.006181686213100441
2013-02-11,Asset3,-0.0009953245426442515
2013-02-12,Asset3,0.004346651409076508
2013-02-13,Asset3,0.001835070177289886
2013-02-14,Asset3,-0.0063105198539473144
2013-02-15,Asset3,-0.0016843121204237832
2013-02-18,Asset3,0.001907854889053553
2013-02-19,Asset3,0.007317486448544113
2013-02-20,Asset3,0.0005864931958600473
2013-02-21,Asset3,-0.015889450699288803
2013-02-22,Asset3,-0.00034656809346834906
2013-02-25,Asset3,0.0007911052902437988
2013-02-26,Asset3,-0.016590955794440445
2013-02-27,Asset3,0.006417210592711751
2013-02-28,Asset3,-0.018631355272985255
2013-03-01,Asset3,0.004868463688334383
2013-03-04,Asset3,-0.0038547830082194426
2013-03-05,Asset3,0.01564973238571545
2013-03-06,Asset3,0.006176099159355175
2013-03-07,Asset3,0.007989498252547982
2013-03-08,Asset3,0.014615729896924065
2013-03-11,Asset3,-0.000585986754805905
2013-03-12,Asset3,-0.004944171837264806
2013-03-13,Asset3,-0.011061006299745336
2013-03-14,Asset3,0.010264560773038537
2013-03-15,Asset3,-0.0063977695382319505
2013-03-18,Asset3,-0.006614463937022146
2013-03-19,Asset3,-0.01591565003641664
2013-03-20,Asset3,-0.009330450641781837
2013-03-21,Asset3,-0.006510940410461812
2013-03-22,Asset3,-0.0013599997238789286
2013-03-25,Asset3,-0.0032204693897035777
2013-03-26,Asset3,0.0014306379936080838
2013-03-28,Asset3,0.007548868153592157
2013-04-01,Asset3,0.003998926950671766
2013-04-02,Asset3,0.007967218971854794
2013-04-03,Asset3,-0.013605922269323242
2013-04-04,Asset3,-0.017993601190693893
2013-04-05,Asset3,-0.004010942194717222
2013-04-08,Asset3,-0.0019289239409355386
2013-04-09,Asset3,-0.008977908840780105
2013-04-10,Asset3,0.012036923875274148
2013-04-11,Asset3,0.006604385123334868
2013-04-12,Asset3,-0.012168073493922087
2013-04-15,Asset3,0.007496378440393379
2013-04-16,Asset3,0.022514960650496806
2013-04-17,Asset3,-4.570263248465878e-05
2013-04-18,Asset3,0.017258054576051746
2013-04-22,Asset3,0.009225466613766891
2013-04-23,Asset3,0.0004456328060330428
2013-04-25,Asset3,0.01414721852679758
2013-04-26,Asset3,-0.007883913136559437
2013-04-29,Asset3,0.005783221743856153
2013-04-30,Asset3,0.004597500230945429
2013-05-02,Asset3,0.012127060819016773
2013-05-03,Asset3,-0.009595056235339322
2013-05-06,Asset3,0.004732805665376816
2013-05-07,Asset3,0.01262759522468036
2013-05-08,Asset3,0.00443117056456277
2013-05-09,Asset3,-0.0032814161564598
2013-05-10,Asset3,0.007666603689361669
2013-05-13,Asset3,-0.01950396601583326
2013-05-14,Asset3,0.002599753330390833
2013-05-15,Asset3,0.026254145532638697
2013-05-16,Asset3,0.003916850113881285
2013-05-17,Asset3,0.002932932255615022
2013-05-20,Asset3,-0.0051098054782390805
2013-05-21,Asset3,-0.007229579428123465
2013-05-22,Asset3,-0.00333394959796518
2013-05-23,Asset3,-0.021748823221757342
2013-05-24,Asset3,0.002875792990117034
2013-05-27,Asset3,0.017311479797720093
2013-05-28,Asset3,0.00480410675910532
2013-05-29,Asset3,-0.0011827699938637525
2013-05-30,Asset3,0.0033648412851915665
2013-05-31,Asset3,-0.02345238826112534
2013-06-03,Asset3,-0.008105046762332329
2013-06-04,Asset3,-0.0034757621990570975
2013-06-05,Asset3,0.0007730276100850731
2013-06-06,Asset3,-0.00043015996066618104
2013-06-07,Asset3,-0.007095602244474231
2013-06-10,Asset3,-0.0005305220200646588
2013-06-11,Asset3,-0.01578227341357601
2013-06-12,Asset3,-0.005138127894130182
2013-06-13,Asset3,-0.01103157866183377
2013-06-14,Asset3,0.019945569463106525
2013-06-17,Asset3,0.007457458020413057
2013-06-18,Asset3,-0.0064798927493105035
2013-06-19,Asset3,0.0015473885864848214
2013-06-20,Asset3,-0.029714303158143364
2013-06-21,Asset3,0.0021605757193362152
2013-06-24,Asset3,-0.01420269420738432
2013-06-25,Asset3,0.003506838077456287
2013-06-26,Asset3,-0.0037824068153758006
2013-06-27,Asset3,0.017427289894560865
2013-06-28,Asset3,0.029256222989686817
2013-07-01,Asset3,0.010084539465931162
2013-07-02,Asset3,-0.007281470791157414
2013-07-03,Asset3,-0.015384572294269684
2013-07-04,Asset3,0.011903222348320633
2013-07-05,Asset3,0.0055144714680534085
2013-07-08,Asset3,-0.009987236070453865
2013-07-09,Asset3,0.008491401568166222
2013-07-10,Asset3,-0.007508413871821134
2013-07-11,Asset3,0.021169373408093363
2013-07-12,Asset3,0.012949385380686369
2013-07-15,Asset3,0.0037729733524714073
2013-07-16,Asset3,-0.013028420677126373
2013-07-17,Asset3,0.0031521425422946516
2013-07-18,Asset3,0.011273500778774892
2013-07-19,Asset3,-0.001524265954688664
2013-07-22,Asset3,0.0004484166493761066
2013-07-23,Asset3,0.00793129771363125
2013-07-24,Asset3,-0.014938267102015549
2013-07-25,Asset3,-0.014409481679325636
2013-07-26,Asset3,-0.003749775179856103
2013-07-29,Asset3,-0.009638188101838426
2013-07-30,Asset3,-0.013660645425659581
2013-07-31,Asset3,-0.002358241428935344
2013-08-01,Asset3,-0.0025628523924590588
2013-08-02,Asset3,-0.009069406887281533
2013-08-05,Asset3,0.0013737473597905847
2013-08-06,Asset3,-0.026185651140586862
2013-08-07,Asset3,-0.004344065756236191
2013-08-08,Asset3,0.00877168306759982
2013-08-12,Asset3,0.008735727336986496
2013-08-13,Asset3,0.016102897158087187
2013-08-14,Asset3,0.007846577918785656
2013-08-16,Asset3,-0.042461679746059355
2013-08-19,Asset3,-0.017579291347036074
2013-08-20,Asset3,-0.002554466388106542
2013-08-21,Asset3,-0.019042368721507667
2013-08-22,Asset3,0.020770461439634007
2013-08-23,Asset3,0.01217202608837118
2013-08-26,Asset3,0.0009028190249919987
2013-08-27,Asset3,-0.03590099459052314
2013-08-28,Asset3,-0.00048193420852630457
2013-08-29,Asset3,0.024410936021759807
2013-08-30,Asset3,0.012064965632863274
2013-09-02,Asset3,0.015005703069520298
2013-09-03,Asset3,-0.03921484427780025
2013-09-04,Asset3,0.020765128267008225
2013-09-05,Asset3,0.027650758771356986
2013-09-06,Asset3,0.01626113091239816
2013-09-10,Asset3,0.0396106093639046
2013-09-11,Asset3,0.002892423527790715
2013-09-12,Asset3,-0.010983603728151268
2013-09-13,Asset3,-1.7793009216768852e-05
2013-09-16,Asset3,-0.0017865354857678729
2013-09-17,Asset3,0.0017184009358064856
2013-09-18,Asset3,0.008755255938256603
2013-09-19,Asset3,0.03809568456541479
2013-09-20,Asset3,-0.017592481256556117
2013-09-23,Asset3,-0.021164667835804105
2013-09-24,Asset3,0.00047679496158590243
2013-09-25,Asset3,-0.003282862123788277
2013-09-26,Asset3,0.0014872525332209996
2013-09-27,Asset3,-0.00867215723150152
2013-09-30,Asset3,-0.01745463945019722
2013-10-01,Asset3,0.008114658620280473
2013-10-03,Asset3,0.0233278969569864
2013-10-04,Asset3,-0.00042242519374839914
2013-10-07,Asset3,-0.00020244417534916794
2013-10-08,Asset3,0.003917949998325767
2013-10-09,Asset3,0.013867536947869824
2013-10-10,Asset3,0.002337098027205542
2013-10-11,Asset3,0.01299794840703509
2013-10-14,Asset3,0.00281486818841584
2013-10-15,Asset3,-0.004023820155430116
2013-10-17,Asset3,-0.007378441095672024
2013-10-18,Asset3,0.024684700677222386
2013-10-21,Asset3,0.0026212932386300027
2013-10-22,Asset3,-0.0003604229171233886
2013-10-23,Asset3,-0.004099389971168162
2013-10-24,Asset3,-0.0023566162114256085
2013-10-25,Asset3,-0.0032814818763605303
2013-10-28,Asset3,-0.007412943676694593
2013-10-29,Asset3,0.020421201894862018
2013-10-30,Asset3,0.005149143241387169
2013-10-31,Asset3,0.00789348397568732
2013-11-01,Asset3,0.0013291165978419883
2013-11-05,Asset3,-0.008912402166856364
2013-11-06,Asset3,-0.006320014811285387
2013-11-07,Asset3,-0.004668575801616273
2013-11-08,Asset3,-0.00781607337670205
2013-11-11,Asset3,-0.01049191110613525
2013-11-12,Asset3,-0.010393499050796269
2013-11-13,Asset3,-0.0049164922645628375
2013-11-14,Asset3,0.011555328527205458
2013-11-18,Asset3,0.022813851009373103
2013-11-19,Asset3,0.0024113914303603504
2013-11-20,Asset3,-0.013487583613346503
2013-11-21,Asset3,-0.02103645390531298
2013-11-22,Asset3,-0.0006240311169070001
2013-11-25,Asset3,0.020798421198626953
2013-11-26,Asset3,-0.009566091730777692
2013-11-27,Asset3,-0.0003432853008657677
2013-11-28,Asset3,0.005966551553933339
2013-11-29,Asset3,0.014383151028898507
2013-12-02,Asset3,0.00703032647033643
2013-12-03,Asset3,-0.0026761661568960008
2013-12-04,Asset3,-0.0068585821597937
2013-12-05,Asset3,0.013529714702274447
2013-12-06,Asset3,0.0031327484848932665
2013-12-09,Asset3,0.017278231551195233
2013-12-10,Asset3,-0.005074215083601059
2013-12-11,Asset3,-0.004097397336880482
2013-12-12,Asset3,-0.011681241412077893
2013-12-13,Asset3,-0.011447062421057091
2013-12-16,Asset3,-0.00230978787660737
2013-12-17,Asset3,-0.0026445490005176887
2013-12-18,Asset3,0.013230728556800618
2013-12-19,Asset3,-0.008447600721385342
2013-12-20,Asset3,0.01814666039659052
2013-12-23,Asset3,0.001699007849543861
2013-12-24,Asset3,-0.0026643490432811403
2013-12-26,Asset3,0.001742071369109315
2013-12-27,Asset3,0.005780614279891836
2013-12-30,Asset3,-0.0037390630116230917
2013-12-31,Asset3,0.0021325202634271535
2014-01-02,Asset3,-0.013668163318924531
2014-01-03,Asset3,-0.0016717166702705467
2014-01-06,Asset3,-0.0032985349950689093
2014-01-07,Asset3,-0.004904861085370813
2014-01-08,Asset3,0.002084320104263817
2014-01-09,Asset3,-0.001052699753376274
2014-01-10,Asset3,0.0005226845933606761
2014-01-13,Asset3,0.01707083319817098
2014-01-14,Asset3,-0.005123095681718555
2014-01-15,Asset3,0.0131710623595189
2014-01-16,Asset3,-0.0003290670683186825
2014-01-17,Asset3,-0.00942252621819759
2014-01-20,Asset3,0.00702567300529438
2014-01-21,Asset3,0.0016249483946774391
2014-01-22,Asset3,0.004142736079560461
2014-01-23,Asset3,0.0010991875780397642
2014-01-24,Asset3,-0.012931047205612866
2014-01-27,Asset3,-0.02172352470379379
2014-01-28,Asset3,-0.0016271749478223986
2014-01-29,Asset3,-0.0010185676392572773
2014-01-30,Asset3,-0.007910101200931302
2014-01-31,Asset3,0.0027054013775130417
2014-02-03,Asset3,-0.014977946157320003
2014-02-04,Asset3,-0.00015593629710362934
2014-02-05,Asset3,0.003726107811141244
2014-02-06,Asset3,0.00240035511953856
2014-02-07,Asset3,0.004634694623397415
2014-02-10,Asset3,-0.0016723841656818995
2014-02-11,Asset3,0.0015891763687837825
2014-02-12,Asset3,0.003653783984259498
2014-02-13,Asset3,-0.014170923477564133
2014-02-14,Asset3,0.008188498641972703
2014-02-18,Asset3,0.013540882832119242
2014-02-19,Asset3,0.004353755938752286
2014-02-20,Asset3,-0.010361512636625908
2014-02-21,Asset3,0.010926790479419619
2014-02-24,Asset3,0.005178483689425945
2014-02-25,Asset3,0.0023452086263519157
2014-02-26,Asset3,0.006499947785827729
2014-02-28,Asset3,0.006359621640718434
2014-03-03,Asset3,-0.009195548507474829
2014-03-04,Asset3,0.012788015254055143
2014-03-05,Asset3,0.005069537599116547
2014-03-06,Asset3,0.01191407348541686
2014-03-07,Asset3,0.020390086467465825
2014-03-10,Asset3,0.001689090379819618
2014-03-11,Asset3,-0.004032903982943949
2014-03-12,Asset3,0.0007985380730635505
2014-03-13,Asset3,-0.003798093763278132
2014-03-14,Asset3,0.0017779029106091393
2014-03-18,Asset3,0.0019906667881826223
2014-03-19,Asset3,0.0011809593200230496
2014-03-20,Asset3,-0.006527800459447884
2014-03-21,Asset3,0.0016202281939618679
2014-03-24,Asset3,0.014463098941997075
2014-03-25,Asset3,0.00098731677679039
2014-03-26,Asset3,0.001838597585265056
2014-03-27,Asset3,0.00635684887800867
2014-03-28,Asset3,0.008479075309594677
2014-03-31,Asset3,0.001289192612404193
2014-04-01,Asset3,0.002613823161523783
2014-04-02,Asset3,0.004874238541894567
2014-04-03,Asset3,-0.0025335163467619373
2014-04-04,Asset3,-0.006445866209011255
2014-04-07,Asset3,0.00010870290646346704
2014-04-09,Asset3,0.015712565151695675
2014-04-10,Asset3,3.0560505360561766e-05
2014-04-11,Asset3,-0.0030757609709356703
2014-04-15,Asset3,-0.006630122132645556
2014-04-16,Asset3,-0.008927879255563865
2014-04-17,Asset3,0.016218612606204736
2014-04-21,Asset3,0.005867775993896842
2014-04-22,Asset3,-0.0003508242443158949
2014-04-23,Asset3,0.003883541554468586
2014-04-25,Asset3,-0.00882525415136862
2014-04-28,Asset3,-0.003296597987541974
2014-04-29,Asset3,-0.007075614716213696
2014-04-30,Asset3,-0.0029193405401883423
2014-05-02,Asset3,-0.00024850689725347763
2014-05-05,Asset3,0.0007068627629740832
2014-05-06,Asset3,0.0024760155941548237
2014-05-07,Asset3,-0.009718106696360173
2014-05-08,Asset3,0.0011412623596069693
2014-05-09,Asset3,0.03106792079078714
2014-05-12,Asset3,0.02357091732208188
2014-05-13,Asset3,0.01401147663684636
2014-05-14,Asset3,0.0
2014-05-15,Asset3,0.002106685203094827
2014-05-16,Asset3,0.011658339737477146
2014-05-19,Asset3,0.008742440215882273
2014-05-20,Asset3,0.0017110370905669293
2014-05-21,Asset3,-0.0032305823053398355
2014-05-22,Asset3,0.00336968665348623
2014-05-23,Asset3,0.01296358149510402
2014-05-26,Asset3,-0.0011364450837533634
2014-05-27,Asset3,-0.005801264838268416
2014-05-28,Asset3,0.0016556297400246935
2014-05-29,Asset3,-0.013337608385461906
2014-05-30,Asset3,-0.0008192346772581605
2014-06-02,Asset3,0.01906676991556246
2014-06-03,Asset3,0.007536040959252972
2014-06-04,Asset3,-0.0019072798635682453
2014-06-05,Asset3,0.010094782203046328
2014-06-06,Asset3,0.015208760304219951
2014-06-09,Asset3,0.009764512498162433
2014-06-10,Asset3,0.0002445322879208689
2014-06-11,Asset3,-0.0040138703916957575
2014-06-12,Asset3,0.0031430795896153895
2014-06-13,Asset3,-0.014655328606411075
2014-06-16,Asset3,-0.0011790223641109333
2014-06-17,Asset3,0.013549576082511141
2014-06-18,Asset3,-0.010016116729395464
2014-06-19,Asset3,-0.002407980673929133
2014-06-20,Asset3,-0.004034108134800212
2014-06-23,Asset3,-0.0025060542336081504
2014-06-24,Asset3,0.012053901177091807
2014-06-25,Asset3,-0.0015023617888142928
2014-06-26,Asset3,-0.01044909295835124
2014-06-27,Asset3,0.0021651088089369532
2014-06-30,Asset3,0.014203642054875516
2014-07-01,Asset3,0.0031905117030390073
2014-07-02,Asset3,0.012321072590414896
2014-07-03,Asset3,-0.0013933841671130143
2014-07-04,Asset3,0.004960894081042131
2014-07-07,Asset3,0.004769569690028082
2014-07-08,Asset3,-0.021896033523276712
2014-07-09,Asset3,-0.005211486266545773
2014-07-10,Asset3,-0.0023651944627554313
2014-07-11,Asset3,-0.014862528286148402
2014-07-14,Asset3,-0.0007598534842076444
2014-07-15,Asset3,0.010115170876331963
2014-07-16,Asset3,0.01350667313067703
2014-07-17,Asset3,0.0021893270160670397
2014-07-18,Asset3,0.003191918629017696
2014-07-21,Asset3,0.0027547730211146693
2014-07-22,Asset3,0.011321399264242214
2014-07-23,Asset3,0.003735383416610265
2014-07-24,Asset3,0.0046492129124843734
2014-07-25,Asset3,-0.005332400827108748
2014-07-28,Asset3,-0.0055734904801940125
2014-07-30,Asset3,0.005730986383931036
2014-07-31,Asset3,-0.00935699649309096
2014-08-01,Asset3,-0.015987942242257764
2014-08-04,Asset3,0.011087232761458204
2014-08-05,Asset3,0.008513649016926994
2014-08-06,Asset3,-0.01000187205317082
2014-08-07,Asset3,-0.003090672959462859
2014-08-08,Asset3,-0.010972082638820836
2014-08-11,Asset3,0.007887429929182534
2014-08-12,Asset3,0.01378760561728166
2014-08-13,Asset3,0.0016824014764488383
2014-08-14,Asset3,0.0070076952301737095
2014-08-18,Asset3,0.011018365019569033
2014-08-19,Asset3,0.003070768644632729
2014-08-20,Asset3,-0.002923482510288027
2014-08-21,Asset3,0.0020865624287370113
2014-08-22,Asset3,0.002912661261175362
2014-08-25,Asset3,-0.0009068905212647937
2014-08-26,Asset3,-0.00020386235215171135
2014-08-27,Asset3,0.0041180046016636145
2014-08-28,Asset3,0.0023982088262926916
2014-09-01,Asset3,0.00959023686736849
2014-09-02,Asset3,0.007170620769272312
2014-09-03,Asset3,0.00405939657435642
2014-09-04,Asset3,-0.0023902469874149813
2014-09-05,Asset3,-0.0011689920681552301
2014-09-08,Asset3,0.011194939411729408
2014-09-09,Asset3,-0.002665520201226466
2014-09-10,Asset3,-0.007506988279860813
2014-09-11,Asset3,-0.001079292117974875
2014-09-12,Asset3,0.002546693097393966
2014-09-15,Asset3,-0.008147554129911834
2014-09-16,Asset3,-0.014108940756341708
2014-09-17,Asset3,0.005584855741014678
2014-09-18,Asset3,0.018158109209453918
2014-09-19,Asset3,0.000858708293539614
2014-09-22,Asset3,0.0031821402740260575
2014-09-23,Asset3,-0.016436910402309532
2014-09-24,Asset3,-0.0019651762472730375
2014-09-25,Asset3,-0.011767944369715781
2014-09-26,Asset3,0.007492558537927927
2014-09-29,Asset3,-0.0012985817273741774
2014-09-30,Asset3,0.0007709480597555007
2014-10-01,Asset3,-0.0025135597241525078
2014-10-07,Asset3,-0.012192472619119137
2014-10-08,Asset3,-0.0012846639801786797
2014-10-09,Asset3,0.01562772905985307
2014-10-10,Asset3,-0.013142759773752424
2014-10-13,Asset3,0.0032152617061202804
2014-10-14,Asset3,-0.00267114817515929
2014-10-16,Asset3,-0.01531431801564092
2014-10-17,Asset3,0.004228078673008415
2014-10-20,Asset3,0.013327980861649956
2014-10-21,Asset3,0.006381717159392189
2014-10-22,Asset3,0.008940228745545724
2014-10-27,Asset3,-0.0005462418696887639
2014-10-28,Asset3,0.004671834218630977
2014-10-29,Asset3,0.008142421242630728
2014-10-30,Asset3,0.010123046063302077
2014-10-31,Asset3,0.019478038999619918
2014-11-03,Asset3,0.00024370996580241666
2014-11-05,Asset3,0.0017677949021167373
2014-11-07,Asset3,-0.0001621190058721833
2014-11-10,Asset3,0.00090440206309232
2014-11-11,Asset3,0.00229336444258033
2014-11-12,Asset3,0.002568012486696176
2014-11-13,Asset3,-0.003157253556672366
2014-11-14,Asset3,0.003988204389632753
2014-11-17,Asset3,0.005063658896054495
2014-11-18,Asset3,-0.0005982378495389362
2014-11-19,Asset3,-0.005381574344915397
2014-11-20,Asset3,0.0024318635517666465
2014-11-21,Asset3,0.009339218968550842
2014-11-24,Asset3,0.006477592057696082
2014-11-25,Asset3,-0.00817486319779766
2014-11-26,Asset3,0.0015545611959270822
2014-11-27,Asset3,0.0022638944193730027
2014-11-28,Asset3,0.011515127337000663
2014-12-01,Asset3,-0.003917398043838913
2014-12-02,Asset3,-0.0037924942605169587
2014-12-03,Asset3,0.0015799034354787801
2014-12-04,Asset3,0.0032585077541414267
2014-12-05,Asset3,-0.0031694699146380414
2014-12-08,Asset3,-0.012186477314590905
2014-12-09,Asset3,-0.012022847969069463
2014-12-10,Asset3,0.0018641364347011093
2014-12-11,Asset3,-0.0078102836941600275
2014-12-12,Asset3,-0.008628201127423348
2014-12-15,Asset3,-0.000569059255394384
2014-12-16,Asset3,-0.0192320185532152
2014-12-17,Asset3,-0.004872862339683932
2014-12-18,Asset3,0.01677252276219619
2014-12-19,Asset3,0.008399790164669003
2014-12-22,Asset3,0.012492315619692588
2014-12-23,Asset3,-0.007121576165305141
2014-12-24,Asset3,-0.01168693582164031
2014-12-26,Asset3,0.003384360508434785
2014-12-29,Asset3,0.005782871293978982
2014-12-30,Asset3,0.0002459531150987182
2014-12-31,Asset3,0.004343733898099665
2015-01-02,Asset3,0.014157218930411447
2015-01-05,Asset3,-0.002112072189398484
2015-01-06,Asset3,-0.03116254804194467
2015-01-07,Asset3,-0.003231065437623091
2015-01-08,Asset3,0.01700787333241685
2015-01-09,Asset3,0.006302237960776794
2015-01-12,Asset3,0.004833122095479539
2015-01-13,Asset3,-0.0029488878709599932
2015-01-14,Asset3,-0.0027381025502360504
2015-01-15,Asset3,0.027213923768532898
2015-01-16,Asset3,0.002405819262107034
2015-01-19,Asset3,0.004507553281775607
2015-01-20,Asset3,0.01762374860337307
2015-01-21,Asset3,0.004054511227953643
2015-01-22,Asset3,0.003800493298585188
2015-01-23,Asset3,0.008807631663834492
2015-01-27,Asset3,0.008816199204788227
2015-01-28,Asset3,0.0004434988917569882
2015-01-29,Asset3,0.004439136863468587
2015-01-30,Asset3,-0.0166645846073493
2015-02-02,Asset3,-0.0013577177025100794
2015-02-03,Asset3,-0.004829223121443258
2015-02-04,Asset3,-0.0039014902572371214
2015-02-05,Asset3,-0.0014305856139698037
2015-02-06,Asset3,-0.006046627531827103
2015-02-09,Asset3,-0.016174506126172182
2015-02-10,Asset3,0.0047814369563469765
2015-02-11,Asset3,0.007509688326112798
2015-02-12,Asset3,0.010143888849774269
2015-02-13,Asset3,0.011215938072514345
2015-02-16,Asset3,0.00045466966668552546
2015-02-18,Asset3,0.007053869213439921
2015-02-19,Asset3,0.0030722626112123486
2015-02-20,Asset3,-0.007213720114434592
2015-02-23,Asset3,-0.009259576417544641
2015-02-24,Asset3,0.0008492784606564996
2015-02-25,Asset3,0.0006113153797371674
2015-02-26,Asset3,-0.009893228349824623
2015-02-27,Asset3,0.019251830411654573
2015-03-02,Asset3,0.013187302014934446
2015-03-03,Asset3,0.0045864850531722465
2015-03-04,Asset3,-0.008508388912046643
2015-03-05,Asset3,0.00175996963486325
2015-03-09,Asset3,-0.021061229056529854
2015-03-10,Asset3,-0.005308842107517054
2015-03-11,Asset3,-0.001444389556086989
2015-03-12,Asset3,0.009091063178455237
2015-03-13,Asset3,-0.01519826800364636
2015-03-16,Asset3,-0.00175578546442714
2015-03-17,Asset3,0.010859927880650898
2015-03-18,Asset3,-0.004458793288762069
2015-03-19,Asset3,-0.0061363816763923135
2015-03-20,Asset3,-0.0076783653072954915
2015-03-23,Asset3,-0.0024268162097358026
2015-03-24,Asset3,-0.0009669394738904025
2015-03-25,Asset3,-0.0014791618774663373
2015-03-26,Asset3,-0.02299847553768582
2015-03-27,Asset3,-9.350107148351939e-05
2015-03-30,Asset3,0.01881403400817229
2015-03-31,Asset3,-0.00015917912769089604
2015-04-01,Asset3,0.011666470380402742
2015-04-06,Asset3,0.008920821808123378
2015-04-07,Asset3,4.7967136602267146e-05
2015-04-08,Asset3,0.006496843139835172
2015-04-09,Asset3,0.007625928078367164
2015-04-10,Asset3,0.00024284849258190632
2015-04-13,Asset3,0.006354690727852663
2015-04-16,Asset3,-0.014986619523998154
2015-04-17,Asset3,-0.012028460929593398
2015-04-20,Asset3,-0.019081618202416974
2015-04-21,Asset3,-0.008660361162030918
2015-04-22,Asset3,0.00644901114559401
2015-04-23,Asset3,-0.0038739700693221656
2015-04-24,Asset3,-0.011522784268904856
2015-04-27,Asset3,-0.011451576186749364
2015-04-28,Asset3,0.009091017391534902
2015-04-29,Asset3,-0.005754996137641886
2015-04-30,Asset3,-0.007352164810825528
2015-05-04,Asset3,0.019124635228869914
2015-05-05,Asset3,-0.0008925168868848576
2015-05-06,Asset3,-0.0284585578552412
2015-05-07,Asset3,-0.005099197619488711
2015-05-08,Asset3,0.017321957294403154
2015-05-11,Asset3,0.016981016907770315
2015-05-12,Asset3,-0.02477184431398462
2015-05-13,Asset3,0.013884667346070998
2015-05-14,Asset3,-0.0014206873604382952
2015-05-15,Asset3,0.004824224810044662
2015-05-18,Asset3,0.01400967254746279
2015-05-19,Asset3,-0.0009935929507296937
2015-05-20,Asset3,0.007160661867621396
2015-05-21,Asset3,-0.00027780251090736563
2015-05-22,Asset3,0.004686878414083928
2015-05-25,Asset3,-0.01090539617742624
2015-05-26,Asset3,-0.0038393603835010473
2015-05-27,Asset3,-0.0005923723349416044
2015-05-28,Asset3,-0.001946535467852737
2015-05-29,Asset3,0.014333021547061016
2015-06-01,Asset3,-3.0828880491498014e-05
2015-06-02,Asset3,-0.024287736101406693
2015-06-03,Asset3,-0.01279727298326737
2015-06-04,Asset3,-0.0005689177845929194
2015-06-05,Asset3,-0.002040143839881523
2015-06-08,Asset3,-0.009041899629253551
2015-06-09,Asset3,-0.002811981411908988
2015-06-10,Asset3,0.013229495659583642
2015-06-11,Asset3,-0.020366190644871756
2015-06-12,Asset3,0.0022913992042070674
2015-06-15,Asset3,0.004038632626538891
2015-06-16,Asset3,0.004334456239881632
2015-06-17,Asset3,0.005718688394484062
2015-06-18,Asset3,0.010674383371831145
2015-06-19,Asset3,0.006405708039163187
2015-06-22,Asset3,0.016203793027337116
2015-06-23,Asset3,0.0035421824841872862
2015-06-24,Asset3,-0.0025685229613453676
2015-06-25,Asset3,0.004621110061192404
2015-06-26,Asset3,-0.0020929276315789737
2015-06-29,Asset3,-0.007780266377822276
2015-06-30,Asset3,0.006263655426916071
2015-07-01,Asset3,0.010507474084364078
2015-07-02,Asset3,-0.0010026429301647434
2015-07-03,Asset3,0.004926049814179195
2015-07-06,Asset3,0.004565757783415272
2015-07-07,Asset3,-0.0013851679252205606
2015-07-08,Asset3,-0.018054707374901318
2015-07-09,Asset3,-0.004290300887588803
2015-07-10,Asset3,0.003995893736658598
2015-07-13,Asset3,0.012327491825623068
2015-07-14,Asset3,-0.000682393743646621
2015-07-15,Asset3,0.008574325649607336
2015-07-16,Asset3,0.010279453061745355
2015-07-17,Asset3,0.00021744726360436672
2015-07-20,Asset3,-0.0007729973143494729
2015-07-21,Asset3,-0.008945248505295086
2015-07-22,Asset3,0.012686843160708002
2015-07-23,Asset3,-0.005264169007355122
2015-07-24,Asset3,-0.008263289205094893
2015-07-27,Asset3,-0.019594064542479472
2015-07-28,Asset3,-0.0029852888410477
2015-07-29,Asset3,0.0047465271530525936
2015-07-30,Asset3,0.0058053386109760295
2015-07-31,Asset3,0.01371343412968784
2015-08-03,Asset3,0.0012432192773378682
2015-08-04,Asset3,-0.003183335137538119
2015-08-05,Asset3,0.006233699402360121
2015-08-06,Asset3,0.002512643355090685
2015-08-07,Asset3,-0.0029123100094169277
2015-08-10,Asset3,-0.004735773048351542
2015-08-11,Asset3,-0.007715586353324194
2015-08-12,Asset3,-0.013875034245207899
2015-08-13,Asset3,0.0007971052547551417
2015-08-14,Asset3,0.020250269097130822
2015-08-17,Asset3,-0.005036068460431267
2015-08-18,Asset3,-0.0013188161628798945
2015-08-19,Asset3,0.003513191330727512
2015-08-20,Asset3,-0.014984597140326157
2015-08-21,Asset3,-0.009042643919261933
2015-08-24,Asset3,-0.06151702011577863
2015-08-25,Asset3,0.009549007955563998
2015-08-26,Asset3,-0.01172536694359505
2015-08-27,Asset3,0.020968588912105037
2015-08-28,Asset3,0.006934249007183801
2015-08-31,Asset3,-0.003983579686446026
2015-09-01,Asset3,-0.024195263010818452
2015-09-02,Asset3,-0.009196696656676568
2015-09-03,Asset3,0.014285344045613631
2015-09-04,Asset3,-0.022327521810686434
2015-09-07,Asset3,-0.01307633556331723
2015-09-08,Asset3,0.017810790946138244
2015-09-09,Asset3,0.01763263441778042
2015-09-10,Asset3,-0.004056992249739047
2015-09-11,Asset3,0.00016020535135066182
2015-09-14,Asset3,0.01107521924795929
2015-09-15,Asset3,-0.0057005174425989675
2015-09-16,Asset3,0.009305258071334315
2015-09-18,Asset3,0.010894843250723093
2015-09-21,Asset3,-0.0006253895608906657
2015-09-22,Asset3,-0.021524626676421993
2015-09-23,Asset3,0.004519739263312843
2015-09-24,Asset3,0.002989032085496959
2015-09-28,Asset3,-0.009622138511152043
2015-09-29,Asset3,0.006350115128820182
2015-09-30,Asset3,0.014002282750541273
2015-10-01,Asset3,0.00026167142944983013
2015-10-05,Asset3,0.022027179387062026
2015-10-06,Asset3,0.004303831907072376
2015-10-07,Asset3,0.0031252683468706447
2015-10-08,Asset3,-0.006110964056029324
2015-10-09,Asset3,0.007720678874513603
2015-10-12,Asset3,-0.005854194954528511
2015-10-13,Asset3,-0.001519708518234104
2015-10-14,Asset3,-0.003043927357500005
2015-10-15,Asset3,0.00918414169629493
2015-10-16,Asset3,0.007457229201051501
2015-10-19,Asset3,0.004658253224980182
2015-10-20,Asset3,-0.0016840249852159862
2015-10-21,Asset3,-0.0012525588273188681
2015-10-23,Asset3,0.0055140151633049864
2015-10-26,Asset3,-0.0043754594862748155
2015-10-27,Asset3,-0.003481050451228143
2015-10-28,Asset3,-0.007794118728567324
2015-10-29,Asset3,-0.007566599966608134
2015-10-30,Asset3,-0.005891232240268689
2015-11-02,Asset3,-0.0019340921393727496
2015-11-03,Asset3,0.0012789296094537583
2015-11-04,Asset3,-0.002644931517537117
2015-11-05,Asset3,-0.010962413604002857
2015-11-06,Asset3,-0.00015038825215757612
2015-11-09,Asset3,-0.005112152514799258
2015-11-10,Asset3,-0.01732414824374338
2015-11-13,Asset3,-0.0028193645778709178
2015-11-16,Asset3,0.005942104616895883
2015-11-17,Asset3,0.0041231387428393345
2015-11-18,Asset3,-0.014032446713668502
2015-11-19,Asset3,0.014923847750823144
2015-11-20,Asset3,0.001829944455070045
2015-11-23,Asset3,-0.0009663016290522731
2015-11-24,Asset3,-0.0023385544399146863
2015-11-26,Asset3,0.006931877858363418
2015-11-27,Asset3,0.007769908897683973
2015-11-30,Asset3,-0.0009755124749102873
2015-12-01,Asset3,0.002575331393150755
2015-12-02,Asset3,-0.0030788315598772264
2015-12-03,Asset3,-0.008811640170272136
2015-12-04,Asset3,-0.010877208733585607
2015-12-07,Asset3,-0.0022051170299468925
2015-12-08,Asset3,-0.008531137629177987
2015-12-09,Asset3,-0.012045158961324107
2015-12-10,Asset3,0.009672485632184013
2015-12-11,Asset3,-0.009860814451595088
2015-12-14,Asset3,0.005411453027491948
2015-12-15,Asset3,0.006912909446693582
2015-12-16,Asset3,0.006752457590595853
2015-12-17,Asset3,0.012538957327472549
2015-12-18,Asset3,-0.010924537708114848
2015-12-21,Asset3,0.009714053569363817
2015-12-22,Asset3,-0.006418331894251575
2015-12-23,Asset3,0.010665686354006372
2015-12-24,Asset3,-0.0006479072614821124
2015-12-28,Asset3,0.008480305203351862
2015-12-29,Asset3,0.0004987040921878183
2015-12-30,Asset3,-0.004289118015283391
2015-12-31,Asset3,0.006598588135190707
2016-01-04,Asset3,-0.02029262525635014
2016-01-05,Asset3,-0.0008876437322228981
2016-01-06,Asset3,-0.005831463072453982
2016-01-07,Asset3,-0.02320219650238987
2016-01-08,Asset3,0.004541615101744725
2016-01-11,Asset3,-0.005130667512870453
2016-01-12,Asset3,-0.007362957219995226
2016-01-13,Asset3,0.007214638958711284
2016-01-14,Asset3,-0.003520588954076427
2016-01-15,Asset3,-0.0136609705270351
2016-01-18,Asset3,-0.012136895217065123
2016-01-19,Asset3,0.01189825895286356
2016-01-20,Asset3,-0.017596576101072507
2016-01-21,Asset3,-0.004624245947378433
2016-01-22,Asset3,0.020816349262820548
2016-01-25,Asset3,0.0019195407092791328
2016-01-27,Asset3,0.00022378537070308013
2016-01-28,Asset3,-0.001831750403347776
2016-01-29,Asset3,0.01945625724276898
2016-02-01,Asset3,-0.0010449582476605545
2016-02-02,Asset3,-0.013819096678903114
2016-02-03,Asset3,-0.013077506361596436
2016-02-04,Asset3,0.005961613231733871
2016-02-05,Asset3,0.011953552345016263
2016-02-08,Asset3,-0.014143768968403761
2016-02-09,Asset3,-0.012536708095028555
2016-02-10,Asset3,-0.011756323162402103
2016-02-11,Asset3,-0.034497567086310924
2016-02-12,Asset3,0.0006857599597971032
2016-02-15,Asset3,0.027113787479403052
2016-02-16,Asset3,-0.01665350168189968
2016-02-17,Asset3,0.008882801138580589
2016-02-18,Asset3,0.01218715676338663
2016-02-19,Asset3,0.0027475927277783186
2016-02-22,Asset3,0.0034326244669416897
2016-02-23,Asset3,-0.017969328224925443
2016-02-24,Asset3,-0.013289673234682784
2016-02-25,Asset3,-0.007127260058195528
2016-02-26,Asset3,0.008825050580391736
2016-02-29,Asset3,-0.006317180998613008
2016-03-01,Asset3,0.03501620953608507
2016-03-02,Asset3,0.021103015494950732
2016-03-03,Asset3,0.015066122736749784
2016-03-04,Asset3,0.0013564128454621738
2016-03-08,Asset3,-6.987607368786897e-06
2016-03-09,Asset3,0.006460663067859436
2016-03-10,Asset3,-0.006303393567093094
2016-03-11,Asset3,0.003341143981056245
2016-03-14,Asset3,0.003953529347131326
2016-03-15,Asset3,-0.010781084190018194
2016-03-16,Asset3,0.005318057249840322
2016-03-17,Asset3,0.0019138918986496911
2016-03-18,Asset3,0.012708375607430806
2016-03-21,Asset3,0.013662692682905516
2016-03-22,Asset3,0.0014376348687413732
2016-03-23,Asset3,0.0002156996958566282
2016-03-28,Asset3,-0.0136662863263785
2016-03-29,Asset3,-0.002471944074417829
2016-03-30,Asset3,0.018919073729761794
2016-03-31,Asset3,0.0004302015757156319
2016-04-01,Asset3,-0.003406918987801975
2016-04-04,Asset3,0.006168766078897008
2016-04-05,Asset3,-0.020856781696085784
2016-04-06,Asset3,0.0015251339093569705
2016-04-07,Asset3,-0.009274054585333076
2016-04-08,Asset3,0.0012058649781658559
2016-04-11,Asset3,0.015995300215536083
2016-04-12,Asset3,0.005090636022711976
2016-04-13,Asset3,0.01908949938338969
2016-04-18,Asset3,0.008511613772150142
2016-04-20,Asset3,6.544388760332254e-06
2016-04-21,Asset3,-0.00035480629520832533
2016-04-22,Asset3,-0.001675924738510144
2016-04-25,Asset3,-0.005825832812762917
2016-04-26,Asset3,0.014246135205370845
2016-04-27,Asset3,0.0022530188090675377
2016-04-28,Asset3,-0.01728792342332282
2016-04-29,Asset3,0.00033792690114372806
2016-05-02,Asset3,-0.005816186345317532
2016-05-03,Asset3,-0.007847384568575864
2016-05-04,Asset3,-0.0054302572770105065
2016-05-05,Asset3,0.003906833004139809
2016-05-06,Asset3,-0.00027558617736414884
2016-05-09,Asset3,0.017832091791783765
2016-05-10,Asset3,0.0028756492218648334
2016-05-11,Asset3,-0.0051354872480951835
2016-05-12,Asset3,0.006830528830077825
2016-05-13,Asset3,-0.011255126461841637
2016-05-16,Asset3,0.006101690636907389
2016-05-17,Asset3,0.0039690869191871415
2016-05-18,Asset3,-0.002715090652029231
2016-05-19,Asset3,-0.011463568180973552
2016-05-20,Asset3,-0.004502877373928431
2016-05-23,Asset3,-0.002502858918559525
2016-05-24,Asset3,0.0023945395716213546
2016-05-25,Asset3,0.024970388436540356
2016-05-26,Asset3,0.017661218380159608
2016-05-27,Asset3,0.011212382333181559
2016-05-30,Asset3,0.002785960147188753
2016-05-31,Asset3,-0.002339780942410004
2016-06-01,Asset3,0.0025298833734195016
2016-06-02,Asset3,0.0049584653978998
2016-06-03,Asset3,0.00023404372873523372
2016-06-06,Asset3,-0.002498540347410927
2016-06-07,Asset3,0.008293621898396886
2016-06-08,Asset3,0.0008302951796519409
2016-06-09,Asset3,-0.008730541315498393
2016-06-10,Asset3,-0.004253230110734121
2016-06-13,Asset3,-0.0075676032326053464
2016-06-14,Asset3,-0.00022439769907109053
2016-06-15,Asset3,0.012536856763067181
2016-06-16,Asset3,-0.008344941511678732
2016-06-17,Asset3,0.003762331864386006
2016-06-20,Asset3,0.008694009348235188
2016-06-21,Asset3,-0.0023479509316016323
2016-06-22,Asset3,-0.0020496845854988165
2016-06-23,Asset3,0.008462035221577954
2016-06-24,Asset3,-0.02286744942490451
2016-06-27,Asset3,0.0007843262722728284
2016-06-28,Asset3,0.00425907045420459
2016-06-29,Asset3,0.009743769568331206
2016-06-30,Asset3,0.010616772306192176
2016-07-01,Asset3,0.0050946992549245
2016-07-04,Asset3,0.005288515905410521
2016-07-05,Asset3,-0.004317440495627549
2016-07-07,Asset3,0.00024330797059468167
2016-07-08,Asset3,-0.001833579487491761
2016-07-11,Asset3,0.01808056992426451
2016-07-12,Asset3,0.006527638266292772
2016-07-13,Asset3,-0.0001891547299856722
2016-07-14,Asset3,0.005554316567873734
2016-07-15,Asset3,-0.0028655684471686716
2016-07-18,Asset3,-0.003981572291392279
2016-07-19,Asset3,0.0024261747712503025
2016-07-20,Asset3,0.00454846342735543
2016-07-21,Asset3,-0.006768738962746053
2016-07-22,Asset3,0.003800732172320078
2016-07-25,Asset3,0.011500515252986078
2016-07-26,Asset3,-0.005419394936460931
2016-07-27,Asset3,0.003044634507946409
2016-07-28,Asset3,0.0060957776631979325
2016-07-29,Asset3,-0.003336117781127479
2016-08-01,Asset3,-0.00023478649360424877
2016-08-02,Asset3,-0.0016436413783309156
2016-08-03,Asset3,-0.00941363216815689
2016-08-04,Asset3,0.0007606921475679585
2016-08-05,Asset3,0.01606025175398898
2016-08-08,Asset3,0.0033774823860778015
2016-08-09,Asset3,-0.003951579869203545
2016-08-10,Asset3,-0.012337533848990239
2016-08-11,Asset3,0.0020436147743103563
2016-08-16,Asset3,0.006100380957273597
2016-08-17,Asset3,-0.002226194865497311
2016-08-18,Asset3,0.005933198935978794
2016-08-19,Asset3,-0.0007613747730089138
2016-08-22,Asset3,-0.004529877837579353
2016-08-23,Asset3,0.0004157057575329226
2016-08-24,Asset3,0.0021324055276477163
2016-08-25,Asset3,-0.006985144459069117
2016-08-26,Asset3,-0.0023784834833282175
2016-08-29,Asset3,0.0042340268737958734
2016-08-30,Asset3,0.016540948526491163
2016-08-31,Asset3,0.004977455307635044
2016-09-01,Asset3,-0.0013671207812233277
2016-09-02,Asset3,0.004148313423277816
2016-09-06,Asset3,0.01574223579832218
2016-09-07,Asset3,-0.002913093690596016
2016-09-08,Asset3,0.004029154243750614
2016-09-09,Asset3,-0.009967249022619402
2016-09-12,Asset3,-0.01772300922704891
2016-09-14,Asset3,0.001312588979844147
2016-09-15,Asset3,0.0019008782191840014
2016-09-16,Asset3,0.004437126209358447
2016-09-19,Asset3,0.0033819272335022534
2016-09-20,Asset3,-0.003837246094759115
2016-09-21,Asset3,0.00014813294843088798
2016-09-22,Asset3,0.010699577048982648
2016-09-23,Asset3,-0.00421050081225566
2016-09-26,Asset3,-0.012776919396424412
2016-09-27,Asset3,-0.0019850156783118413
2016-09-28,Asset3,0.0046287786216901595
2016-09-29,Asset3,-0.018302304603198618
2016-09-30,Asset3,0.0024090098937872106
2016-10-03,Asset3,0.015332119578789119
2016-10-04,Asset3,0.0036956333692228327
2016-10-05,Asset3,-0.0029886821365292617
2016-10-06,Asset3,-0.004091561073755763
2016-10-07,Asset3,-0.0014269627482135316
2016-10-10,Asset3,0.0013392434290081213
2016-10-13,Asset3,-0.016175386538243526
2016-10-14,Asset3,0.0012192215384019
2016-10-17,Asset3,-0.007633338422795948
2016-10-18,Asset3,0.019224448674997615
2016-10-19,Asset3,-0.0022531731893492423
2016-10-20,Asset3,0.004840319939803166
2016-10-21,Asset3,-0.000759202827601504
2016-10-24,Asset3,0.001902256011587813
2016-10-25,Asset3,-0.002107763374267595
2016-10-26,Asset3,-0.00910011145080321
2016-10-27,Asset3,0.0
2016-10-28,Asset3,0.0027462929108267886
2016-11-01,Asset3,-0.0014146793239175359
2016-11-02,Asset3,-0.013533111143312545
2016-11-03,Asset3,-0.0035484844814423423
2016-11-04,Asset3,-0.006275605854989817
2016-11-07,Asset3,0.007805756262042447
2016-11-08,Asset3,0.005691387141607827
2016-11-09,Asset3,-0.01357887523653803
2016-11-10,Asset3,0.011563092979127242
2016-11-11,Asset3,-0.027989115693634048
2016-11-15,Asset3,-0.02354828035983192
2016-11-16,Asset3,0.00040401042845326533
2016-11-17,Asset3,-0.004057879831503346
2016-11-18,Asset3,-0.000752987508020695
2016-11-21,Asset3,-0.018677004022253058
2016-11-22,Asset3,0.009601051112345332
2016-11-23,Asset3,0.004028841806340982
2016-11-24,Asset3,-0.008777438734933779
2016-11-25,Asset3,0.019427756810620717
2016-11-28,Asset3,0.001614939289638997
2016-11-29,Asset3,0.0019515436624764604
2016-11-30,Asset3,0.010518610267522438
2016-12-01,Asset3,-0.0039958166149917495
2016-12-02,Asset3,-0.013468320632979465
2016-12-05,Asset3,0.005394989882117649
2016-12-06,Asset3,0.0018423371905274522
2016-12-07,Asset3,-0.005249086910483785
2016-12-08,Asset3,0.018586876223332265
2016-12-09,Asset3,0.001879069824722368
2016-12-12,Asset3,-0.011448930689623849
2016-12-13,Asset3,0.006491408585187859
2016-12-14,Asset3,-0.00497744955145568
2016-12-15,Asset3,-0.0036668847162294508
2016-12-16,Asset3,-0.0018048344610044965
2016-12-19,Asset3,-0.0044848362833552
2016-12-20,Asset3,-0.0028167839308424905
2016-12-21,Asset3,-0.002715047736766527
2016-12-22,Asset3,-0.010604703631390865
2016-12-23,Asset3,0.0008667516828785616
2016-12-26,Asset3,-0.010092978117271443
2016-12-27,Asset3,0.016385938932444066
2016-12-28,Asset3,0.00025893673785921224
2016-12-29,Asset3,0.008898734777996326
2016-12-30,Asset3,0.010549347732154856
2017-01-02,Asset3,-0.0008003856716906021
2017-01-03,Asset3,0.001621125985695855
2017-01-04,Asset3,-0.00022216118892856685
2017-01-05,Asset3,0.010577107243147506
2017-01-06,Asset3,-0.003770939681465748
2017-01-09,Asset3,-0.0009777044798464462
2017-01-10,Asset3,0.006635680717216453
2017-01-11,Asset3,0.011549938109173433
2017-01-12,Asset3,0.0032947081178672202
2017-01-13,Asset3,-0.0008474413847040641
2017-01-16,Asset3,0.0015413886001303823
2017-01-17,Asset3,-0.0018295688988609537
2017-01-18,Asset3,0.00235294117647058
2017-01-19,Asset3,0.002236378014732008
2017-01-20,Asset3,-0.010572489256781567
2017-01-23,Asset3,0.005250277961864054
2017-01-24,Asset3,0.010447690743609659
2017-01-25,Asset3,0.015577078997545773
2017-01-27,Asset3,0.004654325651681077
2017-01-30,Asset3,-0.001023000144654942
2017-01-31,Asset3,-0.008607709377081498
2017-02-01,Asset3,0.01884113546481368
2017-02-02,Asset3,0.0021297316458715088
2017-02-03,Asset3,0.0007978021152360704
2017-02-06,Asset3,0.007150663526663052
2017-02-07,Asset3,-0.0038699928708344536
2017-02-08,Asset3,8.895681230956853e-05
2017-02-09,Asset3,0.0011089695681510748
2017-02-10,Asset3,0.0017947906137690418
2017-02-13,Asset3,0.0013600878218287527
2017-02-14,Asset3,-0.001505954003001877
2017-02-15,Asset3,-0.007996041458062972
2017-02-16,Asset3,0.0063534328554673
2017-02-17,Asset3,0.005177512317726052
2017-02-20,Asset3,0.006778738641761635
2017-02-21,Asset3,0.0033556390181098904
2017-02-22,Asset3,0.002224197013738003
2017-02-23,Asset3,0.0014678772223964032
2017-02-27,Asset3,-0.004979226676547848
2017-02-28,Asset3,-0.0019990118790751588
2017-03-01,Asset3,0.007753525626573356
2017-03-02,Asset3,-0.005353551154800593
2017-03-03,Asset3,-0.0002571086968734626
2017-03-06,Asset3,0.007702840417245387
2017-03-07,Asset3,-0.0019202200603514275
2017-03-08,Asset3,-0.00262712317660645
2017-03-09,Asset3,0.0003146692946740082
2017-03-10,Asset3,0.0008795560518650448
2017-03-14,Asset3,0.017745516740173866
2017-03-15,Asset3,-0.00025181062231761865
2017-03-16,Asset3,0.007887505260493253
2017-03-17,Asset3,0.000721412500857479
2017-03-20,Asset3,-0.003769433994488818
2017-03-21,Asset3,-0.0006095853430394449
2017-03-22,Asset3,-0.010381165035904152
2017-03-23,Asset3,0.006431970997431585
2017-03-24,Asset3,0.002483761664275761
2017-03-27,Asset3,-0.007170816521190195
2017-03-28,Asset3,0.006392737861121809
2017-03-29,Asset3,0.004913853832601216
2017-03-30,Asset3,0.003406483495956785
2017-03-31,Asset3,0.0
2017-04-03,Asset3,0.007266776808829434
2017-04-05,Asset3,0.003073530496879542
2017-04-06,Asset3,-0.0003592173882431382
2017-04-07,Asset3,-0.007147134766876899
2017-04-10,Asset3,-0.0019050905191272795
2017-04-11,Asset3,0.006292230055824462
2017-04-12,Asset3,-0.0037773949198874313
2017-04-13,Asset3,-0.005949552079706884
2017-04-17,Asset3,-0.0013069895807220444
2017-04-18,Asset3,-0.0038860078325457614
2017-04-19,Asset3,-0.00018850937945703806
2017-04-20,Asset3,0.00375859902784649
2017-04-21,Asset3,-0.001935116593417039
2017-04-24,Asset3,0.011238874540519568
2017-04-25,Asset3,0.010001723666491867
2017-04-26,Asset3,0.005056626692373687
2017-04-27,Asset3,-0.0010786302091393464
2017-04-28,Asset3,-0.004241486993697272
2017-05-02,Asset3,0.0010898479923108972
2017-05-03,Asset3,-0.0002065315757626607
2017-05-04,Asset3,0.005355291005540668
2017-05-05,Asset3,-0.00828904220526849
2017-05-08,Asset3,0.003220143735682761
2017-05-09,Asset3,0.0003126241469671953
2017-05-10,Asset3,0.010096567731472668
2017-05-11,Asset3,0.0016694067055432527
2017-05-12,Asset3,-0.0023730683342906645
2017-05-15,Asset3,0.0049229327061216565
2017-05-16,Asset3,0.00736057666957187
2017-05-17,Asset3,0.0014759914846645828
2017-05-18,Asset3,-0.010513796485840965
2017-05-19,Asset3,-0.0001709322220930165
2017-05-22,Asset3,0.0011416745302807562
2017-05-23,Asset3,-0.005740851720393057
2017-05-24,Asset3,-0.002836584570559779
2017-05-25,Asset3,0.016576825759454437
2017-05-26,Asset3,0.009333956597176592
2017-05-29,Asset3,0.0010622935576448
2017-05-30,Asset3,0.002127600474123206
2017-05-31,Asset3,-0.0003565670025759271
2017-06-01,Asset3,-0.0005567266467454868
2017-06-02,Asset3,0.004044925471869973
2017-06-05,Asset3,0.0023269895633708693
2017-06-06,Asset3,-0.004079253867500965
2017-06-07,Asset3,0.0028867454457348887
2017-06-08,Asset3,-0.0017918651424427346
2017-06-09,Asset3,0.0022638575759931713
2017-06-12,Asset3,-0.005577389263827444
2017-06-13,Asset3,-0.0010274114636108144
2017-06-14,Asset3,0.0012178746030735966
2017-06-15,Asset3,-0.004336032156000584
2017-06-16,Asset3,0.0010858160285311413
2017-06-19,Asset3,0.007538550745185298
2017-06-20,Asset3,-0.0004361144348389523
2017-06-21,Asset3,-0.002143927720515899
2017-06-22,Asset3,-0.00038859760648111145
2017-06-23,Asset3,-0.005945150246625142
2017-06-27,Asset3,-0.006902573436607122
2017-06-28,Asset3,-0.0022032934572553753
2017-06-29,Asset3,0.0014079909126827595
2017-06-30,Asset3,0.001838450060304897
2017-07-03,Asset3,0.010278817100782192
2017-07-04,Asset3,-0.0001839004810192524
2017-07-05,Asset3,0.0026288368602295263
2017-07-06,Asset3,0.003987320980591456
2017-07-07,Asset3,-0.000940612243847383
2017-07-10,Asset3,0.011324463801424631
2017-07-11,Asset3,0.001596553114744772
2017-07-12,Asset3,0.003193504784742736
2017-07-13,Asset3,0.008009760750584594
2017-07-14,Asset3,-0.0005625533796138704
2017-07-17,Asset3,0.0031138499639753905
2017-07-18,Asset3,-0.009313459129580677
2017-07-19,Asset3,0.007667246811637352
2017-07-20,Asset3,-0.002762919507279671
2017-07-21,Asset3,0.00441880667943332
2017-07-24,Asset3,0.005365109931670933
2017-07-25,Asset3,-0.00019310977881349168
2017-07-26,Asset3,0.005855217798956982
2017-07-27,Asset3,-1.0439379772941848e-05
2017-07-28,Asset3,-0.0006278893870730151
2017-07-31,Asset3,0.006500933022118023
2017-08-01,Asset3,0.0038754020515652777
2017-08-02,Asset3,-0.0034085613361343105
2017-08-03,Asset3,-0.006999314958091594
2017-08-04,Asset3,0.005478521604005842
2017-08-07,Asset3,-0.0009298259195726821
2017-08-08,Asset3,-0.00815365861852742
2017-08-09,Asset3,-0.007347761091051286
2017-08-10,Asset3,-0.00921592025423613
2017-08-11,Asset3,-0.011591171622412882
2017-08-14,Asset3,0.00892661893134239
2017-08-16,Asset3,0.010953006268689176
2017-08-17,Asset3,0.0007198538506053787
2017-08-18,Asset3,-0.00700918274279351
2017-08-21,Asset3,-0.008780044429452466
2017-08-22,Asset3,0.0011941547710986634
2017-08-23,Asset3,0.009259919301378582
2017-08-24,Asset3,0.00048026357523477613
2017-08-28,Asset3,0.005882084512997796
2017-08-29,Asset3,-0.01224880986122444
2017-08-30,Asset3,0.009379761353503095
2017-08-31,Asset3,0.0035247459252100025
2017-09-01,Asset3,0.005924641071767933
2017-09-04,Asset3,-0.006417710337772933
2017-09-05,Asset3,0.004128440457353104
2017-09-06,Asset3,-0.0037619822014467365
2017-09-07,Asset3,0.0014368611811342014
2017-09-08,Asset3,0.0005131361267038592
2017-09-11,Asset3,0.0074586304159887365
2017-09-12,Asset3,0.009042529446296932
2017-09-13,Asset3,-0.0014168165496774333
2017-09-14,Asset3,0.0007532067725050062
2017-09-15,Asset3,-0.00012364796346633788
2017-09-18,Asset3,0.006981099884288984
2017-09-19,Asset3,-0.0005684763369868851
2017-09-20,Asset3,-0.0006558618339498157
2017-09-21,Asset3,-0.0019741350072579066
2017-09-22,Asset3,-0.016182731866410522
2017-09-25,Asset3,-0.009581390626356781
2017-09-26,Asset3,-0.00011583511894009747
2017-09-27,Asset3,-0.014301777845312245
2017-09-28,Asset3,0.003546537567727306
2017-09-29,Asset3,0.0020918717176802203
2017-10-03,Asset3,0.0075328861320856965
2017-10-04,Asset3,0.005843745245702223
2017-10-05,Asset3,-0.002748207450552318
2017-10-06,Asset3,0.009570519697306903
2017-10-09,Asset3,0.0009430941502050949
2017-10-10,Asset3,0.002936123451382784
2017-10-11,Asset3,-0.003337982679163787
2017-10-12,Asset3,0.011624129841893503
2017-10-13,Asset3,0.007318627829341189
2017-10-16,Asset3,0.00648494847364967
2017-10-17,Asset3,0.0003660115745978132
2017-10-18,Asset3,-0.0023982342877824706
2017-10-19,Asset3,-0.006549092331513995
2017-10-23,Asset3,0.00392564937261719
2017-10-24,Asset3,0.0023333294340571876
2017-10-25,Asset3,0.008930061510511341
2017-10-26,Asset3,0.004894268289744783
2017-10-27,Asset3,-0.002086273942600947
2017-10-30,Asset3,0.004090323128715845
2017-10-31,Asset3,-0.0028450023171055607
2017-11-01,Asset3,0.010585876093829256
2017-11-02,Asset3,-0.00166354131746564
2017-11-03,Asset3,0.0028634666517269383
2017-11-06,Asset3,-6.966784262141701e-05
2017-11-07,Asset3,-0.010114563290581531
2017-11-08,Asset3,-0.004722636691759999
2017-11-09,Asset3,0.0005854322849144466
2017-11-10,Asset3,0.001291285399851212
2017-11-13,Asset3,-0.009753365163368643
2017-11-14,Asset3,-0.0039007142932866935
2017-11-15,Asset3,-0.006998586339781952
2017-11-16,Asset3,0.009939484887533184
2017-11-17,Asset3,0.007009823417117378
2017-11-20,Asset3,0.0015321878377719856
2017-11-21,Asset3,0.0028427145284621426
2017-11-22,Asset3,0.0015508419776702632
2017-11-23,Asset3,0.0006486181266916979
2017-11-24,Asset3,0.004115299251117222
2017-11-27,Asset3,0.0009859373761932667
2017-11-28,Asset3,-0.0029301073072668517
2017-11-29,Asset3,-0.000897587148332919
2017-11-30,Asset3,-0.013525330088084165
2017-12-01,Asset3,-0.010652664102810716
2017-12-04,Asset3,0.0006113737916586005
2017-12-05,Asset3,-0.0009755375083311257
2017-12-06,Asset3,-0.007621516195982538
2017-12-07,Asset3,0.01269447878194967
2017-12-08,Asset3,0.010122084958544181
2017-12-11,Asset3,0.0057340345238873
2017-12-12,Asset3,-0.008271800600644186
2017-12-13,Asset3,-0.004793699433354091
2017-12-14,Asset3,0.0060350918474309095
2017-12-15,Asset3,0.008232109466906064
2017-12-18,Asset3,0.005585851498802441
2017-12-19,Asset3,0.00745308175911454
2017-12-20,Asset3,-0.0018885235521778477
2017-12-21,Asset3,-0.00038838840448696566
2017-12-22,Asset3,0.005249677130956787
2017-12-26,Asset3,0.003815877251500908
2017-12-27,Asset3,-0.004024118121824989
2017-12-28,Asset3,-0.001273845411433925
2017-12-29,Asset3,0.005240725224314194
2018-01-02,Asset3,-0.0087401595613718
2018-01-03,Asset3,9.959586873916848e-05
2018-01-04,Asset3,0.006134479139713722
2018-01-05,Asset3,0.005351058365711765
2018-01-08,Asset3,0.006377588704380202
2018-01-09,Asset3,0.0013118346664439783
2018-01-10,Asset3,-0.0004692861591614328
2018-01-11,Asset3,0.0018585052610947273
2018-01-12,Asset3,0.00293411036333298
2018-01-15,Asset3,0.005871203920421309
2018-01-16,Asset3,-0.003979276224306725
2018-01-17,Asset3,0.008562592421591405
2018-01-18,Asset3,0.0027425561044492675
2018-01-19,Asset3,0.007470481938152851
2018-01-22,Asset3,0.006825336968152129
2018-01-23,Asset3,0.01114333112870158
2018-01-24,Asset3,0.00021579407894961377
2018-01-25,Asset3,-0.0015337898024535602
2018-01-29,Asset3,0.0057074973256162845
2018-01-30,Asset3,-0.007545101438645023
2018-01-31,Asset3,-0.00206596610010104
2018-02-01,Asset3,-0.001018507637682573
2018-02-02,Asset3,-0.024194900838608577
2018-02-05,Asset3,-0.00908980915801222
2018-02-06,Asset3,-0.016409410735426483
2018-02-07,Asset3,-0.0021348126473460295
2018-02-08,Asset3,0.009941621759072667
2018-02-09,Asset3,-0.011986120187681424
2018-02-12,Asset3,0.008435410521089004
2018-02-14,Asset3,-0.0038334489670058237
2018-02-15,Asset3,0.004417106345605451
2018-02-16,Asset3,-0.00919142791949172
2018-02-19,Asset3,-0.007352964616507976
2018-02-20,Asset3,-0.001803746174305392
2018-02-21,Asset3,0.0037191416762104627
2018-02-22,Asset3,-0.0014753617196373715
2018-02-23,Asset3,0.01085301430555349
2018-02-26,Asset3,0.009075526153012775
2018-02-27,Asset3,-0.0027811499972961863
2018-02-28,Asset3,-0.006055181708654569
2018-03-01,Asset3,-0.00341947148160239
2018-03-05,Asset3,-0.00989448659349078
2018-03-06,Asset3,-0.011003499234783965
2018-03-07,Asset3,-0.009644783459765325
2018-03-08,Asset3,0.009059128376005851
2018-03-09,Asset3,-0.0016043515958565192
2018-03-12,Asset3,0.019784471291581375
2018-03-13,Asset3,0.0005438028755806279
2018-03-14,Asset3,-0.001590814879029816
2018-03-15,Asset3,-0.00506968638827133
2018-03-16,Asset3,-0.016563466120654294
2018-03-19,Asset3,-0.010292776685912788
2018-03-20,Asset3,0.0031011312133144386
2018-03-21,Asset3,0.003174169945715928
2018-03-22,Asset3,-0.004147608379902046
2018-03-23,Asset3,-0.011999130292394718
2018-03-26,Asset3,0.01379315087131742
2018-03-27,Asset3,0.005492243622530815
2018-03-28,Asset3,-0.007194336327991247
2018-04-02,Asset3,0.010087662455852407
2018-04-03,Asset3,0.003381206426427479
2018-04-04,Asset3,-0.011836368350414857
2018-04-05,Asset3,0.02020259785438576
2018-04-06,Asset3,0.0006495970757085345
2018-04-09,Asset3,0.004806612903866085
2018-04-10,Asset3,0.002294595244049571
2018-04-11,Asset3,0.0014897167680069856
2018-04-12,Asset3,0.0041431676016545895
2018-04-13,Asset3,0.0021826131142562667
2018-04-16,Asset3,0.004738278519444492
2018-04-17,Asset3,0.002010249484511295
2018-04-18,Asset3,-0.0022182827805077568
2018-04-19,Asset3,0.003863083828493803
2018-04-20,Asset3,-0.00012304430768955043
2018-04-23,Asset3,0.002032970938897929
2018-04-24,Asset3,0.002913203969504572
2018-04-25,Asset3,-0.00429152972639665
2018-04-26,Asset3,0.004648764814315527
2018-04-27,Asset3,0.007297180341052823
2018-04-30,Asset3,0.004576358479356255
2018-05-02,Asset3,-0.0020626758305421246
2018-05-03,Asset3,-0.0037259941269851106
2018-05-04,Asset3,-0.005979259986455681
2018-05-07,Asset3,0.009525110069926797
2018-05-08,Asset3,0.00022320907797110934
2018-05-09,Asset3,0.0023191706043183126
2018-05-10,Asset3,-0.00243503409836503
2018-05-11,Asset3,0.008729320987626252
2018-05-14,Asset3,9.586244389989673e-06
2018-05-15,Asset3,-0.0004571280678998235
2018-05-16,Asset3,-0.00584899829980655
2018-05-17,Asset3,-0.005654485372427765
2018-05-18,Asset3,-0.008401602144969171
2018-05-21,Asset3,-0.007822298145541416
2018-05-22,Asset3,0.001977806689713564
2018-05-23,Asset3,-0.01049708232414214
2018-05-24,Asset3,0.008325703667875804
2018-05-25,Asset3,0.009031212736325572
2018-05-28,Asset3,0.008188474165983345
2018-05-29,Asset3,-0.005385582582576545
2018-05-30,Asset3,-0.0018534418747708425
2018-05-31,Asset3,0.011934109687523176
2018-06-01,Asset3,-0.003869934903415722
2018-06-04,Asset3,-0.006582543505109025
2018-06-05,Asset3,-0.0034589635179000044
2018-06-06,Asset3,0.008983163316950265
2018-06-07,Asset3,0.008146938300983458
2018-06-08,Asset3,-6.753007901663999e-05
2018-06-11,Asset3,0.0018640832630000936
2018-06-12,Asset3,0.005389418656096421
2018-06-13,Asset3,0.001328489271173332
2018-06-14,Asset3,-0.004660385323327434
2018-06-15,Asset3,0.0009286047373364071
2018-06-18,Asset3,-0.0017161327306005792
2018-06-19,Asset3,-0.008608952345437411
2018-06-20,Asset3,0.005981409985738715
2018-06-21,Asset3,-0.0029881223823336536
2018-06-22,Asset3,0.00781856635299251
2018-06-25,Asset3,-0.005708394854377188
2018-06-26,Asset3,0.0006474550867640617
2018-06-27,Asset3,-0.00943992759990608
2018-06-28,Asset3,-0.008020766662939023
2018-06-29,Asset3,0.012296437650819777
2018-07-02,Asset3,-0.005532792723801245
2018-07-03,Asset3,0.004157207753085146
2018-07-04,Asset3,0.006803801656301829
2018-07-05,Asset3,-0.0019458310188497398
2018-07-06,Asset3,0.0022155311751435214
2018-07-09,Asset3,0.0077473970632735605
2018-07-10,Asset3,0.009041232317469899
2018-07-11,Asset3,9.973252414983592e-05
2018-07-12,Asset3,0.007114931782983316
2018-07-13,Asset3,-0.0004056713836062009
2018-07-16,Asset3,-0.007744222152384879
2018-07-17,Asset3,0.006770524032947005
2018-07-18,Asset3,-0.0026075094371191287
2018-07-19,Asset3,-0.0022116223782306845
2018-07-20,Asset3,0.0050400755075503765
2018-07-23,Asset3,0.007041815362086528
2018-07-24,Asset3,0.0046488912131532525
2018-07-25,Asset3,-0.0002148134069457264
2018-07-26,Asset3,0.0032978617386812737
2018-07-27,Asset3,0.010341962595695833
2018-07-30,Asset3,0.003799155426905898
2018-07-31,Asset3,0.003394852603509637
2018-08-01,Asset3,-0.0009432304737374775
2018-08-02,Asset3,-0.009303555215217347
2018-08-03,Asset3,0.010737822409914752
2018-08-06,Asset3,0.0024075590931295745
2018-08-07,Asset3,0.00021468235625061283
2018-08-08,Asset3,0.005528958447960637
2018-08-09,Asset3,0.0018801924126638527
2018-08-10,Asset3,-0.0037354479147235775
2018-08-13,Asset3,-0.006710704755238668
2018-08-14,Asset3,0.007267119631023924
2018-08-16,Asset3,-0.004551932090939133
2018-08-17,Asset3,0.007828529927756893
2018-08-20,Asset3,0.007343896432229702
2018-08-21,Asset3,0.0017241029497694705
2018-08-23,Asset3,0.0010650505435156176
2018-08-24,Asset3,-0.00230311508493231
2018-08-27,Asset3,0.012134931264349015
2018-08-28,Asset3,0.004140609228254153
2018-08-29,Asset3,-0.004128601929548062
2018-08-30,Asset3,-0.001343204171290502
2018-08-31,Asset3,0.00032955974148446643
2018-09-03,Asset3,-0.008739044240400666
2018-09-04,Asset3,-0.005571563547241505
2018-09-05,Asset3,-0.003913404556681464
2018-09-06,Asset3,0.005432471350312618
2018-09-07,Asset3,0.0047055262385826075
2018-09-10,Asset3,-0.01355066444272878
2018-09-11,Asset3,-0.013693148258791803
2018-09-12,Asset3,0.007592151162790764
2018-09-14,Asset3,0.013290511937958379
2018-09-17,Asset3,-0.012413870423476442
2018-09-18,Asset3,-0.00903549416624548
2018-09-19,Asset3,-0.0041079192913621035
2018-09-21,Asset3,-0.008447306991479638
2018-09-24,Asset3,-0.016398236927386626
2018-09-25,Asset3,0.009487371042270407
2018-09-26,Asset3,-0.001282716976310674
2018-09-27,Asset3,-0.007174003636864494
2018-09-28,Asset3,-0.004462160921290783
2018-10-01,Asset3,0.007407160025734516
2018-10-03,Asset3,-0.014175830931544163
2018-10-04,Asset3,-0.024806944028733895
2018-10-05,Asset3,-0.027748359258909866
2018-10-08,Asset3,0.0031855525037993893
2018-10-09,Asset3,-0.004723595355895798
2018-10-10,Asset3,0.01605776110311883
2018-10-11,Asset3,-0.022415387640272177
2018-10-12,Asset3,0.024169227507427848
2018-10-15,Asset3,0.003972308426832143
2018-10-16,Asset3,0.007147681331747933
2018-10-17,Asset3,-0.012940145315194026
2018-10-19,Asset3,-0.014874127924873947
2018-10-22,Asset3,-0.005884554160879159
2018-10-23,Asset3,-0.009993724225860747
2018-10-24,Asset3,0.00798953410784252
2018-10-25,Asset3,-0.010156101004914531
2018-10-26,Asset3,-0.009747889109248576
2018-10-29,Asset3,0.022899660393818577
2018-10-30,Asset3,-0.005321235758849996
2018-10-31,Asset3,0.019191949717911144
2018-11-01,Asset3,-0.0006157347799589097
2018-11-02,Asset3,0.01728747727685606
2018-11-05,Asset3,-0.0028579550838623916
2018-11-06,Asset3,0.0005929304446978101
2018-11-07,Asset3,0.006755594135802383
2018-11-09,Asset3,-0.0012953089729601075
2018-11-12,Asset3,-0.010119789708600547
2018-11-13,Asset3,0.009951326527959914
2018-11-14,Asset3,-0.0006093270139381257
2018-11-15,Asset3,0.0039726943284435915
2018-11-16,Asset3,0.006416306267184151
2018-11-19,Asset3,0.007905506504367726
2018-11-20,Asset3,-0.010358083791262428
2018-11-21,Asset3,-0.005480040275114933
2018-11-22,Asset3,-0.007191645160128273
2018-11-26,Asset3,0.010062326335288639
2018-11-27,Asset3,0.005577404566798397
2018-11-28,Asset3,0.004209403463006058
2018-11-29,Asset3,0.012587053998501024
2018-11-30,Asset3,0.001728733323266738
2018-12-03,Asset3,0.0006693175810789854
2018-12-04,Asset3,-0.001361663029746234
2018-12-05,Asset3,-0.008285900340402054
2018-12-06,Asset3,-0.01752960642800149
2018-12-07,Asset3,0.009079372834868949
2018-12-10,Asset3,-0.019961285252186933
2018-12-11,Asset3,0.0060188304229363615
2018-12-12,Asset3,0.01857848075368924
2018-12-13,Asset3,0.005225395355216236
2018-12-14,Asset3,0.0013396042747929827
2018-12-17,Asset3,0.007978880015790644
2018-12-18,Asset3,0.0019437848833193884
2018-12-19,Asset3,0.005586696183674462
2018-12-20,Asset3,-0.0014792696505903358
2018-12-21,Asset3,-0.0187740898178534
2018-12-24,Asset3,-0.00875209224474613
2018-12-26,Asset3,0.0064710079945609605
2018-12-27,Asset3,0.004841466098426128
2018-12-28,Asset3,0.007727843826818983
2018-12-31,Asset3,0.0002537215375729929
2019-01-02,Asset3,-0.00670669393327545
2019-01-03,Asset3,-0.011587676627287512
2019-01-04,Asset3,0.005369401368034019
2019-01-07,Asset3,0.004309377880683538
2019-01-08,Asset3,0.0029303004091539723
2019-01-09,Asset3,0.005102687706314324
2019-01-10,Asset3,-0.0032144015738497077
2019-01-11,Asset3,-0.0025611177298584574
2019-01-14,Asset3,-0.005525232474059916
2019-01-15,Asset3,0.014450920947873876
2019-01-16,Asset3,0.000334349860868457
2019-01-17,Asset3,0.0014229549716648117
2019-01-18,Asset3,0.00016689285546386045
2019-01-21,Asset3,0.005234771370784958
2019-01-22,Asset3,-0.003709555886921079
2019-01-23,Asset3,-0.008688288205808982
2019-01-24,Asset3,0.0017570786017634711
2019-01-25,Asset3,-0.006637910495720334
2019-01-28,Asset3,-0.011479933977596222
2019-01-29,Asset3,-0.0009120244174749548
2019-01-30,Asset3,-3.9091102529518196e-05
2019-01-31,Asset3,0.017491542243218756
2019-02-01,Asset3,0.006020543160951899
2019-02-04,Asset3,0.0017756760182652976
2019-02-05,Asset3,0.0021062195010193817
2019-02-06,Asset3,0.012184045154434617
2019-02-07,Asset3,0.0006533998343390302
2019-02-08,Asset3,-0.011819322445939013
2019-02-11,Asset3,-0.005207774307292574
2019-02-12,Asset3,-0.005482274602872375
2019-02-14,Asset3,-0.0081951184679526
2019-02-15,Asset3,-0.0020952248532459007
2019-02-18,Asset3,-0.008092592589220038
2019-02-19,Asset3,-0.0035771814242461187
2019-02-20,Asset3,0.012857423076136775
2019-02-21,Asset3,0.005269959768403858
2019-02-22,Asset3,0.00017357169634447446
2019-02-25,Asset3,0.00852392212222803
2019-02-26,Asset3,-0.004282295066017019
2019-02-27,Asset3,-0.0027498445970189156
2019-02-28,Asset3,-0.0013617916484803773
2019-03-01,Asset3,0.006841788278897454
2019-03-05,Asset3,0.011866176013715694
2019-03-06,Asset3,0.006204514756670729
2019-03-07,Asset3,0.0004892973061613048
2019-03-08,Asset3,-0.0021442727076917034
2019-03-11,Asset3,0.012501167673281657
2019-03-12,Asset3,0.012399336381171883
2019-03-13,Asset3,0.0037270377722774663
2019-03-14,Asset3,0.00014211245644329295
2019-03-15,Asset3,0.007664786877658614
2019-03-18,Asset3,0.0032173880493566644
2019-03-19,Asset3,0.006369475482975542
2019-03-20,Asset3,-0.001023603844399652
2019-03-22,Asset3,-0.005790738843768874
2019-03-25,Asset3,-0.009318088017711723
2019-03-26,Asset3,0.011815839883744026
2019-03-27,Asset3,-0.003459665436614152
2019-03-28,Asset3,0.011354096779183821
2019-04-01,Asset3,0.00891239466292136
2019-04-02,Asset3,0.003925889661324895
2019-04-03,Asset3,-0.00614861854993495
2019-04-04,Asset3,-0.00410412294139129
2019-04-05,Asset3,0.006093137017158199
2019-04-08,Asset3,-0.005478182407351504
2019-04-09,Asset3,0.006044913880391239
2019-04-10,Asset3,-0.0078098693641281
2019-04-11,Asset3,0.0011132659260753286
2019-04-12,Asset3,0.0041925719541886335
2019-04-15,Asset3,0.004189083974837313
2019-04-16,Asset3,0.008611616920272916
2019-04-18,Asset3,-0.0030308096690964794
2019-04-22,Asset3,-0.014012286134944426
2019-04-23,Asset3,-0.001659414605772156
2019-04-24,Asset3,0.013494201382125244
2019-04-25,Asset3,-0.007481109012991576
2019-04-26,Asset3,0.010081311424694378
2019-04-30,Asset3,-0.0005750915403992885
2019-05-02,Asset3,-0.002071509594346086
2019-05-03,Asset3,-0.0011087656453229666
2019-05-06,Asset3,-0.010122734743537719
2019-05-07,Asset3,-0.008998219020110741
2019-05-08,Asset3,-0.012522999698484335
2019-05-09,Asset3,-0.0052781081143117884
2019-05-10,Asset3,-0.002107221065367142
2019-05-13,Asset3,-0.012051547439676282
2019-05-14,Asset3,0.0068893267437279354
2019-05-15,Asset3,-0.006028470560408845
2019-05-16,Asset3,0.009330787286008757
2019-05-17,Asset3,0.013862612743520266
2019-05-20,Asset3,0.03839202419124103
2019-05-21,Asset3,-0.010476309365290676
2019-05-22,Asset3,0.002558079912141018
2019-05-23,Asset3,-0.007163513624818068
2019-05-24,Asset3,0.016687909902964967
2019-05-27,Asset3,0.007081703887698616
2019-05-28,Asset3,0.000348854273674597
2019-05-29,Asset3,-0.0058980535471026396
2019-05-30,Asset3,0.007435466812056166
2019-05-31,Asset3,-0.002011117503863815
2019-06-03,Asset3,0.014458013455214474
2019-06-04,Asset3,-0.0057554786760295774
2019-06-06,Asset3,-0.015390266746925505
2019-06-07,Asset3,0.0023621240105541653
2019-06-10,Asset3,0.004560137405592411
2019-06-11,Asset3,0.003742054223802427
2019-06-12,Asset3,-0.005162749268043249
2019-06-13,Asset3,0.0006856590361392812
2019-06-14,Asset3,-0.007921739588738923
2019-06-17,Asset3,-0.013295390730316914
2019-06-18,Asset3,0.0017240690940859339
2019-06-19,Asset3,-4.4303019287728066e-06
2019-06-20,Asset3,0.012480213697826823
2019-06-21,Asset3,-0.009462370845394847
2019-06-24,Asset3,-0.0021687966110137237
2019-06-25,Asset3,0.008604684201133762
2019-06-26,Asset3,0.0045050496437579746
2019-06-27,Asset3,-0.000526691181119281
2019-06-28,Asset3,-0.004628465363824583
2019-07-01,Asset3,0.006770804840577878
2019-07-02,Asset3,0.003917897506693961
2019-07-03,Asset3,0.0005632270585127408
2019-07-04,Asset3,0.00261816350934609
2019-07-05,Asset3,-0.011804347939816289
2019-07-08,Asset3,-0.022237699446150325
2019-07-09,Asset3,-0.00024286570993631962
2019-07-10,Asset3,-0.0051298469176917025
2019-07-11,Asset3,0.007597248174375331
2019-07-12,Asset3,-0.0027295759424460896
2019-07-15,Asset3,0.0032273182211643102
2019-07-16,Asset3,0.006663589087571858
2019-07-17,Asset3,0.002220466029647721
2019-07-18,Asset3,-0.008061911764705894
2019-07-19,Asset3,-0.015931533429342785
2019-07-22,Asset3,-0.006652958545876473
2019-07-23,Asset3,-0.001388694539032489
2019-07-24,Asset3,-0.005484046144982395
2019-07-25,Asset3,-0.0017669116224481396
2019-07-26,Asset3,0.002971466738736215
2019-07-29,Asset3,-0.008764708086620924
2019-07-30,Asset3,-0.00964785641427917
2019-07-31,Asset3,0.0030584004686625833
2019-08-01,Asset3,-0.01290879654614141
2019-08-02,Asset3,0.0016433145491804347
2019-08-05,Asset3,-0.012743070374022968
2019-08-06,Asset3,0.008200284411949
2019-08-07,Asset3,-0.008810540497339715
2019-08-08,Asset3,0.016952531262954356
2019-08-09,Asset3,0.007277458923776692
2019-08-13,Asset3,-0.017206015111088168
2019-08-14,Asset3,0.009856699144713873
2019-08-16,Asset3,0.0017349438724940925
2019-08-19,Asset3,0.0005742871419798412
2019-08-20,Asset3,-0.0034717524940380607
2019-08-21,Asset3,-0.009279458734228916
2019-08-22,Asset3,-0.016892542708900785
2019-08-23,Asset3,0.008520344586877756
2019-08-26,Asset3,0.021944069456791285
2019-08-27,Asset3,0.004467414709467495
2019-08-28,Asset3,-0.005548677184190743
2019-08-29,Asset3,-0.009207937685866608
2019-08-30,Asset3,0.007119662825786612
2019-09-03,Asset3,-0.021260843557934398
2019-09-04,Asset3,0.0045027272192854715
2019-09-05,Asset3,0.0003116744088793411
2019-09-06,Asset3,0.009424109108095245
2019-09-09,Asset3,0.005401289278019839
2019-09-11,Asset3,0.003086090388824232
2019-09-12,Asset3,-0.004985311785958837
2019-09-13,Asset3,0.008816022425690911
2019-09-16,Asset3,-0.006798219882307075
2019-09-17,Asset3,-0.017570446335256965
2019-09-18,Asset3,0.0022160935295870133
2019-09-19,Asset3,-0.013032853591255318
2019-09-20,Asset3,0.05531877448008823
2019-09-23,Asset3,0.03007219972384064
2019-09-24,Asset3,-0.001075843501825382
2019-09-25,Asset3,-0.013282476778599471
2019-09-26,Asset3,0.011908882508526713
2019-09-27,Asset3,-0.005284827489180631
2019-09-30,Asset3,-0.003428320922293544
2019-10-01,Asset3,-0.010382353389242791
2019-10-03,Asset3,-0.00420218528407128
2019-10-04,Asset3,-0.01280007070885631
2019-10-07,Asset3,-0.0044997511130002365
2019-10-09,Asset3,0.017469746171347413
2019-10-10,Asset3,-0.007239267182335771
2019-10-11,Asset3,0.006526296226788428
2019-10-14,Asset3,0.003321047675476301
2019-10-15,Asset3,0.007991728131911735
2019-10-16,Asset3,0.003248794987839876
2019-10-17,Asset3,0.011099406293614784
2019-10-18,Asset3,0.006776940334725197
2019-10-22,Asset3,-0.006554706376812565
2019-10-23,Asset3,0.0014134885943335362
2019-10-24,Asset3,-0.0019269052104599017
2019-10-25,Asset3,0.00011679696662444173
2019-10-29,Asset3,0.018220735709262376
2019-10-30,Asset3,0.005051392184782149
2019-10-31,Asset3,0.0029284293883805293
2019-11-01,Asset3,0.0011513742764753944
2019-11-04,Asset3,0.004434444423090866
2019-11-05,Asset3,-0.002098899965660452
2019-11-06,Asset3,0.004263047772746429
2019-11-07,Asset3,0.003997977676915454
2019-11-08,Asset3,-0.008995582967266165
2019-11-11,Asset3,0.00046285919258613365
2019-11-13,Asset3,-0.006372629150694902
2019-11-14,Asset3,0.002779910398848724
2019-11-15,Asset3,0.002045519341483928
2019-11-18,Asset3,-0.0009573578921365212
2019-11-19,Asset3,0.004865462892843606
2019-11-20,Asset3,0.00513898560375674
2019-11-21,Asset3,-0.0026607986048431797
2019-11-22,Asset3,-0.004692356385736485
2019-11-25,Asset3,0.013909520270982424
2019-11-26,Asset3,-0.0031052321668910035
2019-11-27,Asset3,0.0054429001334916375
2019-11-28,Asset3,0.004335964223403028
2019-11-29,Asset3,-0.008139526398365354
2019-12-02,Asset3,-0.0006771366975296989
2019-12-03,Asset3,-0.004661277127670012
2019-12-04,Asset3,0.004248720145584599
2019-12-05,Asset3,-0.0021416065876775025
2019-12-06,Asset3,-0.008385176310868402
2019-12-09,Asset3,0.0013957975087028273
2019-12-10,Asset3,-0.007030634816753914
2019-12-11,Asset3,0.004679560276716988
2019-12-12,Asset3,0.005383256174117524
2019-12-13,Asset3,0.009981490519346181
2019-12-16,Asset3,-0.0028179734294401194
2019-12-17,Asset3,0.009581240589488473
2019-12-18,Asset3,0.004843107788738106
2019-12-19,Asset3,0.0032378439580758567
2019-12-20,Asset3,0.0010264193699297587
2019-12-23,Asset3,-0.0007669451119472015
2019-12-24,Asset3,-0.0040878435200097755
2019-12-26,Asset3,-0.007492703494063973
2019-12-27,Asset3,0.010227146385203589
2019-12-30,Asset3,0.0008535005505315674
2019-12-31,Asset3,-0.0074164903717055175
2020-01-01,Asset3,0.0012007935801576863
2020-01-02,Asset3,0.00851124179150423
2020-01-03,Asset3,-0.004703700962067696
2020-01-06,Asset3,-0.019870087195858865
2020-01-07,Asset3,0.005194375681292574
2020-01-08,Asset3,-0.002381542187585195
2020-01-09,Asset3,0.016479588447516152
2020-01-10,Asset3,0.003481969340356166
2020-01-13,Asset3,0.00617290003962248
2020-01-14,Asset3,0.002762469071421396
2020-01-15,Asset3,-0.0015984080884778428
2020-01-16,Asset3,0.0010279425539174625
2020-01-17,Asset3,-0.0002651779571850188
2020-01-20,Asset3,-0.010760041698797495
2020-01-21,Asset3,-0.004653603121088814
2020-01-22,Asset3,-0.005379457396874239
2020-01-23,Asset3,0.006309392580709723
2020-01-24,Asset3,0.005797568092433725
2020-01-27,Asset3,-0.010974629028636693
2020-01-28,Asset3,-0.00542356655870945
2020-01-29,Asset3,0.006357786655946125
2020-01-30,Asset3,-0.008033983521579647
2020-01-31,Asset3,-0.006368351448912275
2020-02-03,Asset3,-0.022100400108088822
2020-02-04,Asset3,0.02413925559413757
2020-02-05,Asset3,0.00950612048654781
2020-02-06,Asset3,0.004198127679374135
2020-02-07,Asset3,-0.003393044847959956
2020-02-10,Asset3,-0.005746535353559841
2020-02-11,Asset3,0.006604031604538126
2020-02-12,Asset3,0.008013924276262597
2020-02-13,Asset3,-0.0022630394086647866
2020-02-14,Asset3,-0.005227928612554784
2020-02-17,Asset3,-0.005808122798674331
2020-02-18,Asset3,-0.004601753123394028
2020-02-19,Asset3,0.011568597560975604
2020-02-20,Asset3,-0.0038638625578866926
2020-02-24,Asset3,-0.02164642355096155
2020-02-25,Asset3,-0.0027693711361704045
2020-02-26,Asset3,-0.010525297056133311
2020-02-27,Asset3,-0.004025191858971615
2020-02-28,Asset3,-0.0385799218115359
2020-03-02,Asset3,-0.006406141897471356
2020-03-03,Asset3,0.015932433304888728
2020-03-04,Asset3,-0.004812028152384649
2020-03-05,Asset3,0.0016638521020353458
2020-03-06,Asset3,-0.025799254314934822
2020-03-09,Asset3,-0.05091428506938967
2020-03-11,Asset3,0.0006915981026481966
2020-03-12,Asset3,-0.086340163531073
2020-03-13,Asset3,0.03958767917196944
2020-03-16,Asset3,-0.07916584110946251
2020-03-17,Asset3,-0.02604699145414938
2020-03-18,Asset3,-0.05778712188362367
2020-03-19,Asset3,-0.025217693023253614
2020-03-20,Asset3,0.06066231273280431
2020-03-23,Asset3,-0.13499684713290092
2020-03-24,Asset3,0.026074280986170033
2020-03-25,Asset3,0.068897367704542
2020-03-26,Asset3,0.04046053068760506
2020-03-27,Asset3,0.0022625596899933775
2020-03-30,Asset3,-0.04553175788805167
2020-03-31,Asset3,0.039767231621894994
2020-04-01,Asset3,-0.041604862100549554
2020-04-03,Asset3,-0.021420437154241575
2020-04-07,Asset3,0.09113738885799637
2020-04-08,Asset3,-0.0051395785038074225
2020-04-09,Asset3,0.043169184883554694
2020-04-13,Asset3,-0.013473897566562316
2020-04-15,Asset3,-0.00792672770519606
2020-04-16,Asset3,0.00786528201138193
2020-04-17,Asset3,0.03168181315194985
2020-04-20,Asset3,-0.0005499669517360673
2020-04-21,Asset3,-0.03148565382985948
2020-04-22,Asset3,0.023836194500274778
2020-04-23,Asset3,0.014331154112095455
2020-04-24,Asset3,-0.017809939235228302
2020-04-27,Asset3,0.014530213334476993
2020-04-28,Asset3,0.011047327874845846
2020-04-29,Asset3,0.019118334065164326
2020-04-30,Asset3,0.033371835590224656
2020-05-04,Asset3,-0.05974263257366042
2020-05-05,Asset3,-0.009836596142465162
2020-05-06,Asset3,0.007377337205806552
2020-05-07,Asset3,-0.00806012428421341
2020-05-08,Asset3,0.0059297649521588445
2020-05-11,Asset3,-0.0013826727422580288
2020-05-12,Asset3,-0.0048008924270851955
2020-05-13,Asset3,0.02114706103161364
2020-05-14,Asset3,-0.026688385748205718
2020-05-15,Asset3,-0.0006711772989527098
2020-05-18,Asset3,-0.035695410091390295
2020-05-19,Asset3,0.006583015753832253
2020-05-20,Asset3,0.02195585269920436
2020-05-21,Asset3,0.00455390462904127
2020-05-22,Asset3,-0.007651887439945071
2020-05-26,Asset3,-0.0011735711618773516
2020-05-27,Asset3,0.032931084962632105
2020-05-28,Asset3,0.01955516527792753
2020-05-29,Asset3,0.00988484915714995
2020-06-01,Asset3,0.026688581212238986
2020-06-02,Asset3,0.01618814908957267
2020-06-03,Asset3,0.008592779557430461
2020-06-04,Asset3,-0.00335417542825037
2020-06-05,Asset3,0.011723167291118965
2020-06-08,Asset3,0.0025943015890714884
2020-06-09,Asset3,-0.012356273643997735
2020-06-10,Asset3,0.007194437667249485
2020-06-11,Asset3,-0.022015924798468704
2020-06-12,Asset3,0.00744661747626731
2020-06-15,Asset3,-0.01660181057063821
2020-06-16,Asset3,0.010629201503916353
2020-06-17,Asset3,-0.0034459949314101126
2020-06-18,Asset3,0.02215531505397447
2020-06-19,Asset3,0.015741726462063996
2020-06-22,Asset3,0.006781441004451239
2020-06-23,Asset3,0.016117599670943363
2020-06-24,Asset3,-0.01645766432289185
2020-06-25,Asset3,-0.0016550115909526753
2020-06-26,Asset3,0.009511569753281908
2020-06-29,Asset3,-0.007071520153134916
2020-06-30,Asset3,-0.0010388282159543483
2020-07-01,Asset3,0.012916610028105886
2020-07-02,Asset3,0.012129990615494588
2020-07-03,Asset3,0.005484935086642296
2020-07-06,Asset3,0.01532454557322522
2020-07-07,Asset3,0.003478373845420464
2020-07-08,Asset3,-0.009042552556587742
2020-07-09,Asset3,0.010462434030777885
2020-07-10,Asset3,-0.004366451539256913
2020-07-13,Asset3,0.0033466047152114877
2020-07-14,Asset3,-0.018806835856016512
2020-07-15,Asset3,0.0010638481609982974
2020-07-16,Asset3,0.011924808128584595
2020-07-17,Asset3,0.015663014906104458
2020-07-20,Asset3,0.011495454631368923
2020-07-21,Asset3,0.013214403140395063
2020-07-22,Asset3,-0.0027625618714865042
2020-07-23,Asset3,0.007739846253200185
2020-07-24,Asset3,-0.0019751143725160957
2020-07-27,Asset3,-0.005792722726800834
2020-07-28,Asset3,0.015765644646798176
2020-07-29,Asset3,-0.008991438901747353
2020-07-30,Asset3,-0.009348263267977828
2020-07-31,Asset3,-0.0026885064671980353
2020-08-03,Asset3,-0.017079104167105754
2020-08-04,Asset3,0.01944584944783456
2020-08-05,Asset3,0.0005999329668101084
2020-08-06,Asset3,0.009227456855109306
2020-08-07,Asset3,0.0012906425468269234
2020-08-10,Asset3,0.005202813469814505
2020-08-11,Asset3,0.004830777927798486
2020-08-12,Asset3,-0.0012950844557297005
2020-08-13,Asset3,-0.0007311558522330408
2020-08-14,Asset3,-0.01123245487402369
2020-08-17,Asset3,0.006391539487163076
2020-08-18,Asset3,0.012783740252478389
2020-08-19,Asset3,0.0021055842220478915
2020-08-20,Asset3,-0.008769695987109234
2020-08-21,Asset3,0.005460952737611482
2020-08-24,Asset3,0.008674646730761975
2020-08-25,Asset3,0.0005260387279636803
2020-08-26,Asset3,0.007012015406742424
2020-08-27,Asset3,0.0008689830461182524
2020-08-28,Asset3,0.007948923481194737
2020-08-31,Asset3,-0.023223977714024065
2020-09-01,Asset3,0.0075574094401755516
2020-09-02,Asset3,0.005870839781173061
2020-09-03,Asset3,-0.0006806932704811164
2020-09-04,Asset3,-0.017466534746502206
2020-09-07,Asset3,0.0019453410698834263
2020-09-08,Asset3,-0.003452930968987458
2020-09-09,Asset3,-0.0036160050862173066
2020-09-10,Asset3,0.01579180705798896
2020-09-11,Asset3,0.0013807195340306854
2020-09-14,Asset3,-0.0022134865447255604
2020-09-15,Asset3,0.007431785827117956
2020-09-16,Asset3,0.0074693191566293045
2020-09-17,Asset3,-0.007926908382765774
2020-09-18,Asset3,-0.0010068852318332233
2020-09-21,Asset3,-0.022996745032220805
2020-09-22,Asset3,-0.008957374739411623
2020-09-23,Asset3,-0.0020327705913265603
2020-09-24,Asset3,-0.030484762980377094
2020-09-25,Asset3,0.023551620021648727
2020-09-28,Asset3,0.016686662914866125
2020-09-29,Asset3,-0.0004769865837303211
2020-09-30,Asset3,0.002330641370348072
2020-10-01,Asset3,0.015663536442095012
2020-10-05,Asset3,0.007870349707042906
2020-10-06,Asset3,0.014379534493604585
2020-10-07,Asset3,0.006817394776114387
2020-10-08,Asset3,0.00848294367111354
2020-10-09,Asset3,0.006995133938407286
2020-10-12,Asset3,0.0014621208066364845
2020-10-13,Asset3,0.0003094302477642863
2020-10-14,Asset3,0.0031850347207674724
2020-10-15,Asset3,-0.025254944892687484
2020-10-16,Asset3,0.007310107336724486
2020-10-19,Asset3,0.009778880406723244
2020-10-20,Asset3,0.0020803416482132243
2020-10-21,Asset3,0.003571095594822005
2020-10-22,Asset3,-0.0035893330532321332
2020-10-23,Asset3,0.0029635218948668297
2020-10-26,Asset3,-0.014174236236724945
2020-10-27,Asset3,0.0107511126808439
2020-10-28,Asset3,-0.013978233303594144
2020-10-29,Asset3,-0.005213459871735431
2020-10-30,Asset3,-0.002530708359262306
2020-11-02,Asset3,0.002389541595082303
2020-11-03,Asset3,0.012864997769727148
2020-11-04,Asset3,0.008363313158674331
2020-11-05,Asset3,0.01849702287231816
2020-11-06,Asset3,0.012291775154141114
2020-11-09,Asset3,0.016748820958959902
2020-11-10,Asset3,0.014192367388538437
2020-11-11,Asset3,0.009719883169069129
2020-11-12,Asset3,-0.004759894386344712
2020-11-13,Asset3,0.002388849143991827
2020-11-17,Asset3,0.01261168460070831
2020-11-18,Asset3,0.005174053212195062
2020-11-19,Asset3,-0.01338757535795029
2020-11-20,Asset3,0.007112881790267896
2020-11-23,Asset3,0.005451134206234176
2020-11-24,Asset3,0.010354598602293503
2020-11-25,Asset3,-0.01567350768681604
2020-11-26,Asset3,0.010401262185575817
2020-11-27,Asset3,-0.0014454298048047853
2020-12-01,Asset3,0.01123480247481128
2020-12-02,Asset3,0.0003728876766684941
2020-12-03,Asset3,0.0015980483271376222
2020-12-04,Asset3,0.009870288853228467
2020-12-07,Asset3,0.0076243785794174995
2020-12-08,Asset3,0.0028967450817064845
2020-12-09,Asset3,0.010572382377301591
2020-12-10,Asset3,-0.0039050489981158967
2020-12-11,Asset3,0.00274306087642751
2020-12-14,Asset3,0.0034093033318972135
2020-12-15,Asset3,0.0007439943657044524
2020-12-16,Asset3,0.008803503341639818
2020-12-17,Asset3,0.004408486566172503
2020-12-18,Asset3,0.0015023683987400638
2020-12-21,Asset3,-0.03266115068105063
2020-12-22,Asset3,0.010760135231672284
2020-12-23,Asset3,0.01041056555314489
2020-12-24,Asset3,0.011328231589731015
2020-12-28,Asset3,0.009375653444733362
2020-12-29,Asset3,0.004452858010790734
2020-12-30,Asset3,0.0036837783912533873
2020-12-31,Asset3,-1.4890850138291612e-05
2021-01-01,Asset3,0.002733563395140095
2021-01-04,Asset3,0.008487099636195055
2021-01-05,Asset3,0.004900876100134859
2021-01-06,Asset3,-0.003900137328779234
2021-01-07,Asset3,-0.0006543363965715532
2021-01-08,Asset3,0.01544111253393913
2021-01-11,Asset3,0.009967066859502651
2021-01-12,Asset3,0.005650646585201713
2021-01-13,Asset3,9.993446645404803e-05
2021-01-14,Asset3,0.0021956972339360094
2021-01-15,Asset3,-0.011536037924529658
2021-01-18,Asset3,-0.010980996148269294
2021-01-19,Asset3,0.017466520049745356
2021-01-20,Asset3,0.00884859624881761
2021-01-21,Asset3,-0.0038597314128077723
2021-01-22,Asset3,-0.015571058513499967
2021-01-25,Asset3,-0.009624336117040465
2021-01-27,Asset3,-0.019822907563553108
2021-01-28,Asset3,-0.011165076293180549
2021-01-29,Asset3,-0.01377003924823577
2021-02-01,Asset3,0.04932045154539189
2021-02-02,Asset3,0.026700514341235666
2021-02-03,Asset3,0.010089167578592111
2021-02-04,Asset3,0.007432628350556616
2021-02-05,Asset3,0.001996797250875293
2021-02-08,Asset3,0.013348194842286835
2021-02-09,Asset3,-0.00044721417902766626
2021-02-10,Asset3,-0.00019271554027248784
2021-02-11,Asset3,0.004598801633402907
2021-02-12,Asset3,-0.0006854145198388473
2021-02-15,Asset3,0.010384046235195205
2021-02-16,Asset3,-8.488576226899803e-05
2021-02-17,Asset3,-0.0071004114349281534
2021-02-18,Asset3,-0.006150885384367699
2021-02-19,Asset3,-0.009437705745550948
2021-02-22,Asset3,-0.02124530157524987
2021-02-23,Asset3,0.0022747530479441383
2021-02-24,Asset3,0.019388909756176832
2021-02-25,Asset3,0.008007181534508164
2021-02-26,Asset3,-0.03914112097748942
2021-03-01,Asset3,0.016635204683472384
2021-03-02,Asset3,0.011099904755459243
2021-03-03,Asset3,0.02276008666009741
2021-03-04,Asset3,-0.01124544774510376
2021-03-05,Asset3,-0.009837468710110589
2021-03-08,Asset3,0.001260174310471669
2021-03-09,Asset3,0.009888086625863046
2021-03-10,Asset3,0.005262503879174822
2021-03-12,Asset3,-0.009858686485194204
2021-03-15,Asset3,-0.007019396761616808
2021-03-16,Asset3,-0.0013270234686359218
2021-03-17,Asset3,-0.013193190257383547
2021-03-18,Asset3,-0.011547091994612622
2021-03-19,Asset3,0.013298420539069688
2021-03-22,Asset3,-0.000536054920645661
2021-03-23,Asset3,0.005529409597328687
2021-03-24,Asset3,-0.018627624073980328
2021-03-25,Asset3,-0.016047396712681294
2021-03-26,Asset3,0.013242353206808204
2021-03-30,Asset3,0.02421620850225251
2021-03-31,Asset3,-0.010816727058105685
2021-04-01,Asset3,0.012505557133595229
2021-04-05,Asset3,-0.016057454969947083
2021-04-06,Asset3,0.003246949935042789
2021-04-07,Asset3,0.009600694444444446
2021-04-08,Asset3,0.0038423516183870277
2021-04-09,Asset3,-0.002723460289699071
2021-04-12,Asset3,-0.03673861287616795
2021-04-13,Asset3,0.01409844332627113
2021-04-15,Asset3,0.00549586394320567
2021-04-16,Asset3,0.0025961334516074784
2021-04-19,Asset3,-0.018384057697012433
2021-04-20,Asset3,-0.004566455956399009
2021-04-22,Asset3,0.007983827878439076
2021-04-23,Asset3,-0.0046780583759459754
2021-04-26,Asset3,0.010417179018656669
2021-04-27,Asset3,0.012065709138764334
2021-04-28,Asset3,0.015011209470511383
2021-04-29,Asset3,0.002123482365072764
2021-04-30,Asset3,-0.018419244526984537
2021-05-03,Asset3,0.00021685400172978932
2021-05-04,Asset3,-0.009782351720377891
2021-05-05,Asset3,0.008705797520090944
2021-05-06,Asset3,0.007609067413969424
2021-05-07,Asset3,0.006946417658081643
2021-05-10,Asset3,0.008363079658046448
2021-05-11,Asset3,-0.006375409238867631
2021-05-12,Asset3,-0.010802148039661263
2021-05-14,Asset3,-0.0013233220919947454
2021-05-17,Asset3,0.017384390901251445
2021-05-18,Asset3,0.012889181068686036
2021-05-19,Asset3,-0.00536580970446443
2021-05-20,Asset3,-0.008587047103367898
2021-05-21,Asset3,0.01878566110197374
2021-05-24,Asset3,0.00153515294918952
2021-05-25,Asset3,0.0007356376199240344
2021-05-26,Asset3,0.006359622365059234
2021-05-27,Asset3,0.002473974044407701
2021-05-28,Asset3,0.006631491055814624
2021-05-31,Asset3,0.009914411557153944
2021-06-01,Asset3,-0.0005305980458346493
2021-06-02,Asset3,9.018445829186206e-05
2021-06-03,Asset3,0.0076215886504031796
2021-06-04,Asset3,-0.0013322579974579085
2021-06-07,Asset3,0.005402364751679105
2021-06-08,Asset3,-0.0007626383396084702
2021-06-09,Asset3,-0.0069211760219810795
2021-06-10,Asset3,0.006811258392722195
2021-06-11,Asset3,0.004070695858683653
2021-06-14,Asset3,0.0008228186806047688
2021-06-15,Asset3,0.003775422086901532
2021-06-16,Asset3,-0.006664978062920444
2021-06-17,Asset3,-0.005022682129182572
2021-06-18,Asset3,-0.000533592432260006
2021-06-21,Asset3,0.00418765173804081
2021-06-22,Asset3,0.001733718604134289
2021-06-23,Asset3,-0.005657339200519873
2021-06-24,Asset3,0.006861754430263005
2021-06-25,Asset3,0.004603756683680924
2021-06-28,Asset3,-0.002993338217269672
2021-06-29,Asset3,-0.004356706048744626
2021-06-30,Asset3,-0.0017797435796788543
2021-07-01,Asset3,-0.0027452851191044126
2021-07-02,Asset3,0.0027989925462373224
2021-07-05,Asset3,0.007418515804154069
2021-07-06,Asset3,-0.0010574222600268168
2021-07-07,Asset3,0.004036881845336833
2021-07-08,Asset3,-0.009938505956854905
2021-07-09,Asset3,-0.0025193832864441744
2021-07-12,Asset3,0.00018558534278632522
2021-07-13,Asset3,0.007936224914933555
2021-07-14,Asset3,0.0027361278016106816
2021-07-15,Asset3,0.0046083152211240375
2021-07-16,Asset3,-5.2234766255052636e-05
2021-07-19,Asset3,-0.011168468771576193
2021-07-20,Asset3,-0.00794246015829188
2021-07-22,Asset3,0.012770402448387569
2021-07-23,Asset3,0.0021031278598568014
2021-07-26,Asset3,-0.0020726217535142056
2021-07-27,Asset3,-0.005126244450756934
2021-07-28,Asset3,-0.0024470148126763736
2021-07-29,Asset3,0.0045712627528327054
2021-07-30,Asset3,-0.0010150810790503417
2021-08-02,Asset3,0.008055840141876587
2021-08-03,Asset3,0.016079394117712784
2021-08-04,Asset3,0.008255772166514373
2021-08-05,Asset3,0.002289947432913628
2021-08-06,Asset3,-0.003599682841623926
2021-08-09,Asset3,0.0012841199532088688
2021-08-10,Asset3,0.0013976654160195424
2021-08-11,Asset3,0.00013737055077420735
2021-08-12,Asset3,0.005247211303720203
2021-08-13,Asset3,0.01046706163448123
2021-08-16,Asset3,0.002136185248104674
2021-08-17,Asset3,0.003236769720629518
2021-08-18,Asset3,-0.0028637464109067426
2021-08-20,Asset3,-0.007428614336649986
2021-08-23,Asset3,0.0029049079055346815
2021-08-24,Asset3,0.008079096566945837
2021-08-25,Asset3,0.0006287557442349367
2021-08-26,Asset3,0.00014067022420379162
2021-08-27,Asset3,0.004269472052019214
2021-08-30,Asset3,0.014060629982572355
2021-08-31,Asset3,0.012355664022440323
2021-09-01,Asset3,-0.0033963641653383106
2021-09-02,Asset3,0.009616655076495029
2021-09-03,Asset3,0.005397840067045188
2021-09-06,Asset3,0.0032538975744680343
2021-09-07,Asset3,-0.0009396596816565683
2021-09-08,Asset3,-0.0005151216702599371
2021-09-09,Asset3,0.0009439018065520522
2021-09-13,Asset3,-0.000835222447716566
2021-09-14,Asset3,0.0014800773448854266
2021-09-15,Asset3,0.008344487197928565
2021-09-16,Asset3,0.006532900154047585
2021-09-17,Asset3,-0.00261627350463713
2021-09-20,Asset3,-0.011133257074922378
2021-09-21,Asset3,0.00986978081696254
2021-09-22,Asset3,-0.000908984953308245
2021-09-23,Asset3,0.016376389501869097
2021-09-24,Asset3,0.001765139967234184
2021-09-27,Asset3,0.0001107031981093698
2021-09-28,Asset3,-0.006203269789760419
2021-09-29,Asset3,-0.0021855685577306084
2021-09-30,Asset3,-0.005469751061568448
2021-10-01,Asset3,-0.005082462787787714
2021-10-04,Asset3,0.009443686284383067
2021-10-05,Asset3,0.007703967356744119
2021-10-06,Asset3,-0.010287830665101137
2021-10-07,Asset3,0.008507514096679093
2021-10-08,Asset3,0.006129367670916288
2021-10-11,Asset3,0.002949394379733992
2021-10-12,Asset3,0.0026657826463710598
2021-10-13,Asset3,0.009815101763180074
2021-10-14,Asset3,0.010124179250347538
2021-10-18,Asset3,0.007854491978028762
2021-10-19,Asset3,-0.003281520044396249
2021-10-20,Asset3,-0.008591050220563244
2021-10-21,Asset3,-0.005038704628570346
2021-10-22,Asset3,-0.0036157348079500643
2021-10-25,Asset3,0.0006028186611310105
2021-10-26,Asset3,0.0082050601252881
2021-10-27,Asset3,-0.003270632210396567
2021-10-28,Asset3,-0.020199231961026146
2021-10-29,Asset3,-0.010809256394461677
2021-11-01,Asset3,0.015183641259808135
2021-11-02,Asset3,-0.0023608502021953636
2021-11-03,Asset3,-0.0034736528814598077
2021-11-04,Asset3,0.005109911212624141
2021-11-08,Asset3,0.008808492203873844
2021-11-09,Asset3,-0.0013987182926826324
2021-11-10,Asset3,-0.0015591012372361934
2021-11-11,Asset3,-0.008288946130682887
2021-11-12,Asset3,0.013333430951703598
2021-11-15,Asset3,0.00038486901161425283
2021-11-16,Asset3,-0.006331501229826673
2021-11-17,Asset3,-0.005809746310328521
2021-11-18,Asset3,-0.007777323469199296
2021-11-22,Asset3,-0.02038750698416311
2021-11-23,Asset3,0.005183045850110801
2021-11-24,Asset3,-0.005246469007327281
2021-11-25,Asset3,0.007237830603153377
2021-11-26,Asset3,-0.030234104355264073
2021-11-29,Asset3,0.0016797395412604921
2021-11-30,Asset3,-0.0043145431627708945
2021-12-01,Asset3,0.011249306817238213
2021-12-02,Asset3,0.014221553946531103
2021-12-03,Asset3,-0.01224879330209002
2021-12-06,Asset3,-0.017202556359039667
2021-12-07,Asset3,0.0162620105249154
2021-12-08,Asset3,0.017743386468996914
2021-12-09,Asset3,0.002803909257430597
2021-12-10,Asset3,-0.0003294417306015607
2021-12-13,Asset3,-0.008495817321537693
2021-12-14,Asset3,-0.0025957476285750846
2021-12-15,Asset3,-0.006213022734505769
2021-12-16,Asset3,0.001630529420550939
2021-12-17,Asset3,-0.01586983213230483
2021-12-20,Asset3,-0.022716248130552986
2021-12-21,Asset3,0.009805853661977402
2021-12-22,Asset3,0.011447457834377098
2021-12-23,Asset3,0.007185678461132632
2021-12-24,Asset3,-0.0041940650743476394
2021-12-27,Asset3,0.0050459457472616445
2021-12-28,Asset3,0.008947545541005191
2021-12-29,Asset3,-0.0011858707005353432
2021-12-30,Asset3,-0.0005830509874607337
2021-12-31,Asset3,0.009073825027910782
2022-01-03,Asset3,0.01627944844469617
2022-01-04,Asset3,0.010594349204674778
2022-01-05,Asset3,0.007009168644079775
2022-01-06,Asset3,-0.010405634161308805
2022-01-07,Asset3,0.003914750997176775
2022-01-10,Asset3,0.011128331678746602
2022-01-11,Asset3,0.0030298437027063943
2022-01-12,Asset3,0.009020040361103715
2022-01-13,Asset3,0.0025954486798161194
2022-01-14,Asset3,-0.00011681650630070984
2022-01-17,Asset3,0.0029822709968092553
2022-01-18,Asset3,-0.011079838190640361
2022-01-19,Asset3,-0.01002793005129889
2022-01-20,Asset3,-0.010516902407228886
2022-01-21,Asset3,-0.008190775116855358
2022-01-24,Asset3,-0.027630621394878725
2022-01-25,Asset3,0.007814030870562086
2022-01-27,Asset3,-0.010100202231212788
2022-01-28,Asset3,-0.0004984888241936502
2022-01-31,Asset3,0.014467146585767096
2022-02-01,Asset3,0.014214656156345136
2022-02-02,Asset3,0.01202015212881559
2022-02-03,Asset3,-0.012856738610798706
2022-02-04,Asset3,-0.0025998779644397898
2022-02-07,Asset3,-0.017972357444728405
2022-02-08,Asset3,0.003211205529603092
2022-02-09,Asset3,0.011868638423559705
2022-02-10,Asset3,0.008459257128528979
2022-02-11,Asset3,-0.013651348789326187
2022-02-14,Asset3,-0.03184087181110516
2022-02-15,Asset3,0.031469491439336646
2022-02-16,Asset3,-0.0018130005513000925
2022-02-17,Asset3,-0.0010566553079580565
2022-02-18,Asset3,-0.0017007490444364759
2022-02-21,Asset3,-0.004192819236431369
2022-02-22,Asset3,-0.006917628710283657
2022-02-23,Asset3,-0.0017614577922174047
2022-02-24,Asset3,-0.04969228000966994
2022-02-25,Asset3,0.02627212651403557
2022-02-28,Asset3,0.008459395661981298
2022-03-02,Asset3,-0.01163929844785301
2022-03-03,Asset3,-0.006757480317553722
2022-03-04,Asset3,-0.015929713287625547
2022-03-07,Asset3,-0.024467752129545703
2022-03-08,Asset3,0.009853767569862929
2022-03-09,Asset3,0.02155534169182607
2022-03-10,Asset3,0.015878082678093472
2022-03-11,Asset3,0.002227839901400497
2022-03-14,Asset3,0.015061867644416384
2022-03-15,Asset3,-0.012840314763444721
2022-03-16,Asset3,0.019494904503990915
2022-03-17,Asset3,0.019096467890768593
2022-03-21,Asset3,-0.010194290569282255
2022-03-22,Asset3,0.012023672182242038
2022-03-23,Asset3,-0.004195292873437131
2022-03-24,Asset3,-0.0013810094551694263
2022-03-25,Asset3,-0.004211870926536116
2022-03-28,Asset3,0.0041835247478574904
2022-03-29,Asset3,0.006238114765996894
2022-03-30,Asset3,0.010381764205482523
2022-03-31,Asset3,-0.0019910562484819574
2022-04-01,Asset3,0.012249083868936009
2022-04-04,Asset3,0.022538714993583717
2022-04-05,Asset3,-0.005530260108330909
2022-04-06,Asset3,-0.008672747536514596
2022-04-07,Asset3,-0.009817330749150246
2022-04-08,Asset3,0.008537109766427395
2022-04-11,Asset3,-0.006397557894949601
2022-04-12,Asset3,-0.008511163066902378
2022-04-13,Asset3,-0.003242180893484248
2022-04-18,Asset3,-0.017972435530553454
2022-04-19,Asset3,-0.013019945958726513
2022-04-20,Asset3,0.010909854380409936
2022-04-21,Asset3,0.01553934538223194
2022-04-22,Asset3,-0.013193910709374706
2022-04-25,Asset3,-0.01320292746687402
2022-04-26,Asset3,0.015142526480855524
2022-04-27,Asset3,-0.009819101354519955
2022-04-28,Asset3,0.012613649246572028
2022-04-29,Asset3,-0.008593769996962469
2022-05-02,Asset3,-0.002034153805182166
2022-05-04,Asset3,-0.023853630790013833
2022-05-05,Asset3,0.0003149621422165616
2022-05-06,Asset3,-0.01691915850545045
2022-05-09,Asset3,-0.00693282999466824
2022-05-10,Asset3,-0.003942607643615963
2022-05-11,Asset3,-0.004671673057498946
2022-05-12,Asset3,-0.02310022222745727
2022-05-13,Asset3,-0.001700632195723646
2022-05-16,Asset3,0.003963679795001874
2022-05-17,Asset3,0.027374813338129123
2022-05-18,Asset3,-0.00121530448650085
2022-05-19,Asset3,-0.02759403434754656
2022-05-20,Asset3,0.030046680346060912
2022-05-23,Asset3,-0.003289543121145533
2022-05-24,Asset3,-0.005743664437404963
2022-05-25,Asset3,-0.006407667951740255
2022-05-26,Asset3,0.00936768281175512
2022-05-27,Asset3,0.011724801086879105
2022-05-30,Asset3,0.0196489332966814
2022-05-31,Asset3,-0.00479693134287623
2022-06-01,Asset3,-0.0038754629744126136
2022-06-02,Asset3,0.0066248051928400825
2022-06-03,Asset3,-0.002733172209526087
2022-06-06,Asset3,-0.00092497116413508
2022-06-07,Asset3,-0.009615783846735032
2022-06-08,Asset3,-0.003807399040424047
2022-06-09,Asset3,0.007747716851356508
2022-06-10,Asset3,-0.017438406350664088
2022-06-13,Asset3,-0.027434939079817495
2022-06-14,Asset3,-0.0027888738342248054
2022-06-15,Asset3,-0.0026409181566102993
2022-06-16,Asset3,-0.021973585768461854
2022-06-17,Asset3,-0.004543025371705527
2022-06-20,Asset3,0.0038523821394709046
2022-06-21,Asset3,0.019556511368666582
2022-06-22,Asset3,-0.014996035688730132
2022-06-23,Asset3,0.009672465420393603
2022-06-24,Asset3,0.009533131492070607
2022-06-27,Asset3,0.00879734999283402
2022-06-28,Asset3,0.0011922907319562271
2022-06-29,Asset3,-0.003352929850735702
2022-06-30,Asset3,-0.0012408044910589401
2022-07-01,Asset3,-0.001858538560859353
2022-07-04,Asset3,0.005499715779797701
2022-07-05,Asset3,-0.0016090582543826404
2022-07-06,Asset3,0.011770917295592263
2022-07-07,Asset3,0.00930747171277094
2022-07-08,Asset3,0.005653489781230068
2022-07-11,Asset3,-0.00029490856473856296
2022-07-12,Asset3,-0.010113974045695624
2022-07-13,Asset3,-0.005935584201583826
2022-07-14,Asset3,-0.0018238014416034076
2022-07-15,Asset3,0.007213395993843168
2022-07-18,Asset3,0.014858796324607564
2022-07-19,Asset3,0.003964234841969372
2022-07-20,Asset3,0.011475244047247948
2022-07-21,Asset3,0.005313068536147849
2022-07-22,Asset3,0.007152387799039523
2022-07-25,Asset3,-0.005501807284228093
2022-07-26,Asset3,-0.009201876390475663
2022-07-27,Asset3,0.009965464539094793
2022-07-28,Asset3,0.01798548036864064
2022-07-29,Asset3,0.014046191979538403
2022-08-01,Asset3,0.011019352935176982
2022-08-02,Asset3,0.00032378077035804864
2022-08-03,Asset3,0.002560280693220296
2022-08-04,Asset3,-0.00036786007173300383
2022-08-05,Asset3,0.0009273961569439315
2022-08-08,Asset3,0.00762773925851409
2022-08-10,Asset3,0.0005726875437918366
2022-08-11,Asset3,0.0073693665435777865
2022-08-12,Asset3,0.002305702828586043
2022-08-16,Asset3,0.007468780117272651
2022-08-17,Asset3,0.006942960126786471
2022-08-18,Asset3,0.0007099767334941199
2022-08-19,Asset3,-0.011470654776821779
2022-08-22,Asset3,-0.015680423249232352
2022-08-23,Asset3,0.0051611894625246185
2022-08-24,Asset3,0.0016240755226853488
2022-08-25,Asset3,-0.004873629508037425
2022-08-26,Asset3,0.0021634657505205193
2022-08-29,Asset3,-0.014570388481536006
2022-08-30,Asset3,0.026815634340586564
2022-09-01,Asset3,-0.012678427082991953
2022-09-02,Asset3,-0.0001986926171860759
2022-09-05,Asset3,0.00749200407385235
2022-09-06,Asset3,-0.0006005512504850774
2022-09-07,Asset3,-0.0018377845113099589
2022-09-08,Asset3,0.010288213484213157
2022-09-09,Asset3,0.002021692183439896
2022-09-12,Asset3,0.006006723489774899
2022-09-13,Asset3,0.007752370007179348
2022-09-14,Asset3,-0.0038158615786264075
2022-09-15,Asset3,-0.007298679094633034
2022-09-16,Asset3,-0.020160247274486443
2022-09-19,Asset3,0.0054222361361861895
2022-09-20,Asset3,0.011449162280639556
2022-09-21,Asset3,-0.005714805654949809
2022-09-22,Asset3,-0.005197480763178666
2022-09-23,Asset3,-0.01784190432171733
2022-09-26,Asset3,-0.018669374632746705
2022-09-27,Asset3,-0.0005439728862926785
2022-09-28,Asset3,-0.009099145604010364
2022-09-29,Asset3,-0.0024984281598678226
2022-09-30,Asset3,0.017082786204919813
2022-10-03,Asset3,-0.012593635026742076
2022-10-04,Asset3,0.023830217770027886
2022-10-06,Asset3,0.0034617899014996747
2022-10-07,Asset3,-0.0010291144281612309
2022-10-10,Asset3,-0.004423791674793068
2022-10-11,Asset3,-0.015529678527927616
2022-10-12,Asset3,0.008575991153204435
2022-10-13,Asset3,-0.006635287123730329
2022-10-14,Asset3,0.010473723524042829
2022-10-17,Asset3,0.007631090439248283
2022-10-18,Asset3,0.010521977309101515
2022-10-19,Asset3,0.0015047114377039607
2022-10-20,Asset3,0.003070261531213774
2022-10-21,Asset3,0.0007313631370721474
2022-10-24,Asset3,0.009138850631832228
2022-10-25,Asset3,-0.004363966907773254
2022-10-27,Asset3,0.0047475041899652124
2022-10-28,Asset3,0.0029230294545352286
2022-10-31,Asset3,0.013179119611386767
2022-11-01,Asset3,0.007690855351288697
2022-11-02,Asset3,-0.0035850855368069114
2022-11-03,Asset3,-0.0017340412007708838
2022-11-04,Asset3,0.0037129748819158693
2022-11-07,Asset3,0.004916689674116412
2022-11-09,Asset3,-0.00261678480539465
2022-11-10,Asset3,-0.007377474940794162
2022-11-11,Asset3,0.01854650017691471
2022-11-14,Asset3,-0.0011646393216169404
2022-11-15,Asset3,0.004212961231388803
2022-11-16,Asset3,0.0003531955976631629
2022-11-17,Asset3,-0.00371435625061201
2022-11-18,Asset3,-0.0020551790620967213
2022-11-21,Asset3,-0.00839043872219996
2022-11-22,Asset3,0.0048249033598362166
2022-11-23,Asset3,0.00131399642223613
2022-11-24,Asset3,0.012345787885423381
2022-11-25,Asset3,0.0016120020384920153
2022-11-28,Asset3,0.0028088749645513466
2022-11-29,Asset3,0.0030982916055002185
2022-11-30,Asset3,0.007837060010435942
2022-12-01,Asset3,0.0030022047473651624
2022-12-02,Asset3,-0.0064348920265780854
2022-12-05,Asset3,0.0002754167370512484
2022-12-06,Asset3,-0.0032422142054601456
2022-12-07,Asset3,-0.00458837886041489
2022-12-08,Asset3,0.002737188855364856
2022-12-09,Asset3,-0.00630113370221852
2022-12-12,Asset3,3.096853000528199e-05
2022-12-13,Asset3,0.006232505619267191
2022-12-14,Asset3,0.002923087516122163
2022-12-15,Asset3,-0.013676971729547
2022-12-16,Asset3,-0.008239871138659441
2022-12-19,Asset3,0.008621554956483575
2022-12-20,Asset3,-0.001984445361017144
2022-12-21,Asset3,-0.010532828429300976
2022-12-22,Asset3,-0.004100202845285797
2022-12-23,Asset3,-0.018390486664282585
2022-12-26,Asset3,0.01213641820924714
2022-12-27,Asset3,0.006795000799590181
2022-12-28,Asset3,-0.000562135639760637
2022-12-29,Asset3,0.0039310249689613035
2022-12-30,Asset3,-0.004899521054367524
2023-01-02,Asset3,0.0052931666895722354
2023-01-03,Asset3,0.0020060847298525174
2023-01-04,Asset3,-0.010815032266509999
2023-01-05,Asset3,-0.0029280568608539338
2023-01-06,Asset3,-0.007670523853663997
2023-01-09,Asset3,0.014077701776829876
2023-01-10,Asset3,-0.010746844940996852
2023-01-11,Asset3,-0.0010711766023825842
2023-01-12,Asset3,-0.0021792945625247473
2023-01-13,Asset3,0.005730499755123777
2023-01-16,Asset3,-0.0035764009554721367
2023-01-17,Asset3,0.00920875125229717
2023-01-18,Asset3,0.006454818576502444
2023-01-19,Asset3,-0.003291981783226321
2023-01-20,Asset3,-0.00460613431739672
2023-01-23,Asset3,0.005243967139453947
2023-01-24,Asset3,-1.4349933564741235e-05
2023-01-25,Asset3,-0.01299269881001277
2023-01-27,Asset3,-0.01671721678242591
2023-01-30,Asset3,0.002634780311639613
2023-01-31,Asset3,0.0007779057313742932
2023-02-01,Asset3,-0.0026997615066911783
2023-02-02,Asset3,-0.0003483368231615547
2023-02-03,Asset3,0.014389020160205828
2023-02-06,Asset3,-0.005210538487304985
2023-02-07,Asset3,-0.0025231975240435213
2023-02-08,Asset3,0.008814557881669068
2023-02-09,Asset3,0.0012656882662992431
2023-02-10,Asset3,-0.0021475561827248323
2023-02-13,Asset3,-0.004985500728026198
2023-02-14,Asset3,0.009302127853195633
2023-02-15,Asset3,0.00498832962621357
2023-02-16,Asset3,0.0011545389449286781
2023-02-17,Asset3,-0.00528483039692536
2023-02-20,Asset3,-0.005772539219346395
2023-02-21,Asset3,-0.0010432515527117393
2023-02-22,Asset3,-0.01589157765684596
2023-02-23,Asset3,-0.0025505323771040267
2023-02-24,Asset3,-0.002699246912699005
2023-02-27,Asset3,-0.004352827903637522
2023-02-28,Asset3,-0.005306824365737164
2023-03-01,Asset3,0.008832042721461538
2023-03-02,Asset3,-0.007687855468596592
2023-03-03,Asset3,0.01635774257502101
2023-03-06,Asset3,0.006921744563101644
2023-03-08,Asset3,0.0025220532887117743
2023-03-09,Asset3,-0.009653539895974292
2023-03-10,Asset3,-0.010447491221008498
2023-03-13,Asset3,-0.015445077368891225
2023-03-14,Asset3,-0.006729507746895643
2023-03-15,Asset3,-0.0043416710882323
2023-03-16,Asset3,0.0008241258283761788
2023-03-17,Asset3,0.007007654806857993
2023-03-20,Asset3,-0.006790412948791956
2023-03-21,Asset3,0.007291068664613789
2023-03-22,Asset3,0.0026991907788981528
2023-03-23,Asset3,-0.004547601036829372
2023-03-24,Asset3,-0.008029770661734324
2023-03-27,Asset3,0.002494791874378901
2023-03-28,Asset3,-0.0020817512158091047
2023-03-29,Asset3,0.007914250852894308
2023-03-31,Asset3,0.01699068690240889
2023-04-03,Asset3,0.0022945498927115972
2023-04-05,Asset3,0.009504513010055718
2023-04-06,Asset3,0.0024937897768546693
2023-04-10,Asset3,0.0014714577508124728
2023-04-11,Asset3,0.00579775905484281
2023-04-12,Asset3,0.005287326679904823
2023-04-13,Asset3,0.0009108033389222037
2023-04-17,Asset3,-0.007067332636863393
2023-04-18,Asset3,-0.0027428474613736408
2023-04-19,Asset3,-0.0024380543368904208
2023-04-20,Asset3,0.0003364136218516478
2023-04-21,Asset3,-2.3511373028242134e-05
2023-04-24,Asset3,0.007042852706827851
2023-04-25,Asset3,0.0015151320016541802
2023-04-26,Asset3,0.0025956972719726325
2023-04-27,Asset3,0.005922958922601591
2023-04-28,Asset3,0.008704814147845852
2023-05-02,Asset3,0.004758173609189012
2023-05-03,Asset3,-0.0033124294994713835
2023-05-04,Asset3,0.009540666311595825
2023-05-05,Asset3,-0.010641703140162004
2023-05-08,Asset3,0.011246688043057276
2023-05-09,Asset3,8.819239698809157e-05
2023-05-10,Asset3,0.002798453320867154
2023-05-11,Asset3,-0.0010277636568443605
2023-05-12,Asset3,0.0010117949663878889
2023-05-15,Asset3,0.0047726853430743255
2023-05-16,Asset3,-0.006350592359343113
2023-05-17,Asset3,-0.0059574002679572404
2023-05-18,Asset3,-0.002963015798809208
2023-05-19,Asset3,0.004213427066359152
2023-05-22,Asset3,0.006341672298734569
2023-05-23,Asset3,0.0019079845916161098
2023-05-24,Asset3,-0.003548266500436048
2023-05-25,Asset3,0.00203331615418513
2023-05-26,Asset3,0.010115477660989658
2023-05-29,Asset3,0.0055825104493220585
2023-05-30,Asset3,0.001968271177270662
2023-05-31,Asset3,-0.0055505002813784985
2023-06-01,Asset3,-0.002617640993368253
2023-06-02,Asset3,0.002607326134873098
2023-06-05,Asset3,0.003352739076063305
2023-06-06,Asset3,0.0002880740869980336
2023-06-07,Asset3,0.0071238457040700715
2023-06-08,Asset3,-0.005101012034209332
2023-06-09,Asset3,-0.003970925144299953
2023-06-12,Asset3,0.0021345008412366087
2023-06-13,Asset3,0.006410042536892178
2023-06-14,Asset3,0.002208787551777025
2023-06-15,Asset3,-0.0037595002655934897
2023-06-16,Asset3,0.007674210286104
2023-06-19,Asset3,-0.00389741912780198
2023-06-20,Asset3,0.0033963462701985495
2023-06-21,Asset3,0.002219114296538951
2023-06-22,Asset3,-0.004721021570100517
2023-06-23,Asset3,-0.005858959845508389
2023-06-26,Asset3,0.0014319031100157177
2023-06-27,Asset3,0.007021979553796439
2023-06-28,Asset3,0.008549915724817865
2023-06-30,Asset3,0.011892685754111626
2023-07-03,Asset3,0.007235376131041438
2023-07-04,Asset3,0.003576504379900989
2023-07-05,Asset3,0.0005095672804166718
2023-07-06,Asset3,0.005296946284506614
2023-07-07,Asset3,-0.008827888636027188
2023-07-10,Asset3,0.0012964955532910772
2023-07-11,Asset3,0.004486487233735712
2023-07-12,Asset3,-0.002947806650334517
2023-07-13,Asset3,0.0015799996009978835
2023-07-14,Asset3,0.008075719528684609
2023-07-17,Asset3,0.007811453781083078
2023-07-18,Asset3,0.001994415127153797
2023-07-19,Asset3,0.004418213666341746
2023-07-20,Asset3,0.007655868937078907
2023-07-21,Asset3,-0.0121885266134373
2023-07-24,Asset3,-0.003826609584705043
2023-07-25,Asset3,0.00043614515654564204
2023-07-26,Asset3,0.005162912755036082
2023-07-27,Asset3,-0.00622583343290712
2023-07-28,Asset3,-0.0007326381855356789
2023-07-31,Asset3,0.005703945350021549
2023-08-01,Asset3,-0.0010661239441064297
2023-08-02,Asset3,-0.010909339245958218
2023-08-03,Asset3,-0.0077175128335877745
2023-08-04,Asset3,0.00726272484091913
2023-08-07,Asset3,0.00427897794230681
2023-08-08,Asset3,-0.0014037248831900496
2023-08-09,Asset3,0.003278816200154289
2023-08-10,Asset3,-0.00473851919633634
2023-08-11,Asset3,-0.0061091016080543434
2023-08-14,Asset3,0.00033456348412475023
2023-08-16,Asset3,0.0016294272945351729
2023-08-17,Asset3,-0.005329565887490419
2023-08-18,Asset3,-0.002959093931139565
2023-08-21,Asset3,0.004494381749721459
2023-08-22,Asset3,0.00015281298003936073
2023-08-23,Asset3,0.0025495806960479507
2023-08-24,Asset3,-0.003064843267846129
2023-08-25,Asset3,-0.00648559992504521
2023-08-28,Asset3,0.00217276200845701
2023-08-29,Asset3,0.0019715888133355185
2023-08-30,Asset3,0.00025801951383146003
2023-08-31,Asset3,-0.005033964627523808
2023-09-01,Asset3,0.009803778596474313
2023-09-04,Asset3,0.005003267049708295
2023-09-05,Asset3,0.0024550198594903527
2023-09-06,Asset3,0.001920643553721675
2023-09-07,Asset3,0.006151633655211608
2023-09-08,Asset3,0.004897557981238023
2023-09-11,Asset3,0.009256149156852888
2023-09-12,Asset3,-0.00016385021836510028
2023-09-13,Asset3,0.0039949990807421724
2023-09-14,Asset3,0.0017151765695066247
2023-09-15,Asset3,0.004617198432261258
2023-09-18,Asset3,-0.003041289519942101
2023-09-20,Asset3,-0.011978979943249328
2023-09-21,Asset3,-0.008311616733158252
2023-09-22,Asset3,-0.0035873943654795948
2023-09-25,Asset3,1.589958956513371e-05
2023-09-26,Asset3,-0.0005207552189585485
2023-09-27,Asset3,0.0027368839666098133
2023-09-28,Asset3,-0.010174974853444657
2023-09-29,Asset3,0.006112617593855507
2023-10-03,Asset3,-0.005801561640647651
2023-10-04,Asset3,-0.004934079562183911
2023-10-05,Asset3,0.00586724746949713
2023-10-06,Asset3,0.005733215660693532
2023-10-09,Asset3,-0.007469224629200859
2023-10-10,Asset3,0.009460675095289766
2023-10-11,Asset3,0.006417519813855535
2023-10-12,Asset3,-0.0009107705484870898
2023-10-13,Asset3,-0.0022566023795089142
2023-10-16,Asset3,-0.0010162908658538862
2023-10-17,Asset3,0.0042033778048069514
2023-10-18,Asset3,-0.007370285250990643
2023-10-19,Asset3,-0.002453162619694176
2023-10-20,Asset3,-0.004348131927977343
2023-10-23,Asset3,-0.013884319722577879
2023-10-25,Asset3,-0.008608326202237865
2023-10-26,Asset3,-0.014407187508841401
2023-10-27,Asset3,0.010478728340558715
2023-10-30,Asset3,0.005113410400451457
2023-10-31,Asset3,-0.003330711262215518
2023-11-01,Asset3,-0.004930249555854367
2023-11-02,Asset3,0.00789206418755768
2023-11-03,Asset3,0.005291500071864537
2023-11-06,Asset3,0.009796699534951348
2023-11-07,Asset3,-0.00027059963681785426
2023-11-08,Asset3,0.001972144364613229
2023-11-09,Asset3,-0.0025780948646076853
2023-11-10,Asset3,0.0016112553036666455
2023-11-13,Asset3,0.0009744596174919096
2023-11-15,Asset3,0.012403823648948454
2023-11-16,Asset3,0.00474398317223935
2023-11-17,Asset3,-0.0017573501089252375
2023-11-20,Asset3,-0.0019923580688771736
2023-11-21,Asset3,0.004721052414441012
2023-11-22,Asset3,0.0014955562196486305
2023-11-23,Asset3,-0.0005170437870249512
2023-11-24,Asset3,-0.00038343664781331554
2023-11-28,Asset3,0.004991235224550117
2023-11-29,Asset3,0.010818484678096691
2023-11-30,Asset3,0.0018915046942702318
2023-12-01,Asset3,0.006960659274926862
2023-12-04,Asset3,0.021494895763920108
2023-12-05,Asset3,0.008460988390657445
2023-12-06,Asset3,0.004119068973968556
2023-12-07,Asset3,-0.0018154230248928994
2023-12-08,Asset3,0.0033959853248957295
2023-12-11,Asset3,0.0013737725906974774
2023-12-12,Asset3,-0.004492391294742575
2023-12-13,Asset3,0.0009923844905077317
2023-12-14,Asset3,0.01274009078155519
2023-12-15,Asset3,0.013450090368927655
2023-12-18,Asset3,-0.0018418531914593396
2023-12-19,Asset3,0.0016727098508354033
2023-12-20,Asset3,-0.014686324738002706
2023-12-21,Asset3,0.005158185839584295
2023-12-22,Asset3,0.004616483618875141
2023-12-26,Asset3,0.004479150971471455
2023-12-27,Asset3,0.010350859917556807
2023-12-28,Asset3,0.005952836560108068
2023-12-29,Asset3,-0.0022586647970072884
2024-01-01,Asset3,0.0005024986795011977
2024-01-02,Asset3,-0.0036401414930650237
2024-01-03,Asset3,-0.007125941030696259
2024-01-04,Asset3,0.006827048993803402
2024-01-05,Asset3,0.0025065895177497845
2024-01-08,Asset3,-0.00947513703306873
2024-01-09,Asset3,0.0015397012852693414
2024-01-10,Asset3,0.0035648238508277966
2024-01-11,Asset3,0.0013710353106857554
2024-01-12,Asset3,0.011883552343214135
2024-01-15,Asset3,0.009637757682642611
2024-01-16,Asset3,-0.003066162719926542
2024-01-17,Asset3,-0.021730169252565743
2024-01-18,Asset3,-0.005288682369085036
2024-01-19,Asset3,0.007760435473913585
2024-01-23,Asset3,-0.01845047666044386
2024-01-24,Asset3,0.010535169913996913
2024-01-25,Asset3,-0.004913015905616201
2024-01-29,Asset3,0.018751815110334517
2024-01-30,Asset3,-0.010310246026582544
2024-01-31,Asset3,0.009838426435763045
2024-02-01,Asset3,-0.0013523155091203787
2024-02-02,Asset3,0.007494227702096943
2024-02-05,Asset3,-0.003907129284040121
2024-02-06,Asset3,0.007533138185592546
2024-02-07,Asset3,5.2148883673410754e-05
2024-02-08,Asset3,-0.010079697795307895
2024-02-09,Asset3,0.0030911211654386507
2024-02-12,Asset3,-0.007947076207965136
2024-02-13,Asset3,0.00611985921196796
2024-02-14,Asset3,0.004630071976360437
2024-02-15,Asset3,0.0033666216363893576
2024-02-16,Asset3,0.006168076743151083
2024-02-19,Asset3,0.0038480091606099623
2024-02-20,Asset3,0.003511721795929397
2024-02-21,Asset3,-0.0066484080107433036
2024-02-22,Asset3,0.00765785473246714
2024-02-23,Asset3,-0.0002223477569977117
2024-02-26,Asset3,-0.004244165649189684
2024-02-27,Asset3,0.003586954122592285
2024-02-28,Asset3,-0.011581364922346484
2024-02-29,Asset3,0.0014995298954382187
2024-03-01,Asset3,0.01683985544807131
2024-03-04,Asset3,0.0031122419002852907
2024-03-05,Asset3,-0.0022883021273193637
2024-03-06,Asset3,0.005477650403715515
2024-03-07,Asset3,0.0009023740400605008
2024-03-11,Asset3,-0.007439305953841977
2024-03-12,Asset3,0.00014197962151991206
2024-03-13,Asset3,-0.015738034281233198
2024-03-14,Asset3,0.007042064590917026
2024-03-15,Asset3,-0.005790167372411466
2024-03-18,Asset3,0.0015276329144626466
2024-03-19,Asset3,-0.011234284505900246
2024-03-20,Asset3,0.0010320366063073828
2024-03-21,Asset3,0.008231273127800112
2024-03-22,Asset3,0.004006588041047916
2024-03-26,Asset3,-0.0043324385939109075
2024-03-27,Asset3,0.005621945454477669
2024-03-28,Asset3,0.009554481121685736
2024-04-01,Asset3,0.006293018345215505
2024-04-02,Asset3,-0.0004027774686136709
2024-04-03,Asset3,-0.0008638554499834151
2024-04-04,Asset3,0.0037085489878981195
2024-04-05,Asset3,-4.3936669361412944e-05
2024-04-08,Asset3,0.0070492913429270315
2024-04-09,Asset3,-0.0010805827001228341
2024-04-10,Asset3,0.005100653078800015
2024-04-12,Asset3,-0.010713656526819913
2024-04-15,Asset3,-0.011402453075833084
2024-04-16,Asset3,-0.005818098271410914
2024-04-18,Asset3,-0.0071398556843309535
2024-04-19,Asset3,0.00714663943615065
2024-04-22,Asset3,0.008894044622296456
2024-04-23,Asset3,0.0014713021424791251
2024-04-24,Asset3,0.0015994459160407538
2024-04-25,Asset3,0.00779680679098556
2024-04-26,Asset3,-0.006930172060118629
2024-04-29,Asset3,0.010365287471554527
2024-04-30,Asset3,-0.0017706180082652258
2024-05-02,Asset3,0.001994421309102652
2024-05-03,Asset3,-0.007914253668415583
2024-05-06,Asset3,-0.001533931168306948
2024-05-07,Asset3,-0.006496865019613356
2024-05-08,Asset3,0.0
2024-05-09,Asset3,-0.016087882524380703
2024-05-10,Asset3,0.004627447910736607
2024-05-13,Asset3,0.002303566814160103
2024-05-14,Asset3,0.0053542575712137545
2024-05-15,Asset3,-0.000809744487711761
2024-05-16,Asset3,0.00952367278331538
2024-05-17,Asset3,0.0028896819577340694
2024-05-21,Asset3,0.002914133734307871
2024-05-22,Asset3,0.0031736800939480324
2024-05-23,Asset3,0.01702128439282239
2024-05-24,Asset3,-0.0004777507630680056
2024-05-27,Asset3,-0.0011167092832375936
2024-05-28,Asset3,-0.0020089777943269917
2024-05-29,Asset3,-0.008335720252351537
2024-05-30,Asset3,-0.009896223644506446
2024-05-31,Asset3,0.0019445711721424708
2024-06-03,Asset3,0.033844010403166876
2024-06-04,Asset3,-0.0616653433930672
2024-06-05,Asset3,0.0349692062304371
2024-06-06,Asset3,0.009243571214007318
2024-06-07,Asset3,0.02136152872547939
2024-06-10,Asset3,-0.0013820957877093854
2024-06-11,Asset3,0.0002526486915879289
2024-06-12,Asset3,0.0025972054307048078
2024-06-13,Asset3,0.003386759453495607
2024-06-14,Asset3,0.0029645490318763734
2024-06-18,Asset3,0.004090788818439038
2024-06-19,Asset3,-0.0018497576408524807
2024-06-20,Asset3,0.0022554856268072144
2024-06-21,Asset3,-0.0029081514936139643
2024-06-24,Asset3,0.0016263068807534432
2024-06-25,Asset3,0.00810563504807206
2024-06-26,Asset3,0.006466761726711425
2024-06-27,Asset3,0.007655482534486513
2024-06-28,Asset3,-0.0014662981659007103
2024-07-01,Asset3,0.005689303723038393
2024-07-02,Asset3,-0.0007797048026006515
2024-07-03,Asset3,0.007011998872031704
2024-07-04,Asset3,0.0006701832808350439
2024-07-05,Asset3,0.0009286086678446459
2024-07-08,Asset3,-0.00014104598182838047
2024-07-09,Asset3,0.004817093825453984
2024-07-10,Asset3,-0.004628947645677419
2024-07-11,Asset3,-0.0003634203562227612
2024-07-12,Asset3,0.007963876590130283
2024-07-15,Asset3,0.003588696495946948
2024-07-16,Asset3,0.0011125044584733247
2024-07-18,Asset3,0.00793741493316544
2024-07-19,Asset3,-0.011320063301132813
2024-07-22,Asset3,-0.0009178793232801397
2024-07-23,Asset3,-0.0012814422105939904
2024-07-24,Asset3,-0.002784945098942213
2024-07-25,Asset3,-0.0003152520634074918
2024-07-26,Asset3,0.018270022950685513
2024-07-29,Asset3,5.234579715391874e-05
2024-07-30,Asset3,0.0008877891092720525
2024-07-31,Asset3,0.003926556411290853
2024-08-01,Asset3,0.002490466332299732
2024-08-02,Asset3,-0.012191852911632876
2024-08-05,Asset3,-0.027857916210407778
2024-08-06,Asset3,-0.0027258011571012907
2024-08-07,Asset3,0.013218568979662209
2024-08-08,Asset3,-0.007725897726103508
2024-08-09,Asset3,0.010802338599328377
2024-08-12,Asset3,-0.0008749358777059602
2024-08-13,Asset3,-0.008884872879615537
2024-08-14,Asset3,0.0002046480798706618
2024-08-16,Asset3,0.01711815298990416
2024-08-19,Asset3,0.0013349007474610453
2024-08-20,Asset3,0.00534118971350658
2024-08-21,Asset3,0.003004334004359137
2024-08-22,Asset3,0.0017340519598037396
2024-08-23,Asset3,0.0004883383209397963
2024-08-26,Asset3,0.007853442630457917
2024-08-27,Asset3,0.0002973301866465583
2024-08-28,Asset3,0.0014383225409958912
2024-08-29,Asset3,0.004134685782575857
2024-08-30,Asset3,0.003471270476520889
2024-09-02,Asset3,0.0017637881177616067
2024-09-03,Asset3,4.732863189071069e-05
2024-09-04,Asset3,-0.0033384852977408654
2024-09-05,Asset3,-0.0022121615590586165
2024-09-06,Asset3,-0.012116364310858012
2024-09-09,Asset3,0.0035256506428132006
2024-09-10,Asset3,0.0043665960521285995
2024-09-11,Asset3,-0.005093881987604237
2024-09-12,Asset3,0.019634818140361967
2024-09-13,Asset3,-0.00132721014819702
2024-09-16,Asset3,0.0011176621379133068
2024-09-17,Asset3,0.0014258260698281333
2024-09-18,Asset3,-0.0016775149915884313
2024-09-19,Asset3,0.0015675271559062944
2024-09-20,Asset3,0.015350859032851237
2024-09-23,Asset3,0.005972080503652943
2024-09-24,Asset3,5.411122256703038e-05
2024-09-25,Asset3,0.00255585877633413
2024-09-26,Asset3,0.008474662811112185
2024-09-27,Asset3,-0.001471832097136323
2024-09-30,Asset3,-0.014623336886104319
2024-10-01,Asset3,-0.0005620577284186013
2024-10-03,Asset3,-0.022044230271426882
2024-10-04,Asset3,-0.009699763715350463
2024-10-07,Asset3,-0.009098830175346784
2024-10-08,Asset3,0.00911835319560801
2024-10-09,Asset3,-0.0012972863571060955
2024-10-10,Asset3,0.0006868959603487745
2024-10-11,Asset3,-0.0014227757565586164
2024-10-14,Asset3,0.0068196395846059415
2024-10-15,Asset3,-0.0029219891010927768
2024-10-16,Asset3,-0.0035714384260543764
2024-10-17,Asset3,-0.009222956415747925
2024-10-18,Asset3,0.00437858089888973
2024-10-21,Asset3,-0.0030525896731182114
2024-10-22,Asset3,-0.012967947551384144
2024-10-23,Asset3,-0.0015553873332314438
2024-10-24,Asset3,-0.0015364364858504766
2024-10-25,Asset3,-0.00931758937147289
2024-10-28,Asset3,0.006810510339992533
2024-10-29,Asset3,0.005456525201929487
2024-10-30,Asset3,-0.005355818263982402
2024-10-31,Asset3,-0.005789444586425816
2024-11-01,Asset3,0.0042536051600808025
2024-11-04,Asset3,-0.013222324611230905
2024-11-05,Asset3,0.009446381171351562
2024-11-06,Asset3,0.011629145590015728
2024-11-07,Asset3,-0.012093146734393533
2024-11-08,Asset3,-0.002198257684966505
2024-11-11,Asset3,-0.0002970977228989469
2024-11-12,Asset3,-0.011108168007594649
2024-11-13,Asset3,-0.01412586481583829
2024-11-14,Asset3,-0.0011632737351970235
2024-11-18,Asset3,-0.0034868237696515795
2024-11-19,Asset3,0.002868924662897037
2024-11-21,Asset3,-0.007455560250441131
2024-11-22,Asset3,0.024824242675687315
2024-11-25,Asset3,0.01368774770205686
2024-11-26,Asset3,-0.0011764727701146427
2024-11-27,Asset3,0.0034560088553183734
2024-11-28,Asset3,-0.015455470216672654
2024-11-29,Asset3,0.009434882018156667
2024-12-02,Asset3,0.006247092805146509
2024-12-03,Asset3,0.007758411590383929
2024-12-04,Asset3,0.0004379406872400082
2024-12-05,Asset3,0.010241738585400508
2024-12-06,Asset3,-0.0012879665719709888
2024-12-09,Asset3,-0.0024780495248370917
2024-12-10,Asset3,-0.0003780489662456077
2024-12-11,Asset3,0.001341728235081714
2024-12-12,Asset3,-0.003929324234845515
2024-12-13,Asset3,0.009303369720932474
2024-12-16,Asset3,-0.004201047678602565
2024-12-17,Asset3,-0.014007479249642749
2024-12-18,Asset3,-0.0058611278044872345
2024-12-19,Asset3,-0.01062184402974351
2024-12-20,Asset3,-0.015813791916837846
2024-12-23,Asset3,0.0073168918918918285
2024-12-24,Asset3,-0.0011295530599749527
2024-12-26,Asset3,0.0009883313713718778
2024-12-27,Asset3,0.00276752283821315
2024-12-30,Asset3,-0.007358881853302623
2024-12-31,Asset3,-4.381230129508751e-06
2007-09-18,Asset4,0.012845567369973134
2007-09-19,Asset4,0.04585981295763606
2007-09-20,Asset4,0.003597297647828555
2007-09-21,Asset4,0.02123200474916029
2007-09-24,Asset4,0.02191366327583435
2007-09-25,Asset4,0.0015100544037280985
2007-09-26,Asset4,0.0003741540213736983
2007-09-27,Asset4,0.013613152767938567
2007-09-28,Asset4,0.004658753344114679
2007-10-01,Asset4,0.010617086707394351
2007-10-03,Asset4,0.03134210366614287
2007-10-04,Asset4,-0.00046209616858318376
2007-10-05,Asset4,-0.004902572015544742
2007-10-08,Asset4,-0.021759209748657863
2007-10-09,Asset4,0.053333835208081916
2007-10-10,Asset4,0.024009426768032187
2007-10-11,Asset4,0.017165992019088246
2007-10-12,Asset4,-0.01958281355378267
2007-10-15,Asset4,0.04996230656749404
2007-10-16,Asset4,-0.00046418408230998416
2007-10-17,Asset4,-0.021488872574703034
2007-10-18,Asset4,-0.04196495771882809
2007-10-19,Asset4,-0.02840295622313585
2007-10-22,Asset4,-0.006721719280355086
2007-10-23,Asset4,0.06258954836998457
2007-10-24,Asset4,0.004593542024192843
2007-10-25,Asset4,0.014835171815497612
2007-10-26,Asset4,0.026818620612860188
2007-10-29,Asset4,0.039989498480516555
2007-10-30,Asset4,-0.007045139828476917
2007-10-31,Asset4,0.006087819488817772
2007-11-01,Asset4,-0.006491432725026734
2007-11-02,Asset4,0.012590863199353564
2007-11-05,Asset4,-0.016066366216705073
2007-11-06,Asset4,-0.01164567980513171
2007-11-07,Asset4,-0.0008032300397476533
2007-11-08,Asset4,-0.016192743053201168
2007-11-12,Asset4,-0.01604700866418069
2007-11-13,Asset4,0.01561228743041106
2007-11-14,Asset4,0.047687608360605475
2007-11-15,Asset4,-0.004866330137797466
2007-11-16,Asset4,-0.0009945704407696356
2007-11-19,Asset4,0.0001516512583171803
2007-11-20,Asset4,-0.02402985998606319
2007-11-21,Asset4,-0.042594079388084564
2007-11-22,Asset4,-0.008398355259403145
2007-11-23,Asset4,0.01811082794737871
2007-11-26,Asset4,0.02458226776279073
2007-11-27,Asset4,-0.006555878159107316
2007-11-28,Asset4,-0.015842354259207738
2007-11-29,Asset4,0.003399405219169687
2007-11-30,Asset4,0.025472595772094063
2007-12-03,Asset4,0.019872456726389275
2007-12-04,Asset4,-0.0012698875745950034
2007-12-05,Asset4,0.015609837087337264
2007-12-06,Asset4,0.00277175399831652
2007-12-07,Asset4,0.0036864261474120145
2007-12-10,Asset4,-0.0025682795267423764
2007-12-11,Asset4,0.025676590966936357
2007-12-12,Asset4,0.011397889417360219
2007-12-13,Asset4,-0.018402038457153883
2007-12-14,Asset4,-0.00192269695733593
2007-12-17,Asset4,-0.0501321508934908
2007-12-18,Asset4,-0.006727405011251513
2007-12-19,Asset4,0.0017261567163226845
2007-12-20,Asset4,0.0029893342491375922
2007-12-24,Asset4,0.04245766225179907
2007-12-26,Asset4,0.016027783839833276
2007-12-27,Asset4,0.0019832804842893383
2007-12-28,Asset4,-0.00033146119378443475
2007-12-31,Asset4,0.01085051704948576
2008-01-01,Asset4,0.0010490991264373408
2008-01-02,Asset4,0.006388923258942257
2008-01-03,Asset4,-0.00015407796712407776
2008-01-04,Asset4,0.01735682375152809
2008-01-07,Asset4,0.0008568809735522721
2008-01-08,Asset4,0.0015607332018258192
2008-01-09,Asset4,-0.0028232399149619174
2008-01-10,Asset4,-0.020544607979910715
2008-01-11,Asset4,0.00784932297516278
2008-01-14,Asset4,0.0012102501180321214
2008-01-15,Asset4,-0.023918248682337585
2008-01-16,Asset4,-0.025537309132814788
2008-01-17,Asset4,-0.004254859326959526
2008-01-18,Asset4,-0.03937773621880469
2008-01-21,Asset4,-0.09746727061444203
2008-01-22,Asset4,-0.06654891971237827
2008-01-23,Asset4,0.06951852773923567
2008-01-24,Asset4,-0.036580634863229364
2008-01-25,Asset4,0.07785671366927474
2008-01-28,Asset4,-0.022729340982907992
2008-01-29,Asset4,0.0014227397539031017
2008-01-30,Asset4,-0.02400842231558576
2008-01-31,Asset4,-0.006534540209548255
2008-02-01,Asset4,0.03919761235519879
2008-02-04,Asset4,0.030805397526917064
2008-02-05,Asset4,0.004181914638052504
2008-02-06,Asset4,-0.032953210779388266
2008-02-07,Asset4,-0.039833498798504514
2008-02-08,Asset4,-0.0028145698387960576
2008-02-11,Asset4,-0.057603894997338
2008-02-12,Asset4,-0.0043236565781346855
2008-02-13,Asset4,0.021111810830362183
2008-02-14,Asset4,0.06192491437285896
2008-02-15,Asset4,0.021723931300461356
2008-02-18,Asset4,-0.005491335031070417
2008-02-19,Asset4,0.0008277380101638699
2008-02-20,Asset4,-0.026797373074886707
2008-02-21,Asset4,0.0081156206607724
2008-02-22,Asset4,-0.017484453304235963
2008-02-25,Asset4,0.01971221811867146
2008-02-26,Asset4,0.01493482792374895
2008-02-27,Asset4,-0.00035064006859226283
2008-02-28,Asset4,0.0035502655638725146
2008-02-29,Asset4,-0.013054078087488891
2008-03-03,Asset4,-0.05799942567244181
2008-03-04,Asset4,-0.02006864526549567
2008-03-05,Asset4,0.01315884064860974
2008-03-07,Asset4,-0.03409106851286339
2008-03-10,Asset4,0.0067599506643155755
2008-03-11,Asset4,0.015282060139236081
2008-03-12,Asset4,0.0014040793095043114
2008-03-13,Asset4,-0.05710342582614946
2008-03-14,Asset4,0.029601104979727354
2008-03-17,Asset4,-0.057276683185522356
2008-03-18,Asset4,0.00743663029885326
2008-03-19,Asset4,0.010117851036840904
2008-03-24,Asset4,0.008790627118372748
2008-03-25,Asset4,0.06502768729451937
2008-03-26,Asset4,-0.011171274346489
2008-03-27,Asset4,0.000324692337366308
2008-03-28,Asset4,0.02591170229284199
2008-03-31,Asset4,-0.047025495750708246
2008-04-01,Asset4,0.0011945889217447104
2008-04-02,Asset4,0.0034620244909698886
2008-04-03,Asset4,0.004099089189431773
2008-04-04,Asset4,-0.029246396705278496
2008-04-07,Asset4,0.027524041047987995
2008-04-08,Asset4,-0.012126423119498906
2008-04-09,Asset4,0.0088940561386854
2008-04-10,Asset4,-0.003314854888284842
2008-04-11,Asset4,0.010601263733361536
2008-04-15,Asset4,0.02387544770358197
2008-04-16,Asset4,0.0017558412583830575
2008-04-17,Asset4,0.016293682106144482
2008-04-21,Asset4,0.0177541366385935
2008-04-22,Asset4,0.002734917857851791
2008-04-23,Asset4,-0.005878042728309954
2008-04-24,Asset4,-0.005117399234389613
2008-04-25,Asset4,0.025055173040832383
2008-04-28,Asset4,-0.004831333447068556
2008-04-29,Asset4,0.023292782735489903
2008-04-30,Asset4,-0.006380927605620298
2008-05-02,Asset4,0.013507100300829153
2008-05-05,Asset4,-0.007701353667768879
2008-05-06,Asset4,-0.010267631445904951
2008-05-07,Asset4,-0.0019919510208714544
2008-05-08,Asset4,-0.011733186885405474
2008-05-09,Asset4,-0.021841530414836774
2008-05-12,Asset4,0.006754662343026788
2008-05-13,Asset4,-0.012255415912106004
2008-05-14,Asset4,0.012187708485701663
2008-05-15,Asset4,0.023129645333466266
2008-05-16,Asset4,0.009294603147451213
2008-05-20,Asset4,-0.011454717754570895
2008-05-21,Asset4,0.0027862508605980456
2008-05-22,Asset4,-0.02017794766064551
2008-05-23,Asset4,-0.017584183320019008
2008-05-26,Asset4,-0.01618906170197942
2008-05-27,Asset4,-0.003503553950069769
2008-05-28,Asset4,0.013493627466248414
2008-05-29,Asset4,-0.018912099846110007
2008-05-30,Asset4,0.008060788306697228
2008-06-02,Asset4,-0.030011703469984143
2008-06-03,Asset4,-0.005600518652011691
2008-06-04,Asset4,-0.030945478969447892
2008-06-05,Asset4,0.022311607466009173
2008-06-06,Asset4,-0.011770156875985675
2008-06-09,Asset4,-0.030699591273610365
2008-06-10,Asset4,-0.012728076298125474
2008-06-11,Asset4,0.018575291418263088
2008-06-12,Asset4,0.0038995489475604477
2008-06-13,Asset4,-0.005489772646720273
2008-06-16,Asset4,0.013736222196447231
2008-06-17,Asset4,0.019717878622197847
2008-06-18,Asset4,-0.016993790968192556
2008-06-19,Asset4,-0.019100884359794144
2008-06-20,Asset4,-0.038964138036299015
2008-06-23,Asset4,-0.020905543284864766
2008-06-24,Asset4,-0.019767434647574852
2008-06-25,Asset4,0.016448135249394407
2008-06-26,Asset4,0.016644732196503753
2008-06-27,Asset4,-0.046503982809549815
2008-06-30,Asset4,-0.026019082706640904
2008-07-01,Asset4,-0.03985993311336685
2008-07-02,Asset4,0.05650660406107648
2008-07-03,Asset4,-0.04585781936474952
2008-07-04,Asset4,0.02574794625230844
2008-07-07,Asset4,0.003904382470119643
2008-07-08,Asset4,-0.011519589407568188
2008-07-09,Asset4,0.047329493770039234
2008-07-10,Asset4,0.001374061061993821
2008-07-11,Asset4,-0.030460865119555102
2008-07-14,Asset4,-0.002572500540256897
2008-07-15,Asset4,-0.049516508244497916
2008-07-16,Asset4,-0.01287927347252298
2008-07-17,Asset4,0.03829486254352361
2008-07-18,Asset4,0.04115729040766454
2008-07-21,Asset4,0.01840552263424762
2008-07-22,Asset4,0.021702634781824808
2008-07-23,Asset4,0.06252297487541338
2008-07-24,Asset4,-0.010820229206872334
2008-07-25,Asset4,-0.03074368798809678
2008-07-28,Asset4,0.005259923115677766
2008-07-29,Asset4,-0.03677662020925958
2008-07-30,Asset4,0.033066498477475295
2008-07-31,Asset4,0.0050372520276426875
2008-08-01,Asset4,0.02083374108422902
2008-08-04,Asset4,-0.00461843023802544
2008-08-05,Asset4,0.027392584737266114
2008-08-06,Asset4,0.003656278027902609
2008-08-07,Asset4,0.0015619812575565818
2008-08-08,Asset4,0.00139878432936559
2008-08-11,Asset4,0.0224766289049564
2008-08-12,Asset4,-0.016519758514037267
2008-08-13,Asset4,-0.0057079946729639815
2008-08-14,Asset4,-0.024321119716103505
2008-08-18,Asset4,-0.009517330363406719
2008-08-19,Asset4,-0.006322664773880434
2008-08-20,Asset4,0.012178790133348515
2008-08-21,Asset4,-0.03345476773481295
2008-08-22,Asset4,0.011399117210407718
2008-08-25,Asset4,0.0020445967545934
2008-08-26,Asset4,0.0005554085761842843
2008-08-27,Asset4,-0.011722856628242103
2008-08-28,Asset4,-0.02037979249895994
2008-08-29,Asset4,0.03880398671096334
2008-09-01,Asset4,-0.002915621416284378
2008-09-02,Asset4,0.040010604045459
2008-09-04,Asset4,-0.01398756660745999
2008-09-05,Asset4,-0.02403557276150867
2008-09-08,Asset4,0.03345357777127092
2008-09-09,Asset4,-0.0033981579019036093
2008-09-10,Asset4,-0.017155820574049248
2008-09-11,Asset4,-0.027985732344753152
2008-09-12,Asset4,-0.016146089003923517
2008-09-15,Asset4,-0.04120098856033103
2008-09-16,Asset4,0.0005499766882832092
2008-09-17,Asset4,-0.018318950750683474
2008-09-18,Asset4,0.008354741002931335
2008-09-19,Asset4,0.057440192906255065
2008-09-22,Asset4,-0.005856950415169884
2008-09-23,Asset4,-0.02550002855885538
2008-09-24,Asset4,0.009322278292514774
2008-09-25,Asset4,-0.013645952237909285
2008-09-26,Asset4,-0.03414039189841877
2008-09-29,Asset4,-0.03799609693557491
2008-09-30,Asset4,0.020697884342894463
2008-10-01,Asset4,0.008440287437423031
2008-10-03,Asset4,-0.03754829976903116
2008-10-06,Asset4,-0.0633433575726272
2008-10-07,Asset4,0.001321359632173831
2008-10-08,Asset4,-0.02886491874096388
2008-10-10,Asset4,-0.07449346195188832
2008-10-13,Asset4,0.07196451272546593
2008-10-14,Asset4,0.008967813261059804
2008-10-15,Asset4,-0.057374278658848456
2008-10-16,Asset4,-0.02318231434261863
2008-10-17,Asset4,-0.0667861444503282
2008-10-20,Asset4,0.017650541932055435
2008-10-21,Asset4,0.04020489111514376
2008-10-22,Asset4,-0.05877152485066212
2008-10-23,Asset4,-0.0445785701689562
2008-10-24,Asset4,-0.13667258004924376
2008-10-27,Asset4,-0.02591952580785602
2008-10-29,Asset4,0.07669444303931766
2008-10-31,Asset4,0.07829890097117642
2008-11-03,Asset4,0.061422232465253336
2008-11-04,Asset4,0.036151583182342156
2008-11-05,Asset4,-0.05245159572905822
2008-11-06,Asset4,-0.03825641715403898
2008-11-07,Asset4,0.031110612211344455
2008-11-10,Asset4,0.06602085435586957
2008-11-11,Asset4,-0.07456590466926066
2008-11-12,Asset4,-0.034377672968776314
2008-11-14,Asset4,-0.014980721679854182
2008-11-17,Asset4,-0.0043041095476281125
2008-11-18,Asset4,-0.04656754185090256
2008-11-19,Asset4,-0.02009872447972203
2008-11-20,Asset4,-0.03479017433586332
2008-11-21,Asset4,0.06154595722846193
2008-11-24,Asset4,0.006154209281032942
2008-11-25,Asset4,-0.022435151850826236
2008-11-26,Asset4,0.0414619442351167
2008-11-28,Asset4,0.001159818103370043
2008-12-01,Asset4,-0.02935073713611738
2008-12-02,Asset4,-0.01047815310326776
2008-12-03,Asset4,-0.0005689327064565397
2008-12-04,Asset4,0.0554635161195127
2008-12-05,Asset4,-0.029566753721305565
2008-12-08,Asset4,0.028717990045494947
2008-12-10,Asset4,0.0580316091954024
2008-12-11,Asset4,-0.003098133484162862
2008-12-12,Asset4,0.0004603252555359561
2008-12-15,Asset4,0.02294549906609234
2008-12-16,Asset4,0.02274790547371449
2008-12-17,Asset4,-0.032181438522232306
2008-12-18,Asset4,0.04033641467188954
2008-12-19,Asset4,0.006129216695254414
2008-12-22,Asset4,-0.013902175568643376
2008-12-23,Asset4,-0.026034995818530613
2008-12-24,Asset4,-0.01954281682194875
2008-12-26,Asset4,-0.02288499824815702
2008-12-29,Asset4,0.02545942613089512
2008-12-30,Asset4,0.021961554910629604
2008-12-31,Asset4,-0.007649642347709343
2009-01-02,Asset4,0.03315550499732766
2009-01-05,Asset4,0.027460062464101116
2009-01-06,Asset4,-0.003103650795798512
2009-01-07,Asset4,-0.06922647156331957
2009-01-09,Asset4,-0.018178294891187507
2009-01-12,Asset4,-0.038944619082840276
2009-01-13,Asset4,-0.01136928453796049
2009-01-14,Asset4,0.036864828567019683
2009-01-15,Asset4,-0.03894900274157703
2009-01-16,Asset4,0.037548873399876156
2009-01-19,Asset4,0.007028584681784303
2009-01-20,Asset4,-0.019517896455105817
2009-01-21,Asset4,-0.03622406322409138
2009-01-22,Asset4,0.003166182351938112
2009-01-23,Asset4,-0.014547866198561101
2009-01-27,Asset4,0.03880310346747962
2009-01-28,Asset4,0.03158312286095598
2009-01-29,Asset4,-0.010042482782067062
2009-01-30,Asset4,0.02016753496334676
2009-02-02,Asset4,-0.042134465703754335
2009-02-03,Asset4,0.006983174843926997
2009-02-04,Asset4,0.007704358926282816
2009-02-05,Asset4,-0.009189989315663354
2009-02-06,Asset4,0.025401001221998457
2009-02-09,Asset4,0.030254221904078595
2009-02-10,Asset4,0.005600229433164579
2009-02-11,Asset4,-0.0033586828037144305
2009-02-12,Asset4,-0.012498851979114553
2009-02-13,Asset4,0.02140856661383655
2009-02-16,Asset4,-0.037930403673532356
2009-02-17,Asset4,-0.030668773038441288
2009-02-18,Asset4,0.0022840247698972505
2009-02-19,Asset4,0.0053254396448544844
2009-02-20,Asset4,-0.021240848939071296
2009-02-24,Asset4,-0.0010437079933717543
2009-02-25,Asset4,0.01171663576546422
2009-02-26,Asset4,0.009385661764705802
2009-02-27,Asset4,-0.008845332638271818
2009-03-02,Asset4,-0.036088428264889054
2009-03-03,Asset4,-0.021859050555345462
2009-03-04,Asset4,0.009737666122042335
2009-03-05,Asset4,-0.029003478533262312
2009-03-06,Asset4,0.018886151369843385
2009-03-09,Asset4,-0.02009045358546585
2009-03-12,Asset4,0.019282224732537757
2009-03-13,Asset4,0.04355997509578096
2009-03-16,Asset4,0.023888939965063936
2009-03-17,Asset4,-0.007984896817895352
2009-03-18,Asset4,0.015129921028038852
2009-03-19,Asset4,0.004989424824175757
2009-03-20,Asset4,-3.983967418573542e-05
2009-03-23,Asset4,0.05300647774328674
2009-03-24,Asset4,-0.00045713982011038825
2009-03-25,Asset4,0.01739822537585429
2009-03-26,Asset4,0.03674096102568921
2009-03-27,Asset4,0.009592956646930056
2009-03-30,Asset4,-0.04701719543580749
2009-03-31,Asset4,0.016095917351163287
2009-04-01,Asset4,0.014607380054536066
2009-04-02,Asset4,0.05515184208557127
2009-04-06,Asset4,0.015887654789472485
2009-04-08,Asset4,0.02969717897113082
2009-04-09,Asset4,-0.00030149737199828056
2009-04-13,Asset4,0.013589280239362369
2009-04-15,Asset4,0.03362377401005976
2009-04-16,Asset4,-0.036854869688190316
2009-04-17,Asset4,0.004952631139635067
2009-04-20,Asset4,-0.00241572553064378
2009-04-21,Asset4,-0.003913432917393234
2009-04-22,Asset4,-0.011648292702355116
2009-04-23,Asset4,0.03141095069250895
2009-04-24,Asset4,0.01866286637227944
2009-04-27,Asset4,-0.003459024635495212
2009-04-28,Asset4,-0.03474578980547552
2009-04-29,Asset4,0.037173950453471966
2009-05-04,Asset4,0.05804805985171858
2009-05-05,Asset4,0.0024214260057470586
2009-05-06,Asset4,-0.011270607345406775
2009-05-07,Asset4,0.018182324395440406
2009-05-08,Asset4,-0.019214405165424327
2009-05-11,Asset4,-0.02044682987706253
2009-05-12,Asset4,0.03985821079941396
2009-05-13,Asset4,-0.01395020727844255
2009-05-14,Asset4,-0.012878359036517415
2009-05-15,Asset4,0.02437321974776282
2009-05-18,Asset4,0.19873354470267396
2009-05-19,Asset4,-0.0012175547908126385
2009-05-20,Asset4,-0.012487914659415776
2009-05-21,Asset4,-0.01557920840873342
2009-05-22,Asset4,0.007340974635325602
2009-05-25,Asset4,-0.0002510838150288741
2009-05-26,Asset4,-0.03194099626871088
2009-05-27,Asset4,0.04335306289809929
2009-05-28,Asset4,0.015990535949802195
2009-05-29,Asset4,0.028883840943098458
2009-06-01,Asset4,0.020378666403261792
2009-06-02,Asset4,-0.0011496701333964588
2009-06-03,Asset4,0.001348924092591588
2009-06-04,Asset4,0.010370068609617854
2009-06-05,Asset4,0.003490317505352785
2009-06-08,Asset4,-0.03833525992362551
2009-06-09,Asset4,0.030604828802851716
2009-06-10,Asset4,0.025668437630963582
2009-06-11,Asset4,-0.004222282637881918
2009-06-12,Asset4,-0.013113466926229764
2009-06-15,Asset4,-0.024289368808528347
2009-06-16,Asset4,0.008442413302854704
2009-06-17,Asset4,-0.04007435000487439
2009-06-18,Asset4,-0.02693203921584008
2009-06-19,Asset4,0.016386183457264177
2009-06-22,Asset4,-0.020343125785507878
2009-06-23,Asset4,0.003107254589457469
2009-06-24,Asset4,0.012117781669413824
2009-06-25,Asset4,-0.013331649977559012
2009-06-26,Asset4,0.03528834993667207
2009-06-29,Asset4,0.00395479802308298
2009-06-30,Asset4,-0.025468771997091848
2009-07-01,Asset4,0.012998014490611496
2009-07-02,Asset4,0.002051237980676035
2009-07-03,Asset4,0.019418441364652282
2009-07-06,Asset4,-0.06545194807029443
2009-07-07,Asset4,0.009799954380043411
2009-07-08,Asset4,-0.03284985143509708
2009-07-09,Asset4,0.0005629102803381869
2009-07-10,Asset4,-0.02114607033166859
2009-07-13,Asset4,-0.008349818115565366
2009-07-14,Asset4,0.03870908369230588
2009-07-15,Asset4,0.033261690086883254
2009-07-16,Asset4,-0.0005555945139955477
2009-07-17,Asset4,0.03799601357365131
2009-07-20,Asset4,0.0325891209922256
2009-07-21,Asset4,-0.00824651910156037
2009-07-22,Asset4,-0.017592852483038615
2009-07-23,Asset4,0.03178797255661511
2009-07-24,Asset4,0.011091634429400444
2009-07-27,Asset4,0.0009193289292131724
2009-07-28,Asset4,-0.0020085454294980743
2009-07-29,Asset4,-0.012416929550713045
2009-07-30,Asset4,0.01438001966323242
2009-07-31,Asset4,0.015924924671529297
2009-08-03,Asset4,0.018105159839712715
2009-08-04,Asset4,-0.007345564236180327
2009-08-05,Asset4,0.003266294332870459
2009-08-06,Asset4,-0.025923307341387255
2009-08-07,Asset4,-0.02542625872314906
2009-08-10,Asset4,-0.010934083337301193
2009-08-11,Asset4,0.008505452115559003
2009-08-12,Asset4,-0.0034692227260690526
2009-08-13,Asset4,0.03706113292204151
2009-08-14,Asset4,-0.006068234256243184
2009-08-17,Asset4,-0.046988111440347875
2009-08-18,Asset4,0.018122564727952303
2009-08-19,Asset4,-0.016276611460116348
2009-08-20,Asset4,0.01512758196165237
2009-08-21,Asset4,0.018949703892237654
2009-08-24,Asset4,0.02819289999700278
2009-08-25,Asset4,0.003992489210128092
2009-08-26,Asset4,0.0051681027386442585
2009-08-27,Asset4,0.0017586782749403442
2009-08-28,Asset4,0.010547307829226435
2009-08-31,Asset4,-0.016625988858890058
2009-09-01,Asset4,-0.008828639269391073
2009-09-02,Asset4,-0.004116445155070068
2009-09-03,Asset4,-0.003597020142508356
2009-09-04,Asset4,0.021175803792469597
2009-09-07,Asset4,0.024527818646973537
2009-09-08,Asset4,0.005233667834598422
2009-09-09,Asset4,0.0020977056344623794
2009-09-10,Asset4,0.0011980870592512717
2009-09-11,Asset4,0.0023587772036662005
2009-09-14,Asset4,-0.004858355918025037
2009-09-15,Asset4,0.01944848773046914
2009-09-16,Asset4,0.015178712570819004
2009-09-17,Asset4,0.0016150150820256927
2009-09-18,Asset4,0.0023683178021692798
2009-09-22,Asset4,0.009937287495277723
2009-09-23,Asset4,-0.011210708300547535
2009-09-24,Asset4,0.003740794528994407
2009-09-25,Asset4,-0.00619898801992159
2009-09-29,Asset4,0.010818396739638773
2009-09-30,Asset4,0.01724679343114783
2009-10-01,Asset4,-0.0001212301657809789
2009-10-05,Asset4,-0.01766999913455278
2009-10-06,Asset4,0.005417267112436086
2009-10-07,Asset4,-0.009278730861106387
2009-10-08,Asset4,0.003706563706563664
2009-10-09,Asset4,-0.012773408216302667
2009-10-12,Asset4,0.024697843651662662
2009-10-14,Asset4,0.01417108745115499
2009-10-15,Asset4,-0.002046053099796801
2009-10-16,Asset4,0.00730023009817991
2009-10-20,Asset4,-0.006033210323343497
2009-10-21,Asset4,-0.011135529177153335
2009-10-22,Asset4,-0.01658898775179351
2009-10-23,Asset4,0.0018970596339133296
2009-10-26,Asset4,-0.005861036365402371
2009-10-27,Asset4,-0.027983599470472884
2009-10-28,Asset4,-0.004748865660653046
2009-10-29,Asset4,-0.017544442482791515
2009-10-30,Asset4,-0.009159268777072037
2009-11-03,Asset4,-0.03513303505381897
2009-11-04,Asset4,0.03604984643517458
2009-11-05,Asset4,0.013016897881965372
2009-11-06,Asset4,0.0071916380647809326
2009-11-09,Asset4,0.02387748555232541
2009-11-10,Asset4,-0.003818322768226974
2009-11-11,Asset4,0.028047605244474635
2009-11-12,Asset4,-0.011482194243024822
2009-11-13,Asset4,0.01047042071365869
2009-11-16,Asset4,0.01324109261221839
2009-11-17,Asset4,0.0009300459528177286
2009-11-18,Asset4,-0.0016703602647044492
2009-11-19,Asset4,-0.014557583220907624
2009-11-20,Asset4,0.014244180948085728
2009-11-23,Asset4,0.01132748672180828
2009-11-24,Asset4,-0.0028529162165963663
2009-11-25,Asset4,0.003872294768012701
2009-11-26,Asset4,-0.022495837352438566
2009-11-27,Asset4,-0.014275311212183813
2009-11-30,Asset4,0.02061298502554767
2009-12-01,Asset4,0.019873184844818717
2009-12-02,Asset4,0.00027333073018350975
2009-12-03,Asset4,0.0018473076172350745
2009-12-04,Asset4,-0.0049761925196499315
2009-12-07,Asset4,-0.009251242494165394
2009-12-08,Asset4,0.01796040746286682
2009-12-09,Asset4,-0.007821407982280563
2009-12-10,Asset4,0.00496241991881842
2009-12-11,Asset4,-0.003784505223253874
2009-12-14,Asset4,-0.002538753443388231
2009-12-15,Asset4,-0.015936783278952336
2009-12-16,Asset4,0.002002761822585626
2009-12-17,Asset4,-6.659617873824076e-05
2009-12-18,Asset4,-0.012006898646303306
2009-12-21,Asset4,-0.007881810821738233
2009-12-22,Asset4,0.007519282652686457
2009-12-23,Asset4,0.0356609197062663
2009-12-24,Asset4,0.007358352550521091
2009-12-29,Asset4,0.002065566261145442
2009-12-30,Asset4,-0.00399387026088288
2009-12-31,Asset4,0.006846291416462905
2010-01-04,Asset4,0.006707960663740629
2010-01-05,Asset4,0.00978243759114097
2010-01-06,Asset4,0.0008275811792225697
2010-01-07,Asset4,-0.003965252877705226
2010-01-08,Asset4,-0.0039049436631752245
2010-01-11,Asset4,0.0009929721388053636
2010-01-12,Asset4,-0.00832095112062195
2010-01-13,Asset4,0.005062246395547376
2010-01-14,Asset4,0.005552913342780706
2010-01-15,Asset4,-0.0016395125449359506
2010-01-18,Asset4,0.0048299550058355225
2010-01-19,Asset4,-0.01044659425951915
2010-01-20,Asset4,-0.0008465304713612554
2010-01-21,Asset4,-0.027358201884750372
2010-01-22,Asset4,-0.012784839840507161
2010-01-25,Asset4,-0.006249426007744284
2010-01-27,Asset4,-0.03462045660474536
2010-01-28,Asset4,0.003265519009726035
2010-01-29,Asset4,0.0034055742462374998
2010-02-01,Asset4,0.004049208486365572
2010-02-02,Asset4,-0.015909567170982495
2010-02-03,Asset4,0.02359371393882672
2010-02-04,Asset4,-0.019643743844939634
2010-02-05,Asset4,-0.02928668019647143
2010-02-08,Asset4,0.009909614183661725
2010-02-09,Asset4,0.0075875978365212765
2010-02-10,Asset4,-0.008284283785382202
2010-02-11,Asset4,0.016397857441834172
2010-02-15,Asset4,-0.005777658319768673
2010-02-16,Asset4,0.012548189547825644
2010-02-17,Asset4,0.013435617566802272
2010-02-18,Asset4,-0.0059829059829059625
2010-02-19,Asset4,-0.00981885517364841
2010-02-22,Asset4,0.0026584656565905363
2010-02-23,Asset4,0.0031479884137264238
2010-02-24,Asset4,-0.0026331705812653186
2010-02-25,Asset4,0.0002650744245488923
2010-02-26,Asset4,0.01441551134317603
2010-03-02,Asset4,0.0215476957841932
2010-03-03,Asset4,0.015872455526210808
2010-03-04,Asset4,-0.001727974923105329
2010-03-05,Asset4,0.0018629435067172653
2010-03-08,Asset4,0.007769328066609021
2010-03-09,Asset4,-0.00491803278688522
2010-03-10,Asset4,0.003238263255905203
2010-03-11,Asset4,0.0037542908624481446
2010-03-12,Asset4,0.0007854656663625548
2010-03-15,Asset4,-0.0017660325822463998
2010-03-16,Asset4,0.01511127536620137
2010-03-17,Asset4,0.007282618752776245
2010-03-18,Asset4,0.0029969992340595653
2010-03-19,Asset4,0.0036081303450993833
2010-03-22,Asset4,-0.01225803087598747
2010-03-23,Asset4,0.004324821650524058
2010-03-25,Asset4,0.007523416998912538
2010-03-26,Asset4,0.00459891069578589
2010-03-29,Asset4,0.004421073338697355
2010-03-30,Asset4,-0.008532749331345199
2010-03-31,Asset4,-0.0028412828283522276
2010-04-01,Asset4,0.00883349331549301
2010-04-05,Asset4,0.016491426259332764
2010-04-06,Asset4,-0.0005006874811666685
2010-04-07,Asset4,0.0018054212868058174
2010-04-08,Asset4,-0.014628612710330008
2010-04-09,Asset4,0.012098479368646303
2010-04-12,Asset4,-0.004605918077120298
2010-04-13,Asset4,-0.003513305862465526
2010-04-15,Asset4,-0.010383735963502618
2010-04-16,Asset4,-0.0023361650052826735
2010-04-19,Asset4,-0.01254593119842122
2010-04-20,Asset4,0.005692969224669967
2010-04-21,Asset4,0.003169304782030409
2010-04-22,Asset4,0.005221113702811274
2010-04-23,Asset4,0.007386110104415309
2010-04-26,Asset4,0.00387475895940991
2010-04-27,Asset4,-0.002967075086753841
2010-04-28,Asset4,-0.019600796614929198
2010-04-29,Asset4,0.008310629044824616
2010-04-30,Asset4,0.0050840021452536995
2010-05-03,Asset4,-0.011724137931034485
2010-05-04,Asset4,-0.015922646115552157
2010-05-05,Asset4,-0.0051339437457512465
2010-05-06,Asset4,-0.007441273386151366
2010-05-07,Asset4,-0.016016250048795942
2010-05-10,Asset4,0.03918182078251502
2010-05-11,Asset4,-0.012389136156061957
2010-05-12,Asset4,0.004470274512338968
2010-05-13,Asset4,0.004832594896286083
2010-05-14,Asset4,-0.018468766036917224
2010-05-17,Asset4,-0.007388261387061963
2010-05-18,Asset4,0.0013945588373658426
2010-05-19,Asset4,-0.03239831072543618
2010-05-20,Asset4,0.006363098873171076
2010-05-21,Asset4,-0.0037238698331192315
2010-05-24,Asset4,0.0029072991916522643
2010-05-25,Asset4,-0.031081263499720006
2010-05-26,Asset4,0.025782054532688507
2010-05-27,Asset4,0.01951930301707865
2010-05-28,Asset4,0.014203927662428733
2010-05-31,Asset4,0.0043658901723486925
2010-06-01,Asset4,-0.025565060553482087
2010-06-02,Asset4,0.011188259715865137
2010-06-03,Asset4,0.020225283355055305
2010-06-04,Asset4,0.005478915957342814
2010-06-07,Asset4,-0.022136111381559707
2010-06-08,Asset4,-0.010434622690703197
2010-06-09,Asset4,0.002964382423755261
2010-06-10,Asset4,0.017538214017245545
2010-06-11,Asset4,0.008986728453193857
2010-06-14,Asset4,0.01714125967184295
2010-06-15,Asset4,0.005311558879424752
2010-06-16,Asset4,0.0023590911696113183
2010-06-17,Asset4,0.008881500211655187
2010-06-18,Asset4,-0.0026010217818504345
2010-06-21,Asset4,0.01930294341009127
2010-06-22,Asset4,-0.007688715652345764
2010-06-23,Asset4,0.0013903959610202321
2010-06-24,Asset4,-0.0005364833420795634
2010-06-25,Asset4,-0.010851469207473948
2010-06-28,Asset4,0.01369966529558763
2010-06-29,Asset4,-0.01624301291365894
2010-06-30,Asset4,0.012007288708957412
2010-07-01,Asset4,-0.012881338235294157
2010-07-02,Asset4,-0.0030498117735904633
2010-07-05,Asset4,-0.0002566723425053219
2010-07-06,Asset4,0.011369180415071335
2010-07-07,Asset4,-0.010153746676275227
2010-07-08,Asset4,0.011913529380582304
2010-07-09,Asset4,0.011756441701560335
2010-07-12,Asset4,0.0063925454701036
2010-07-13,Asset4,0.003672281371911659
2010-07-14,Asset4,-0.0030070455026073974
2010-07-15,Asset4,-0.0015387411741721914
2010-07-16,Asset4,0.0031546159656054232
2010-07-19,Asset4,-0.0015468718415360707
2010-07-20,Asset4,-0.003836333392255718
2010-07-21,Asset4,0.006541003981929877
2010-07-22,Asset4,0.008836639319926754
2010-07-23,Asset4,0.0014715111931560899
2010-07-26,Asset4,-0.006268925031252871
2010-07-27,Asset4,0.002480345431989619
2010-07-28,Asset4,-0.006816250038550145
2010-07-29,Asset4,0.002355162960045405
2010-07-30,Asset4,-0.00855179095289902
2010-08-02,Asset4,0.0133645912409391
2010-08-03,Asset4,0.0016289508315295012
2010-08-04,Asset4,0.005827013128492028
2010-08-05,Asset4,-0.004250299401946177
2010-08-06,Asset4,-0.0016140899225962004
2010-08-09,Asset4,0.00965719366180988
2010-08-10,Asset4,-0.0051955692757908
2010-08-11,Asset4,-0.008224606326777037
2010-08-12,Asset4,-0.0008574494597027283
2010-08-13,Asset4,0.007371597482711856
2010-08-16,Asset4,-0.006943439674057644
2010-08-17,Asset4,-0.0008578134825576101
2010-08-18,Asset4,0.013446247575909533
2010-08-19,Asset4,0.012479368030385808
2010-08-20,Asset4,-0.0019306753813788371
2010-08-23,Asset4,0.0026022456002686312
2010-08-24,Asset4,-0.007758255727428481
2010-08-25,Asset4,-0.00869738953890856
2010-08-26,Asset4,0.003188331201523127
2010-08-27,Asset4,-0.01414842791155044
2010-08-30,Asset4,0.0013977480220759022
2010-08-31,Asset4,-0.002699005179228067
2010-09-01,Asset4,0.014398086064723722
2010-09-02,Asset4,0.0029269407904395097
2010-09-03,Asset4,-0.0013780155727736345
2010-09-06,Asset4,0.019939469663140877
2010-09-07,Asset4,0.005432320567514567
2010-09-08,Asset4,0.0007694699098858493
2010-09-09,Asset4,0.006430926513187779
2010-09-13,Asset4,0.02381968659892767
2010-09-14,Asset4,0.006912462022569451
2010-09-15,Asset4,0.012638738336914274
2010-09-16,Asset4,-0.0061628232276889966
2010-09-17,Asset4,0.010808584742558055
2010-09-20,Asset4,0.01817517505673994
2010-09-21,Asset4,0.005356045356770274
2010-09-22,Asset4,-0.0033642226154008983
2010-09-23,Asset4,-0.00587952240861295
2010-09-24,Asset4,0.011041102458485065
2010-09-27,Asset4,0.0032288370479423636
2010-09-28,Asset4,-0.0011412011525594858
2010-09-29,Asset4,-0.007095815366116619
2010-09-30,Asset4,0.0072252163822834
2010-10-01,Asset4,0.021072093095192524
2010-10-04,Asset4,0.0029261204562219946
2010-10-05,Asset4,-0.002482110742876884
2010-10-06,Asset4,0.007408057363872303
2010-10-07,Asset4,-0.011975920788328214
2010-10-08,Asset4,-0.00308343759329345
2010-10-11,Asset4,0.0059454717354568845
2010-10-12,Asset4,-0.008204929707984638
2010-10-13,Asset4,0.026294965040940924
2010-10-14,Asset4,-0.01015989705355839
2010-10-15,Asset4,-0.020796007465845357
2010-10-18,Asset4,0.00245706553486464
2010-10-19,Asset4,-0.008967887449445655
2010-10-20,Asset4,-0.00839906318176329
2010-10-21,Asset4,0.022354672847649904
2010-10-22,Asset4,-0.006507288166844223
2010-10-25,Asset4,0.00733920779311724
2010-10-26,Asset4,-0.004365649399368828
2010-10-27,Asset4,-0.01277081706264383
2010-10-28,Asset4,-0.004647480283877421
2010-10-29,Asset4,0.005611503399302507
2010-11-01,Asset4,0.01858377102054892
2010-11-02,Asset4,0.00026550151643313315
2010-11-03,Asset4,0.007596012420329999
2010-11-04,Asset4,0.02205271994967948
2010-11-08,Asset4,-0.0015332488776247113
2010-11-09,Asset4,0.005061461696013652
2010-11-10,Asset4,-0.004594355896142251
2010-11-11,Asset4,-0.014536102093936557
2010-11-12,Asset4,-0.022167673144448445
2010-11-15,Asset4,0.009214006019748313
2010-11-16,Asset4,-0.024315193454402365
2010-11-18,Asset4,0.0018888176283817517
2010-11-19,Asset4,-0.020257385469847355
2010-11-22,Asset4,0.022760168954950546
2010-11-23,Asset4,-0.014023294509151452
2010-11-24,Asset4,-0.013021610008846187
2010-11-25,Asset4,-0.012601969057665273
2010-11-26,Asset4,-0.009230704987283983
2010-11-29,Asset4,0.015197590083662293
2010-11-30,Asset4,0.006282027229845718
2010-12-01,Asset4,0.018759900423176497
2010-12-02,Asset4,0.009544922588387907
2010-12-03,Asset4,-0.00352120644946762
2010-12-06,Asset4,-0.00010275351589722705
2010-12-07,Asset4,-0.0029344935124536067
2010-12-08,Asset4,-0.013651950567868882
2010-12-09,Asset4,-0.02602845904539807
2010-12-10,Asset4,0.017645384440301726
2010-12-13,Asset4,0.009617963807992532
2010-12-14,Asset4,0.006910399130761463
2010-12-15,Asset4,-0.009760321524174156
2010-12-16,Asset4,0.010729973159156572
2010-12-20,Asset4,-0.0003201040134482192
2010-12-21,Asset4,0.010094435282462727
2010-12-22,Asset4,-0.0030330048071778395
2010-12-23,Asset4,-0.0008234561034382716
2010-12-24,Asset4,0.005918412938963123
2010-12-27,Asset4,-0.0025151373601672413
2010-12-28,Asset4,-0.0003921424012111885
2010-12-29,Asset4,0.012020031583555593
2010-12-30,Asset4,0.007669523913804177
2010-12-31,Asset4,0.0059929185476132575
2011-01-03,Asset4,0.0042174764650746615
2011-01-04,Asset4,-0.002046251753957833
2011-01-05,Asset4,-0.012126925238674958
2011-01-06,Asset4,-0.005811997497476185
2011-01-07,Asset4,-0.026600734199975166
2011-01-10,Asset4,-0.02688751098707224
2011-01-11,Asset4,-0.0017005474433537595
2011-01-12,Asset4,0.021245353495813187
2011-01-13,Asset4,-0.021270133351809994
2011-01-14,Asset4,-0.01895584263046237
2011-01-17,Asset4,3.9652803095648894e-05
2011-01-18,Asset4,0.013725767054246383
2011-01-19,Asset4,-0.006456966878543451
2011-01-20,Asset4,0.0040443027059862404
2011-01-21,Asset4,-0.0029610107650814223
2011-01-24,Asset4,0.00919160888264731
2011-01-25,Asset4,-0.010891413289513832
2011-01-27,Asset4,-0.016364614933556114
2011-01-28,Asset4,-0.01841584037646875
2011-01-31,Asset4,-0.001269921922301798
2011-02-01,Asset4,-0.01804313075737383
2011-02-02,Asset4,0.003059842843604486
2011-02-03,Asset4,0.019536082474226862
2011-02-04,Asset4,-0.02654724747817433
2011-02-07,Asset4,5.1892693323551955e-05
2011-02-08,Asset4,-0.01732101904188282
2011-02-09,Asset4,-0.012438471624622666
2011-02-10,Asset4,-0.005915999877315077
2011-02-11,Asset4,0.01804589197339894
2011-02-14,Asset4,0.030794726930320277
2011-02-15,Asset4,0.005131964809384222
2011-02-16,Asset4,0.00014307950191565057
2011-02-17,Asset4,0.013229472137497355
2011-02-18,Asset4,-0.017668958802302674
2011-02-21,Asset4,0.012238230471926138
2011-02-22,Asset4,-0.010025711166949308
2011-02-23,Asset4,-0.006522363069754498
2011-02-24,Asset4,-0.03597485670626878
2011-02-25,Asset4,0.008693552891489206
2011-02-28,Asset4,0.006272066818454292
2011-03-01,Asset4,0.039701079313739285
2011-03-03,Asset4,0.0028191945476746484
2011-03-04,Asset4,0.0005158377857104313
2011-03-07,Asset4,-0.015287223538704531
2011-03-08,Asset4,0.011818802664978955
2011-03-09,Asset4,0.002069305019953873
2011-03-10,Asset4,-0.007411337800578598
2011-03-11,Asset4,-0.009978100038115924
2011-03-14,Asset4,0.017698404685247447
2011-03-15,Asset4,-0.016572739650185294
2011-03-16,Asset4,0.012639344037564159
2011-03-17,Asset4,-0.013107972252628813
2011-03-18,Asset4,-0.015000720321649813
2011-03-21,Asset4,-0.0018654220342891217
2011-03-22,Asset4,0.010250637844261164
2011-03-23,Asset4,0.01373659951486186
2011-03-24,Asset4,0.008614185598284651
2011-03-25,Asset4,0.026740567866576834
2011-03-28,Asset4,0.0065366759517177546
2011-03-29,Asset4,0.009669367334827827
2011-03-30,Asset4,0.010016086931910842
2011-03-31,Asset4,0.008921083729354642
2011-04-01,Asset4,-0.0014783319048638967
2011-04-04,Asset4,0.01584065371802133
2011-04-05,Asset4,0.0003032203777263121
2011-04-06,Asset4,-0.0034679540659275435
2011-04-07,Asset4,-0.0011500456146306883
2011-04-08,Asset4,-0.008315785229594344
2011-04-11,Asset4,-0.010793526403628847
2011-04-13,Asset4,0.024352416560427987
2011-04-15,Asset4,-0.016473690053285993
2011-04-18,Asset4,-0.018353980214739656
2011-04-19,Asset4,0.0022774764627235557
2011-04-20,Asset4,0.021636178308583463
2011-04-21,Asset4,0.006325793364735227
2011-04-25,Asset4,-0.0019413425273729957
2011-04-26,Asset4,-0.001163011213720342
2011-04-27,Asset4,-0.006584418349637016
2011-04-28,Asset4,-0.009301440337226161
2011-04-29,Asset4,-0.006959565356317939
2011-05-02,Asset4,-0.009389376250108673
2011-05-03,Asset4,-0.026726498600322588
2011-05-04,Asset4,-0.005655111517901244
2011-05-05,Asset4,-0.015635441116259887
2011-05-06,Asset4,0.01879027950218621
2011-05-09,Asset4,-7.063188197765414e-05
2011-05-10,Asset4,-0.0019873735261336915
2011-05-11,Asset4,0.004810427475750139
2011-05-12,Asset4,-0.015879083517018507
2011-05-13,Asset4,0.011963236612795003
2011-05-16,Asset4,-0.009241174083592619
2011-05-17,Asset4,-0.012230547599563534
2011-05-18,Asset4,-0.003778690489336079
2011-05-19,Asset4,0.0015496439229362126
2011-05-20,Asset4,0.012018938270532225
2011-05-23,Asset4,-0.020373531789878004
2011-05-24,Asset4,0.0017258409301088309
2011-05-25,Asset4,-0.009529067479990536
2011-05-26,Asset4,0.013275107830921088
2011-05-27,Asset4,0.013192051273792985
2011-05-30,Asset4,-0.0006135753437812142
2011-06-01,Asset4,0.024331345717946217
2011-06-02,Asset4,-0.008341897465128785
2011-06-03,Asset4,-0.006780132552519672
2011-06-06,Asset4,0.003106136991888349
2011-06-07,Asset4,0.0048792238551664015
2011-06-08,Asset4,-0.0059062087644822375
2011-06-09,Asset4,-0.0011754123976973575
2011-06-10,Asset4,-0.007150813956881983
2011-06-13,Asset4,-0.0006124904516436481
2011-06-14,Asset4,0.003615710851425007
2011-06-15,Asset4,-0.010791746204890417
2011-06-16,Asset4,-0.010434144102799473
2011-06-17,Asset4,-0.0062986259091119485
2011-06-20,Asset4,-0.022644603870637145
2011-06-21,Asset4,0.0038236214312559373
2011-06-22,Asset4,0.0005200435615521926
2011-06-23,Asset4,0.008848345201711183
2011-06-24,Asset4,0.031842105263157845
2011-06-27,Asset4,0.011330520333561758
2011-06-28,Asset4,0.00378961233035156
2011-06-29,Asset4,0.011138881516881513
2011-06-30,Asset4,0.009389186590573112
2011-07-01,Asset4,-0.0040060332659655985
2011-07-04,Asset4,0.004637436086197475
2011-07-05,Asset4,-0.0036470915184496993
2011-07-06,Asset4,-0.0013224002584932217
2011-07-07,Asset4,0.020606350776439658
2011-07-08,Asset4,-0.013352590879144054
2011-07-11,Asset4,-0.008814496941303674
2011-07-12,Asset4,-0.01793846566090286
2011-07-13,Asset4,0.012018553477319146
2011-07-15,Asset4,-0.0008722858864785012
2011-07-18,Asset4,-0.0028195746088854716
2011-07-19,Asset4,0.009355044741318538
2011-07-20,Asset4,-0.009277551961240534
2011-07-21,Asset4,-0.0051200676974364435
2011-07-22,Asset4,0.0186646649978848
2011-07-25,Asset4,0.009214061306965499
2011-07-26,Asset4,-0.020791802534355367
2011-07-27,Asset4,-0.00563536733269432
2011-07-28,Asset4,-0.011923232057899328
2011-07-29,Asset4,-0.0011735228463395587
2011-08-01,Asset4,0.00710977403319955
2011-08-02,Asset4,-0.012231728971325745
2011-08-03,Asset4,-0.010622096759789274
2011-08-04,Asset4,-0.015127294803609656
2011-08-05,Asset4,-0.02532274019952885
2011-08-08,Asset4,-0.019933797073638806
2011-08-09,Asset4,-0.009988842556412952
2011-08-10,Asset4,0.01946201616929578
2011-08-11,Asset4,-0.004926219482658354
2011-08-12,Asset4,-0.01424431529534921
2011-08-16,Asset4,-0.008202019712010422
2011-08-17,Asset4,0.004626142624517158
2011-08-18,Asset4,-0.024906897187376098
2011-08-19,Asset4,-0.02231323931899873
2011-08-22,Asset4,0.012284810463960235
2011-08-23,Asset4,0.011454256473454551
2011-08-24,Asset4,-0.013578775349280117
2011-08-25,Asset4,-0.011294111631029616
2011-08-26,Asset4,-0.021244798340836618
2011-08-29,Asset4,0.040527472943367934
2011-08-30,Asset4,0.018531565333619934
2011-09-02,Asset4,0.008734253149370055
2011-09-05,Asset4,-0.005066623263888897
2011-09-06,Asset4,0.010514143435871866
2011-09-07,Asset4,0.013346782769937279
2011-09-08,Asset4,0.00625059467191111
2011-09-09,Asset4,-0.020386315674574256
2011-09-12,Asset4,-0.024937183415085846
2011-09-13,Asset4,-0.0013244042125561786
2011-09-14,Asset4,0.016229988024586393
2011-09-15,Asset4,0.014110271270294029
2011-09-16,Asset4,0.0018865931559243522
2011-09-19,Asset4,-0.011521026945960619
2011-09-20,Asset4,0.024094038155016054
2011-09-21,Asset4,-0.00151438046267117
2011-09-22,Asset4,-0.04573167279501293
2011-09-23,Asset4,-0.01271574784291575
2011-09-26,Asset4,-0.007443297082841128
2011-09-27,Asset4,0.031466292850204886
2011-09-28,Asset4,-0.005711261629368832
2011-09-29,Asset4,0.015749677442539148
2011-09-30,Asset4,-0.01612302297918875
2011-10-03,Asset4,-0.021241086329843742
2011-10-04,Asset4,-0.017864132255902696
2011-10-05,Asset4,-0.004893414886973862
2011-10-07,Asset4,0.03223538953464825
2011-10-10,Asset4,0.020976940134012276
2011-10-11,Asset4,-0.0011808177132070343
2011-10-12,Asset4,0.028155593896776597
2011-10-13,Asset4,-0.00473306304902792
2011-10-14,Asset4,0.012009742450480695
2011-10-17,Asset4,-0.0030660292361774926
2011-10-18,Asset4,-0.017670102085673794
2011-10-19,Asset4,0.022600077543424215
2011-10-20,Asset4,-0.010297422921223839
2011-10-21,Asset4,-0.009227139727034733
2011-10-24,Asset4,0.010734341632778205
2011-10-25,Asset4,0.02048505849922144
2011-10-28,Asset4,0.03648048883050553
2011-10-31,Asset4,-0.007124462846923639
2011-11-01,Asset4,-0.014434703040468781
2011-11-02,Asset4,0.00010650538312422244
2011-11-03,Asset4,0.001554789138687376
2011-11-04,Asset4,0.003924268860086287
2011-11-08,Asset4,0.001091535220432398
2011-11-09,Asset4,-0.014462330288724151
2011-11-11,Asset4,-0.011197685151846475
2011-11-14,Asset4,-0.004441993783184142
2011-11-15,Asset4,-0.0173710232751486
2011-11-16,Asset4,-0.008407967100720183
2011-11-17,Asset4,-0.021307082783540317
2011-11-18,Asset4,-0.006570589948832276
2011-11-21,Asset4,-0.029096921512901556
2011-11-22,Asset4,0.00796927793521828
2011-11-23,Asset4,-0.02464656315897827
2011-11-25,Asset4,0.0008566036678801227
2011-11-28,Asset4,0.033587755238290246
2011-11-29,Asset4,-0.010665939842555884
2011-11-30,Asset4,0.006281590656086849
2011-12-01,Asset4,0.02429120825930543
2011-12-02,Asset4,0.025703794674714474
2011-12-05,Asset4,-0.002439531546238332
2011-12-07,Asset4,0.005212033628486417
2011-12-08,Asset4,-0.026315374744230024
2011-12-09,Asset4,-0.017433206957907912
2011-12-12,Asset4,-0.023496846895385382
2011-12-13,Asset4,0.008462410102336478
2011-12-14,Asset4,-0.008713933367501987
2011-12-15,Asset4,-0.003973734451267568
2011-12-16,Asset4,-0.022358232708624314
2011-12-19,Asset4,-0.00926992843209515
2011-12-20,Asset4,-0.016727989636341523
2011-12-21,Asset4,0.03671133856450357
2011-12-22,Asset4,0.009712926221946498
2011-12-23,Asset4,-0.0046964117824532005
2011-12-27,Asset4,0.008672040729741079
2011-12-28,Asset4,-0.010538726186717185
2011-12-29,Asset4,-0.014173102133151493
2011-12-30,Asset4,-0.005291195856873827
2012-01-03,Asset4,0.034150034960951745
2012-01-04,Asset4,-0.0036782346008446434
2012-01-05,Asset4,7.081114017150725e-05
2012-01-06,Asset4,0.0009785135493813259
2012-01-09,Asset4,-0.0026621921846449407
2012-01-10,Asset4,0.02520873849278516
2012-01-11,Asset4,0.002632911922599206
2012-01-12,Asset4,-0.006843151526645368
2012-01-13,Asset4,0.008055886157826679
2012-01-16,Asset4,0.0018183088008630224
2012-01-17,Asset4,0.021462872180591258
2012-01-18,Asset4,-0.00259295804691428
2012-01-19,Asset4,0.014147486205694407
2012-01-20,Asset4,0.006740040532481971
2012-01-23,Asset4,-0.0005213543010114919
2012-01-24,Asset4,0.01799992259103288
2012-01-25,Asset4,0.006760543207463955
2012-01-27,Asset4,0.010074722189038817
2012-01-30,Asset4,-0.025263402802417352
2012-01-31,Asset4,0.02464651653406975
2012-02-01,Asset4,0.007851943789969767
2012-02-02,Asset4,0.007315864248547613
2012-02-03,Asset4,0.011890969451266145
2012-02-06,Asset4,0.007528522304382044
2012-02-07,Asset4,-0.005535609474804702
2012-02-08,Asset4,0.006927640399337954
2012-02-09,Asset4,0.009221839861138328
2012-02-10,Asset4,-0.006363224732064872
2012-02-13,Asset4,0.0017898225806845859
2012-02-14,Asset4,0.0053711479074890186
2012-02-15,Asset4,0.023967364071809813
2012-02-16,Asset4,-0.0020246024646950822
2012-02-17,Asset4,0.00858963967843522
2012-02-21,Asset4,0.008625004234058516
2012-02-22,Asset4,-0.020333999132490174
2012-02-23,Asset4,-0.004485877861884565
2012-02-24,Asset4,-0.011029854677706582
2012-02-27,Asset4,-0.03055118863703042
2012-02-28,Asset4,0.01999844303265423
2012-02-29,Asset4,0.0020210619942330867
2012-03-01,Asset4,-0.009452613998326155
2012-03-02,Asset4,0.0041110743714594025
2012-03-05,Asset4,-0.016509464466352795
2012-03-06,Asset4,-0.012291650657559341
2012-03-07,Asset4,-0.00041813570692280424
2012-03-09,Asset4,0.024264490180126618
2012-03-12,Asset4,0.005459778396445643
2012-03-13,Asset4,0.014617686485808969
2012-03-14,Asset4,0.007096029215397444
2012-03-15,Asset4,-0.017095461537451017
2012-03-16,Asset4,-0.013030779551156916
2012-03-19,Asset4,-0.012815605902052348
2012-03-20,Asset4,0.003792303452636894
2012-03-21,Asset4,0.019130801351082527
2012-03-22,Asset4,-0.028496070687398966
2012-03-23,Asset4,0.010657077703437745
2012-03-26,Asset4,-0.01993562480700307
2012-03-27,Asset4,0.01272467389207698
2012-03-28,Asset4,-0.010338802367784368
2012-03-29,Asset4,-0.003428055368400802
2012-03-30,Asset4,0.02523797163662856
2012-04-02,Asset4,0.004727008582346386
2012-04-03,Asset4,0.008550764438977084
2012-04-04,Asset4,-0.007440908719790951
2012-04-09,Asset4,-0.018621428510492245
2012-04-10,Asset4,0.001968557798838724
2012-04-11,Asset4,-0.0035776946469250072
2012-04-12,Asset4,0.010713909707322708
2012-04-13,Asset4,-0.014729978905317706
2012-04-16,Asset4,0.004032683791945395
2012-04-17,Asset4,0.013608357380528525
2012-04-18,Asset4,0.0021808005792507148
2012-04-19,Asset4,0.0068467718160377805
2012-04-20,Asset4,-0.008726986366785053
2012-04-23,Asset4,-0.019104680369753206
2012-04-24,Asset4,0.004748640692663565
2012-04-25,Asset4,-0.004428382345640483
2012-04-26,Asset4,-0.0027989234909649597
2012-04-27,Asset4,0.0003453670023125355
2012-04-30,Asset4,0.012417789858075318
2012-05-02,Asset4,-0.0019206768456629855
2012-05-03,Asset4,-0.01084908831766244
2012-05-04,Asset4,-0.02192116710175377
2012-05-07,Asset4,0.0060107494152593696
2012-05-08,Asset4,-0.02500976199707859
2012-05-09,Asset4,-0.00563374361736802
2012-05-10,Asset4,-0.002048637714103965
2012-05-11,Asset4,-0.008300204705049925
2012-05-14,Asset4,-0.004794601197675519
2012-05-15,Asset4,0.007987285863322919
2012-05-16,Asset4,-0.019158328273824774
2012-05-17,Asset4,0.00275494648278702
2012-05-18,Asset4,0.004886862766526008
2012-05-22,Asset4,-0.007086695635420935
2012-05-23,Asset4,-0.005726182362925663
2012-05-24,Asset4,0.01986082572963991
2012-05-25,Asset4,-0.00022757752310813119
2012-05-28,Asset4,0.01485245131502211
2012-05-29,Asset4,0.0009997129456796473
2012-05-30,Asset4,-0.008831908882088301
2012-05-31,Asset4,-0.005995051254860418
2012-06-01,Asset4,-0.018798373483271614
2012-06-04,Asset4,0.001515156374346347
2012-06-05,Asset4,0.00349986922161726
2012-06-06,Asset4,0.030813713762939447
2012-06-07,Asset4,0.011777987252567642
2012-06-08,Asset4,0.004147657591128962
2012-06-11,Asset4,-0.0031489537408594085
2012-06-12,Asset4,0.013694976338537012
2012-06-13,Asset4,0.0012150996390980497
2012-06-14,Asset4,-0.014586536215538005
2012-06-15,Asset4,0.0186786253029328
2012-06-18,Asset4,-0.016301803725191598
2012-06-19,Asset4,0.008757883077454807
2012-06-20,Asset4,0.003664620143054087
2012-06-21,Asset4,0.009722436193165436
2012-06-22,Asset4,-0.004109238867376526
2012-06-25,Asset4,-0.006833958465183461
2012-06-26,Asset4,0.0013466983579548143
2012-06-27,Asset4,0.004614925456247648
2012-06-28,Asset4,0.0015791828223451533
2012-06-29,Asset4,0.028222134285477766
2012-07-02,Asset4,-6.360818659409517e-05
2012-07-03,Asset4,0.0019838800404012604
2012-07-04,Asset4,0.003092230807032657
2012-07-05,Asset4,0.005227673670409488
2012-07-06,Asset4,-0.002175879512131225
2012-07-09,Asset4,-0.008805109396411891
2012-07-10,Asset4,0.014904641613135398
2012-07-11,Asset4,-0.00818212602092741
2012-07-12,Asset4,-0.014996472905602493
2012-07-13,Asset4,-0.0017114750967001948
2012-07-16,Asset4,-0.006427854034148002
2012-07-17,Asset4,-0.0009481727115300843
2012-07-18,Asset4,0.005057660317761546
2012-07-19,Asset4,0.0056684697212818595
2012-07-20,Asset4,-0.008032522899679099
2012-07-23,Asset4,-0.01875235611106705
2012-07-24,Asset4,0.002243085524848283
2012-07-25,Asset4,-0.0040622652356750956
2012-07-26,Asset4,-0.014598424132881755
2012-07-27,Asset4,0.012625839653975712
2012-07-30,Asset4,0.02195038476257299
2012-07-31,Asset4,0.00628951497719541
2012-08-01,Asset4,0.0024631860776439755
2012-08-02,Asset4,-0.0027249308272111784
2012-08-03,Asset4,-0.0025815659222419287
2012-08-06,Asset4,0.014355035699193268
2012-08-07,Asset4,0.011480902167014691
2012-08-08,Asset4,0.00027278677773182383
2012-08-09,Asset4,-0.003157696000374699
2012-08-10,Asset4,-0.0005366062089995261
2012-08-13,Asset4,0.005789038524422239
2012-08-14,Asset4,0.006795979620723962
2012-08-16,Asset4,-0.003622048801896636
2012-08-17,Asset4,0.0006995333470148069
2012-08-21,Asset4,0.011416473357766002
2012-08-22,Asset4,-0.0016838019968640873
2012-08-23,Asset4,0.0005172875563675561
2012-08-24,Asset4,-0.005925358480310976
2012-08-27,Asset4,-0.00757870630808915
2012-08-29,Asset4,-0.013073074856315118
2012-08-30,Asset4,0.005771776755418117
2012-08-31,Asset4,-0.011916310021054193
2012-09-03,Asset4,-0.0010116953503850824
2012-09-04,Asset4,0.004316916488222731
2012-09-05,Asset4,-0.010257068875616239
2012-09-06,Asset4,0.0027218690976107854
2012-09-07,Asset4,0.022171697639585482
2012-09-10,Asset4,0.0044761627333585715
2012-09-11,Asset4,0.005544151649993623
2012-09-12,Asset4,0.008519480519480533
2012-09-13,Asset4,0.0008970925013810672
2012-09-14,Asset4,0.029322081997758362
2012-09-17,Asset4,0.006495945426724462
2012-09-18,Asset4,-0.001986491755793285
2012-09-20,Asset4,-0.009159879472333064
2012-09-21,Asset4,0.02760550760678765
2012-09-24,Asset4,-0.004240932265737811
2012-09-25,Asset4,0.0008494040438568718
2012-09-26,Asset4,-0.002062720893289907
2012-09-27,Asset4,-0.002758780992358947
2012-09-28,Asset4,0.01066568391008044
2012-10-01,Asset4,0.0030438519093334906
2012-10-03,Asset4,0.0024383120980332154
2012-10-04,Asset4,0.01101192748091613
2012-10-05,Asset4,-0.007866454118596877
2012-10-08,Asset4,-0.01382719808757262
2012-10-09,Asset4,0.005643430122445494
2012-10-10,Asset4,-0.010297692694381074
2012-10-11,Asset4,0.011076827703921701
2012-10-12,Asset4,-0.006278852011867198
2012-10-15,Asset4,0.0022100261945624667
2012-10-16,Asset4,-0.0077295705305728294
2012-10-17,Asset4,0.002429178470254847
2012-10-18,Asset4,0.011565605538624589
2012-10-19,Asset4,-0.006747025973074621
2012-10-22,Asset4,0.006482454259576792
2012-10-23,Asset4,-0.005044471544847405
2012-10-25,Asset4,0.002735335926507112
2012-10-29,Asset4,-0.007793397962797375
2012-10-30,Asset4,-0.013383263457187324
2012-10-31,Asset4,0.0043616943051763
2012-11-01,Asset4,0.005052148960487664
2012-11-02,Asset4,0.01044604379770643
2012-11-05,Asset4,0.0012777085052647764
2012-11-06,Asset4,0.003966142684401426
2012-11-07,Asset4,0.00698487517156682
2012-11-08,Asset4,-0.0041513357354205915
2012-11-09,Asset4,-0.010246133739925974
2012-11-12,Asset4,-0.0005022257639041605
2012-11-15,Asset4,-0.010384822689746899
2012-11-16,Asset4,-0.011327334176877991
2012-11-19,Asset4,-0.0005324478124512311
2012-11-20,Asset4,3.0134369806980035e-05
2012-11-21,Asset4,0.008694169790826685
2012-11-22,Asset4,0.0025832120920661343
2012-11-23,Asset4,-0.00022884645284522166
2012-11-26,Asset4,0.0018511678578930814
2012-11-27,Asset4,0.018193426054703254
2012-11-29,Asset4,0.019075815157575456
2012-11-30,Asset4,0.01054628487124461
2012-12-03,Asset4,-0.0016952627123900756
2012-12-04,Asset4,0.0034910500971995265
2012-12-05,Asset4,0.002139491446279216
2012-12-06,Asset4,0.005770339907634963
2012-12-07,Asset4,-0.004437775115644556
2012-12-10,Asset4,0.0002843890760356161
2012-12-11,Asset4,-0.0019144188532476394
2012-12-12,Asset4,-0.0020505495440595214
2012-12-13,Asset4,-0.0069429347826086745
2012-12-14,Asset4,0.005378468661881613
2012-12-17,Asset4,-0.0041336516678554605
2012-12-18,Asset4,0.007437459046981694
2012-12-19,Asset4,0.006229875414084348
2012-12-20,Asset4,-0.002493291032534213
2012-12-21,Asset4,-0.01300515062285074
2012-12-24,Asset4,0.0015417653006948486
2012-12-26,Asset4,0.009534578726038455
2012-12-27,Asset4,-0.006732592681949364
2012-12-28,Asset4,0.007298001616208226
2012-12-31,Asset4,-0.0006160772364257738
2013-01-02,Asset4,0.016719088413790825
2013-01-03,Asset4,0.0030367496767195593
2013-01-04,Asset4,0.0012393527955737583
2013-01-07,Asset4,-0.0051660946792385695
2013-01-08,Asset4,0.0024875306205202822
2013-01-09,Asset4,-0.005635772805915541
2013-01-10,Asset4,-0.0005345573767060685
2013-01-11,Asset4,-0.0032556959602152704
2013-01-14,Asset4,0.013691126757859388
2013-01-15,Asset4,0.0060517972637994435
2013-01-16,Asset4,-0.010124492126156622
2013-01-17,Asset4,0.006969869072760702
2013-01-18,Asset4,0.00467341220065979
2013-01-21,Asset4,0.0033058325552133643
2013-01-22,Asset4,-0.006223925565264815
2013-01-23,Asset4,0.001073949119616451
2013-01-24,Asset4,-0.006465433351135542
2013-01-25,Asset4,0.010289446575655498
2013-01-28,Asset4,2.7637909624189665e-05
2013-01-29,Asset4,-0.0045907505632500015
2013-01-30,Asset4,0.0010830112036170193
2013-01-31,Asset4,-0.0038839119844776174
2013-02-01,Asset4,-0.0066534834707319855
2013-02-04,Asset4,-0.0021750472315602743
2013-02-05,Asset4,-0.005677416071652282
2013-02-06,Asset4,0.0004324947820571268
2013-02-07,Asset4,-0.003834144977705663
2013-02-08,Asset4,-0.006657200537185091
2013-02-11,Asset4,-0.0010718879690015015
2013-02-12,Asset4,0.004681009209774701
2013-02-13,Asset4,0.0019762294216968002
2013-02-14,Asset4,-0.006795944458097108
2013-02-15,Asset4,-0.0018138745912256128
2013-02-18,Asset4,0.002054612957442288
2013-02-19,Asset4,0.007880370021509046
2013-02-20,Asset4,0.000631608057080051
2013-02-21,Asset4,-0.017111716137695635
2013-02-22,Asset4,-0.000373227177581299
2013-02-25,Asset4,0.0008519595433394756
2013-02-26,Asset4,-0.01786718316324356
2013-02-27,Asset4,0.006910842176766501
2013-02-28,Asset4,-0.020064536447830277
2013-03-01,Asset4,0.005242960895129337
2013-03-04,Asset4,-0.004151304778082477
2013-03-05,Asset4,0.01685355795384741
2013-03-06,Asset4,0.006651183710074804
2013-03-07,Asset4,0.008604075041205519
2013-03-08,Asset4,0.015740016812072072
2013-03-11,Asset4,-0.0006310626590217439
2013-03-12,Asset4,-0.005324492747823637
2013-03-13,Asset4,-0.011911852938187285
2013-03-14,Asset4,0.011054142370964578
2013-03-15,Asset4,-0.0068899056565574854
2013-03-18,Asset4,-0.007123268855254619
2013-03-19,Asset4,-0.01713993080844869
2013-03-20,Asset4,-0.010048177614226593
2013-03-21,Asset4,-0.007011781980497337
2013-03-22,Asset4,-0.0014646150872542308
2013-03-25,Asset4,-0.0034681978042961606
2013-03-26,Asset4,0.0015406870700394749
2013-03-28,Asset4,0.008129550319253092
2013-04-01,Asset4,0.004306536716108056
2013-04-02,Asset4,0.00858008196968978
2013-04-03,Asset4,-0.0146525316746558
2013-04-04,Asset4,-0.019377724359208807
2013-04-05,Asset4,-0.00431947620969547
2013-04-08,Asset4,-0.002077302705622888
2013-04-09,Asset4,-0.009668517213147806
2013-04-10,Asset4,0.012962841096449084
2013-04-11,Asset4,0.007112414748206782
2013-04-12,Asset4,-0.013104079147300711
2013-04-15,Asset4,0.008073022935808255
2013-04-16,Asset4,0.024246880700535024
2013-04-17,Asset4,-4.9218219598863306e-05
2013-04-18,Asset4,0.018585597235748035
2013-04-22,Asset4,0.00993511789174896
2013-04-23,Asset4,0.0004799122526509692
2013-04-25,Asset4,0.015235466105782011
2013-04-26,Asset4,-0.008490367993217856
2013-04-29,Asset4,0.006228084954922011
2013-04-30,Asset4,0.0049511540948643075
2013-05-02,Asset4,0.013059911651248833
2013-05-03,Asset4,-0.010333137484211578
2013-05-06,Asset4,0.005096867639636572
2013-05-07,Asset4,0.013598948703501926
2013-05-08,Asset4,0.004772029838759907
2013-05-09,Asset4,-0.0035338327838797846
2013-05-10,Asset4,0.008256342434697183
2013-05-13,Asset4,-0.02100427109397428
2013-05-14,Asset4,0.0027997343558055126
2013-05-15,Asset4,0.028273695188995522
2013-05-16,Asset4,0.0042181462764875385
2013-05-17,Asset4,0.00315854242912387
2013-05-20,Asset4,-0.005502867438103625
2013-05-21,Asset4,-0.007785700922594501
2013-05-22,Asset4,-0.0035904072593471175
2013-05-23,Asset4,-0.023421809623430986
2013-05-24,Asset4,0.0030970078355106526
2013-05-27,Asset4,0.01864313208985241
2013-05-28,Asset4,0.005173653432882653
2013-05-29,Asset4,-0.0012737523010840413
2013-05-30,Asset4,0.0036236752302063026
2013-05-31,Asset4,-0.025256418127365753
2013-06-03,Asset4,-0.008728511897896354
2013-06-04,Asset4,-0.00374312852206149
2013-06-05,Asset4,0.0008324912723993095
2013-06-06,Asset4,-0.00046324918840973345
2013-06-07,Asset4,-0.00764141780174148
2013-06-10,Asset4,-0.0005713314062234787
2013-06-11,Asset4,-0.01699629444538955
2013-06-12,Asset4,-0.005533368501370966
2013-06-13,Asset4,-0.011880161635820985
2013-06-14,Asset4,0.021479844037191644
2013-06-17,Asset4,0.008031108637367909
2013-06-18,Asset4,-0.006978346037719004
2013-06-19,Asset4,0.0016664184777528848
2013-06-20,Asset4,-0.032000018785692856
2013-06-21,Asset4,0.0023267738515928473
2013-06-24,Asset4,-0.015295209146413883
2013-06-25,Asset4,0.0037765948526452325
2013-06-26,Asset4,-0.004073361185789324
2013-06-27,Asset4,0.018767850655680932
2013-06-28,Asset4,0.03150670168120119
2013-07-01,Asset4,0.01086027327100279
2013-07-02,Asset4,-0.007841583928938755
2013-07-03,Asset4,-0.01656800093229043
2013-07-04,Asset4,0.01281885483665299
2013-07-05,Asset4,0.005938661580980594
2013-07-08,Asset4,-0.010755484998950316
2013-07-09,Asset4,0.009144586304179008
2013-07-10,Asset4,-0.00808598416965353
2013-07-11,Asset4,0.02279778674717747
2013-07-12,Asset4,0.013945491948431475
2013-07-15,Asset4,0.004063202071892285
2013-07-16,Asset4,-0.014030606883059172
2013-07-17,Asset4,0.0033946150455480863
2013-07-18,Asset4,0.012140693146372962
2013-07-19,Asset4,-0.0016415171819724075
2013-07-22,Asset4,0.0004829102377896533
2013-07-23,Asset4,0.00854139753775673
2013-07-24,Asset4,-0.01608736457140136
2013-07-25,Asset4,-0.01551790334696607
2013-07-26,Asset4,-0.004038219424460419
2013-07-29,Asset4,-0.010379587186595228
2013-07-30,Asset4,-0.014711464304556473
2013-07-31,Asset4,-0.002539644615776524
2013-08-01,Asset4,-0.0027599948841866787
2013-08-02,Asset4,-0.009767053570918574
2013-08-05,Asset4,0.0014794202336206297
2013-08-06,Asset4,-0.028199931997555085
2013-08-07,Asset4,-0.004678224660562052
2013-08-08,Asset4,0.009446427918953653
2013-08-12,Asset4,0.009407706362908535
2013-08-13,Asset4,0.017341581554863126
2013-08-14,Asset4,0.008450160835615322
2013-08-16,Asset4,-0.04572796280344854
2013-08-19,Asset4,-0.01893154452757731
2013-08-20,Asset4,-0.002750963802576276
2013-08-21,Asset4,-0.020507166315469796
2013-08-22,Asset4,0.022368189242682777
2013-08-23,Asset4,0.013108335787476656
2013-08-26,Asset4,0.0009722666422990756
2013-08-27,Asset4,-0.038662609559024924
2013-08-28,Asset4,-0.0005190060707206356
2013-08-29,Asset4,0.026288700331125948
2013-08-30,Asset4,0.012993039912314297
2013-09-02,Asset4,0.01615998792102186
2013-09-03,Asset4,-0.04223137076070796
2013-09-04,Asset4,0.02236244582600886
2013-09-05,Asset4,0.029777740215307526
2013-09-06,Asset4,0.017511987136428788
2013-09-10,Asset4,0.04265757931497419
2013-09-11,Asset4,0.003114917645313078
2013-09-12,Asset4,-0.011828496322624444
2013-09-13,Asset4,-1.916170223344338e-05
2013-09-16,Asset4,-0.0019239612923654017
2013-09-17,Asset4,0.0018505856231762154
2013-09-18,Asset4,0.009428737164276342
2013-09-19,Asset4,0.04102612183967747
2013-09-20,Asset4,-0.018945749045521973
2013-09-23,Asset4,-0.022792719207789035
2013-09-24,Asset4,0.0005134714970925103
2013-09-25,Asset4,-0.0035353899794642986
2013-09-26,Asset4,0.0016016565742379997
2013-09-27,Asset4,-0.00933924624930933
2013-09-30,Asset4,-0.018797304023289316
2013-10-01,Asset4,0.008738863129532818
2013-10-03,Asset4,0.025122350569062278
2013-10-04,Asset4,-0.00045491943942135296
2013-10-07,Asset4,-0.00021801680422218087
2013-10-08,Asset4,0.004219330767427749
2013-10-09,Asset4,0.014934270559244426
2013-10-10,Asset4,0.0025168747985290455
2013-10-11,Asset4,0.013997790592191636
2013-10-14,Asset4,0.0030313965106016742
2013-10-15,Asset4,-0.004333344782770894
2013-10-17,Asset4,-0.007946013487646796
2013-10-18,Asset4,0.026583523806239493
2013-10-21,Asset4,0.0028229311800630798
2013-10-22,Asset4,-0.00038814775690211085
2013-10-23,Asset4,-0.004414727661258021
2013-10-24,Asset4,-0.002537894381535271
2013-10-25,Asset4,-0.0035339035591574943
2013-10-28,Asset4,-0.007983170113363408
2013-10-29,Asset4,0.021992063579082174
2013-10-30,Asset4,0.005545231183032336
2013-10-31,Asset4,0.008500675050740193
2013-11-01,Asset4,0.001431356336137526
2013-11-05,Asset4,-0.009597971564306853
2013-11-06,Asset4,-0.006806169796768878
2013-11-07,Asset4,-0.005027697017125217
2013-11-08,Asset4,-0.008417309790294515
2013-11-11,Asset4,-0.011298981191222577
2013-11-12,Asset4,-0.011192998977780599
2013-11-13,Asset4,-0.005294683977221518
2013-11-14,Asset4,0.012444199952375109
2013-11-18,Asset4,0.02456876262547873
2013-11-19,Asset4,0.002596883078849608
2013-11-20,Asset4,-0.014525090045142389
2013-11-21,Asset4,-0.022654642667260135
2013-11-22,Asset4,-0.0006720335105152309
2013-11-25,Asset4,0.022398299752367488
2013-11-26,Asset4,-0.010301944940837516
2013-11-27,Asset4,-0.0003696918624708268
2013-11-28,Asset4,0.006425517058082058
2013-11-29,Asset4,0.015489547261890701
2013-12-02,Asset4,0.007571120814208463
2013-12-03,Asset4,-0.002882025092041847
2013-12-04,Asset4,-0.007386165402854755
2013-12-05,Asset4,0.01457046198706479
2013-12-06,Asset4,0.0033737291375773642
2013-12-09,Asset4,0.018607326285902562
2013-12-10,Asset4,-0.005464539320801141
2013-12-11,Asset4,-0.00441258174740975
2013-12-12,Asset4,-0.012579798443776193
2013-12-13,Asset4,-0.012327605684215329
2013-12-16,Asset4,-0.0024874638671156294
2013-12-17,Asset4,-0.0028479758467113573
2013-12-18,Asset4,0.014248476907323743
2013-12-19,Asset4,-0.009097416161491907
2013-12-20,Asset4,0.01954255735017441
2013-12-23,Asset4,0.001829700761047235
2013-12-24,Asset4,-0.0028692989696873818
2013-12-26,Asset4,0.0018760768590408007
2013-12-27,Asset4,0.006225276916806593
2013-12-30,Asset4,-0.004026683243286407
2013-12-31,Asset4,0.002296560283690781
2014-01-02,Asset4,-0.014719560497303342
2014-01-03,Asset4,-0.001800310260291358
2014-01-06,Asset4,-0.003552268456228056
2014-01-07,Asset4,-0.005282158091937799
2014-01-08,Asset4,0.0022446524199764184
2014-01-09,Asset4,-0.0011336766574821411
2014-01-10,Asset4,0.0005628911005422666
2014-01-13,Asset4,0.018383974213414905
2014-01-14,Asset4,-0.005517179964927675
2014-01-15,Asset4,0.014184221002558816
2014-01-16,Asset4,-0.00035437991972781197
2014-01-17,Asset4,-0.010147335927289714
2014-01-20,Asset4,0.007566109390317025
2014-01-21,Asset4,0.0017499444250372422
2014-01-22,Asset4,0.004461408085680497
2014-01-23,Asset4,0.0011837404686582077
2014-01-24,Asset4,-0.013925743144506165
2014-01-27,Asset4,-0.023394565065624085
2014-01-28,Asset4,-0.0017523422515010446
2014-01-29,Asset4,-0.0010969189961232218
2014-01-30,Asset4,-0.008518570524079864
2014-01-31,Asset4,0.002913509175783276
2014-02-03,Asset4,-0.016130095861729237
2014-02-04,Asset4,-0.0001679313968808316
2014-02-05,Asset4,0.0040127314889213395
2014-02-06,Asset4,0.002584997821041526
2014-02-07,Asset4,0.004991209594427986
2014-02-10,Asset4,-0.0018010291015035842
2014-02-11,Asset4,0.0017114207048440735
2014-02-12,Asset4,0.003934844290740998
2014-02-13,Asset4,-0.015260994514299837
2014-02-14,Asset4,0.008818383152893681
2014-02-18,Asset4,0.014582489203820723
2014-02-19,Asset4,0.004688660241733231
2014-02-20,Asset4,-0.011158552070212517
2014-02-21,Asset4,0.01176731282399036
2014-02-24,Asset4,0.005576828588612557
2014-02-25,Asset4,0.002525609289917448
2014-02-26,Asset4,0.00699994376935294
2014-02-28,Asset4,0.006848823305389083
2014-03-03,Asset4,-0.009902898392665201
2014-03-04,Asset4,0.013771708735136308
2014-03-05,Asset4,0.005459502029817821
2014-03-06,Asset4,0.012830540676602773
2014-03-07,Asset4,0.02195855465727089
2014-03-10,Asset4,0.0018190204090365117
2014-03-11,Asset4,-0.004343127366247331
2014-03-12,Asset4,0.0008599640786838237
2014-03-13,Asset4,-0.004090254821991835
2014-03-14,Asset4,0.0019146646729636886
2014-03-18,Asset4,0.0021437950026582087
2014-03-19,Asset4,0.0012718023446402073
2014-03-20,Asset4,-0.007029938956328491
2014-03-21,Asset4,0.0017448611319589348
2014-03-24,Asset4,0.01557564501445839
2014-03-25,Asset4,0.0010632642211588818
2014-03-26,Asset4,0.0019800281687469834
2014-03-27,Asset4,0.006845837253240106
2014-03-28,Asset4,0.009131311871871191
2014-03-31,Asset4,0.0013883612748968235
2014-04-01,Asset4,0.002814886481640997
2014-04-02,Asset4,0.0052491799681941495
2014-04-03,Asset4,-0.0027284022195897786
2014-04-04,Asset4,-0.006941702071242891
2014-04-07,Asset4,0.00011706466849911836
2014-04-09,Asset4,0.01692122400951842
2014-04-10,Asset4,3.2911313465220364e-05
2014-04-11,Asset4,-0.003312357968699953
2014-04-15,Asset4,-0.007140131527464445
2014-04-16,Asset4,-0.009614639198299546
2014-04-17,Asset4,0.01746619819129741
2014-04-21,Asset4,0.0063191433780427535
2014-04-22,Asset4,-0.0003778107246478868
2014-04-23,Asset4,0.004182275520196939
2014-04-25,Asset4,-0.009504119855320053
2014-04-28,Asset4,-0.003550182448122126
2014-04-29,Asset4,-0.007619892771307058
2014-04-30,Asset4,-0.003143905197125907
2014-05-02,Asset4,-0.00026762281242682207
2014-05-05,Asset4,0.0007612368216643973
2014-05-06,Asset4,0.0026664783321667333
2014-05-07,Asset4,-0.010465653365310957
2014-05-08,Asset4,0.0012290517718844287
2014-05-09,Asset4,0.03345776085161692
2014-05-12,Asset4,0.025384064808395872
2014-05-13,Asset4,0.01508928253198839
2014-05-14,Asset4,0.0
2014-05-15,Asset4,0.0022687379110251983
2014-05-16,Asset4,0.012555135101898466
2014-05-19,Asset4,0.009414935617103987
2014-05-20,Asset4,0.001842655328302847
2014-05-21,Asset4,-0.003479088636519823
2014-05-22,Asset4,0.0036288933191390175
2014-05-23,Asset4,0.013960780071650483
2014-05-26,Asset4,-0.001223863936349776
2014-05-27,Asset4,-0.006247515979673679
2014-05-28,Asset4,0.001782985873872747
2014-05-29,Asset4,-0.014363578261266668
2014-05-30,Asset4,-0.0008822527293549421
2014-06-02,Asset4,0.020533444524451883
2014-06-03,Asset4,0.008115736417657048
2014-06-04,Asset4,-0.0020539936992273414
2014-06-05,Asset4,0.01087130391097297
2014-06-06,Asset4,0.0163786649430061
2014-06-09,Asset4,0.010515628844174927
2014-06-10,Asset4,0.00026334246391478193
2014-06-11,Asset4,-0.004322629652595431
2014-06-12,Asset4,0.0033848549426627275
2014-06-13,Asset4,-0.015782661576135004
2014-06-16,Asset4,-0.0012697163921194666
2014-06-17,Asset4,0.01459185116578123
2014-06-18,Asset4,-0.01078658724704127
2014-06-19,Asset4,-0.0025932099565390667
2014-06-20,Asset4,-0.004344424145169459
2014-06-23,Asset4,-0.002698827636193393
2014-06-24,Asset4,0.012981124344560408
2014-06-25,Asset4,-0.0016179280802615461
2014-06-26,Asset4,-0.011252869339762874
2014-06-27,Asset4,0.002331655640393642
2014-06-30,Asset4,0.015296229905250557
2014-07-01,Asset4,0.0034359356801958543
2014-07-02,Asset4,0.013268847405062198
2014-07-03,Asset4,-0.0015005675645832462
2014-07-04,Asset4,0.0053425013180453725
2014-07-07,Asset4,0.005136459666184088
2014-07-08,Asset4,-0.023580343794298
2014-07-09,Asset4,-0.005612369825510833
2014-07-10,Asset4,-0.002547132498352003
2014-07-11,Asset4,-0.016005799692775203
2014-07-14,Asset4,-0.000818303752223617
2014-07-15,Asset4,0.010893260943742114
2014-07-16,Asset4,0.014545647986882956
2014-07-17,Asset4,0.0023577367865337353
2014-07-18,Asset4,0.0034374508312498267
2014-07-21,Asset4,0.00296667863812349
2014-07-22,Asset4,0.012192276130722384
2014-07-23,Asset4,0.004022720602503363
2014-07-24,Asset4,0.005006844674983172
2014-07-25,Asset4,-0.005742585506117113
2014-07-28,Asset4,-0.006002220517132013
2014-07-30,Asset4,0.00617183149038727
2014-07-31,Asset4,-0.010076765454097957
2014-08-01,Asset4,-0.01721778395320067
2014-08-04,Asset4,0.011940096820031913
2014-08-05,Asset4,0.009168545095152148
2014-08-06,Asset4,-0.010771246826491653
2014-08-07,Asset4,-0.0033284170332676948
2014-08-08,Asset4,-0.011816088995653208
2014-08-11,Asset4,0.008494155308350423
2014-08-12,Asset4,0.014848190664764865
2014-08-13,Asset4,0.0018118169746372105
2014-08-14,Asset4,0.007546748709417842
2014-08-18,Asset4,0.011865931559535881
2014-08-19,Asset4,0.003306981617296785
2014-08-20,Asset4,-0.003148365780310183
2014-08-21,Asset4,0.0022470672309475507
2014-08-22,Asset4,0.003136712127419621
2014-08-25,Asset4,-0.000976651330592855
2014-08-26,Asset4,-0.00021954407154799684
2014-08-27,Asset4,0.0044347741864069696
2014-08-28,Asset4,0.0025826864283152065
2014-09-01,Asset4,0.010327947395627604
2014-09-02,Asset4,0.007722206982293259
2014-09-03,Asset4,0.004371657849306914
2014-09-04,Asset4,-0.002574112140293057
2014-09-05,Asset4,-0.001258914534936402
2014-09-08,Asset4,0.012056088597247055
2014-09-09,Asset4,-0.0028705602167054247
2014-09-10,Asset4,-0.008084448916773184
2014-09-11,Asset4,-0.001162314588588327
2014-09-12,Asset4,0.0027425925664242715
2014-09-15,Asset4,-0.008774289062981975
2014-09-16,Asset4,-0.015194243891444918
2014-09-17,Asset4,0.006014460028785039
2014-09-18,Asset4,0.019554886840950376
2014-09-19,Asset4,0.0009247627776580459
2014-09-22,Asset4,0.003426920295104985
2014-09-23,Asset4,-0.017701288125564114
2014-09-24,Asset4,-0.002116343650909425
2014-09-25,Asset4,-0.01267317085969392
2014-09-26,Asset4,0.008068909194691614
2014-09-29,Asset4,-0.0013984726294798834
2014-09-30,Asset4,0.00083025175665977
2014-10-01,Asset4,-0.0027069104721642394
2014-10-07,Asset4,-0.013130355128282149
2014-10-08,Asset4,-0.0013834842863462706
2014-10-09,Asset4,0.016829862064457156
2014-10-10,Asset4,-0.014153741294810304
2014-10-13,Asset4,0.0034625895296679947
2014-10-14,Asset4,-0.002876621111710005
2014-10-16,Asset4,-0.01649234247838253
2014-10-17,Asset4,0.004553315494009063
2014-10-20,Asset4,0.014353210158699952
2014-10-21,Asset4,0.0068726184793454345
2014-10-22,Asset4,0.009627938649049242
2014-10-27,Asset4,-0.0005882604750494381
2014-10-28,Asset4,0.005031206081602591
2014-10-29,Asset4,0.008768761338217709
2014-10-30,Asset4,0.010901741914325315
2014-10-31,Asset4,0.020976349691898374
2014-11-03,Asset4,0.00026245688624875645
2014-11-05,Asset4,0.0019037791253564865
2014-11-07,Asset4,-0.00017458969863158203
2014-11-10,Asset4,0.0009739714525609601
2014-11-11,Asset4,0.0024697770920095864
2014-11-12,Asset4,0.0027655519087497285
2014-11-13,Asset4,-0.0034001192148779328
2014-11-14,Asset4,0.004294989342681426
2014-11-17,Asset4,0.005453171118827918
2014-11-18,Asset4,-0.000644256145657316
2014-11-19,Asset4,-0.005795541602216581
2014-11-20,Asset4,0.0026189299788256194
2014-11-21,Asset4,0.010057620427670139
2014-11-24,Asset4,0.006975868369826551
2014-11-25,Asset4,-0.00880369882839748
2014-11-26,Asset4,0.0016741428263830117
2014-11-27,Asset4,0.002438040143940157
2014-11-28,Asset4,0.012400906362923793
2014-12-01,Asset4,-0.004218736354903446
2014-12-02,Asset4,-0.004084224588249033
2014-12-03,Asset4,0.0017014344689771478
2014-12-04,Asset4,0.0035091621967676904
2014-12-05,Asset4,-0.0034132752926871214
2014-12-08,Asset4,-0.013123898646482514
2014-12-09,Asset4,-0.012947682428228654
2014-12-10,Asset4,0.002007531545062733
2014-12-11,Asset4,-0.008411074747556953
2014-12-12,Asset4,-0.009291908906455914
2014-12-15,Asset4,-0.0006128330442708752
2014-12-16,Asset4,-0.020711404595770217
2014-12-17,Asset4,-0.005247697904275005
2014-12-18,Asset4,0.018062716820826667
2014-12-19,Asset4,0.009045927869643543
2014-12-22,Asset4,0.013453262975053556
2014-12-23,Asset4,-0.007669389716482461
2014-12-24,Asset4,-0.01258593088484341
2014-12-26,Asset4,0.003644695932160538
2014-12-29,Asset4,0.006227707547361981
2014-12-30,Asset4,0.0002648725854909273
2014-12-31,Asset4,0.004677867274876562
2015-01-02,Asset4,0.015246235771212329
2015-01-05,Asset4,-0.002274539280890675
2015-01-06,Asset4,-0.03355966712209427
2015-01-07,Asset4,-0.003479608932824867
2015-01-08,Asset4,0.018316171281064303
2015-01-09,Asset4,0.006787025496221163
2015-01-12,Asset4,0.005204900718208734
2015-01-13,Asset4,-0.0031757253994953772
2015-01-14,Asset4,-0.0029487258233311313
2015-01-15,Asset4,0.029307302519958507
2015-01-16,Asset4,0.002590882282269114
2015-01-19,Asset4,0.004854288149604501
2015-01-20,Asset4,0.018979421572863305
2015-01-21,Asset4,0.004366396707027001
2015-01-22,Asset4,0.004092838936937895
2015-01-23,Asset4,0.009485141791821762
2015-01-27,Asset4,0.009494368374387321
2015-01-28,Asset4,0.0004776141911229104
2015-01-29,Asset4,0.004780608929889248
2015-01-30,Asset4,-0.017946475730991552
2015-02-02,Asset4,-0.0014621575257800857
2015-02-03,Asset4,-0.00520070182309274
2015-02-04,Asset4,-0.004201604892409208
2015-02-05,Asset4,-0.0015406306611982503
2015-02-06,Asset4,-0.006511752726583034
2015-02-09,Asset4,-0.017418698905108505
2015-02-10,Asset4,0.005149239799142898
2015-02-11,Asset4,0.008087356658890706
2015-02-12,Asset4,0.010924187992064597
2015-02-13,Asset4,0.012078702539630833
2015-02-16,Asset4,0.0004896442564305659
2015-02-18,Asset4,0.007596474537550684
2015-02-19,Asset4,0.0033085905043825294
2015-02-20,Asset4,-0.007768621661698792
2015-02-23,Asset4,-0.009971851526586539
2015-02-24,Asset4,0.0009146075730146919
2015-02-25,Asset4,0.0006583396397169495
2015-02-26,Asset4,-0.010654245915195749
2015-02-27,Asset4,0.02073274044332031
2015-03-02,Asset4,0.014201709862237096
2015-03-03,Asset4,0.004939291595723958
2015-03-04,Asset4,-0.009162880366819462
2015-03-05,Asset4,0.0018953519144681154
2015-03-09,Asset4,-0.022681323599339845
2015-03-10,Asset4,-0.005717214577326058
2015-03-11,Asset4,-0.0015554964450167576
2015-03-12,Asset4,0.009790375730644101
2015-03-13,Asset4,-0.01636736554238839
2015-03-16,Asset4,-0.0018908458847676892
2015-03-17,Asset4,0.011695306948393274
2015-03-18,Asset4,-0.004801777387897613
2015-03-19,Asset4,-0.006608411036114799
2015-03-20,Asset4,-0.008269008792472068
2015-03-23,Asset4,-0.00261349437971548
2015-03-24,Asset4,-0.0010413194334204336
2015-03-25,Asset4,-0.0015929435603483635
2015-03-26,Asset4,-0.02476758904058473
2015-03-27,Asset4,-0.00010069346159763627
2015-03-30,Asset4,0.020261267393416313
2015-03-31,Asset4,-0.00017142367597481112
2015-04-01,Asset4,0.012563891178895262
2015-04-06,Asset4,0.009607038870286716
2015-04-07,Asset4,5.165691634090309e-05
2015-04-08,Asset4,0.006996600304437877
2015-04-09,Asset4,0.008212537930549253
2015-04-10,Asset4,0.0002615291458574376
2015-04-13,Asset4,0.006843513091533638
2015-04-16,Asset4,-0.016139436410459552
2015-04-17,Asset4,-0.012953727154946738
2015-04-20,Asset4,-0.02054943498721828
2015-04-21,Asset4,-0.009326542789879452
2015-04-22,Asset4,0.006945088926024319
2015-04-23,Asset4,-0.004171967766962333
2015-04-24,Asset4,-0.012409152289589845
2015-04-27,Asset4,-0.012332466662653162
2015-04-28,Asset4,0.009790326421652971
2015-04-29,Asset4,-0.0061976881482297234
2015-04-30,Asset4,-0.0079177159501198
2015-05-04,Asset4,0.020595761015706062
2015-05-05,Asset4,-0.0009611720320298468
2015-05-06,Asset4,-0.030647677690259754
2015-05-07,Asset4,-0.005491443590218612
2015-05-08,Asset4,0.01865441554781878
2015-05-11,Asset4,0.018287248977598803
2015-05-12,Asset4,-0.026677370799675748
2015-05-13,Asset4,0.014952718680384154
2015-05-14,Asset4,-0.0015299710035489335
2015-05-15,Asset4,0.005195319026201944
2015-05-18,Asset4,0.01508733966649839
2015-05-19,Asset4,-0.001070023177708901
2015-05-20,Asset4,0.007711482011284581
2015-05-21,Asset4,-0.0002991719348233169
2015-05-22,Asset4,0.005047407522859615
2015-05-25,Asset4,-0.011744272806459028
2015-05-26,Asset4,-0.004134695797616513
2015-05-27,Asset4,-0.0006379394376294201
2015-05-28,Asset4,-0.0020962689653798708
2015-05-29,Asset4,0.01543556166606571
2015-06-01,Asset4,-3.3200332836997865e-05
2015-06-02,Asset4,-0.026156023493822594
2015-06-03,Asset4,-0.013781678597364861
2015-06-04,Asset4,-0.0006126806911000671
2015-06-05,Asset4,-0.0021970779814108714
2015-06-08,Asset4,-0.009737430369965364
2015-06-09,Asset4,-0.003028287674363526
2015-06-10,Asset4,0.014247149171859307
2015-06-11,Asset4,-0.021932820694477276
2015-06-12,Asset4,0.0024676606814537654
2015-06-15,Asset4,0.004349296674734191
2015-06-16,Asset4,0.004667875950641758
2015-06-17,Asset4,0.006158587501752067
2015-06-18,Asset4,0.011495489785048926
2015-06-19,Asset4,0.00689845481140651
2015-06-22,Asset4,0.01745023864482459
2015-06-23,Asset4,0.003814658059894001
2015-06-24,Asset4,-0.002766101650679627
2015-06-25,Asset4,0.004976580065899512
2015-06-26,Asset4,-0.0022539220647773564
2015-06-29,Asset4,-0.008378748406885529
2015-06-30,Asset4,0.006745475075140384
2015-07-01,Asset4,0.011315741321622852
2015-07-02,Asset4,-0.0010797693094081852
2015-07-03,Asset4,0.0053049767229622095
2015-07-06,Asset4,0.004916969920601063
2015-07-07,Asset4,-0.0014917193040836808
2015-07-08,Asset4,-0.019443531019124497
2015-07-09,Asset4,-0.004620324032787942
2015-07-10,Asset4,0.004303270177940029
2015-07-13,Asset4,0.013275760427594074
2015-07-14,Asset4,-0.0007348855700809765
2015-07-15,Asset4,0.009233889161115592
2015-07-16,Asset4,0.011070180220341152
2015-07-17,Asset4,0.00023417397618931803
2015-07-20,Asset4,-0.0008324586462225093
2015-07-21,Asset4,-0.00963334454416394
2015-07-22,Asset4,0.013662754173070156
2015-07-23,Asset4,-0.005669105084843978
2015-07-24,Asset4,-0.008898926836256038
2015-07-27,Asset4,-0.02110130027651636
2015-07-28,Asset4,-0.0032149264442052155
2015-07-29,Asset4,0.005111644626364331
2015-07-30,Asset4,0.006251903119512648
2015-07-31,Asset4,0.014768313678125368
2015-08-03,Asset4,0.0013388515294407812
2015-08-04,Asset4,-0.003428207071194898
2015-08-05,Asset4,0.006713214741003207
2015-08-06,Asset4,0.002705923613174584
2015-08-07,Asset4,-0.003136333856295153
2015-08-10,Asset4,-0.005100063282840122
2015-08-11,Asset4,-0.008309092995887593
2015-08-12,Asset4,-0.014942344571762353
2015-08-13,Asset4,0.0008584210435824603
2015-08-14,Asset4,0.021807982104602424
2015-08-17,Asset4,-0.005423458342002903
2015-08-18,Asset4,-0.0014202635600245018
2015-08-19,Asset4,0.0037834368177065516
2015-08-20,Asset4,-0.016137258458812784
2015-08-21,Asset4,-0.009738231913051313
2015-08-24,Asset4,-0.06624909858622315
2015-08-25,Asset4,0.010283547029068921
2015-08-26,Asset4,-0.012627318246948517
2015-08-27,Asset4,0.022581557289959274
2015-08-28,Asset4,0.007467652776967171
2015-08-31,Asset4,-0.00429000889309572
2015-09-01,Asset4,-0.02605643708857372
2015-09-02,Asset4,-0.009904134861036305
2015-09-03,Asset4,0.015384216664506989
2015-09-04,Asset4,-0.024045023488431544
2015-09-07,Asset4,-0.014082207529726248
2015-09-08,Asset4,0.01918085178814888
2015-09-09,Asset4,0.01898899091145584
2015-09-10,Asset4,-0.00436906857664205
2015-09-11,Asset4,0.00017252883991609736
2015-09-14,Asset4,0.011927159190110006
2015-09-15,Asset4,-0.00613901878433735
2015-09-16,Asset4,0.010021047153744647
2015-09-18,Asset4,0.011732908116163331
2015-09-21,Asset4,-0.0006734964501899477
2015-09-22,Asset4,-0.023180367189992918
2015-09-23,Asset4,0.0048674115143369084
2015-09-24,Asset4,0.0032189576305351867
2015-09-28,Asset4,-0.010362303012009893
2015-09-29,Asset4,0.006838585523344812
2015-09-30,Asset4,0.015079381423659834
2015-10-01,Asset4,0.0002818000009459709
2015-10-05,Asset4,0.023721577801451413
2015-10-06,Asset4,0.004634895899924097
2015-10-07,Asset4,0.003365673604322233
2015-10-08,Asset4,-0.006581038214185427
2015-10-09,Asset4,0.008314577249476188
2015-10-12,Asset4,-0.006304517643338397
2015-10-13,Asset4,-0.0016366091734828815
2015-10-14,Asset4,-0.003278075615769236
2015-10-15,Asset4,0.009890614134471464
2015-10-16,Asset4,0.008030862216517002
2015-10-19,Asset4,0.005016580396132504
2015-10-20,Asset4,-0.001813565368694139
2015-10-21,Asset4,-0.0013489095063433966
2015-10-23,Asset4,0.005938170175866908
2015-10-26,Asset4,-0.00471203329291134
2015-10-27,Asset4,-0.003748823562861077
2015-10-28,Asset4,-0.008393666323072502
2015-10-29,Asset4,-0.008148646117885683
2015-10-30,Asset4,-0.006344403951058589
2015-11-02,Asset4,-0.002082868457786038
2015-11-03,Asset4,0.0013773088101809705
2015-11-04,Asset4,-0.0028483877881168955
2015-11-05,Asset4,-0.011805676188926154
2015-11-06,Asset4,-0.00016195657924662044
2015-11-09,Asset4,-0.005505395015937662
2015-11-10,Asset4,-0.01865677503172364
2015-11-13,Asset4,-0.0030362387761686807
2015-11-16,Asset4,0.0063991895874263354
2015-11-17,Asset4,0.004440303261519283
2015-11-18,Asset4,-0.015111865691643002
2015-11-19,Asset4,0.016071836039348
2015-11-20,Asset4,0.0019707094131523563
2015-11-23,Asset4,-0.0010406325235947555
2015-11-24,Asset4,-0.002518443242985047
2015-11-26,Asset4,0.0074650992320836815
2015-11-27,Asset4,0.008367594197505818
2015-11-30,Asset4,-0.0010505518960572326
2015-12-01,Asset4,0.0027734338080085057
2015-12-02,Asset4,-0.0033156647567908594
2015-12-03,Asset4,-0.009489458644908454
2015-12-04,Asset4,-0.011713917097707577
2015-12-07,Asset4,-0.0023747414168658844
2015-12-08,Asset4,-0.009187378985268602
2015-12-09,Asset4,-0.012971709650656731
2015-12-10,Asset4,0.010416522988505861
2015-12-11,Asset4,-0.010619338640179327
2015-12-14,Asset4,0.005827718644991329
2015-12-15,Asset4,0.0074446717118238585
2015-12-16,Asset4,0.007271877405257073
2015-12-17,Asset4,0.0135034925065089
2015-12-18,Asset4,-0.011764886762585221
2015-12-21,Asset4,0.01046128845931488
2015-12-22,Asset4,-0.006912049732270927
2015-12-23,Asset4,0.011486123765853017
2015-12-24,Asset4,-0.0006977462815961212
2015-12-28,Asset4,0.009132636372840466
2015-12-29,Asset4,0.0005370659454330351
2015-12-30,Asset4,-0.0046190501703051905
2015-12-31,Asset4,0.007106171837897684
2016-01-04,Asset4,-0.021853596429915537
2016-01-05,Asset4,-0.0009559240193169672
2016-01-06,Asset4,-0.006280037154950443
2016-01-07,Asset4,-0.024986980848727552
2016-01-08,Asset4,0.004890970109571242
2016-01-11,Asset4,-0.005525334244629719
2016-01-12,Asset4,-0.007929338544610243
2016-01-13,Asset4,0.00776961118630446
2016-01-14,Asset4,-0.003791403489005383
2016-01-15,Asset4,-0.014711814413730108
2016-01-18,Asset4,-0.013070502541454749
2016-01-19,Asset4,0.012813509641545375
2016-01-20,Asset4,-0.018950158878078088
2016-01-21,Asset4,-0.004979957174099852
2016-01-22,Asset4,0.02241760689842213
2016-01-25,Asset4,0.002067197686915989
2016-01-27,Asset4,0.00024099962998793247
2016-01-28,Asset4,-0.0019726542805283743
2016-01-29,Asset4,0.02095289241528967
2016-02-01,Asset4,-0.0011253396513267512
2016-02-02,Asset4,-0.014882104115741816
2016-02-03,Asset4,-0.014083468389411548
2016-02-04,Asset4,0.0064201988649441695
2016-02-05,Asset4,0.012873056371555976
2016-02-08,Asset4,-0.015231751196742513
2016-02-09,Asset4,-0.013501070256184598
2016-02-10,Asset4,-0.012660655713356112
2016-02-11,Asset4,-0.037151226092950226
2016-02-12,Asset4,0.000738510725935342
2016-02-15,Asset4,0.029199463439357136
2016-02-16,Asset4,-0.01793454027281504
2016-02-17,Asset4,0.00956609353385602
2016-02-18,Asset4,0.013124630360570216
2016-02-19,Asset4,0.002958946014530497
2016-02-22,Asset4,0.0036966725028602814
2016-02-23,Asset4,-0.019351584242227403
2016-02-24,Asset4,-0.014311955791196845
2016-02-25,Asset4,-0.007675510831902877
2016-02-26,Asset4,0.009503900625037255
2016-02-29,Asset4,-0.006803117998506317
2016-03-01,Asset4,0.037709764115783924
2016-03-02,Asset4,0.022726324379177713
2016-03-03,Asset4,0.016225055254961308
2016-03-04,Asset4,0.0014607522951131104
2016-03-08,Asset4,-7.525115627924351e-06
2016-03-09,Asset4,0.00695763715000247
2016-03-10,Asset4,-0.006788269995331025
2016-03-11,Asset4,0.0035981550565221104
2016-03-14,Asset4,0.004257646989218352
2016-03-15,Asset4,-0.011610398358481133
2016-03-16,Asset4,0.005727138576751117
2016-03-17,Asset4,0.002061114352391975
2016-03-18,Asset4,0.013685942961848562
2016-03-21,Asset4,0.014713669043129018
2016-03-22,Asset4,0.0015482221663368635
2016-03-23,Asset4,0.00023229198015329192
2016-03-28,Asset4,-0.01471753912071531
2016-03-29,Asset4,-0.002662093618603816
2016-03-30,Asset4,0.020374387093589626
2016-03-31,Asset4,0.00046329400461683437
2016-04-01,Asset4,-0.0036689896791713577
2016-04-04,Asset4,0.00664328654650447
2016-04-05,Asset4,-0.022461149518861617
2016-04-06,Asset4,0.0016424519023844298
2016-04-07,Asset4,-0.009987443399589468
2016-04-08,Asset4,0.0012986238226401527
2016-04-11,Asset4,0.017225707924423475
2016-04-12,Asset4,0.005482223409074436
2016-04-13,Asset4,0.020557922412881208
2016-04-18,Asset4,0.009166353293084769
2016-04-20,Asset4,7.047803280357813e-06
2016-04-21,Asset4,-0.0003820990871474273
2016-04-22,Asset4,-0.0018048420260878475
2016-04-25,Asset4,-0.006273973798360065
2016-04-26,Asset4,0.015341991759630141
2016-04-27,Asset4,0.002426327948226579
2016-04-28,Asset4,-0.018617763686655346
2016-04-29,Asset4,0.00036392127815478405
2016-05-02,Asset4,-0.006263585294957342
2016-05-03,Asset4,-0.008451029535389393
2016-05-04,Asset4,-0.0058479693752420845
2016-05-05,Asset4,0.004207358619842872
2016-05-06,Asset4,-0.000296785114084468
2016-05-09,Asset4,0.019203791160382518
2016-05-10,Asset4,0.0030968530081621286
2016-05-11,Asset4,-0.00553052472871789
2016-05-12,Asset4,0.007355954124699196
2016-05-13,Asset4,-0.01212090542044484
2016-05-16,Asset4,0.006571051455131035
2016-05-17,Asset4,0.0042744012975861525
2016-05-18,Asset4,-0.0029239437791084024
2016-05-19,Asset4,-0.012345381117971519
2016-05-20,Asset4,-0.004849252556538311
2016-05-23,Asset4,-0.0026953865276794888
2016-05-24,Asset4,0.002578734923284536
2016-05-25,Asset4,0.02689118754704346
2016-05-26,Asset4,0.019019773640171884
2016-05-27,Asset4,0.012074873281887834
2016-05-30,Asset4,0.0030002647738955803
2016-05-31,Asset4,-0.002519764091826158
2016-06-01,Asset4,0.002724489786759463
2016-06-02,Asset4,0.005339885813122862
2016-06-03,Asset4,0.0002520470924840979
2016-06-06,Asset4,-0.0026907357587502294
2016-06-07,Asset4,0.008931592813658185
2016-06-08,Asset4,0.0008941640396251672
2016-06-09,Asset4,-0.009402121416690577
2016-06-10,Asset4,-0.004580401657713669
2016-06-13,Asset4,-0.008149726558190374
2016-06-14,Asset4,-0.0002416590605380975
2016-06-15,Asset4,0.013501230360226197
2016-06-16,Asset4,-0.008986860089500174
2016-06-17,Asset4,0.004051742007800315
2016-06-20,Asset4,0.009362779298099434
2016-06-21,Asset4,-0.002528562541724835
2016-06-22,Asset4,-0.0022073526305371872
2016-06-23,Asset4,0.009112961007853181
2016-06-24,Asset4,-0.02462648399605101
2016-06-27,Asset4,0.0008446590624476614
2016-06-28,Asset4,0.004586691258374174
2016-06-29,Asset4,0.010493290304356685
2016-06-30,Asset4,0.01143344709897619
2016-07-01,Asset4,0.0054865991976110005
2016-07-04,Asset4,0.00569532482121133
2016-07-05,Asset4,-0.004649551302983515
2016-07-07,Asset4,0.00026202396833273416
2016-07-08,Asset4,-0.0019746240634526658
2016-07-11,Asset4,0.01947138299536178
2016-07-12,Asset4,0.007029764286776832
2016-07-13,Asset4,-0.00020370509383072391
2016-07-14,Asset4,0.005981571688479406
2016-07-15,Asset4,-0.0030859967892585697
2016-07-18,Asset4,-0.00428784708303784
2016-07-19,Asset4,0.0026128035998080183
2016-07-20,Asset4,0.0048983452294596936
2016-07-21,Asset4,-0.007289411190649596
2016-07-22,Asset4,0.004093096185575469
2016-07-25,Asset4,0.012385170272446545
2016-07-26,Asset4,-0.005836271470034849
2016-07-27,Asset4,0.0032788371624038254
2016-07-28,Asset4,0.006564683637290082
2016-07-29,Asset4,-0.003592742225829593
2016-08-01,Asset4,-0.0002528469931122679
2016-08-02,Asset4,-0.001770075330510217
2016-08-03,Asset4,-0.010137757719553574
2016-08-04,Asset4,0.0008192069281501091
2016-08-05,Asset4,0.017295655735065057
2016-08-08,Asset4,0.0036372887234684017
2016-08-09,Asset4,-0.004255547551449973
2016-08-10,Asset4,-0.013286574914297182
2016-08-11,Asset4,0.0022008159107957683
2016-08-16,Asset4,0.006569641030910028
2016-08-17,Asset4,-0.0023974406243817193
2016-08-18,Asset4,0.00638959885413101
2016-08-19,Asset4,-0.0008199420632403687
2016-08-22,Asset4,-0.004878329978931611
2016-08-23,Asset4,0.0004476831234969936
2016-08-24,Asset4,0.002296436722082156
2016-08-25,Asset4,-0.007522463263612896
2016-08-26,Asset4,-0.0025614437512765423
2016-08-29,Asset4,0.004559721248703248
2016-08-30,Asset4,0.0178133291823751
2016-08-31,Asset4,0.005360336485145432
2016-09-01,Asset4,-0.0014722839182405069
2016-09-02,Asset4,0.004467414455837648
2016-09-06,Asset4,0.016953177013577733
2016-09-07,Asset4,-0.0031371778206418636
2016-09-08,Asset4,0.004339089185577585
2016-09-09,Asset4,-0.01073396048589782
2016-09-12,Asset4,-0.019086317629129594
2016-09-14,Asset4,0.0014135573629090814
2016-09-15,Asset4,0.002047099620659694
2016-09-16,Asset4,0.0047784436100783275
2016-09-19,Asset4,0.003642075482233196
2016-09-20,Asset4,-0.004132418871279047
2016-09-21,Asset4,0.00015952779061787937
2016-09-22,Asset4,0.011522621437365928
2016-09-23,Asset4,-0.00453438549012148
2016-09-26,Asset4,-0.01375975934999552
2016-09-27,Asset4,-0.0021377091920281367
2016-09-28,Asset4,0.004984838515666326
2016-09-29,Asset4,-0.01971017418806005
2016-09-30,Asset4,0.002594318347155458
2016-10-03,Asset4,0.01651151339254213
2016-10-04,Asset4,0.003979912859163051
2016-10-05,Asset4,-0.003218580762416128
2016-10-06,Asset4,-0.004406296540967745
2016-10-07,Asset4,-0.0015367291134607266
2016-10-10,Asset4,0.0014422621543164385
2016-10-13,Asset4,-0.017419647041185336
2016-10-14,Asset4,0.0013130078105866617
2016-10-17,Asset4,-0.00822051830147256
2016-10-18,Asset4,0.020703252419228203
2016-10-19,Asset4,-0.002426494203914569
2016-10-20,Asset4,0.0052126522428649485
2016-10-21,Asset4,-0.000817603045109312
2016-10-24,Asset4,0.002048583397094568
2016-10-25,Asset4,-0.0022698990184420254
2016-10-26,Asset4,-0.009800120023941919
2016-10-27,Asset4,0.0
2016-10-28,Asset4,0.002957546211659619
2016-11-01,Asset4,-0.001523500810372731
2016-11-02,Asset4,-0.014574119692798126
2016-11-03,Asset4,-0.0038214448261686767
2016-11-04,Asset4,-0.0067583447669121105
2016-11-07,Asset4,0.008406199051430328
2016-11-08,Asset4,0.006129186152500737
2016-11-09,Asset4,-0.014623404100887109
2016-11-10,Asset4,0.012452561669829337
2016-11-11,Asset4,-0.030142124593144363
2016-11-15,Asset4,-0.025359686541357455
2016-11-16,Asset4,0.00043508815371890114
2016-11-17,Asset4,-0.00437002443392668
2016-11-18,Asset4,-0.0008109096240222869
2016-11-21,Asset4,-0.02011369663934945
2016-11-22,Asset4,0.010339593505602665
2016-11-23,Asset4,0.004338752714521057
2016-11-24,Asset4,-0.009452626329928685
2016-11-25,Asset4,0.02092219964220693
2016-11-28,Asset4,0.0017391653888419968
2016-11-29,Asset4,0.0021016624057438806
2016-11-30,Asset4,0.011327734134254933
2016-12-01,Asset4,-0.004303187123837269
2016-12-02,Asset4,-0.01450434529705481
2016-12-05,Asset4,0.005809989103819007
2016-12-06,Asset4,0.001984055435952641
2016-12-07,Asset4,-0.005652862826674846
2016-12-08,Asset4,0.020016635932819365
2016-12-09,Asset4,0.0020236136573933195
2016-12-12,Asset4,-0.012329617665748761
2016-12-13,Asset4,0.006990747707125387
2016-12-14,Asset4,-0.00536033028618304
2016-12-15,Asset4,-0.003948952771324024
2016-12-16,Asset4,-0.0019436678810817655
2016-12-19,Asset4,-0.004829823689767139
2016-12-20,Asset4,-0.0030334596178303746
2016-12-21,Asset4,-0.002923897562671645
2016-12-22,Asset4,-0.011420450064574778
2016-12-23,Asset4,0.0009334248892538356
2016-12-26,Asset4,-0.010869361049369248
2016-12-27,Asset4,0.017646395773401304
2016-12-28,Asset4,0.00027885494846376704
2016-12-29,Asset4,0.009583252837842197
2016-12-30,Asset4,0.011360836019243693
2017-01-02,Asset4,-0.000861953800282187
2017-01-03,Asset4,0.001745827984595536
2017-01-04,Asset4,-0.00023925051115384125
2017-01-05,Asset4,0.011390730877235777
2017-01-06,Asset4,-0.004061011964655421
2017-01-09,Asset4,-0.0010529125167577115
2017-01-10,Asset4,0.007146117695463873
2017-01-11,Asset4,0.01243839488680216
2017-01-12,Asset4,0.0035481472038570066
2017-01-13,Asset4,-0.0009126291835274536
2017-01-16,Asset4,0.0016599569539865657
2017-01-17,Asset4,-0.0019703049680041044
2017-01-18,Asset4,0.0025339366515837016
2017-01-19,Asset4,0.0024084070927883165
2017-01-20,Asset4,-0.011385757661149382
2017-01-23,Asset4,0.005654145497392058
2017-01-24,Asset4,0.011251359262348864
2017-01-25,Asset4,0.016775315843510833
2017-01-27,Asset4,0.0050123507018103915
2017-01-30,Asset4,-0.001101692463474553
2017-01-31,Asset4,-0.00926984086762623
2017-02-01,Asset4,0.020290453577491655
2017-02-02,Asset4,0.002293557157092394
2017-02-03,Asset4,0.0008591715087157681
2017-02-06,Asset4,0.0077007145671755955
2017-02-07,Asset4,-0.004167684630129412
2017-02-08,Asset4,9.57996440256892e-05
2017-02-09,Asset4,0.0011942749195473113
2017-02-10,Asset4,0.0019328514302128143
2017-02-13,Asset4,0.001464709961969426
2017-02-14,Asset4,-0.0016217966186174062
2017-02-15,Asset4,-0.008611121570221663
2017-02-16,Asset4,0.006842158459734017
2017-02-17,Asset4,0.0055757824960126715
2017-02-20,Asset4,0.0073001800757432995
2017-02-21,Asset4,0.003613765096426036
2017-02-22,Asset4,0.0023952890917178496
2017-02-23,Asset4,0.0015807908548884342
2017-02-27,Asset4,-0.005362244113205375
2017-02-28,Asset4,-0.002152782023619402
2017-03-01,Asset4,0.008349950674771308
2017-03-02,Asset4,-0.005765362782092947
2017-03-03,Asset4,-0.00027688628894065206
2017-03-06,Asset4,0.00829536660318734
2017-03-07,Asset4,-0.002067929295763076
2017-03-08,Asset4,-0.002829209574806946
2017-03-09,Asset4,0.0003388746250335473
2017-03-10,Asset4,0.0009472142097008175
2017-03-14,Asset4,0.01911055648941801
2017-03-15,Asset4,-0.0002711806701882047
2017-03-16,Asset4,0.00849423643437735
2017-03-17,Asset4,0.0007769057701542082
2017-03-20,Asset4,-0.004059390455603343
2017-03-21,Asset4,-0.0006564765232732484
2017-03-22,Asset4,-0.011179716192512165
2017-03-23,Asset4,0.006926737997234015
2017-03-24,Asset4,0.002674820253835435
2017-03-27,Asset4,-0.00772241779205098
2017-03-28,Asset4,0.006884486927361949
2017-03-29,Asset4,0.005291842588955156
2017-03-30,Asset4,0.003668520687953461
2017-03-31,Asset4,0.0
2017-04-03,Asset4,0.007825759640277853
2017-04-05,Asset4,0.00330995591971643
2017-04-06,Asset4,-0.00038684949503107194
2017-04-07,Asset4,-0.007696914364328969
2017-04-10,Asset4,-0.002051635943675532
2017-04-11,Asset4,0.0067762477524263435
2017-04-12,Asset4,-0.004067963759878773
2017-04-13,Asset4,-0.006407209931992029
2017-04-17,Asset4,-0.0014075272407775865
2017-04-18,Asset4,-0.004184931511972359
2017-04-19,Asset4,-0.0002030101009537333
2017-04-20,Asset4,0.004047722029988528
2017-04-21,Asset4,-0.0020839717159875804
2017-04-24,Asset4,0.012103403351328767
2017-04-25,Asset4,0.010771087025452781
2017-04-26,Asset4,0.005445597976402433
2017-04-27,Asset4,-0.0011616017636885269
2017-04-28,Asset4,-0.004567755223981678
2017-05-02,Asset4,0.0011736824532578894
2017-05-03,Asset4,-0.00022241862005209614
2017-05-04,Asset4,0.005767236467505335
2017-05-05,Asset4,-0.008926660836442989
2017-05-08,Asset4,0.0034678470999660507
2017-05-09,Asset4,0.0003366721582723642
2017-05-10,Asset4,0.010873226787739797
2017-05-11,Asset4,0.001797822605969657
2017-05-12,Asset4,-0.0025556120523130233
2017-05-15,Asset4,0.0053016198373617845
2017-05-16,Asset4,0.007926774874923553
2017-05-17,Asset4,0.001589529291177243
2017-05-18,Asset4,-0.011322550061674886
2017-05-19,Asset4,-0.0001840808545617101
2017-05-22,Asset4,0.0012294956479946607
2017-05-23,Asset4,-0.006182455698884831
2017-05-24,Asset4,-0.0030547833836797626
2017-05-25,Asset4,0.017851966202489394
2017-05-26,Asset4,0.010051953258497868
2017-05-29,Asset4,0.0011440084466944002
2017-05-30,Asset4,0.0022912620490557604
2017-05-31,Asset4,-0.00038399523354330615
2017-06-01,Asset4,-0.0005995517734182165
2017-06-02,Asset4,0.004356073585090741
2017-06-05,Asset4,0.002505988760553244
2017-06-06,Asset4,-0.004393042626539501
2017-06-07,Asset4,0.0031088027877144955
2017-06-08,Asset4,-0.0019297009226306374
2017-06-09,Asset4,0.0024380004664541844
2017-06-12,Asset4,-0.006006419207198786
2017-06-13,Asset4,-0.0011064431146578003
2017-06-14,Asset4,0.0013115572648484887
2017-06-15,Asset4,-0.004669573091077552
2017-06-16,Asset4,0.0011693403384181523
2017-06-19,Asset4,0.008118439264045705
2017-06-20,Asset4,-0.0004696616990573333
2017-06-21,Asset4,-0.0023088452374786608
2017-06-22,Asset4,-0.00041848973005658156
2017-06-23,Asset4,-0.006402469496365538
2017-06-27,Asset4,-0.0074335406240384405
2017-06-28,Asset4,-0.0023727775693519427
2017-06-29,Asset4,0.0015162979059660487
2017-06-30,Asset4,0.0019798692957129663
2017-07-03,Asset4,0.0110694953393039
2017-07-04,Asset4,-0.0001980466718668872
2017-07-05,Asset4,0.0028310550802471825
2017-07-06,Asset4,0.004294037979098491
2017-07-07,Asset4,-0.0010129670318356433
2017-07-10,Asset4,0.012195576401534219
2017-07-11,Asset4,0.0017193648928020622
2017-07-12,Asset4,0.0034391589989537156
2017-07-13,Asset4,0.008625896192937256
2017-07-14,Asset4,-0.0006058267165072451
2017-07-17,Asset4,0.00335337688428119
2017-07-18,Asset4,-0.010029879062625344
2017-07-19,Asset4,0.008257035027917149
2017-07-20,Asset4,-0.002975451777070415
2017-07-21,Asset4,0.004758714885543576
2017-07-24,Asset4,0.0057778106956456205
2017-07-25,Asset4,-0.0002079643771837603
2017-07-26,Asset4,0.006305619168107519
2017-07-27,Asset4,-1.1242408986245068e-05
2017-07-28,Asset4,-0.0006761885706940163
2017-07-31,Asset4,0.007001004793050179
2017-08-01,Asset4,0.004173509901685684
2017-08-02,Asset4,-0.003670758361990796
2017-08-03,Asset4,-0.007537723801021717
2017-08-04,Asset4,0.005899946342775522
2017-08-07,Asset4,-0.0010013509903090425
2017-08-08,Asset4,-0.008780863127644914
2017-08-09,Asset4,-0.007912973482670616
2017-08-10,Asset4,-0.00992483719686968
2017-08-11,Asset4,-0.012482800208752335
2017-08-14,Asset4,0.009613281926061036
2017-08-16,Asset4,0.011795545212434498
2017-08-17,Asset4,0.0007752272237288694
2017-08-18,Asset4,-0.007548350646085319
2017-08-21,Asset4,-0.00945543246248727
2017-08-22,Asset4,0.0012860128304139453
2017-08-23,Asset4,0.009972220786100012
2017-08-24,Asset4,0.0005172069271759128
2017-08-28,Asset4,0.0063345525524591655
2017-08-29,Asset4,-0.013191026004395551
2017-08-30,Asset4,0.010101281457618719
2017-08-31,Asset4,0.0037958802271492336
2017-09-01,Asset4,0.00638038269267316
2017-09-04,Asset4,-0.006911380363755467
2017-09-05,Asset4,0.00444601280022642
2017-09-06,Asset4,-0.0040513654477118705
2017-09-07,Asset4,0.0015473889642983708
2017-09-08,Asset4,0.0005526081364503099
2017-09-11,Asset4,0.00803237121721864
2017-09-12,Asset4,0.00973810863447362
2017-09-13,Asset4,-0.001525802438114159
2017-09-14,Asset4,0.0008111457550053914
2017-09-15,Asset4,-0.00013315934527144082
2017-09-18,Asset4,0.007518107567695829
2017-09-19,Asset4,-0.0006122052859858763
2017-09-20,Asset4,-0.0007063127442536477
2017-09-21,Asset4,-0.002125991546277746
2017-09-22,Asset4,-0.01742755739459595
2017-09-25,Asset4,-0.010318420674538073
2017-09-26,Asset4,-0.00012474551270472034
2017-09-27,Asset4,-0.015401914602643956
2017-09-28,Asset4,0.003819348149860176
2017-09-29,Asset4,0.002252784926732545
2017-10-03,Asset4,0.008112338911476905
2017-10-04,Asset4,0.006293264110756241
2017-10-05,Asset4,-0.002959608023671727
2017-10-06,Asset4,0.010306713520176666
2017-10-09,Asset4,0.0010156398540670255
2017-10-10,Asset4,0.0031619791014891522
2017-10-11,Asset4,-0.0035947505775610015
2017-10-12,Asset4,0.012518293675885311
2017-10-13,Asset4,0.007881599200828973
2017-10-16,Asset4,0.006983790663930414
2017-10-17,Asset4,0.00039416631110533734
2017-10-18,Asset4,-0.0025827138483811222
2017-10-19,Asset4,-0.00705286866470738
2017-10-23,Asset4,0.004227622401280051
2017-10-24,Asset4,0.0025128163136000485
2017-10-25,Asset4,0.009616989319012214
2017-10-26,Asset4,0.005270750465878998
2017-10-27,Asset4,-0.0022467565535702508
2017-10-30,Asset4,0.004404963369386295
2017-10-31,Asset4,-0.0030638486491906037
2017-11-01,Asset4,0.011400174254893047
2017-11-02,Asset4,-0.0017915060341937663
2017-11-03,Asset4,0.003083733317244395
2017-11-06,Asset4,-7.50269074384491e-05
2017-11-07,Asset4,-0.010892606620626265
2017-11-08,Asset4,-0.005085916437279999
2017-11-09,Asset4,0.0006304655376001733
2017-11-10,Asset4,0.001390615045993613
2017-11-13,Asset4,-0.01050362402208931
2017-11-14,Asset4,-0.004200769238924131
2017-11-15,Asset4,-0.0075369391351497944
2017-11-16,Asset4,0.01070406064811266
2017-11-17,Asset4,0.007549040603049484
2017-11-20,Asset4,0.001650048440677523
2017-11-21,Asset4,0.0030613848768053843
2017-11-22,Asset4,0.0016701375144141297
2017-11-23,Asset4,0.0006985118287449056
2017-11-24,Asset4,0.0044318607319723926
2017-11-27,Asset4,0.001061778712823518
2017-11-28,Asset4,-0.0031555001770566097
2017-11-29,Asset4,-0.0009666323135892975
2017-11-30,Asset4,-0.01456574009485987
2017-12-01,Asset4,-0.011472099803026926
2017-12-04,Asset4,0.0006584025448631082
2017-12-05,Asset4,-0.0010505788551258277
2017-12-06,Asset4,-0.00820778667259658
2017-12-07,Asset4,0.013670977149791954
2017-12-08,Asset4,0.010900706878432196
2017-12-11,Asset4,0.006175114102647861
2017-12-12,Asset4,-0.008908092954539893
2017-12-13,Asset4,-0.005162445543612098
2017-12-14,Asset4,0.006499329681848672
2017-12-15,Asset4,0.00886534865666807
2017-12-18,Asset4,0.006015532383325706
2017-12-19,Asset4,0.008026395740584889
2017-12-20,Asset4,-0.002033794594653067
2017-12-21,Asset4,-0.00041826443560134764
2017-12-22,Asset4,0.005653498448722694
2017-12-26,Asset4,0.0041094062708471315
2017-12-27,Asset4,-0.0043336656696576804
2017-12-28,Asset4,-0.0013718335200057653
2017-12-29,Asset4,0.005643857933876824
2018-01-02,Asset4,-0.009412479527631171
2018-01-03,Asset4,0.00010725708941141221
2018-01-04,Asset4,0.006606362150460932
2018-01-05,Asset4,0.005762678239997286
2018-01-08,Asset4,0.006868172450870987
2018-01-09,Asset4,0.0014127450254012076
2018-01-10,Asset4,-0.000505385094481543
2018-01-11,Asset4,0.0020014672042558603
2018-01-12,Asset4,0.0031598111605124404
2018-01-15,Asset4,0.006322834991222948
2018-01-16,Asset4,-0.004285374395407242
2018-01-17,Asset4,0.009221253377098436
2018-01-18,Asset4,0.002953521958637673
2018-01-19,Asset4,0.00804513439493384
2018-01-22,Asset4,0.007350362888779217
2018-01-23,Asset4,0.01200051044629401
2018-01-24,Asset4,0.00023239362348419947
2018-01-25,Asset4,-0.0016517736334115264
2018-01-29,Asset4,0.006146535581432922
2018-01-30,Asset4,-0.008125493857002333
2018-01-31,Asset4,-0.0022248865693395817
2018-02-01,Asset4,-0.001096854379042771
2018-02-02,Asset4,-0.026056047056963082
2018-02-05,Asset4,-0.009789025247090084
2018-02-06,Asset4,-0.01767167309969006
2018-02-07,Asset4,-0.0022990290048341857
2018-02-08,Asset4,0.01070636189438595
2018-02-09,Asset4,-0.012908129432887688
2018-02-12,Asset4,0.009084288253480467
2018-02-14,Asset4,-0.004128329656775503
2018-02-15,Asset4,0.0047568837568058705
2018-02-16,Asset4,-0.0098984608363757
2018-02-19,Asset4,-0.007918577279316281
2018-02-20,Asset4,-0.0019424958800211914
2018-02-21,Asset4,0.0040052294974574215
2018-02-22,Asset4,-0.0015888510826864001
2018-02-23,Asset4,0.011687861559826837
2018-02-26,Asset4,0.009773643549398373
2018-02-27,Asset4,-0.0029950846124728162
2018-02-28,Asset4,-0.006520964917012613
2018-03-01,Asset4,-0.0036825077494179585
2018-03-05,Asset4,-0.010655600946836225
2018-03-06,Asset4,-0.01184992225284427
2018-03-07,Asset4,-0.010386689879747274
2018-03-08,Asset4,0.009755984404929379
2018-03-09,Asset4,-0.0017277632570762516
2018-03-12,Asset4,0.021306353698626098
2018-03-13,Asset4,0.000585633866009907
2018-03-14,Asset4,-0.001713185254339802
2018-03-15,Asset4,-0.005459662264292202
2018-03-16,Asset4,-0.017837578899166165
2018-03-19,Asset4,-0.011084528738675312
2018-03-20,Asset4,0.0033396797681847805
2018-03-21,Asset4,0.003418336864617153
2018-03-22,Asset4,-0.0044666551783560495
2018-03-23,Asset4,-0.01292214031488662
2018-03-26,Asset4,0.014854162476803375
2018-03-27,Asset4,0.0059147239011870315
2018-03-28,Asset4,-0.0077477468147598046
2018-04-02,Asset4,0.010863636490917978
2018-04-03,Asset4,0.0036412992284603624
2018-04-04,Asset4,-0.012746858223523692
2018-04-05,Asset4,0.021756643843184664
2018-04-06,Asset4,0.000699566081532268
2018-04-09,Asset4,0.005176352358009631
2018-04-10,Asset4,0.002471102570514923
2018-04-11,Asset4,0.0016043103655459846
2018-04-12,Asset4,0.004461872801781866
2018-04-13,Asset4,0.002350506430737518
2018-04-16,Asset4,0.0051027614824786845
2018-04-17,Asset4,0.002164884060242933
2018-04-18,Asset4,-0.002388919917469892
2018-04-19,Asset4,0.004160244122993327
2018-04-20,Asset4,-0.00013250925443490048
2018-04-23,Asset4,0.0021893533188131545
2018-04-24,Asset4,0.0031372965825433854
2018-04-25,Asset4,-0.004621647397657931
2018-04-26,Asset4,0.005006362107724414
2018-04-27,Asset4,0.007858501905749195
2018-04-30,Asset4,0.004928386054691352
2018-05-02,Asset4,-0.0022213432021222883
2018-05-03,Asset4,-0.0040126090598301195
2018-05-04,Asset4,-0.0064392030623368875
2018-05-07,Asset4,0.010257810844536551
2018-05-08,Asset4,0.00024037900704581007
2018-05-09,Asset4,0.002497568343112029
2018-05-10,Asset4,-0.0026223444136238786
2018-05-11,Asset4,0.009400807217443657
2018-05-14,Asset4,1.0323647804604265e-05
2018-05-15,Asset4,-0.0004922917654305792
2018-05-16,Asset4,-0.0062989212459455155
2018-05-17,Asset4,-0.006089445785691439
2018-05-18,Asset4,-0.009047879233043723
2018-05-21,Asset4,-0.008424013387506141
2018-05-22,Asset4,0.0021299456658453765
2018-05-23,Asset4,-0.011304550195229997
2018-05-24,Asset4,0.008966142411558558
2018-05-25,Asset4,0.009725921408350616
2018-05-28,Asset4,0.00881835679413591
2018-05-29,Asset4,-0.005799858165851664
2018-05-30,Asset4,-0.0019960143266762923
2018-05-31,Asset4,0.01285211812502496
2018-06-01,Asset4,-0.00416762220367847
2018-06-04,Asset4,-0.0070888930055020265
2018-06-05,Asset4,-0.0037250376346615434
2018-06-06,Asset4,0.009674175879792593
2018-06-07,Asset4,0.00877362586259757
2018-06-08,Asset4,-7.272470047945846e-05
2018-06-11,Asset4,0.00200747428323087
2018-06-12,Asset4,0.0058039893219499926
2018-06-13,Asset4,0.0014306807535712808
2018-06-14,Asset4,-0.005018876502044929
2018-06-15,Asset4,0.0010000358709776691
2018-06-18,Asset4,-0.0018481429406467778
2018-06-19,Asset4,-0.009271179448932597
2018-06-20,Asset4,0.006441518446180155
2018-06-21,Asset4,-0.0032179779502054732
2018-06-22,Asset4,0.008419994533991934
2018-06-25,Asset4,-0.006147502150867741
2018-06-26,Asset4,0.000697259324207451
2018-06-27,Asset4,-0.010166075876821933
2018-06-28,Asset4,-0.008637748713934332
2018-06-29,Asset4,0.013242317470113606
2018-07-02,Asset4,-0.005958392164093649
2018-07-03,Asset4,0.004476992964860926
2018-07-04,Asset4,0.007327171014478893
2018-07-05,Asset4,-0.0020955103279920273
2018-07-06,Asset4,0.0023859566501545615
2018-07-09,Asset4,0.008343350683525373
2018-07-10,Asset4,0.009736711726506045
2018-07-11,Asset4,0.00010740425677674638
2018-07-12,Asset4,0.007662234227828187
2018-07-13,Asset4,-0.0004368768746528318
2018-07-16,Asset4,-0.008339931548722177
2018-07-17,Asset4,0.007291333573942929
2018-07-18,Asset4,-0.0028080870861282928
2018-07-19,Asset4,-0.0023817471765561217
2018-07-20,Asset4,0.0054277736235157905
2018-07-23,Asset4,0.007583493466862415
2018-07-24,Asset4,0.005006498229549657
2018-07-25,Asset4,-0.00023133751517232074
2018-07-26,Asset4,0.0035515434108875257
2018-07-27,Asset4,0.011137498179980129
2018-07-30,Asset4,0.0040913981520525056
2018-07-31,Asset4,0.003655995111471917
2018-08-01,Asset4,-0.001015786664024976
2018-08-02,Asset4,-0.010019213308695606
2018-08-03,Asset4,0.011563808749138964
2018-08-06,Asset4,0.002592755946447234
2018-08-07,Asset4,0.00023119638365450614
2018-08-08,Asset4,0.005954262943957609
2018-08-09,Asset4,0.00202482259825338
2018-08-10,Asset4,-0.0040227900620100066
2018-08-13,Asset4,-0.007226912813333951
2018-08-14,Asset4,0.00782612883341038
2018-08-16,Asset4,-0.004902080713319067
2018-08-17,Asset4,0.008430724537584347
2018-08-20,Asset4,0.007908811542401218
2018-08-21,Asset4,0.0018567262535978913
2018-08-23,Asset4,0.0011469775084014344
2018-08-24,Asset4,-0.002480277783773257
2018-08-27,Asset4,0.013068387515452785
2018-08-28,Asset4,0.00445911763042755
2018-08-29,Asset4,-0.004446186693359451
2018-08-30,Asset4,-0.001446527569082079
2018-08-31,Asset4,0.00035491049082942545
2018-09-03,Asset4,-0.00941127841273918
2018-09-04,Asset4,-0.0060001453585677746
2018-09-05,Asset4,-0.004214435676426192
2018-09-06,Asset4,0.005850353761875127
2018-09-07,Asset4,0.0050674897953966545
2018-09-10,Asset4,-0.014593023246015609
2018-09-11,Asset4,-0.014746467355621943
2018-09-12,Asset4,0.008176162790697746
2018-09-14,Asset4,0.014312859010109024
2018-09-17,Asset4,-0.01336878353297463
2018-09-18,Asset4,-0.009730532179033595
2018-09-19,Asset4,-0.004423913083005342
2018-09-21,Asset4,-0.009097099836978071
2018-09-24,Asset4,-0.01765963976795483
2018-09-25,Asset4,0.010217168814752747
2018-09-26,Asset4,-0.0013813875129499566
2018-09-27,Asset4,-0.007725850070469456
2018-09-28,Asset4,-0.004805404069082382
2018-10-01,Asset4,0.007976941566175634
2018-10-03,Asset4,-0.015266279464739869
2018-10-04,Asset4,-0.02671517049248266
2018-10-05,Asset4,-0.029882848432672166
2018-10-08,Asset4,0.0034305950040916505
2018-10-09,Asset4,-0.005086948844810859
2018-10-10,Asset4,0.01729297349566643
2018-10-11,Asset4,-0.024139648227985425
2018-10-12,Asset4,0.02602839885415307
2018-10-15,Asset4,0.004277870613511539
2018-10-16,Asset4,0.007697502972651621
2018-10-17,Asset4,-0.01393554110867049
2018-10-19,Asset4,-0.016018291611402714
2018-10-22,Asset4,-0.006337212173254479
2018-10-23,Asset4,-0.010762472243234652
2018-10-24,Asset4,0.008604113654599637
2018-10-25,Asset4,-0.01093733954375411
2018-10-26,Asset4,-0.010497726733036929
2018-10-29,Asset4,0.024661172731804622
2018-10-30,Asset4,-0.005730561586453842
2018-10-31,Asset4,0.020668253542365848
2018-11-01,Asset4,-0.0006630989938019028
2018-11-02,Asset4,0.018617283221229606
2018-11-05,Asset4,-0.003077797782621037
2018-11-06,Asset4,0.000638540478905334
2018-11-07,Asset4,0.0072752552231717975
2018-11-09,Asset4,-0.0013949481247262697
2018-11-12,Asset4,-0.010898235070800589
2018-11-13,Asset4,0.010716813183956831
2018-11-14,Asset4,-0.0006561983227025969
2018-11-15,Asset4,0.004278286199862329
2018-11-16,Asset4,0.006909868287736778
2018-11-19,Asset4,0.00851362238931909
2018-11-20,Asset4,-0.011154859467513384
2018-11-21,Asset4,-0.005901581834739158
2018-11-22,Asset4,-0.007744848633984294
2018-11-26,Asset4,0.01083635143800315
2018-11-27,Asset4,0.00600643568732135
2018-11-28,Asset4,0.00453320372939114
2018-11-29,Asset4,0.013555288921462641
2018-11-30,Asset4,0.0018617128096718718
2018-12-03,Asset4,0.000720803548854292
2018-12-04,Asset4,-0.0014664063397267137
2018-12-05,Asset4,-0.008923277289663752
2018-12-06,Asset4,-0.018878037691693914
2018-12-07,Asset4,0.009777786129858869
2018-12-10,Asset4,-0.02149676873312439
2018-12-11,Asset4,0.006481817378546851
2018-12-12,Asset4,0.020007594657819185
2018-12-13,Asset4,0.005627348844079024
2018-12-14,Asset4,0.001442650757469366
2018-12-17,Asset4,0.008592640017005309
2018-12-18,Asset4,0.00209330679742088
2018-12-19,Asset4,0.0060164420439571134
2018-12-20,Asset4,-0.0015930596237126694
2018-12-21,Asset4,-0.020218250573072895
2018-12-24,Asset4,-0.009425330109726602
2018-12-26,Asset4,0.006968777840296419
2018-12-27,Asset4,0.005213886567535831
2018-12-28,Asset4,0.008322293351958906
2018-12-31,Asset4,0.00027323857892476157
2019-01-02,Asset4,-0.007222593466604331
2019-01-03,Asset4,-0.01247903636784809
2019-01-04,Asset4,0.005782432242498175
2019-01-07,Asset4,0.004640868486889964
2019-01-08,Asset4,0.003155708132935047
2019-01-09,Asset4,0.00549520214526158
2019-01-10,Asset4,-0.0034616632333766086
2019-01-11,Asset4,-0.002758126786001416
2019-01-14,Asset4,-0.005950250356679909
2019-01-15,Asset4,0.015562530251556482
2019-01-16,Asset4,0.0003600690809352614
2019-01-17,Asset4,0.0015324130464082588
2019-01-18,Asset4,0.00017973076742261896
2019-01-21,Asset4,0.005637446091614571
2019-01-22,Asset4,-0.003994906339761162
2019-01-23,Asset4,-0.009356618067794288
2019-01-24,Asset4,0.001892238494206815
2019-01-25,Asset4,-0.007148518995391129
2019-01-28,Asset4,-0.012363005822026702
2019-01-29,Asset4,-0.0009821801418961051
2019-01-30,Asset4,-4.209811041640421e-05
2019-01-31,Asset4,0.018837045492697123
2019-02-01,Asset4,0.006483661865640507
2019-02-04,Asset4,0.0019122664812087822
2019-02-05,Asset4,0.0022682363857131804
2019-02-06,Asset4,0.013121279397083435
2019-02-07,Asset4,0.0007036613600574171
2019-02-08,Asset4,-0.012728501095626631
2019-02-11,Asset4,-0.005608372330930465
2019-02-12,Asset4,-0.0059039880338625575
2019-02-14,Asset4,-0.008825512196256647
2019-02-15,Asset4,-0.002256395995803278
2019-02-18,Asset4,-0.008715099711467734
2019-02-19,Asset4,-0.003852349226111205
2019-02-20,Asset4,0.01384645562045499
2019-02-21,Asset4,0.005675341289050309
2019-02-22,Asset4,0.00018692336529404943
2019-02-25,Asset4,0.009179608439322494
2019-02-26,Asset4,-0.004611702378787559
2019-02-27,Asset4,-0.002961371104481909
2019-02-28,Asset4,-0.001466544852209637
2019-03-01,Asset4,0.007368079684966489
2019-03-05,Asset4,0.012778958784001518
2019-03-06,Asset4,0.006681785122568478
2019-03-07,Asset4,0.0005269355604814053
2019-03-08,Asset4,-0.002309216762129527
2019-03-11,Asset4,0.013462795955841786
2019-03-12,Asset4,0.013353131487415874
2019-03-13,Asset4,0.00401373298552958
2019-03-14,Asset4,0.0001530441838620078
2019-03-15,Asset4,0.008254385868247739
2019-03-18,Asset4,0.0034648794377687155
2019-03-19,Asset4,0.006859435135512123
2019-03-20,Asset4,-0.001102342601661164
2019-03-22,Asset4,-0.006236180293289558
2019-03-25,Asset4,-0.010034864019074165
2019-03-26,Asset4,0.012724750644032029
2019-03-27,Asset4,-0.0037257935471229336
2019-03-28,Asset4,0.012227488839121038
2019-04-01,Asset4,0.009597963483146081
2019-04-02,Asset4,0.004227881173734503
2019-04-03,Asset4,-0.006621589207622254
2019-04-04,Asset4,-0.004419824706113698
2019-04-05,Asset4,0.006561839864631907
2019-04-08,Asset4,-0.005899581054070851
2019-04-09,Asset4,0.00650990725580595
2019-04-10,Asset4,-0.008410628545984108
2019-04-11,Asset4,0.0011989017665426616
2019-04-12,Asset4,0.004515077489126221
2019-04-15,Asset4,0.004511321203670953
2019-04-16,Asset4,0.009274048991063141
2019-04-18,Asset4,-0.0032639488744115935
2019-04-22,Asset4,-0.01509015429917092
2019-04-23,Asset4,-0.001787061883139245
2019-04-24,Asset4,0.014532216873057956
2019-04-25,Asset4,-0.008056578937067852
2019-04-26,Asset4,0.010856796918901637
2019-04-30,Asset4,-0.0006193293511992338
2019-05-02,Asset4,-0.002230856486218862
2019-05-03,Asset4,-0.0011940553103478102
2019-05-06,Asset4,-0.010901406646886774
2019-05-07,Asset4,-0.009690389713965413
2019-05-08,Asset4,-0.013486307367598515
2019-05-09,Asset4,-0.0056841164307973105
2019-05-10,Asset4,-0.0022693149934723067
2019-05-13,Asset4,-0.012978589550420612
2019-05-14,Asset4,0.007419274954783931
2019-05-15,Asset4,-0.00649219906505568
2019-05-16,Asset4,0.010048540154163278
2019-05-17,Asset4,0.014928967569944903
2019-05-20,Asset4,0.041345256821336496
2019-05-21,Asset4,-0.011282179316466882
2019-05-22,Asset4,0.0027548552899980196
2019-05-23,Asset4,-0.007714553134419458
2019-05-24,Asset4,0.01797159528011612
2019-05-27,Asset4,0.00762645034059851
2019-05-28,Asset4,0.00037568921780341215
2019-05-29,Asset4,-0.006351749973802843
2019-05-30,Asset4,0.008007425797598949
2019-05-31,Asset4,-0.002165818850314878
2019-06-03,Asset4,0.01557016833638482
2019-06-04,Asset4,-0.00619820780495493
2019-06-06,Asset4,-0.01657413341976593
2019-06-07,Asset4,0.0025438258575198706
2019-06-10,Asset4,0.0049109172060225964
2019-06-11,Asset4,0.004029904548710306
2019-06-12,Asset4,-0.0055598838271235
2019-06-13,Asset4,0.0007384020389192259
2019-06-14,Asset4,-0.008531104172488072
2019-06-17,Asset4,-0.014318113094187446
2019-06-18,Asset4,0.0018566897936310059
2019-06-19,Asset4,-4.771094384832253e-06
2019-06-20,Asset4,0.013440230136121195
2019-06-21,Asset4,-0.010190245525809837
2019-06-24,Asset4,-0.002335627119553241
2019-06-25,Asset4,0.00926658298583636
2019-06-26,Asset4,0.00485159192404705
2019-06-27,Asset4,-0.0005672058873592257
2019-06-28,Asset4,-0.004984501161041859
2019-07-01,Asset4,0.007291635982160792
2019-07-02,Asset4,0.004219274237978112
2019-07-03,Asset4,0.0006065522168598748
2019-07-04,Asset4,0.002819560702372712
2019-07-05,Asset4,-0.012712374704417544
2019-07-08,Asset4,-0.02394829171123881
2019-07-09,Asset4,-0.00026154768762372884
2019-07-10,Asset4,-0.005524450526744911
2019-07-11,Asset4,0.008181651880096511
2019-07-12,Asset4,-0.0029395433226342507
2019-07-15,Asset4,0.0034755734689461805
2019-07-16,Asset4,0.007176172863538924
2019-07-17,Asset4,0.002391271108851392
2019-07-18,Asset4,-0.008682058823529425
2019-07-19,Asset4,-0.01715703600083069
2019-07-22,Asset4,-0.007164724587866971
2019-07-23,Asset4,-0.001495517195881142
2019-07-24,Asset4,-0.00590589584844258
2019-07-25,Asset4,-0.0019028279010979967
2019-07-26,Asset4,0.0032000411032543853
2019-07-29,Asset4,-0.00943891640097638
2019-07-30,Asset4,-0.010389999215377569
2019-07-31,Asset4,0.00329366204317509
2019-08-01,Asset4,-0.013901780895844597
2019-08-02,Asset4,0.0017697233606558528
2019-08-05,Asset4,-0.013723306556640119
2019-08-06,Asset4,0.008831075520560462
2019-08-07,Asset4,-0.009488274381750463
2019-08-08,Asset4,0.01825657212933546
2019-08-09,Asset4,0.0078372634563749
2019-08-13,Asset4,-0.01852955473501803
2019-08-14,Asset4,0.010614906771230325
2019-08-16,Asset4,0.0018684010934551765
2019-08-19,Asset4,0.0006184630759782906
2019-08-20,Asset4,-0.003738810378194835
2019-08-21,Asset4,-0.009993263252246526
2019-08-22,Asset4,-0.01819196907112392
2019-08-23,Asset4,0.009175755708945275
2019-08-26,Asset4,0.023632074799621386
2019-08-27,Asset4,0.0048110619948111485
2019-08-28,Asset4,-0.005975498506051569
2019-08-29,Asset4,-0.009916240584779424
2019-08-30,Asset4,0.007667329197000968
2019-09-03,Asset4,-0.022896293062390893
2019-09-04,Asset4,0.0048490908515382005
2019-09-05,Asset4,0.0003356493634085212
2019-09-06,Asset4,0.010149040577948725
2019-09-09,Asset4,0.00581677306863675
2019-09-11,Asset4,0.003323481957195327
2019-09-12,Asset4,-0.005368797307955671
2019-09-13,Asset4,0.009494177996897904
2019-09-16,Asset4,-0.007321159873253774
2019-09-17,Asset4,-0.018922019130276732
2019-09-18,Asset4,0.0023865622626321682
2019-09-19,Asset4,-0.014035380790582652
2019-09-20,Asset4,0.0595740648247104
2019-09-23,Asset4,0.03238544585644377
2019-09-24,Asset4,-0.0011586006942734884
2019-09-25,Asset4,-0.014304205761568661
2019-09-26,Asset4,0.012824950393798
2019-09-27,Asset4,-0.005691352680656064
2019-09-30,Asset4,-0.0036920379163161245
2019-10-01,Asset4,-0.011180995957646083
2019-10-03,Asset4,-0.004525430305922918
2019-10-04,Asset4,-0.013784691532614489
2019-10-07,Asset4,-0.0048458858140002555
2019-10-09,Asset4,0.018813572799912602
2019-10-10,Asset4,-0.007796133888669293
2019-10-11,Asset4,0.007028319013464462
2019-10-14,Asset4,0.0035765128812821705
2019-10-15,Asset4,0.0086064764497511
2019-10-16,Asset4,0.00349870229459679
2019-10-17,Asset4,0.011953206777739
2019-10-18,Asset4,0.007298243437396366
2019-10-22,Asset4,-0.007058914559644301
2019-10-23,Asset4,0.001522218486205347
2019-10-24,Asset4,-0.0020751286881875866
2019-10-25,Asset4,0.0001257813486724757
2019-10-29,Asset4,0.01962233076382102
2019-10-30,Asset4,0.005439960814380776
2019-10-31,Asset4,0.003153693187486724
2019-11-01,Asset4,0.0012399415285119632
2019-11-04,Asset4,0.004775555532559395
2019-11-05,Asset4,-0.002260353809172795
2019-11-06,Asset4,0.004590974524496154
2019-11-07,Asset4,0.004305514421293566
2019-11-08,Asset4,-0.009687550887825101
2019-11-11,Asset4,0.0004984637458619901
2019-11-13,Asset4,-0.0068628313930560484
2019-11-14,Asset4,0.002993749660298626
2019-11-15,Asset4,0.002202866983136538
2019-11-18,Asset4,-0.0010310008069162537
2019-11-19,Asset4,0.005239729269216191
2019-11-20,Asset4,0.0055342921886611055
2019-11-21,Asset4,-0.0028654754206003477
2019-11-22,Asset4,-0.005053306876946984
2019-11-25,Asset4,0.014979483368750303
2019-11-26,Asset4,-0.003344096179728773
2019-11-27,Asset4,0.00586158475914484
2019-11-28,Asset4,0.0046694999328955695
2019-11-29,Asset4,-0.008765643813624227
2019-12-02,Asset4,-0.0007292241358012142
2019-12-03,Asset4,-0.005019836906721552
2019-12-04,Asset4,0.00457554477216803
2019-12-05,Asset4,-0.0023063455559603875
2019-12-06,Asset4,-0.009030189873242894
2019-12-09,Asset4,0.0015031665478338141
2019-12-10,Asset4,-0.007571452879581138
2019-12-11,Asset4,0.005039526451849064
2019-12-12,Asset4,0.0057973528028957945
2019-12-13,Asset4,0.010749297482372812
2019-12-16,Asset4,-0.003034740616320129
2019-12-17,Asset4,0.010318259096372203
2019-12-18,Asset4,0.0052156545417179605
2019-12-19,Asset4,0.003486908877927846
2019-12-20,Asset4,0.0011053747060782017
2019-12-23,Asset4,-0.0008259408897892939
2019-12-24,Asset4,-0.004402293021548989
2019-12-26,Asset4,-0.008069065301299664
2019-12-27,Asset4,0.011013849953296174
2019-12-30,Asset4,0.0009191544390339957
2019-12-31,Asset4,-0.007986989631067481
2020-01-01,Asset4,0.001293162317092893
2020-01-02,Asset4,0.009165952698543017
2020-01-03,Asset4,-0.005065524112995981
2020-01-06,Asset4,-0.021398555441694164
2020-01-07,Asset4,0.005593943041392002
2020-01-08,Asset4,-0.002564737740476364
2020-01-09,Asset4,0.01774724909732509
2020-01-10,Asset4,0.003749813135768179
2020-01-13,Asset4,0.006647738504208825
2020-01-14,Asset4,0.0029749666922999655
2020-01-15,Asset4,-0.0017213625568222924
2020-01-16,Asset4,0.0011070150580649598
2020-01-17,Asset4,-0.00028557626158386644
2020-01-20,Asset4,-0.011587737214089611
2020-01-21,Asset4,-0.0050115725919418
2020-01-22,Asset4,-0.005793261812018412
2020-01-23,Asset4,0.006794730471533548
2020-01-24,Asset4,0.006243534868774781
2020-01-27,Asset4,-0.011818831261608747
2020-01-28,Asset4,-0.005840763986302485
2020-01-29,Asset4,0.006846847167941981
2020-01-30,Asset4,-0.008651982254008851
2020-01-31,Asset4,-0.006858224637290143
2020-02-03,Asset4,-0.023800430885634116
2020-02-04,Asset4,0.025996121409071232
2020-02-05,Asset4,0.010237360523974566
2020-02-06,Asset4,0.004521060577787531
2020-02-07,Asset4,-0.00365404829780303
2020-02-10,Asset4,-0.006188576534602906
2020-02-11,Asset4,0.007112034035656444
2020-02-12,Asset4,0.008630379989821258
2020-02-13,Asset4,-0.0024371193631774627
2020-02-14,Asset4,-0.0056300769673666914
2020-02-17,Asset4,-0.006254901475495434
2020-02-18,Asset4,-0.004955734132885877
2020-02-19,Asset4,0.012458489681050651
2020-02-20,Asset4,-0.0041610827546472075
2020-02-24,Asset4,-0.02331153305488167
2020-02-25,Asset4,-0.0029823996851065897
2020-02-26,Asset4,-0.01133493529122049
2020-02-27,Asset4,-0.004334822001969432
2020-02-28,Asset4,-0.04154760810473097
2020-03-02,Asset4,-0.006898922043430691
2020-03-03,Asset4,0.01715800509757248
2020-03-04,Asset4,-0.0051821841641065455
2020-03-05,Asset4,0.0017918407252688342
2020-03-06,Asset4,-0.02778381233916058
2020-03-09,Asset4,-0.054830768536265805
2020-03-11,Asset4,0.0007447979566980579
2020-03-12,Asset4,-0.09298171457192478
2020-03-13,Asset4,0.04263288526212094
2020-03-16,Asset4,-0.08525552119480578
2020-03-17,Asset4,-0.028050606181391644
2020-03-18,Asset4,-0.062232285105440883
2020-03-19,Asset4,-0.027157515563503893
2020-03-20,Asset4,0.06532864448148157
2020-03-23,Asset4,-0.14538121998927792
2020-03-24,Asset4,0.028079994908183113
2020-03-25,Asset4,0.074197165220276
2020-03-26,Asset4,0.043572879202036216
2020-03-27,Asset4,0.0024366027430697914
2020-03-30,Asset4,-0.04903420080251719
2020-03-31,Asset4,0.04282624943896384
2020-04-01,Asset4,-0.04480523610828414
2020-04-03,Asset4,-0.023068163089183236
2020-04-07,Asset4,0.0981479572316884
2020-04-08,Asset4,-0.005534930696407994
2020-04-09,Asset4,0.046489891413058905
2020-04-13,Asset4,-0.014510351225528649
2020-04-15,Asset4,-0.008536475990211142
2020-04-16,Asset4,0.008470303704565155
2020-04-17,Asset4,0.03411887570209984
2020-04-20,Asset4,-0.000592272101869611
2020-04-21,Asset4,-0.03390762720138714
2020-04-22,Asset4,0.02566974792337284
2020-04-23,Asset4,0.015433550582256645
2020-04-24,Asset4,-0.019179934561015098
2020-04-27,Asset4,0.015647922052513686
2020-04-28,Asset4,0.011897122326757065
2020-04-29,Asset4,0.020588975147100046
2020-04-30,Asset4,0.035938899866395785
2020-05-04,Asset4,-0.06433821969471122
2020-05-05,Asset4,-0.010593257384193252
2020-05-06,Asset4,0.007944824683176286
2020-05-07,Asset4,-0.00868013384453752
2020-05-08,Asset4,0.006385900717709525
2020-05-11,Asset4,-0.001489032183970185
2020-05-12,Asset4,-0.005170191844553288
2020-05-13,Asset4,0.02277375803404546
2020-05-14,Asset4,-0.028741338498067696
2020-05-15,Asset4,-0.0007228063219490722
2020-05-18,Asset4,-0.038441210867651086
2020-05-19,Asset4,0.007089401581050119
2020-05-20,Asset4,0.023644764445297003
2020-05-21,Asset4,0.004904204985121368
2020-05-22,Asset4,-0.008240494166094693
2020-05-26,Asset4,-0.0012638458666371479
2020-05-27,Asset4,0.035464245344373035
2020-05-28,Asset4,0.021059408760845034
2020-05-29,Asset4,0.010645222169238409
2020-06-01,Asset4,0.028741548997795834
2020-06-02,Asset4,0.01743339132723211
2020-06-03,Asset4,0.009253762600309728
2020-06-04,Asset4,-0.003612188922731168
2020-06-05,Asset4,0.01262494939043581
2020-06-08,Asset4,0.0027938632497692953
2020-06-09,Asset4,-0.013306756231997561
2020-06-10,Asset4,0.0077478559493456
2020-06-11,Asset4,-0.02370945747527399
2020-06-12,Asset4,0.00801943420521095
2020-06-15,Asset4,-0.017878872922225765
2020-06-16,Asset4,0.011446832388832996
2020-06-17,Asset4,-0.003711071464595506
2020-06-18,Asset4,0.023859570058126355
2020-06-19,Asset4,0.01695262849760738
2020-06-22,Asset4,0.00730309031248595
2020-06-23,Asset4,0.017357415030246702
2020-06-24,Asset4,-0.01772363850157584
2020-06-25,Asset4,-0.001782320174872112
2020-06-26,Asset4,0.010243228965072824
2020-06-29,Asset4,-0.007615483241837602
2020-06-30,Asset4,-0.0011187380787200676
2020-07-01,Asset4,0.013910195414883263
2020-07-02,Asset4,0.01306306681668648
2020-07-03,Asset4,0.005906853170230164
2020-07-06,Asset4,0.01650335677116562
2020-07-07,Asset4,0.0037459410642989616
2020-07-08,Asset4,-0.009738133522479108
2020-07-09,Asset4,0.011267236648530032
2020-07-10,Asset4,-0.00470233242689206
2020-07-13,Asset4,0.003604035847150833
2020-07-14,Asset4,-0.02025351553724855
2020-07-15,Asset4,0.0011456826349212435
2020-07-16,Asset4,0.012842101061552641
2020-07-17,Asset4,0.016867862206574033
2020-07-20,Asset4,0.012379720372243455
2020-07-21,Asset4,0.014230895689656223
2020-07-22,Asset4,-0.00297506663083162
2020-07-23,Asset4,0.008335219041907892
2020-07-24,Asset4,-0.0021270462473250264
2020-07-27,Asset4,-0.006238316782708591
2020-07-28,Asset4,0.01697838654270573
2020-07-29,Asset4,-0.009683088048035611
2020-07-30,Asset4,-0.010067360442437662
2020-07-31,Asset4,-0.0028953146569824996
2020-08-03,Asset4,-0.018392881410729277
2020-08-04,Asset4,0.02094168402074491
2020-08-05,Asset4,0.0006460816565647321
2020-08-06,Asset4,0.009937261228579254
2020-08-07,Asset4,0.0013899227427366869
2020-08-10,Asset4,0.005603029890569467
2020-08-11,Asset4,0.005202376229936832
2020-08-12,Asset4,-0.0013947063369396774
2020-08-13,Asset4,-0.000787398610097121
2020-08-14,Asset4,-0.012096489864333206
2020-08-17,Asset4,0.006883196370791006
2020-08-18,Asset4,0.01376710488728442
2020-08-19,Asset4,0.0022675522391284986
2020-08-20,Asset4,-0.009444287986117638
2020-08-21,Asset4,0.005881026025120058
2020-08-24,Asset4,0.009341927248512896
2020-08-25,Asset4,0.000566503245499348
2020-08-26,Asset4,0.007551401207261073
2020-08-27,Asset4,0.0009358278958196565
2020-08-28,Asset4,0.008560379133594332
2020-08-31,Asset4,-0.025010437538179765
2020-09-01,Asset4,0.008138748627881363
2020-09-02,Asset4,0.006322442841263297
2020-09-03,Asset4,-0.0007330542912873561
2020-09-04,Asset4,-0.018810114342386993
2020-09-07,Asset4,0.00209498269064369
2020-09-08,Asset4,-0.0037185410435249546
2020-09-09,Asset4,-0.0038941593236186383
2020-09-10,Asset4,0.017006561447065034
2020-09-11,Asset4,0.0014869287289561229
2020-09-14,Asset4,-0.0023837547404736807
2020-09-15,Asset4,0.008003461659973184
2020-09-16,Asset4,0.008043882168677713
2020-09-17,Asset4,-0.008536670566055449
2020-09-18,Asset4,-0.0010843379419742407
2020-09-21,Asset4,-0.024765725419314714
2020-09-22,Asset4,-0.00964640356552021
2020-09-23,Asset4,-0.002189137559890142
2020-09-24,Asset4,-0.03282974474809841
2020-09-25,Asset4,0.025363283100237093
2020-09-28,Asset4,0.01797025236985583
2020-09-29,Asset4,-0.0005136778594018843
2020-09-30,Asset4,0.0025099214757594627
2020-10-01,Asset4,0.016868423860717706
2020-10-05,Asset4,0.008475761222969284
2020-10-06,Asset4,0.01548565253157417
2020-10-07,Asset4,0.007341809758892418
2020-10-08,Asset4,0.009135477799660735
2020-10-09,Asset4,0.007533221164438616
2020-10-12,Asset4,0.0015745916379162142
2020-10-13,Asset4,0.0003332325745153853
2020-10-14,Asset4,0.0034300373915957397
2020-10-15,Asset4,-0.027197632961355755
2020-10-16,Asset4,0.007872423285703293
2020-10-19,Asset4,0.010531101976471186
2020-10-20,Asset4,0.002240367928845011
2020-10-21,Asset4,0.0038457952559621594
2020-10-22,Asset4,-0.0038654355957884515
2020-10-23,Asset4,0.0031914851175488938
2020-10-26,Asset4,-0.015264562101088402
2020-10-27,Asset4,0.011578121348601124
2020-10-28,Asset4,-0.015053482019255233
2020-10-29,Asset4,-0.005614495246484311
2020-10-30,Asset4,-0.0027253782330517143
2020-11-02,Asset4,0.002573352487011711
2020-11-03,Asset4,0.013854612982783083
2020-11-04,Asset4,0.009006644940110818
2020-11-05,Asset4,0.019919870785573404
2020-11-06,Asset4,0.013237296319844277
2020-11-09,Asset4,0.018037191801956818
2020-11-10,Asset4,0.015284087956887548
2020-11-11,Asset4,0.010467566489766754
2020-11-12,Asset4,-0.005126040108371229
2020-11-13,Asset4,0.002572606770452737
2020-11-17,Asset4,0.01358181418537818
2020-11-18,Asset4,0.005572057305440837
2020-11-19,Asset4,-0.01441738884702339
2020-11-20,Asset4,0.007660026543365427
2020-11-23,Asset4,0.005870452222098344
2020-11-24,Asset4,0.011151106187085312
2020-11-25,Asset4,-0.01687916212426343
2020-11-26,Asset4,0.011201359276773957
2020-11-27,Asset4,-0.0015566167128666921
2020-12-01,Asset4,0.012099018049796762
2020-12-02,Asset4,0.0004015713441045321
2020-12-03,Asset4,0.0017209751215328242
2020-12-04,Asset4,0.01062954184193835
2020-12-07,Asset4,0.008210869239372693
2020-12-08,Asset4,0.0031195716264531374
2020-12-09,Asset4,0.011385642560170944
2020-12-10,Asset4,-0.004205437382586351
2020-12-11,Asset4,0.0029540655592296262
2020-12-14,Asset4,0.0036715574343508454
2020-12-15,Asset4,0.0008012247015278718
2020-12-16,Asset4,0.009480695906381344
2020-12-17,Asset4,0.004747600917416541
2020-12-18,Asset4,0.0016179351986431458
2020-12-21,Asset4,-0.0351735468872853
2020-12-22,Asset4,0.011587837941800922
2020-12-23,Asset4,0.011211378288002189
2020-12-24,Asset4,0.012199634019710325
2020-12-28,Asset4,0.010096857555866699
2020-12-29,Asset4,0.00479538555008233
2020-12-30,Asset4,0.003967145959811341
2020-12-31,Asset4,-1.603630014892943e-05
2021-01-01,Asset4,0.0029438375024585643
2021-01-04,Asset4,0.009139953454363905
2021-01-05,Asset4,0.005277866569376002
2021-01-06,Asset4,-0.004200147892531483
2021-01-07,Asset4,-0.0007046699655385958
2021-01-08,Asset4,0.016628890421165218
2021-01-11,Asset4,0.010733764310233625
2021-01-12,Asset4,0.006085311707140307
2021-01-13,Asset4,0.00010762173310435942
2021-01-14,Asset4,0.0023645970211618565
2021-01-15,Asset4,-0.012423425457185788
2021-01-18,Asset4,-0.011825688159674625
2021-01-19,Asset4,0.018810098515110386
2021-01-20,Asset4,0.009529257498726658
2021-01-21,Asset4,-0.004156633829177601
2021-01-22,Asset4,-0.016768832245307657
2021-01-25,Asset4,-0.010364669664505116
2021-01-27,Asset4,-0.021347746606903348
2021-01-28,Asset4,-0.0120239283157329
2021-01-29,Asset4,-0.0148292730365616
2021-02-01,Asset4,0.053114332433498966
2021-02-02,Asset4,0.028754400059792257
2021-02-03,Asset4,0.010865257392329967
2021-02-04,Asset4,0.008004368992907126
2021-02-05,Asset4,0.002150397039404162
2021-02-08,Asset4,0.014374979060924284
2021-02-09,Asset4,-0.00048161526972210215
2021-02-10,Asset4,-0.00020753981260114075
2021-02-11,Asset4,0.004952555605203131
2021-02-12,Asset4,-0.0007381387136726048
2021-02-15,Asset4,0.011182819022517913
2021-02-16,Asset4,-9.141543628969018e-05
2021-02-17,Asset4,-0.007646596929922627
2021-02-18,Asset4,-0.006624030413934446
2021-02-19,Asset4,-0.01016368311059333
2021-02-22,Asset4,-0.022879555542576785
2021-02-23,Asset4,0.002449734051632149
2021-02-24,Asset4,0.02088036435280582
2021-02-25,Asset4,0.008623118575624176
2021-02-26,Asset4,-0.0421519764372963
2021-03-01,Asset4,0.01791483581297026
2021-03-02,Asset4,0.011953743582802262
2021-03-03,Asset4,0.02451086255702798
2021-03-04,Asset4,-0.01211048218703482
2021-03-05,Asset4,-0.010594197072426788
2021-03-08,Asset4,0.0013571107958925666
2021-03-09,Asset4,0.01064870867400636
2021-03-10,Asset4,0.0056673118698805786
2021-03-12,Asset4,-0.010617046984055297
2021-03-15,Asset4,-0.007559350358664255
2021-03-16,Asset4,-0.0014291021969925312
2021-03-17,Asset4,-0.014208051046413052
2021-03-18,Asset4,-0.012435329840352055
2021-03-19,Asset4,0.014321375965151973
2021-03-22,Asset4,-0.0005772899145414812
2021-03-23,Asset4,0.005954748797123202
2021-03-24,Asset4,-0.020060518233517278
2021-03-25,Asset4,-0.01728181184442601
2021-03-26,Asset4,0.014260995761178067
2021-03-30,Asset4,0.026078993771656553
2021-03-31,Asset4,-0.011648782985652277
2021-04-01,Asset4,0.013467523066948709
2021-04-05,Asset4,-0.017292643813789168
2021-04-06,Asset4,0.0034967153146614654
2021-04-07,Asset4,0.010339209401709406
2021-04-08,Asset4,0.004137917127493723
2021-04-09,Asset4,-0.0029329572350605387
2021-04-12,Asset4,-0.039564660020488564
2021-04-13,Asset4,0.015182938966753526
2021-04-15,Asset4,0.0059186227080676454
2021-04-16,Asset4,0.002795836024808054
2021-04-19,Asset4,-0.019798215981398005
2021-04-20,Asset4,-0.0049177217991989335
2021-04-22,Asset4,0.008597968484472852
2021-04-23,Asset4,-0.005037909020249512
2021-04-26,Asset4,0.01121850048163026
2021-04-27,Asset4,0.012993840610976975
2021-04-28,Asset4,0.01616591789131995
2021-04-29,Asset4,0.0022868271623860538
2021-04-30,Asset4,-0.019836109490598733
2021-05-03,Asset4,0.00023353507878592697
2021-05-04,Asset4,-0.010534840314253115
2021-05-05,Asset4,0.009375474252405633
2021-05-06,Asset4,0.008194380291967073
2021-05-07,Asset4,0.007480757477934078
2021-05-10,Asset4,0.009006393477896175
2021-05-11,Asset4,-0.006865825334165142
2021-05-12,Asset4,-0.011633082504250592
2021-05-14,Asset4,-0.0014251160990712644
2021-05-17,Asset4,0.018721651739809247
2021-05-18,Asset4,0.013880656535508039
2021-05-19,Asset4,-0.005778564297115541
2021-05-20,Asset4,-0.009247589188242353
2021-05-21,Asset4,0.020230711955971724
2021-05-24,Asset4,0.001653241637588714
2021-05-25,Asset4,0.0007922251291489602
2021-05-26,Asset4,0.006848824085448407
2021-05-27,Asset4,0.00266427974013137
2021-05-28,Asset4,0.00714160575241575
2021-05-31,Asset4,0.01067705860001194
2021-06-01,Asset4,-0.0005714132801296224
2021-06-02,Asset4,9.712172431431299e-05
2021-06-03,Asset4,0.008207864700434194
2021-06-04,Asset4,-0.0014347393818777477
2021-06-07,Asset4,0.005817931271039037
2021-06-08,Asset4,-0.0008213028272706603
2021-06-09,Asset4,-0.007453574177518086
2021-06-10,Asset4,0.007335201346008518
2021-06-11,Asset4,0.004383826309351626
2021-06-14,Asset4,0.0008861124252666742
2021-06-15,Asset4,0.004065839170509343
2021-06-16,Asset4,-0.007177668683145094
2021-06-17,Asset4,-0.005409042292965847
2021-06-18,Asset4,-0.0005746380039723143
2021-06-21,Asset4,0.0045097787948131796
2021-06-22,Asset4,0.0018670815736830805
2021-06-23,Asset4,-0.006092519139021402
2021-06-24,Asset4,0.007389581694129391
2021-06-25,Asset4,0.004957891813194842
2021-06-28,Asset4,-0.0032235950032134934
2021-06-29,Asset4,-0.004691837283263443
2021-06-30,Asset4,-0.0019166469319618431
2021-07-01,Asset4,-0.00295646089749706
2021-07-02,Asset4,0.003014299665178655
2021-07-05,Asset4,0.007989170866012075
2021-07-06,Asset4,-0.0011387624338750335
2021-07-07,Asset4,0.004347411218055051
2021-07-08,Asset4,-0.010703006415074512
2021-07-09,Asset4,-0.002713182000786034
2021-07-12,Asset4,0.00019986113838527334
2021-07-13,Asset4,0.008546703754543828
2021-07-14,Asset4,0.0029465991709653498
2021-07-15,Asset4,0.004962801007364349
2021-07-16,Asset4,-5.6252825197748996e-05
2021-07-19,Asset4,-0.012027581754005132
2021-07-20,Asset4,-0.00855341863200664
2021-07-22,Asset4,0.013752741098263535
2021-07-23,Asset4,0.0022649069259996326
2021-07-26,Asset4,-0.0022320541960922217
2021-07-27,Asset4,-0.0055205709469690065
2021-07-28,Asset4,-0.002635246721343787
2021-07-29,Asset4,0.004922898349204453
2021-07-30,Asset4,-0.0010931642389772913
2021-08-02,Asset4,0.008675520152790172
2021-08-03,Asset4,0.017316270588306076
2021-08-04,Asset4,0.008890831563938556
2021-08-05,Asset4,0.002466097235445446
2021-08-06,Asset4,-0.0038765815217488434
2021-08-09,Asset4,0.0013828984111480126
2021-08-10,Asset4,0.001505178140328738
2021-08-11,Asset4,0.00014793751621837716
2021-08-12,Asset4,0.0056508429424679115
2021-08-13,Asset4,0.011272220221749018
2021-08-16,Asset4,0.0023005071902665723
2021-08-17,Asset4,0.0034857520068317886
2021-08-18,Asset4,-0.0030840345963611075
2021-08-20,Asset4,-0.008000046208699985
2021-08-23,Asset4,0.0031283623598065803
2021-08-24,Asset4,0.008700565533633978
2021-08-25,Asset4,0.0006771215707145473
2021-08-26,Asset4,0.00015149101068100636
2021-08-27,Asset4,0.004597892979097616
2021-08-30,Asset4,0.01514221690430869
2021-08-31,Asset4,0.013306099716474194
2021-09-01,Asset4,-0.0036576229472874114
2021-09-02,Asset4,0.010356397774686955
2021-09-03,Asset4,0.005813058533740972
2021-09-06,Asset4,0.0035041973878886527
2021-09-07,Asset4,-0.0010119411956301507
2021-09-08,Asset4,-0.0005547464141260861
2021-09-09,Asset4,0.001016509637825287
2021-09-13,Asset4,-0.000899470328310148
2021-09-14,Asset4,0.0015939294483381518
2021-09-15,Asset4,0.008986370828538455
2021-09-16,Asset4,0.007035430935128169
2021-09-17,Asset4,-0.00281752531268614
2021-09-20,Asset4,-0.011989661465301024
2021-09-21,Asset4,0.010628994725959658
2021-09-22,Asset4,-0.0009789068727934947
2021-09-23,Asset4,0.01763611177124364
2021-09-24,Asset4,0.0019009199647137367
2021-09-27,Asset4,0.00011921882873316748
2021-09-28,Asset4,-0.00668044438897276
2021-09-29,Asset4,-0.0023536892160175783
2021-09-30,Asset4,-0.00589050114322756
2021-10-01,Asset4,-0.005473421463771384
2021-10-04,Asset4,0.010170123690874073
2021-10-05,Asset4,0.008296580230339821
2021-10-06,Asset4,-0.011079202254724302
2021-10-07,Asset4,0.0091619382579621
2021-10-08,Asset4,0.006600857491756003
2021-10-11,Asset4,0.0031762708704827607
2021-10-12,Asset4,0.0028708428499380646
2021-10-13,Asset4,0.010570109591117004
2021-10-14,Asset4,0.010902962269605042
2021-10-18,Asset4,0.008458683668646359
2021-10-19,Asset4,-0.0035339446631959606
2021-10-20,Asset4,-0.009251900237529647
2021-10-21,Asset4,-0.005426297292306526
2021-10-22,Asset4,-0.003893868254715454
2021-10-25,Asset4,0.0006491893273718575
2021-10-26,Asset4,0.008836218596464107
2021-10-27,Asset4,-0.0035222193035039954
2021-10-28,Asset4,-0.021753019034951235
2021-10-29,Asset4,-0.011640737655574114
2021-11-01,Asset4,0.01635161366440876
2021-11-02,Asset4,-0.0025424540639026995
2021-11-03,Asset4,-0.0037408569492644087
2021-11-04,Asset4,0.005502981305902922
2021-11-08,Asset4,0.009486068527248755
2021-11-09,Asset4,-0.0015063120075043735
2021-11-10,Asset4,-0.0016790321016389776
2021-11-11,Asset4,-0.008926557371504648
2021-11-12,Asset4,0.01435907948645003
2021-11-15,Asset4,0.0004144743201999646
2021-11-16,Asset4,-0.0068185397859671865
2021-11-17,Asset4,-0.006256649872661484
2021-11-18,Asset4,-0.008375579120676165
2021-11-22,Asset4,-0.02195577675217566
2021-11-23,Asset4,0.005581741684734709
2021-11-24,Asset4,-0.005650043546352458
2021-11-25,Asset4,0.007794586803395945
2021-11-26,Asset4,-0.03255980469028439
2021-11-29,Asset4,0.001808950275203607
2021-11-30,Asset4,-0.004646431098368656
2021-12-01,Asset4,0.012114638110871923
2021-12-02,Asset4,0.015315519634725805
2021-12-03,Asset4,-0.01319100817148156
2021-12-06,Asset4,-0.018525829925119645
2021-12-07,Asset4,0.017512934411447356
2021-12-08,Asset4,0.019108262351227447
2021-12-09,Asset4,0.0030195945849252584
2021-12-10,Asset4,-0.00035478340218629616
2021-12-13,Asset4,-0.009149341730886747
2021-12-14,Asset4,-0.0027954205230808606
2021-12-15,Asset4,-0.006690947560236983
2021-12-16,Asset4,0.0017559547605933191
2021-12-17,Asset4,-0.017090588450174436
2021-12-20,Asset4,-0.024463651832903218
2021-12-21,Asset4,0.010560150097514126
2021-12-22,Asset4,0.012328031513944567
2021-12-23,Asset4,0.007738422958142835
2021-12-24,Asset4,-0.0045166854646820735
2021-12-27,Asset4,0.005434095420127925
2021-12-28,Asset4,0.009635818274928667
2021-12-29,Asset4,-0.0012770915236534465
2021-12-30,Asset4,-0.0006279010634192518
2021-12-31,Asset4,0.009771811568519305
2022-01-03,Asset4,0.0175317137096728
2022-01-04,Asset4,0.011409299143495916
2022-01-05,Asset4,0.007548335462855143
2022-01-06,Asset4,-0.01120606755833256
2022-01-07,Asset4,0.004215885689267296
2022-01-10,Asset4,0.011984357192496341
2022-01-11,Asset4,0.0032629086029145786
2022-01-12,Asset4,0.009713889619650154
2022-01-13,Asset4,0.0027950985782635132
2022-01-14,Asset4,-0.00012580239140076445
2022-01-17,Asset4,0.0032116764581022754
2022-01-18,Asset4,-0.011932133436074237
2022-01-19,Asset4,-0.01079930928601419
2022-01-20,Asset4,-0.011325894900092648
2022-01-21,Asset4,-0.008820834741228847
2022-01-24,Asset4,-0.0297560538098694
2022-01-25,Asset4,0.008415110168297631
2022-01-27,Asset4,-0.010877140864383003
2022-01-28,Asset4,-0.0005368341183623926
2022-01-31,Asset4,0.01558000401544149
2022-02-01,Asset4,0.015308091245294763
2022-02-02,Asset4,0.012944779215647559
2022-02-03,Asset4,-0.013845718503937069
2022-02-04,Asset4,-0.0027998685770890042
2022-02-07,Asset4,-0.019354846478938283
2022-02-08,Asset4,0.0034582213395725606
2022-02-09,Asset4,0.012781610609987375
2022-02-10,Asset4,0.0091099692153389
2022-02-11,Asset4,-0.014701452542351279
2022-02-14,Asset4,-0.034290169642728636
2022-02-15,Asset4,0.03389022155005485
2022-02-16,Asset4,-0.0019524621321693305
2022-02-17,Asset4,-0.0011379364854932918
2022-02-18,Asset4,-0.0018315758940085126
2022-02-21,Asset4,-0.004515343793079936
2022-02-22,Asset4,-0.007449753995690092
2022-02-23,Asset4,-0.0018969545454648974
2022-02-24,Asset4,-0.05351476308733686
2022-02-25,Asset4,0.02829305932280754
2022-02-28,Asset4,0.00911011840521063
2022-03-02,Asset4,-0.012534629097687856
2022-03-03,Asset4,-0.007277286495827085
2022-03-04,Asset4,-0.017155075848212128
2022-03-07,Asset4,-0.026349886908741526
2022-03-08,Asset4,0.010611749690621616
2022-03-09,Asset4,0.023213444898889615
2022-03-10,Asset4,0.01709947365333143
2022-03-11,Asset4,0.0023992122015082276
2022-03-14,Asset4,0.016220472847833033
2022-03-15,Asset4,-0.0138280312837097
2022-03-16,Asset4,0.02099451254275945
2022-03-17,Asset4,0.020565426959289257
2022-03-21,Asset4,-0.010978466766919352
2022-03-22,Asset4,0.012948570042414504
2022-03-23,Asset4,-0.0045180077098553725
2022-03-24,Asset4,-0.0014872409517209207
2022-03-25,Asset4,-0.004535860997808126
2022-03-28,Asset4,0.004505334343846528
2022-03-29,Asset4,0.006717969747996656
2022-03-30,Asset4,0.011180361452058103
2022-03-31,Asset4,-0.002144214421442108
2022-04-01,Asset4,0.013191321089623394
2022-04-04,Asset4,0.024272462300782466
2022-04-05,Asset4,-0.005955664732048672
2022-04-06,Asset4,-0.009339881962400334
2022-04-07,Asset4,-0.01057251003754642
2022-04-08,Asset4,0.009193810517691041
2022-04-11,Asset4,-0.006889677733022648
2022-04-12,Asset4,-0.009165867918202562
2022-04-13,Asset4,-0.003491579423752267
2022-04-18,Asset4,-0.01935493057136526
2022-04-19,Asset4,-0.014021480263243938
2022-04-20,Asset4,0.011749073948133779
2022-04-21,Asset4,0.01673467964240363
2022-04-22,Asset4,-0.014208826917788145
2022-04-25,Asset4,-0.014218537272018175
2022-04-26,Asset4,0.016307336210152103
2022-04-27,Asset4,-0.010574416843329182
2022-04-28,Asset4,0.0135839299578468
2022-04-29,Asset4,-0.009254829227498044
2022-05-02,Asset4,-0.0021906271748115638
2022-05-04,Asset4,-0.025688525466168743
2022-05-05,Asset4,0.0003391899993101433
2022-05-06,Asset4,-0.018220632236638945
2022-05-09,Asset4,-0.00746612460964272
2022-05-10,Asset4,-0.004245885154663345
2022-05-11,Asset4,-0.005031032523460404
2022-05-12,Asset4,-0.024877162398800137
2022-05-13,Asset4,-0.0018314500569331573
2022-05-16,Asset4,0.004268578240771249
2022-05-17,Asset4,0.029480568210292903
2022-05-18,Asset4,-0.0013087894470009155
2022-05-19,Asset4,-0.029716652374280915
2022-05-20,Asset4,0.03235796344960406
2022-05-23,Asset4,-0.0035425848996951895
2022-05-24,Asset4,-0.006185484778743807
2022-05-25,Asset4,-0.006900565486489506
2022-05-26,Asset4,0.010088273797274746
2022-05-27,Asset4,0.012626708862792883
2022-05-30,Asset4,0.021160389704118432
2022-05-31,Asset4,-0.005165926061559017
2022-06-01,Asset4,-0.004173575510905892
2022-06-02,Asset4,0.00713440559228932
2022-06-03,Asset4,-0.0029434162256434786
2022-06-06,Asset4,-0.0009961227921454709
2022-06-07,Asset4,-0.010355459527253112
2022-06-08,Asset4,-0.004100275889687435
2022-06-09,Asset4,0.008343695070691624
2022-06-10,Asset4,-0.018779822223792098
2022-06-13,Asset4,-0.029545319009034225
2022-06-14,Asset4,-0.0030034025907036367
2022-06-15,Asset4,-0.002844065707118784
2022-06-16,Asset4,-0.023663861596805075
2022-06-17,Asset4,-0.004892488861836721
2022-06-20,Asset4,0.004148719227122513
2022-06-21,Asset4,0.02106085839702555
2022-06-22,Asset4,-0.016149576895555528
2022-06-23,Asset4,0.010416501221962342
2022-06-24,Asset4,0.010266449299152961
2022-06-27,Asset4,0.009474069223052021
2022-06-28,Asset4,0.0012840054036451676
2022-06-29,Asset4,-0.0036108475315615256
2022-06-30,Asset4,-0.0013362509903711664
2022-07-01,Asset4,-0.002001503065540842
2022-07-04,Asset4,0.00592277083978214
2022-07-05,Asset4,-0.0017328319662582284
2022-07-06,Asset4,0.012676372472176284
2022-07-07,Asset4,0.010023431075291783
2022-07-08,Asset4,0.006088373610555458
2022-07-11,Asset4,-0.0003175938389492217
2022-07-12,Asset4,-0.010891972049210673
2022-07-13,Asset4,-0.006392167601705659
2022-07-14,Asset4,-0.0019640938601882853
2022-07-15,Asset4,0.007768272608754181
2022-07-18,Asset4,0.016001780657269687
2022-07-19,Asset4,0.004269175983659324
2022-07-20,Asset4,0.012357955127805484
2022-07-21,Asset4,0.00572176611585153
2022-07-22,Asset4,0.007702571475888718
2022-07-25,Asset4,-0.005925023229168716
2022-07-26,Asset4,-0.00990971303589687
2022-07-27,Asset4,0.010732038734409777
2022-07-28,Asset4,0.019368978858536078
2022-07-29,Asset4,0.015126668285656742
2022-08-01,Asset4,0.011866995468652136
2022-08-02,Asset4,0.00034868698346251397
2022-08-03,Asset4,0.0027572253619295496
2022-08-04,Asset4,-0.00039615700032785033
2022-08-05,Asset4,0.0009987343228626956
2022-08-08,Asset4,0.008214488432245945
2022-08-10,Asset4,0.0006167404317758241
2022-08-11,Asset4,0.00793624089308377
2022-08-12,Asset4,0.002483064584631123
2022-08-16,Asset4,0.008043301664755163
2022-08-17,Asset4,0.007477033982693123
2022-08-18,Asset4,0.000764590328378283
2022-08-19,Asset4,-0.0123530128365773
2022-08-22,Asset4,-0.01688660965301946
2022-08-23,Asset4,0.005558204036564974
2022-08-24,Asset4,0.0017490044090457603
2022-08-25,Asset4,-0.0052485240855787655
2022-08-26,Asset4,0.0023298861928682515
2022-08-29,Asset4,-0.015691187595500315
2022-08-30,Asset4,0.02887837544370861
2022-09-01,Asset4,-0.013653690704760565
2022-09-02,Asset4,-0.0002139766646619279
2022-09-05,Asset4,0.008068312079533301
2022-09-06,Asset4,-0.0006467475005223911
2022-09-07,Asset4,-0.0019791525506414943
2022-09-08,Asset4,0.011079614521460323
2022-09-09,Asset4,0.0021772069667814267
2022-09-12,Asset4,0.006468779142834507
2022-09-13,Asset4,0.00834870616157776
2022-09-14,Asset4,-0.0041093893923669
2022-09-15,Asset4,-0.007860115948066345
2022-09-16,Asset4,-0.021711035526370017
2022-09-19,Asset4,0.0058393312235851275
2022-09-20,Asset4,0.012329867071457983
2022-09-21,Asset4,-0.006154406089945948
2022-09-22,Asset4,-0.005597286975730871
2022-09-23,Asset4,-0.01921435850031097
2022-09-26,Asset4,-0.02010548037372722
2022-09-27,Asset4,-0.0005858169544690384
2022-09-28,Asset4,-0.00979907988124193
2022-09-29,Asset4,-0.002690614941396117
2022-09-30,Asset4,0.01839684668222134
2022-10-03,Asset4,-0.013562376182645315
2022-10-04,Asset4,0.02566331144464542
2022-10-06,Asset4,0.003728081432384265
2022-10-07,Asset4,-0.0011082770764813256
2022-10-10,Asset4,-0.004764083342084842
2022-10-11,Asset4,-0.016724269183922048
2022-10-12,Asset4,0.009235682780374007
2022-10-13,Asset4,-0.00714569382555574
2022-10-14,Asset4,0.011279394564353817
2022-10-17,Asset4,0.008218097396113537
2022-10-18,Asset4,0.011331360179032402
2022-10-19,Asset4,0.0016204584713734962
2022-10-20,Asset4,0.003306435495153295
2022-10-21,Asset4,0.0007876218399238511
2022-10-24,Asset4,0.009841839141973169
2022-10-25,Asset4,-0.004699656669909658
2022-10-27,Asset4,0.005112696819962537
2022-10-28,Asset4,0.003147877874114862
2022-10-31,Asset4,0.014192898043031905
2022-11-01,Asset4,0.008282459609080136
2022-11-02,Asset4,-0.00386086134733052
2022-11-03,Asset4,-0.0018674289854455673
2022-11-04,Asset4,0.003998588334370936
2022-11-07,Asset4,0.005294896572125367
2022-11-09,Asset4,-0.0028180759442711614
2022-11-10,Asset4,-0.007944973013162944
2022-11-11,Asset4,0.01997315403667738
2022-11-14,Asset4,-0.0012542269617413205
2022-11-15,Asset4,0.004537035172264866
2022-11-16,Asset4,0.0003803644897910985
2022-11-17,Asset4,-0.00400007596219755
2022-11-18,Asset4,-0.0022132697591810847
2022-11-21,Asset4,-0.009035857085446112
2022-11-22,Asset4,0.005196049772131311
2022-11-23,Asset4,0.0014150730701004478
2022-11-24,Asset4,0.013295463876609796
2022-11-25,Asset4,0.0017360021952990935
2022-11-28,Asset4,0.003024942269516835
2022-11-29,Asset4,0.0033366217290002357
2022-11-30,Asset4,0.008439910780469476
2022-12-01,Asset4,0.00323314357408556
2022-12-02,Asset4,-0.0069298837209302465
2022-12-05,Asset4,0.0002966026399013444
2022-12-06,Asset4,-0.0034916152981878494
2022-12-07,Asset4,-0.004941331080446805
2022-12-08,Asset4,0.002947741844239076
2022-12-09,Asset4,-0.006785836294696868
2022-12-12,Asset4,3.3350724621072914e-05
2022-12-13,Asset4,0.00671192912844159
2022-12-14,Asset4,0.003147940401977714
2022-12-15,Asset4,-0.014729046477973694
2022-12-16,Asset4,-0.008873707380094784
2022-12-19,Asset4,0.009284751491597697
2022-12-20,Asset4,-0.0021370950041723095
2022-12-21,Asset4,-0.011343046000785667
2022-12-22,Asset4,-0.004415603064153935
2022-12-23,Asset4,-0.019805139484612017
2022-12-26,Asset4,0.01306998884072769
2022-12-27,Asset4,0.007317693168789426
2022-12-28,Asset4,-0.0006053768428191475
2022-12-29,Asset4,0.00423341150503525
2022-12-30,Asset4,-0.005276407289318872
2023-01-02,Asset4,0.0057003333580008695
2023-01-03,Asset4,0.0021603989398411728
2023-01-04,Asset4,-0.011646957825472308
2023-01-05,Asset4,-0.0031532920039965442
2023-01-06,Asset4,-0.008260564150099691
2023-01-09,Asset4,0.0151606019135091
2023-01-10,Asset4,-0.011573525321073534
2023-01-11,Asset4,-0.00115357480256586
2023-01-12,Asset4,-0.002346932605795882
2023-01-13,Asset4,0.006171307428594838
2023-01-16,Asset4,-0.003851508721277686
2023-01-17,Asset4,0.009917116733243107
2023-01-18,Asset4,0.006951343082387248
2023-01-19,Asset4,-0.0035452111511668073
2023-01-20,Asset4,-0.004960452341811852
2023-01-23,Asset4,0.005647349227104251
2023-01-24,Asset4,-1.545377460818287e-05
2023-01-25,Asset4,-0.013992137180013754
2023-01-27,Asset4,-0.01800315653492021
2023-01-30,Asset4,0.002837455720227276
2023-01-31,Asset4,0.0008377446337877005
2023-02-01,Asset4,-0.002907435468744346
2023-02-02,Asset4,-0.0003751319634047512
2023-02-03,Asset4,0.015495867864837047
2023-02-06,Asset4,-0.0056113491401746
2023-02-07,Asset4,-0.0027172896412776385
2023-02-08,Asset4,0.009492600795643612
2023-02-09,Asset4,0.0013630489021684157
2023-02-10,Asset4,-0.0023127528121652044
2023-02-13,Asset4,-0.0053690007840282135
2023-02-14,Asset4,0.010017676149595298
2023-02-15,Asset4,0.0053720472897684605
2023-02-16,Asset4,0.001243349633000115
2023-02-17,Asset4,-0.005691355812073464
2023-02-20,Asset4,-0.006216580697757657
2023-02-21,Asset4,-0.001123501672151104
2023-02-22,Asset4,-0.01711400670737257
2023-02-23,Asset4,-0.002746727175342798
2023-02-24,Asset4,-0.0029068812905989286
2023-02-27,Asset4,-0.004687660819301947
2023-02-28,Asset4,-0.005715041624640023
2023-03-01,Asset4,0.009511430623112426
2023-03-02,Asset4,-0.008279228966180946
2023-03-03,Asset4,0.017616030465407245
2023-03-06,Asset4,0.007454186452571002
2023-03-08,Asset4,0.002716057387843449
2023-03-09,Asset4,-0.010396119887972316
2023-03-10,Asset4,-0.011251144391855306
2023-03-13,Asset4,-0.01663316024342132
2023-03-14,Asset4,-0.007247162188964538
2023-03-15,Asset4,-0.004675645787327092
2023-03-16,Asset4,0.0008875201228666542
2023-03-17,Asset4,0.0075467051766163005
2023-03-20,Asset4,-0.007312752406391337
2023-03-21,Asset4,0.007851920100353313
2023-03-22,Asset4,0.0029068208388133955
2023-03-23,Asset4,-0.004897416501200862
2023-03-24,Asset4,-0.00864744532802158
2023-03-27,Asset4,0.002686698941638817
2023-03-28,Asset4,-0.0022418859247174973
2023-03-29,Asset4,0.008523039380040025
2023-03-31,Asset4,0.018297662817978805
2023-04-03,Asset4,0.0024710537306124893
2023-04-05,Asset4,0.01023562939544462
2023-04-06,Asset4,0.002685619759689644
2023-04-10,Asset4,0.0015846468085672783
2023-04-11,Asset4,0.0062437405205999505
2023-04-12,Asset4,0.005694044116820579
2023-04-13,Asset4,0.0009808651342239118
2023-04-17,Asset4,-0.0076109736089298085
2023-04-18,Asset4,-0.002953835727633152
2023-04-19,Asset4,-0.0026255969781896838
2023-04-20,Asset4,0.00036229159276331303
2023-04-21,Asset4,-2.531994018426076e-05
2023-04-24,Asset4,0.007584610607353071
2023-04-25,Asset4,0.0016316806171660404
2023-04-26,Asset4,0.0027953662928936044
2023-04-27,Asset4,0.006378571147417099
2023-04-28,Asset4,0.009374415236141688
2023-05-02,Asset4,0.005124186963742013
2023-05-03,Asset4,-0.00356723176866149
2023-05-04,Asset4,0.010274563720180119
2023-05-05,Asset4,-0.011460295689405237
2023-05-08,Asset4,0.01211181789252322
2023-05-09,Asset4,9.497642752563708e-05
2023-05-10,Asset4,0.003013718960933858
2023-05-11,Asset4,-0.0011068223996785421
2023-05-12,Asset4,0.0010896253484177266
2023-05-15,Asset4,0.005139814984849274
2023-05-16,Asset4,-0.006839099463907968
2023-05-17,Asset4,-0.006415661827030875
2023-05-18,Asset4,-0.0031909400910253008
2023-05-19,Asset4,0.004537536840694472
2023-05-22,Asset4,0.006829493244791074
2023-05-23,Asset4,0.0020547526371250415
2023-05-24,Asset4,-0.0038212100773926676
2023-05-25,Asset4,0.0021897250891224477
2023-05-26,Asset4,0.010893591327219633
2023-05-29,Asset4,0.00601193433003914
2023-05-30,Asset4,0.0021196766524453283
2023-05-31,Asset4,-0.005977461841484537
2023-06-01,Asset4,-0.0028189979928581192
2023-06-02,Asset4,0.0028078896837094905
2023-06-05,Asset4,0.0036106420819143285
2023-06-06,Asset4,0.0003102336321517285
2023-06-07,Asset4,0.007671833835152385
2023-06-08,Asset4,-0.0054933975753023575
2023-06-09,Asset4,-0.004276380924630719
2023-06-12,Asset4,0.002298693213639425
2023-06-13,Asset4,0.00690312273203773
2023-06-14,Asset4,0.002378694286529104
2023-06-15,Asset4,-0.004048692593716066
2023-06-16,Asset4,0.008264534154265847
2023-06-19,Asset4,-0.004197220599171363
2023-06-20,Asset4,0.003657603675598438
2023-06-21,Asset4,0.0023898153962727165
2023-06-22,Asset4,-0.005084177075492864
2023-06-23,Asset4,-0.006309649064393651
2023-06-26,Asset4,0.0015420495030938498
2023-06-27,Asset4,0.007562131827165396
2023-06-28,Asset4,0.009207601549803855
2023-06-30,Asset4,0.012807507735197135
2023-07-03,Asset4,0.007791943525736934
2023-07-04,Asset4,0.0038516201014318343
2023-07-05,Asset4,0.0005487647635256465
2023-07-06,Asset4,0.005704403691007123
2023-07-07,Asset4,-0.009506956992644665
2023-07-10,Asset4,0.001396225980467314
2023-07-11,Asset4,0.004831601636330767
2023-07-12,Asset4,-0.0031745610080525567
2023-07-13,Asset4,0.0017015380318438746
2023-07-14,Asset4,0.00869692872319881
2023-07-17,Asset4,0.008412334841166392
2023-07-18,Asset4,0.002147831675396397
2023-07-19,Asset4,0.004758076256060342
2023-07-20,Asset4,0.008244781932238824
2023-07-21,Asset4,-0.01312610558370171
2023-07-24,Asset4,-0.0041209641681438924
2023-07-25,Asset4,0.0004696947839722299
2023-07-26,Asset4,0.005560059890038858
2023-07-27,Asset4,-0.006704743696976899
2023-07-28,Asset4,-0.0007889949690384235
2023-07-31,Asset4,0.006142710376946284
2023-08-01,Asset4,-0.0011481334782684628
2023-08-02,Asset4,-0.011748519187955005
2023-08-03,Asset4,-0.008311167666940681
2023-08-04,Asset4,0.007821395982528295
2023-08-07,Asset4,0.004608130091715026
2023-08-08,Asset4,-0.001511703720358515
2023-08-09,Asset4,0.003531032830935388
2023-08-10,Asset4,-0.005103020672977597
2023-08-11,Asset4,-0.006579032500981601
2023-08-14,Asset4,0.0003602991367497311
2023-08-16,Asset4,0.0017547678556532633
2023-08-17,Asset4,-0.005739532494220452
2023-08-18,Asset4,-0.003186716541227224
2023-08-21,Asset4,0.004840103422776956
2023-08-22,Asset4,0.0001645678246577731
2023-08-23,Asset4,0.0027457022880516394
2023-08-24,Asset4,-0.003300600442295832
2023-08-25,Asset4,-0.006984492226971764
2023-08-28,Asset4,0.002339897547569088
2023-08-29,Asset4,0.002123249491284405
2023-08-30,Asset4,0.00027786716874157237
2023-08-31,Asset4,-0.005421192675794871
2023-09-01,Asset4,0.010557915411587723
2023-09-04,Asset4,0.005388133745839703
2023-09-05,Asset4,0.002643867540989611
2023-09-06,Asset4,0.0020683853655464194
2023-09-07,Asset4,0.00662483624407404
2023-09-08,Asset4,0.005274293210564026
2023-09-11,Asset4,0.009968160630456958
2023-09-12,Asset4,-0.00017645408131626184
2023-09-13,Asset4,0.004302306702337724
2023-09-14,Asset4,0.001847113228699442
2023-09-15,Asset4,0.004972367542435201
2023-09-18,Asset4,-0.003275234867629955
2023-09-20,Asset4,-0.012900439938883894
2023-09-21,Asset4,-0.008950971866478117
2023-09-22,Asset4,-0.0038633477782087948
2023-09-25,Asset4,1.7122634916297844e-05
2023-09-26,Asset4,-0.0005608133127245908
2023-09-27,Asset4,0.002947413502502876
2023-09-28,Asset4,-0.010957665226786553
2023-09-29,Asset4,0.006582818947229009
2023-10-03,Asset4,-0.0062478356130051625
2023-10-04,Asset4,-0.005313624143890366
2023-10-05,Asset4,0.006318574197919986
2023-10-06,Asset4,0.00617423224997765
2023-10-09,Asset4,-0.008043780369908618
2023-10-10,Asset4,0.010188419333388979
2023-10-11,Asset4,0.006911175184152115
2023-10-12,Asset4,-0.0009808298214476353
2023-10-13,Asset4,-0.0024301871779326767
2023-10-16,Asset4,-0.0010944670863041852
2023-10-17,Asset4,0.004526714559022871
2023-10-18,Asset4,-0.007937230270297616
2023-10-19,Asset4,-0.002641867436593728
2023-10-20,Asset4,-0.004682603614744832
2023-10-23,Asset4,-0.014952344316622332
2023-10-25,Asset4,-0.009270505140871547
2023-10-26,Asset4,-0.015515432701829203
2023-10-27,Asset4,0.01128478436675554
2023-10-30,Asset4,0.005506749662024646
2023-10-31,Asset4,-0.003586919820847481
2023-11-01,Asset4,-0.005309499521689319
2023-11-02,Asset4,0.00849914604813904
2023-11-03,Asset4,0.00569853853893104
2023-11-06,Asset4,0.010550291806870683
2023-11-07,Asset4,-0.0002914149934961508
2023-11-08,Asset4,0.002123847777275785
2023-11-09,Asset4,-0.002776409854192892
2023-11-10,Asset4,0.0017351980193333106
2023-11-13,Asset4,0.001049418049606672
2023-11-15,Asset4,0.013357963929636797
2023-11-16,Asset4,0.0051089049547193
2023-11-17,Asset4,-0.0018925308865348712
2023-11-20,Asset4,-0.0021456163818677257
2023-11-21,Asset4,0.005084210292474936
2023-11-22,Asset4,0.0016105990057754484
2023-11-23,Asset4,-0.0005568163860268705
2023-11-24,Asset4,-0.000412931774568186
2023-11-28,Asset4,0.005375176395669357
2023-11-29,Asset4,0.011650675807181054
2023-11-30,Asset4,0.002037005055367942
2023-12-01,Asset4,0.00749609460376739
2023-12-04,Asset4,0.023148349284221655
2023-12-05,Asset4,0.009111833651477249
2023-12-06,Asset4,0.004435920433504599
2023-12-07,Asset4,-0.001955070949884661
2023-12-08,Asset4,0.0036572149652723245
2023-12-11,Asset4,0.0014794474053665143
2023-12-12,Asset4,-0.00483795985587662
2023-12-13,Asset4,0.0010687217590083266
2023-12-14,Asset4,0.013720097764751743
2023-12-15,Asset4,0.014484712704999014
2023-12-18,Asset4,-0.001983534206186981
2023-12-19,Asset4,0.0018013798393612037
2023-12-20,Asset4,-0.015816042025541377
2023-12-21,Asset4,0.005554969365706164
2023-12-22,Asset4,0.0049715977434039976
2023-12-26,Asset4,0.004823701046200029
2023-12-27,Asset4,0.011147079911215024
2023-12-28,Asset4,0.0064107470647317664
2023-12-29,Asset4,-0.002432408242930926
2024-01-01,Asset4,0.0005411524240782129
2024-01-02,Asset4,-0.003920152377146949
2024-01-03,Asset4,-0.007674090340749818
2024-01-04,Asset4,0.0073522066087113565
2024-01-05,Asset4,0.0026994040960382298
2024-01-08,Asset4,-0.010203993727920172
2024-01-09,Asset4,0.0016581398456746756
2024-01-10,Asset4,0.0038390410701222427
2024-01-11,Asset4,0.0014764995653538905
2024-01-12,Asset4,0.012797671754230607
2024-01-15,Asset4,0.010379123658230505
2024-01-16,Asset4,-0.0033020213906901222
2024-01-17,Asset4,-0.02340172073353234
2024-01-18,Asset4,-0.005695504089783886
2024-01-19,Asset4,0.008357392048830015
2024-01-23,Asset4,-0.01986974409586262
2024-01-24,Asset4,0.011345567599688985
2024-01-25,Asset4,-0.005290940206048217
2024-01-29,Asset4,0.020194262426514096
2024-01-30,Asset4,-0.011103341874781202
2024-01-31,Asset4,0.010595228469283279
2024-02-01,Asset4,-0.0014563397790527156
2024-02-02,Asset4,0.0080707067561044
2024-02-05,Asset4,-0.004207677690504745
2024-02-06,Asset4,0.00811261035371505
2024-02-07,Asset4,5.616033626367312e-05
2024-02-08,Asset4,-0.010855059164177732
2024-02-09,Asset4,0.0033288997166262394
2024-02-12,Asset4,-0.008558389762423993
2024-02-13,Asset4,0.006590617612888572
2024-02-14,Asset4,0.004986231359157394
2024-02-15,Asset4,0.0036255925314962315
2024-02-16,Asset4,0.006642544184931936
2024-02-19,Asset4,0.004144009865272267
2024-02-20,Asset4,0.00378185424177012
2024-02-21,Asset4,-0.007159824011569712
2024-02-22,Asset4,0.008246920481118459
2024-02-23,Asset4,-0.0002394514306129203
2024-02-26,Asset4,-0.004570639929896583
2024-02-27,Asset4,0.0038628736704839997
2024-02-28,Asset4,-0.012472239147142369
2024-02-29,Asset4,0.0016148783489334663
2024-03-01,Asset4,0.018135228944076796
2024-03-04,Asset4,0.0033516451233841595
2024-03-05,Asset4,-0.002464325367882392
2024-03-06,Asset4,0.005899008127078247
2024-03-07,Asset4,0.0009717874277574624
2024-03-11,Asset4,-0.008011560257983668
2024-03-12,Asset4,0.00015290113086759762
2024-03-13,Asset4,-0.01694865230286652
2024-03-14,Asset4,0.007583761867141413
2024-03-15,Asset4,-0.006235564862596963
2024-03-18,Asset4,0.001645143138652081
2024-03-19,Asset4,-0.012098460237123342
2024-03-20,Asset4,0.001111424037561797
2024-03-21,Asset4,0.008864447983784737
2024-03-22,Asset4,0.004314787121128525
2024-03-26,Asset4,-0.004665703101134824
2024-03-27,Asset4,0.0060544027971297975
2024-03-28,Asset4,0.010289441207969255
2024-04-01,Asset4,0.006777096679462851
2024-04-02,Asset4,-0.0004337603508147226
2024-04-03,Asset4,-0.0009303058692129085
2024-04-04,Asset4,0.003993821986967206
2024-04-05,Asset4,-4.731641315844471e-05
2024-04-08,Asset4,0.007591544523152188
2024-04-09,Asset4,-0.0011637044462861291
2024-04-10,Asset4,0.005493011007938478
2024-04-12,Asset4,-0.011537783951959906
2024-04-15,Asset4,-0.012279564850897168
2024-04-16,Asset4,-0.0062656442922886775
2024-04-18,Asset4,-0.007689075352356412
2024-04-19,Asset4,0.007696380931239162
2024-04-22,Asset4,0.009578201900934644
2024-04-23,Asset4,0.0015844792303621347
2024-04-24,Asset4,0.001722480217274658
2024-04-25,Asset4,0.00839656115952291
2024-04-26,Asset4,-0.007463262218589293
2024-04-29,Asset4,0.011162617277058723
2024-04-30,Asset4,-0.0019068193935163971
2024-05-02,Asset4,0.0021478383328797793
2024-05-03,Asset4,-0.008523042412139858
2024-05-06,Asset4,-0.0016519258735613286
2024-05-07,Asset4,-0.0069966238672759225
2024-05-08,Asset4,0.0
2024-05-09,Asset4,-0.017325411949333066
2024-05-10,Asset4,0.00498340544233173
2024-05-13,Asset4,0.002480764261403188
2024-05-14,Asset4,0.005766123538230197
2024-05-15,Asset4,-0.0008720325252280504
2024-05-16,Asset4,0.010256262997416565
2024-05-17,Asset4,0.003111965185252075
2024-05-21,Asset4,0.0031382978677161693
2024-05-22,Asset4,0.003417809331944035
2024-05-23,Asset4,0.018330613961501038
2024-05-24,Asset4,-0.0005145008217655445
2024-05-27,Asset4,-0.0012026099973327933
2024-05-28,Asset4,-0.0021635145477367605
2024-05-29,Asset4,-0.008976929502532425
2024-05-30,Asset4,-0.010657471617160788
2024-05-31,Asset4,0.002094153569999584
2024-06-03,Asset4,0.036447395818795095
2024-06-04,Asset4,-0.06640883134638007
2024-06-05,Asset4,0.03765914517123996
2024-06-06,Asset4,0.009954615153546344
2024-06-07,Asset4,0.02300472324282396
2024-06-10,Asset4,-0.0014884108483024152
2024-06-11,Asset4,0.00027208320632546193
2024-06-12,Asset4,0.0027969904638359467
2024-06-13,Asset4,0.0036472794114568077
2024-06-14,Asset4,0.0031925912650976333
2024-06-18,Asset4,0.004405464881395886
2024-06-19,Asset4,-0.0019920466901488256
2024-06-20,Asset4,0.0024289845211770003
2024-06-21,Asset4,-0.003131855454661192
2024-06-24,Asset4,0.0017514074100421697
2024-06-25,Asset4,0.008729145436385297
2024-06-26,Asset4,0.006964204936458458
2024-06-27,Asset4,0.008244365806370092
2024-06-28,Asset4,-0.0015790903325084572
2024-07-01,Asset4,0.0061269424709644235
2024-07-02,Asset4,-0.0008396820951083939
2024-07-03,Asset4,0.007551383400649528
2024-07-04,Asset4,0.0007217358408992781
2024-07-05,Asset4,0.0010000401038326957
2024-07-08,Asset4,-0.0001518956727382559
2024-07-09,Asset4,0.005187639504335061
2024-07-10,Asset4,-0.00498502054149876
2024-07-11,Asset4,-0.0003913757682398967
2024-07-12,Asset4,0.008576482481678768
2024-07-15,Asset4,0.003864750072558252
2024-07-16,Asset4,0.0011980817245097343
2024-07-18,Asset4,0.008547985312639703
2024-07-19,Asset4,-0.012190837401219953
2024-07-22,Asset4,-0.0009884854250709198
2024-07-23,Asset4,-0.0013800146883319899
2024-07-24,Asset4,-0.002999171645014691
2024-07-25,Asset4,-0.000339502222131145
2024-07-26,Asset4,0.019675409331507476
2024-07-29,Asset4,5.6372396934989416e-05
2024-07-30,Asset4,0.0009560805792160566
2024-07-31,Asset4,0.004228599212159381
2024-08-01,Asset4,0.002682040665553558
2024-08-02,Asset4,-0.013129687750989253
2024-08-05,Asset4,-0.030000832841977607
2024-08-06,Asset4,-0.0029354781691860055
2024-08-07,Asset4,0.014235381978097764
2024-08-08,Asset4,-0.008320197551188393
2024-08-09,Asset4,0.011633287722353636
2024-08-12,Asset4,-0.0009422386375294956
2024-08-13,Asset4,-0.009568324639585964
2024-08-14,Asset4,0.00022039023986071272
2024-08-16,Asset4,0.018434933989127558
2024-08-19,Asset4,0.0014375854203426642
2024-08-20,Asset4,0.005752050460699394
2024-08-21,Asset4,0.003235436620079071
2024-08-22,Asset4,0.001867440572096335
2024-08-23,Asset4,0.0005259028071659344
2024-08-26,Asset4,0.008457553602031603
2024-08-27,Asset4,0.00032020173946552434
2024-08-28,Asset4,0.0015489627364571137
2024-08-29,Asset4,0.004452738535081693
2024-08-30,Asset4,0.0037382912824071115
2024-09-02,Asset4,0.001899464126820192
2024-09-03,Asset4,5.096929588230382e-05
2024-09-04,Asset4,-0.0035952918591055476
2024-09-05,Asset4,-0.002382327832832356
2024-09-06,Asset4,-0.013048392334770169
2024-09-09,Asset4,0.0037968545384142165
2024-09-10,Asset4,0.004702488056138493
2024-09-11,Asset4,-0.005485719063573794
2024-09-12,Asset4,0.021145188766543657
2024-09-13,Asset4,-0.0014293032365198678
2024-09-16,Asset4,0.0012036361485220227
2024-09-17,Asset4,0.0015355049982764513
2024-09-18,Asset4,-0.0018065546063260032
2024-09-19,Asset4,0.0016881061678990863
2024-09-20,Asset4,0.016531694343070565
2024-09-23,Asset4,0.006431471311626248
2024-09-24,Asset4,5.8273624302955804e-05
2024-09-25,Asset4,0.002752463297590602
2024-09-26,Asset4,0.009126559950428508
2024-09-27,Asset4,-0.001585049950762194
2024-09-30,Asset4,-0.01574820895426619
2024-10-01,Asset4,-0.0006052929382969552
2024-10-03,Asset4,-0.023739940292305875
2024-10-04,Asset4,-0.010445899385762037
2024-10-07,Asset4,-0.009798740188834998
2024-10-08,Asset4,0.00981976497988555
2024-10-09,Asset4,-0.001397077615345026
2024-10-10,Asset4,0.0007397341111448341
2024-10-11,Asset4,-0.0015322200455246638
2024-10-14,Asset4,0.007344227244960245
2024-10-15,Asset4,-0.0031467574934845293
2024-10-16,Asset4,-0.0038461644588277904
2024-10-17,Asset4,-0.00993241460157469
2024-10-18,Asset4,0.004715394814188941
2024-10-21,Asset4,-0.003287404263358074
2024-10-22,Asset4,-0.013965481978413694
2024-10-23,Asset4,-0.0016750325127107858
2024-10-24,Asset4,-0.0016546239078389748
2024-10-25,Asset4,-0.010034327015432344
2024-10-28,Asset4,0.00733439575076119
2024-10-29,Asset4,0.005876257909770218
2024-10-30,Asset4,-0.005767804284288741
2024-10-31,Asset4,-0.006234786477689341
2024-11-01,Asset4,0.0045808055570100955
2024-11-04,Asset4,-0.014239426504402514
2024-11-05,Asset4,0.010173025876840144
2024-11-06,Asset4,0.01252369525078617
2024-11-07,Asset4,-0.013023388790885344
2024-11-08,Asset4,-0.0023673544299639285
2024-11-11,Asset4,-0.0003199513938911736
2024-11-12,Asset4,-0.011962642469717314
2024-11-13,Asset4,-0.015212469801672006
2024-11-14,Asset4,-0.0012527563302121793
2024-11-18,Asset4,-0.003755040982701701
2024-11-19,Asset4,0.003089611175427578
2024-11-21,Asset4,-0.00802906488509045
2024-11-22,Asset4,0.02673379980458634
2024-11-25,Asset4,0.014740651371445852
2024-11-26,Asset4,-0.0012669706755080769
2024-11-27,Asset4,0.0037218556903428636
2024-11-28,Asset4,-0.01664435254103209
2024-11-29,Asset4,0.010160642173399488
2024-12-02,Asset4,0.006727638405542394
2024-12-03,Asset4,0.008355212481951924
2024-12-04,Asset4,0.0004716284324123166
2024-12-05,Asset4,0.011029564630431317
2024-12-06,Asset4,-0.001387040923661065
2024-12-09,Asset4,-0.0026686687190553295
2024-12-10,Asset4,-0.0004071296559568083
2024-12-11,Asset4,0.001444938099318769
2024-12-12,Asset4,-0.0042315799452182475
2024-12-13,Asset4,0.010019013545619588
2024-12-16,Asset4,-0.0045242051923412244
2024-12-17,Asset4,-0.015084977653461423
2024-12-18,Asset4,-0.006311983789447791
2024-12-19,Asset4,-0.011438908955108396
2024-12-20,Asset4,-0.017030237448902297
2024-12-23,Asset4,0.007879729729729662
2024-12-24,Asset4,-0.0012164417568961028
2024-12-26,Asset4,0.001064356861477407
2024-12-27,Asset4,0.002980409210383393
2024-12-30,Asset4,-0.007924949688172056
2024-12-31,Asset4,-4.718247831778655e-06
2007-09-18,Asset5,0.013763107896399786
2007-09-19,Asset5,0.0491355138831815
2007-09-20,Asset5,0.003854247479816309
2007-09-21,Asset5,0.022748576516957456
2007-09-24,Asset5,0.023478924938393944
2007-09-25,Asset5,0.00161791543256582
2007-09-26,Asset5,0.00040087930861467676
2007-09-27,Asset5,0.014585520822791322
2007-09-28,Asset5,0.004991521440122871
2007-10-01,Asset5,0.011375450043636805
2007-10-03,Asset5,0.03358082535658165
2007-10-04,Asset5,-0.0004951030377676968
2007-10-05,Asset5,-0.005252755730940795
2007-10-08,Asset5,-0.02331343901641914
2007-10-09,Asset5,0.057143394865802055
2007-10-10,Asset5,0.02572438582289163
2007-10-11,Asset5,0.01839213430616598
2007-10-12,Asset5,-0.020981585950481434
2007-10-15,Asset5,0.05353104275088648
2007-10-16,Asset5,-0.0004973400881892687
2007-10-17,Asset5,-0.02302379204432468
2007-10-18,Asset5,-0.04496245469874439
2007-10-19,Asset5,-0.0304317388105027
2007-10-22,Asset5,-0.0072018420860947355
2007-10-23,Asset5,0.06706023039641204
2007-10-24,Asset5,0.0049216521687780465
2007-10-25,Asset5,0.01589482694517601
2007-10-26,Asset5,0.028734236370921633
2007-10-29,Asset5,0.04284589122912488
2007-10-30,Asset5,-0.007548364101939554
2007-10-31,Asset5,0.006522663738019042
2007-11-01,Asset5,-0.006955106491100073
2007-11-02,Asset5,0.013490210570735963
2007-11-05,Asset5,-0.017213963803612578
2007-11-06,Asset5,-0.012477514076926833
2007-11-07,Asset5,-0.000860603614015343
2007-11-08,Asset5,-0.01734936755700125
2007-11-12,Asset5,-0.01719322356876503
2007-11-13,Asset5,0.016727450818297566
2007-11-14,Asset5,0.05109386610064873
2007-11-15,Asset5,-0.005213925147640143
2007-11-16,Asset5,-0.0010656111865388952
2007-11-19,Asset5,0.00016248349105412176
2007-11-20,Asset5,-0.025746278556496274
2007-11-21,Asset5,-0.04563651363009061
2007-11-22,Asset5,-0.00899823777793194
2007-11-23,Asset5,0.01940445851504862
2007-11-26,Asset5,0.026338144031561497
2007-11-27,Asset5,-0.007024155170472125
2007-11-28,Asset5,-0.016973950992008293
2007-11-29,Asset5,0.003642219877681808
2007-11-30,Asset5,0.02729206689867221
2007-12-03,Asset5,0.02129191792113137
2007-12-04,Asset5,-0.001360593829923218
2007-12-05,Asset5,0.016724825450718496
2007-12-06,Asset5,0.0029697364267677
2007-12-07,Asset5,0.0039497423007985874
2007-12-10,Asset5,-0.0027517280643668323
2007-12-11,Asset5,0.02751063317886038
2007-12-12,Asset5,0.012212024375743093
2007-12-13,Asset5,-0.01971646977552202
2007-12-14,Asset5,-0.0020600324542884964
2007-12-17,Asset5,-0.053713018814454436
2007-12-18,Asset5,-0.007207933940626621
2007-12-19,Asset5,0.0018494536246314477
2007-12-20,Asset5,0.0032028581240759915
2007-12-24,Asset5,0.04549035241264186
2007-12-26,Asset5,0.017172625542678514
2007-12-27,Asset5,0.0021249433760242914
2007-12-28,Asset5,-0.00035513699334046585
2007-12-31,Asset5,0.011625553981591886
2008-01-01,Asset5,0.0011240347783257223
2008-01-02,Asset5,0.006845274920295276
2008-01-03,Asset5,-0.00016508353620436902
2008-01-04,Asset5,0.018596596876637242
2008-01-07,Asset5,0.0009180867573774345
2008-01-08,Asset5,0.0016722141448133779
2008-01-09,Asset5,-0.0030248999088877686
2008-01-10,Asset5,-0.022012079978475766
2008-01-11,Asset5,0.008409988901960121
2008-01-14,Asset5,0.0012966965550344157
2008-01-15,Asset5,-0.025626695016790272
2008-01-16,Asset5,-0.027361402642301563
2008-01-17,Asset5,-0.0045587778503137786
2008-01-18,Asset5,-0.04219043166300503
2008-01-21,Asset5,-0.10442921851547361
2008-01-22,Asset5,-0.07130241397754813
2008-01-23,Asset5,0.07448413686346679
2008-01-24,Asset5,-0.03919353735346003
2008-01-25,Asset5,0.08341790750279438
2008-01-28,Asset5,-0.02435286533882999
2008-01-29,Asset5,0.0015243640220390378
2008-01-30,Asset5,-0.025723309623841888
2008-01-31,Asset5,-0.007001293081658845
2008-02-01,Asset5,0.04199744180914156
2008-02-04,Asset5,0.033005783064554
2008-02-05,Asset5,0.004480622826484827
2008-02-06,Asset5,-0.035307011549344576
2008-02-07,Asset5,-0.04267874871268341
2008-02-08,Asset5,-0.0030156105415672044
2008-02-11,Asset5,-0.06171845892571929
2008-02-12,Asset5,-0.004632489190858591
2008-02-13,Asset5,0.022619797318245198
2008-02-14,Asset5,0.06634812254234888
2008-02-15,Asset5,0.023275640679065738
2008-02-18,Asset5,-0.005883573247575448
2008-02-19,Asset5,0.0008868621537470035
2008-02-20,Asset5,-0.02871147115166433
2008-02-21,Asset5,0.008695307850827573
2008-02-22,Asset5,-0.018733342825967107
2008-02-25,Asset5,0.021120233698576567
2008-02-26,Asset5,0.016001601346873874
2008-02-27,Asset5,-0.0003756857877774245
2008-02-28,Asset5,0.00380385596129198
2008-02-29,Asset5,-0.013986512236595241
2008-03-03,Asset5,-0.06214224179190194
2008-03-04,Asset5,-0.02150211992731679
2008-03-05,Asset5,0.014098757837796152
2008-03-07,Asset5,-0.03652614483521078
2008-03-10,Asset5,0.00724280428319526
2008-03-11,Asset5,0.01637363586346723
2008-03-12,Asset5,0.0015043706887546196
2008-03-13,Asset5,-0.06118224195658871
2008-03-14,Asset5,0.03171546962113645
2008-03-17,Asset5,-0.061367874841631094
2008-03-18,Asset5,0.007967818177342779
2008-03-19,Asset5,0.01084055468232954
2008-03-24,Asset5,0.009418529055399373
2008-03-25,Asset5,0.06967252210127076
2008-03-26,Asset5,-0.011969222514095358
2008-03-27,Asset5,0.0003478846471781872
2008-03-28,Asset5,0.027762538170902133
2008-03-31,Asset5,-0.0503844597329017
2008-04-01,Asset5,0.0012799167018693327
2008-04-02,Asset5,0.0037093119546105953
2008-04-03,Asset5,0.004391881274391185
2008-04-04,Asset5,-0.03133542504136982
2008-04-07,Asset5,0.02949004397998714
2008-04-08,Asset5,-0.012992596199463115
2008-04-09,Asset5,0.009529345862877216
2008-04-10,Asset5,-0.0035516302374480452
2008-04-11,Asset5,0.011358496857173075
2008-04-15,Asset5,0.0255808368252664
2008-04-16,Asset5,0.0018812584911247045
2008-04-17,Asset5,0.01745751654229766
2008-04-21,Asset5,0.019022289255635896
2008-04-22,Asset5,0.0029302691334126335
2008-04-23,Asset5,-0.006297902923189237
2008-04-24,Asset5,-0.005482927751131728
2008-04-25,Asset5,0.026844828258034695
2008-04-28,Asset5,-0.005176428693287738
2008-04-29,Asset5,0.02495655293088204
2008-04-30,Asset5,-0.0068367081488788905
2008-05-02,Asset5,0.014471893179459808
2008-05-05,Asset5,-0.008251450358323798
2008-05-06,Asset5,-0.01100103369204102
2008-05-07,Asset5,-0.002134233236647987
2008-05-08,Asset5,-0.012571271662934437
2008-05-09,Asset5,-0.02340163973018226
2008-05-12,Asset5,0.007237138224671559
2008-05-13,Asset5,-0.013130802762970718
2008-05-14,Asset5,0.013058259091823211
2008-05-15,Asset5,0.024781762857285287
2008-05-16,Asset5,0.009958503372269157
2008-05-20,Asset5,-0.012272911879897387
2008-05-21,Asset5,0.002985268779212192
2008-05-22,Asset5,-0.021619229636405904
2008-05-23,Asset5,-0.01884019641430608
2008-05-26,Asset5,-0.01734542325212081
2008-05-27,Asset5,-0.0037538078036461813
2008-05-28,Asset5,0.014457457999551872
2008-05-29,Asset5,-0.02026296412083215
2008-05-30,Asset5,0.008636558900032744
2008-06-02,Asset5,-0.032155396574983015
2008-06-03,Asset5,-0.006000555698583955
2008-06-04,Asset5,-0.03315587032440846
2008-06-05,Asset5,0.023905293713581258
2008-06-06,Asset5,-0.01261088236712751
2008-06-09,Asset5,-0.032892419221725394
2008-06-10,Asset5,-0.013637224605134437
2008-06-11,Asset5,0.019902097948139023
2008-06-12,Asset5,0.00417808815810048
2008-06-13,Asset5,-0.00588189926434315
2008-06-16,Asset5,0.014717380924764892
2008-06-17,Asset5,0.021126298523783407
2008-06-18,Asset5,-0.01820763318020631
2008-06-19,Asset5,-0.020465233242636584
2008-06-20,Asset5,-0.04174729075317752
2008-06-23,Asset5,-0.02239879637664082
2008-06-24,Asset5,-0.02117939426525877
2008-06-25,Asset5,0.017623002052922578
2008-06-26,Asset5,0.017833641639111168
2008-06-27,Asset5,-0.04982569586737481
2008-06-30,Asset5,-0.02787758861425811
2008-07-01,Asset5,-0.04270707119289306
2008-07-02,Asset5,0.060542790065439084
2008-07-03,Asset5,-0.04913337789080306
2008-07-04,Asset5,0.027587085270330474
2008-07-07,Asset5,0.0041832669322710465
2008-07-08,Asset5,-0.012342417222394488
2008-07-09,Asset5,0.05071017189647061
2008-07-10,Asset5,0.0014722082807076655
2008-07-11,Asset5,-0.03263664119952332
2008-07-14,Asset5,-0.0027562505788466755
2008-07-15,Asset5,-0.053053401690533485
2008-07-16,Asset5,-0.013799221577703193
2008-07-17,Asset5,0.04103020986806101
2008-07-18,Asset5,0.044097096865354866
2008-07-21,Asset5,0.019720202822408165
2008-07-22,Asset5,0.02325282298052658
2008-07-23,Asset5,0.06698890165222862
2008-07-24,Asset5,-0.01159310272164893
2008-07-25,Asset5,-0.03293966570153227
2008-07-28,Asset5,0.0056356319096547485
2008-07-29,Asset5,-0.03940352165277812
2008-07-30,Asset5,0.03542839122586639
2008-07-31,Asset5,0.00539705574390288
2008-08-01,Asset5,0.022321865447388237
2008-08-04,Asset5,-0.0049483181121701145
2008-08-05,Asset5,0.029349197932785124
2008-08-06,Asset5,0.003917440744181367
2008-08-07,Asset5,0.001673551347382052
2008-08-08,Asset5,0.0014986974957488465
2008-08-11,Asset5,0.024082102398167573
2008-08-12,Asset5,-0.01769974126503993
2008-08-13,Asset5,-0.006115708578175695
2008-08-14,Asset5,-0.026058342552968045
2008-08-18,Asset5,-0.010197139675078628
2008-08-19,Asset5,-0.006774283686300465
2008-08-20,Asset5,0.01304870371430198
2008-08-21,Asset5,-0.0358443940015853
2008-08-22,Asset5,0.012213339868293984
2008-08-25,Asset5,0.0021906393799215
2008-08-26,Asset5,0.0005950806173403045
2008-08-27,Asset5,-0.012560203530259396
2008-08-28,Asset5,-0.021835491963171364
2008-08-29,Asset5,0.04157570004746072
2008-09-01,Asset5,-0.003123880088876119
2008-09-02,Asset5,0.04286850433442036
2008-09-04,Asset5,-0.014986678507992847
2008-09-05,Asset5,-0.02575239938733072
2008-09-08,Asset5,0.035843119040647416
2008-09-09,Asset5,-0.003640883466325296
2008-09-10,Asset5,-0.018381236329338482
2008-09-11,Asset5,-0.029984713226521235
2008-09-12,Asset5,-0.01729938107563234
2008-09-15,Asset5,-0.044143916314640395
2008-09-16,Asset5,0.0005892607374462955
2008-09-17,Asset5,-0.019627447232875152
2008-09-18,Asset5,0.008951508217426431
2008-09-19,Asset5,0.06154306382813043
2008-09-22,Asset5,-0.006275304016253448
2008-09-23,Asset5,-0.027321459170202192
2008-09-24,Asset5,0.009988155313408688
2008-09-25,Asset5,-0.014620663112045663
2008-09-26,Asset5,-0.0365789913197344
2008-09-29,Asset5,-0.04071010385954455
2008-09-30,Asset5,0.022176304653101213
2008-10-01,Asset5,0.009043165111524677
2008-10-03,Asset5,-0.04023032118110482
2008-10-06,Asset5,-0.06786788311352915
2008-10-07,Asset5,0.0014157424630433903
2008-10-08,Asset5,-0.03092669865103273
2008-10-10,Asset5,-0.07981442351988034
2008-10-13,Asset5,0.07710483506299923
2008-10-14,Asset5,0.009608371351135504
2008-10-15,Asset5,-0.06147244142019478
2008-10-16,Asset5,-0.02483819393851996
2008-10-17,Asset5,-0.07155658333963735
2008-10-20,Asset5,0.01891129492720225
2008-10-21,Asset5,0.04307666905193975
2008-10-22,Asset5,-0.0629694909114237
2008-10-23,Asset5,-0.04776275375245308
2008-10-24,Asset5,-0.14643490719561833
2008-10-27,Asset5,-0.027770920508417167
2008-10-29,Asset5,0.08217261754212607
2008-10-31,Asset5,0.08389167961197473
2008-11-03,Asset5,0.06580953478420001
2008-11-04,Asset5,0.038733839123938026
2008-11-05,Asset5,-0.05619813828113381
2008-11-06,Asset5,-0.040989018379327474
2008-11-07,Asset5,0.03333279879786906
2008-11-10,Asset5,0.07073662966700313
2008-11-11,Asset5,-0.079892040717065
2008-11-12,Asset5,-0.03683322103797462
2008-11-14,Asset5,-0.016050773228415197
2008-11-17,Asset5,-0.004611545943887263
2008-11-18,Asset5,-0.04989379484025274
2008-11-19,Asset5,-0.021534347656845036
2008-11-20,Asset5,-0.037275186788424994
2008-11-21,Asset5,0.06594209703049493
2008-11-24,Asset5,0.00659379565824958
2008-11-25,Asset5,-0.024037662697313826
2008-11-26,Asset5,0.04442351168048218
2008-11-28,Asset5,0.0012426622536107603
2008-12-01,Asset5,-0.03144721836012577
2008-12-02,Asset5,-0.011226592610644027
2008-12-03,Asset5,-0.0006095707569177212
2008-12-04,Asset5,0.05942519584233504
2008-12-05,Asset5,-0.03167866470139882
2008-12-08,Asset5,0.030769275048744587
2008-12-10,Asset5,0.06217672413793115
2008-12-11,Asset5,-0.003319428733031638
2008-12-12,Asset5,0.0004932056309313815
2008-12-15,Asset5,0.02458446328509894
2008-12-16,Asset5,0.0243727558646941
2008-12-17,Asset5,-0.034480112702391756
2008-12-18,Asset5,0.04321758714845308
2008-12-19,Asset5,0.006567017887772587
2008-12-22,Asset5,-0.014895188109260762
2008-12-23,Asset5,-0.027894638376997086
2008-12-24,Asset5,-0.020938732309230802
2008-12-26,Asset5,-0.024519640980168237
2008-12-29,Asset5,0.0272779565688162
2008-12-30,Asset5,0.023530237404246004
2008-12-31,Asset5,-0.008196045372545724
2009-01-02,Asset5,0.03552375535427964
2009-01-05,Asset5,0.029421495497251197
2009-01-06,Asset5,-0.003325340138355549
2009-01-07,Asset5,-0.07417121953212812
2009-01-09,Asset5,-0.01947674452627233
2009-01-12,Asset5,-0.04172637758875744
2009-01-13,Asset5,-0.012181376290671954
2009-01-14,Asset5,0.03949803060752109
2009-01-15,Asset5,-0.04173107436597539
2009-01-16,Asset5,0.040230935785581595
2009-01-19,Asset5,0.0075306264447688965
2009-01-20,Asset5,-0.020912031916184806
2009-01-21,Asset5,-0.03881149631152648
2009-01-22,Asset5,0.003392338234219406
2009-01-23,Asset5,-0.015586999498458322
2009-01-27,Asset5,0.04157475371515674
2009-01-28,Asset5,0.03383906020816712
2009-01-29,Asset5,-0.010759802980786139
2009-01-30,Asset5,0.02160807317501439
2009-02-02,Asset5,-0.04514407039687965
2009-02-03,Asset5,0.00748197304706464
2009-02-04,Asset5,0.00825467027816016
2009-02-05,Asset5,-0.009846417123925023
2009-02-06,Asset5,0.02721535845214121
2009-02-09,Asset5,0.03241523775436992
2009-02-10,Asset5,0.006000245821247764
2009-02-11,Asset5,-0.0035985887182654612
2009-02-12,Asset5,-0.01339162712047988
2009-02-13,Asset5,0.022937749943396306
2009-02-16,Asset5,-0.040639718221641814
2009-02-17,Asset5,-0.032859399684044235
2009-02-18,Asset5,0.002447169396318483
2009-02-19,Asset5,0.005705828190915519
2009-02-20,Asset5,-0.022758052434719248
2009-02-24,Asset5,-0.0011182585643268795
2009-02-25,Asset5,0.012553538320140235
2009-02-26,Asset5,0.010056066176470504
2009-02-27,Asset5,-0.00947714211243409
2009-03-02,Asset5,-0.03866617314095256
2009-03-03,Asset5,-0.02342041130929871
2009-03-04,Asset5,0.010433213702188218
2009-03-05,Asset5,-0.03107515557135248
2009-03-06,Asset5,0.020235162181975054
2009-03-09,Asset5,-0.0215254859844277
2009-03-12,Asset5,0.0206595264991476
2009-03-13,Asset5,0.046671401888336746
2009-03-16,Asset5,0.02559529281971136
2009-03-17,Asset5,-0.008555246590602163
2009-03-18,Asset5,0.016210629672898772
2009-03-19,Asset5,0.005345812311616883
2009-03-20,Asset5,-4.268536519900224e-05
2009-03-23,Asset5,0.056792654724950084
2009-03-24,Asset5,-0.0004897926644039874
2009-03-25,Asset5,0.018640955759843883
2009-03-26,Asset5,0.03936531538466702
2009-03-27,Asset5,0.010278167835996489
2009-03-30,Asset5,-0.050375566538365175
2009-03-31,Asset5,0.01724562573338924
2009-04-01,Asset5,0.015650764344145786
2009-04-02,Asset5,0.059091259377397794
2009-04-06,Asset5,0.017022487274434808
2009-04-08,Asset5,0.03181840604049731
2009-04-09,Asset5,-0.0003230328985695863
2009-04-13,Asset5,0.014559943113602538
2009-04-15,Asset5,0.036025472153635454
2009-04-16,Asset5,-0.03948736038020391
2009-04-17,Asset5,0.005306390506751858
2009-04-20,Asset5,-0.002588277354261193
2009-04-21,Asset5,-0.00419296384006418
2009-04-22,Asset5,-0.012480313609666196
2009-04-23,Asset5,0.03365459002768816
2009-04-24,Asset5,0.019995928256013686
2009-04-27,Asset5,-0.00370609782374487
2009-04-28,Asset5,-0.03722763193443806
2009-04-29,Asset5,0.039829232628719964
2009-05-04,Asset5,0.062194349841127046
2009-05-05,Asset5,0.0025943850061575626
2009-05-06,Asset5,-0.012075650727221545
2009-05-07,Asset5,0.019481061852257578
2009-05-08,Asset5,-0.02058686267724035
2009-05-11,Asset5,-0.02190731772542414
2009-05-12,Asset5,0.042705225856514956
2009-05-13,Asset5,-0.01494665065547416
2009-05-14,Asset5,-0.013798241824840088
2009-05-15,Asset5,0.026114164015460167
2009-05-18,Asset5,0.2129287978957221
2009-05-19,Asset5,-0.0013045229901563983
2009-05-20,Asset5,-0.01337990856365976
2009-05-21,Asset5,-0.016692009009357238
2009-05-22,Asset5,0.007865329966420288
2009-05-25,Asset5,-0.0002690183732452223
2009-05-26,Asset5,-0.03422249600219023
2009-05-27,Asset5,0.04644971024796352
2009-05-28,Asset5,0.017132717089073782
2009-05-29,Asset5,0.030946972439034066
2009-06-01,Asset5,0.021834285432066208
2009-06-02,Asset5,-0.001231789428639063
2009-06-03,Asset5,0.0014452758134909872
2009-06-04,Asset5,0.01111078779601913
2009-06-05,Asset5,0.00373962589859227
2009-06-08,Asset5,-0.04107349277531305
2009-06-09,Asset5,0.032790888003055414
2009-06-10,Asset5,0.027501897461746697
2009-06-11,Asset5,-0.004523874254873484
2009-06-12,Asset5,-0.014050143135246176
2009-06-15,Asset5,-0.02602432372342323
2009-06-16,Asset5,0.009045442824487184
2009-06-17,Asset5,-0.04293680357665113
2009-06-18,Asset5,-0.028855756302685803
2009-06-19,Asset5,0.017556625132783048
2009-06-22,Asset5,-0.021796206198758442
2009-06-23,Asset5,0.0033292013458472887
2009-06-24,Asset5,0.012983337502943384
2009-06-25,Asset5,-0.014283910690241798
2009-06-26,Asset5,0.03780894636072008
2009-06-29,Asset5,0.004237283596160336
2009-06-30,Asset5,-0.027287969996884126
2009-07-01,Asset5,0.013926444097083747
2009-07-02,Asset5,0.0021977549792957522
2009-07-03,Asset5,0.020805472890698874
2009-07-06,Asset5,-0.07012708721817261
2009-07-07,Asset5,0.010499951121475084
2009-07-08,Asset5,-0.035196269394746876
2009-07-09,Asset5,0.0006031181575052003
2009-07-10,Asset5,-0.022656503926787776
2009-07-13,Asset5,-0.008946233695248608
2009-07-14,Asset5,0.0414740182417563
2009-07-15,Asset5,0.0356375250930892
2009-07-16,Asset5,-0.0005952798364238011
2009-07-17,Asset5,0.04071001454319783
2009-07-20,Asset5,0.034916915348813145
2009-07-21,Asset5,-0.008835556180243256
2009-07-22,Asset5,-0.01884948480325566
2009-07-23,Asset5,0.034058542024944766
2009-07-24,Asset5,0.011883894031500477
2009-07-27,Asset5,0.0009849952812998276
2009-07-28,Asset5,-0.0021520129601765086
2009-07-29,Asset5,-0.01330385309004969
2009-07-30,Asset5,0.015407163924891878
2009-07-31,Asset5,0.01706241929092425
2009-08-03,Asset5,0.019398385542549336
2009-08-04,Asset5,-0.007870247395907493
2009-08-05,Asset5,0.0034996010709326345
2009-08-06,Asset5,-0.027774972151486346
2009-08-07,Asset5,-0.027242420060516852
2009-08-10,Asset5,-0.011715089289965565
2009-08-11,Asset5,0.009112984409527503
2009-08-12,Asset5,-0.0037170243493596994
2009-08-13,Asset5,0.039708356702187336
2009-08-14,Asset5,-0.006501679560260555
2009-08-17,Asset5,-0.05034440511465844
2009-08-18,Asset5,0.019417033637091755
2009-08-19,Asset5,-0.017439226564410375
2009-08-20,Asset5,0.016208123530341824
2009-08-21,Asset5,0.02030325417025463
2009-08-24,Asset5,0.030206678568217266
2009-08-25,Asset5,0.004277667010851528
2009-08-26,Asset5,0.005537252934261706
2009-08-27,Asset5,0.0018842981517217974
2009-08-28,Asset5,0.011300686959885465
2009-08-31,Asset5,-0.01781355949166792
2009-09-01,Asset5,-0.009459256360061865
2009-09-02,Asset5,-0.004410476951860787
2009-09-03,Asset5,-0.0038539501526875246
2009-09-04,Asset5,0.022688361206217426
2009-09-07,Asset5,0.026279805693185936
2009-09-08,Asset5,0.005607501251355452
2009-09-09,Asset5,0.002247541751209692
2009-09-10,Asset5,0.0012836647063406482
2009-09-11,Asset5,0.0025272612896423577
2009-09-14,Asset5,-0.005205381340741112
2009-09-15,Asset5,0.020837665425502652
2009-09-16,Asset5,0.016262906325877503
2009-09-17,Asset5,0.0017303733021703852
2009-09-18,Asset5,0.0025374833594670855
2009-09-22,Asset5,0.010647093744940418
2009-09-23,Asset5,-0.012011473179158074
2009-09-24,Asset5,0.004007994138208294
2009-09-25,Asset5,-0.006641772878487419
2009-09-29,Asset5,0.011591139363898686
2009-09-30,Asset5,0.01847870724765839
2009-10-01,Asset5,-0.0001298894633367631
2009-10-05,Asset5,-0.01893214192987798
2009-10-06,Asset5,0.005804214763324379
2009-10-07,Asset5,-0.009941497351185415
2009-10-08,Asset5,0.0039713182570324974
2009-10-09,Asset5,-0.013685794517467145
2009-10-12,Asset5,0.02646197534106714
2009-10-14,Asset5,0.015183307983380348
2009-10-15,Asset5,-0.0021921997497822867
2009-10-16,Asset5,0.007821675105192761
2009-10-20,Asset5,-0.006464153917868033
2009-10-21,Asset5,-0.011930924118378573
2009-10-22,Asset5,-0.017773915448350188
2009-10-23,Asset5,0.0020325638934785674
2009-10-26,Asset5,-0.006279681820073968
2009-10-27,Asset5,-0.02998242800407809
2009-10-28,Asset5,-0.0050880703506996925
2009-10-29,Asset5,-0.018797616945848052
2009-10-30,Asset5,-0.009813502261148611
2009-11-03,Asset5,-0.03764253755766318
2009-11-04,Asset5,0.038624835466258486
2009-11-05,Asset5,0.013946676302105755
2009-11-06,Asset5,0.007705326497979571
2009-11-09,Asset5,0.025583020234634372
2009-11-10,Asset5,-0.004091060108814615
2009-11-11,Asset5,0.030051005619079967
2009-11-12,Asset5,-0.012302350974669453
2009-11-13,Asset5,0.011218307907491456
2009-11-16,Asset5,0.01418688494166256
2009-11-17,Asset5,0.0009964778065904235
2009-11-18,Asset5,-0.0017896717121833386
2009-11-19,Asset5,-0.015597410593829599
2009-11-20,Asset5,0.015261622444377567
2009-11-23,Asset5,0.012136592916223156
2009-11-24,Asset5,-0.00305669594635325
2009-11-25,Asset5,0.00414888725144218
2009-11-26,Asset5,-0.02410268287761275
2009-11-27,Asset5,-0.015294976298768373
2009-11-30,Asset5,0.022085341098801073
2009-12-01,Asset5,0.021292698048020055
2009-12-02,Asset5,0.00029285435376804616
2009-12-03,Asset5,0.0019792581613232944
2009-12-04,Asset5,-0.00533163484248207
2009-12-07,Asset5,-0.009912045529462923
2009-12-08,Asset5,0.01924329371021445
2009-12-09,Asset5,-0.00838007998101489
2009-12-10,Asset5,0.005316878484448308
2009-12-11,Asset5,-0.004054827024914865
2009-12-14,Asset5,-0.002720092975058819
2009-12-15,Asset5,-0.017075124941734646
2009-12-16,Asset5,0.0021458162384845993
2009-12-17,Asset5,-7.13530486481151e-05
2009-12-18,Asset5,-0.0128645342638964
2009-12-21,Asset5,-0.008444797309005249
2009-12-22,Asset5,0.00805637427073549
2009-12-23,Asset5,0.038208128256713894
2009-12-24,Asset5,0.007883949161272597
2009-12-29,Asset5,0.0022131067083701163
2009-12-30,Asset5,-0.0042791467080887996
2009-12-31,Asset5,0.007335312231924541
2010-01-04,Asset5,0.007187100711150675
2010-01-05,Asset5,0.010481183133365326
2010-01-06,Asset5,0.0008866941205956104
2010-01-07,Asset5,-0.004248485226112742
2010-01-08,Asset5,-0.004183868210544884
2010-01-11,Asset5,0.0010638987201486041
2010-01-12,Asset5,-0.008915304772094946
2010-01-13,Asset5,0.005423835423800761
2010-01-14,Asset5,0.005949550010122185
2010-01-15,Asset5,-0.0017566205838599471
2010-01-18,Asset5,0.005174951791966632
2010-01-19,Asset5,-0.011192779563770518
2010-01-20,Asset5,-0.0009069969336013452
2010-01-21,Asset5,-0.029312359162232543
2010-01-22,Asset5,-0.013698042686257675
2010-01-25,Asset5,-0.006695813579726019
2010-01-27,Asset5,-0.03709334636222717
2010-01-28,Asset5,0.003498770367563609
2010-01-29,Asset5,0.0036488295495401783
2010-02-01,Asset5,0.004338437663963113
2010-02-02,Asset5,-0.017045964826052674
2010-02-03,Asset5,0.025278979220171485
2010-02-04,Asset5,-0.021046868405292466
2010-02-05,Asset5,-0.03137858592479082
2010-02-08,Asset5,0.010617443768208992
2010-02-09,Asset5,0.008129569110558512
2010-02-10,Asset5,-0.00887601834148093
2010-02-11,Asset5,0.017569132973393756
2010-02-15,Asset5,-0.00619034819975215
2010-02-16,Asset5,0.013444488801241763
2010-02-17,Asset5,0.014395304535859578
2010-02-18,Asset5,-0.006410256410256388
2010-02-19,Asset5,-0.010520201971766154
2010-02-22,Asset5,0.002848356060632718
2010-02-23,Asset5,0.003372844728992597
2010-02-24,Asset5,-0.0028212541942128416
2010-02-25,Asset5,0.00028400831201667035
2010-02-26,Asset5,0.015445190724831461
2010-03-02,Asset5,0.02308681691163557
2010-03-03,Asset5,0.01700620234951158
2010-03-04,Asset5,-0.0018514017033271382
2010-03-05,Asset5,0.001996010900054213
2010-03-08,Asset5,0.008324280071366808
2010-03-09,Asset5,-0.005269320843091308
2010-03-10,Asset5,0.0034695677741841463
2010-03-11,Asset5,0.004022454495480155
2010-03-12,Asset5,0.0008415703568170231
2010-03-15,Asset5,-0.0018921777666925713
2010-03-16,Asset5,0.016190652178072897
2010-03-17,Asset5,0.007802805806545977
2010-03-18,Asset5,0.003211070607920963
2010-03-19,Asset5,0.003865853941177911
2010-03-22,Asset5,-0.013133604509986576
2010-03-23,Asset5,0.0046337374827043485
2010-03-25,Asset5,0.00806080392740629
2010-03-26,Asset5,0.004927404316913454
2010-03-29,Asset5,0.004736864291461452
2010-03-30,Asset5,-0.009142231426441284
2010-03-31,Asset5,-0.0030442316018059585
2010-04-01,Asset5,0.00946445712374251
2010-04-05,Asset5,0.017669385277856532
2010-04-06,Asset5,-0.0005364508726785733
2010-04-07,Asset5,0.0019343799501490902
2010-04-08,Asset5,-0.015673513618210722
2010-04-09,Asset5,0.012962656466406755
2010-04-12,Asset5,-0.004934912225486033
2010-04-13,Asset5,-0.003764256281213064
2010-04-15,Asset5,-0.01112543138946709
2010-04-16,Asset5,-0.002503033934231436
2010-04-19,Asset5,-0.013442069141165594
2010-04-20,Asset5,0.006099609883574965
2010-04-21,Asset5,0.0033956836950325814
2010-04-22,Asset5,0.005594050395869222
2010-04-23,Asset5,0.007913689397587832
2010-04-26,Asset5,0.004151527456510618
2010-04-27,Asset5,-0.003179009021521973
2010-04-28,Asset5,-0.02100085351599557
2010-04-29,Asset5,0.008904245405169233
2010-04-30,Asset5,0.005447145155628964
2010-05-03,Asset5,-0.012561576354679806
2010-05-04,Asset5,-0.01705997798094874
2010-05-05,Asset5,-0.005500654013304907
2010-05-06,Asset5,-0.007972792913733607
2010-05-07,Asset5,-0.017160267909424223
2010-05-10,Asset5,0.041980522266980375
2010-05-11,Asset5,-0.013274074452923525
2010-05-12,Asset5,0.004789579834648895
2010-05-13,Asset5,0.005177780246020803
2010-05-14,Asset5,-0.019787963610982742
2010-05-17,Asset5,-0.007915994343280676
2010-05-18,Asset5,0.0014941701828919743
2010-05-19,Asset5,-0.03471247577725305
2010-05-20,Asset5,0.006817605935540439
2010-05-21,Asset5,-0.003989860535484891
2010-05-24,Asset5,0.0031149634196274262
2010-05-25,Asset5,-0.03330135374970001
2010-05-26,Asset5,0.027623629856451976
2010-05-27,Asset5,0.020913538946869984
2010-05-28,Asset5,0.015218493924030787
2010-05-31,Asset5,0.0046777394703736
2010-06-01,Asset5,-0.027391136307302236
2010-06-02,Asset5,0.01198742112414122
2010-06-03,Asset5,0.02166994645184497
2010-06-04,Asset5,0.005870267097153016
2010-06-07,Asset5,-0.023717262194528257
2010-06-08,Asset5,-0.011179952882896284
2010-06-09,Asset5,0.0031761240254520656
2010-06-10,Asset5,0.01879094358990594
2010-06-11,Asset5,0.009628637628421989
2010-06-14,Asset5,0.018365635362688874
2010-06-15,Asset5,0.005690955942240806
2010-06-16,Asset5,0.0025275976817264127
2010-06-17,Asset5,0.009515893083916272
2010-06-18,Asset5,-0.0027868090519826087
2010-06-21,Asset5,0.020681725082240646
2010-06-22,Asset5,-0.008237909627513319
2010-06-23,Asset5,0.001489709958235963
2010-06-24,Asset5,-0.0005748035807995323
2010-06-25,Asset5,-0.011626574150864944
2010-06-28,Asset5,0.014678212816701033
2010-06-29,Asset5,-0.01740322812177744
2010-06-30,Asset5,0.012864952188168657
2010-07-01,Asset5,-0.013801433823529455
2010-07-02,Asset5,-0.0032676554717040677
2010-07-05,Asset5,-0.0002750060812557021
2010-07-06,Asset5,0.012181264730433574
2010-07-07,Asset5,-0.010879014296009173
2010-07-08,Asset5,0.012764495764909614
2010-07-09,Asset5,0.012596187537386073
2010-07-12,Asset5,0.006849155860825285
2010-07-13,Asset5,0.003934587184191063
2010-07-14,Asset5,-0.0032218344670793546
2010-07-15,Asset5,-0.0016486512580416337
2010-07-16,Asset5,0.003379945677434382
2010-07-19,Asset5,-0.0016573626873600759
2010-07-20,Asset5,-0.004110357205988269
2010-07-21,Asset5,0.007008218552067725
2010-07-22,Asset5,0.009467827842778666
2010-07-23,Asset5,0.001576619135524382
2010-07-26,Asset5,-0.006716705390628076
2010-07-27,Asset5,0.0026575129628460207
2010-07-28,Asset5,-0.0073031250413037275
2010-07-29,Asset5,0.002523388885762934
2010-07-30,Asset5,-0.009162633163820379
2010-08-02,Asset5,0.01431920490100618
2010-08-03,Asset5,0.001745304462353037
2010-08-04,Asset5,0.006243228351955744
2010-08-05,Asset5,-0.004553892216370903
2010-08-06,Asset5,-0.0017293820599245005
2010-08-09,Asset5,0.010346993209082013
2010-08-10,Asset5,-0.005566681366918714
2010-08-11,Asset5,-0.00881207820726111
2010-08-12,Asset5,-0.0009186958496814946
2010-08-13,Asset5,0.007898140160048419
2010-08-16,Asset5,-0.007439399650776047
2010-08-17,Asset5,-0.000919085874168868
2010-08-18,Asset5,0.014406693831331642
2010-08-19,Asset5,0.013370751461127652
2010-08-20,Asset5,-0.0020685807657630398
2010-08-23,Asset5,0.002788120286002105
2010-08-24,Asset5,-0.00831241685081623
2010-08-25,Asset5,-0.009318631648830601
2010-08-26,Asset5,0.003416069144489065
2010-08-27,Asset5,-0.015159029905232616
2010-08-30,Asset5,0.0014975871665098952
2010-08-31,Asset5,-0.0028917912634586432
2010-09-01,Asset5,0.01542652078363256
2010-09-02,Asset5,0.003136007989756618
2010-09-03,Asset5,-0.0014764452565431798
2010-09-06,Asset5,0.02136371749622237
2010-09-07,Asset5,0.005820343465194179
2010-09-08,Asset5,0.0008244320463062672
2010-09-09,Asset5,0.006890278406986906
2010-09-13,Asset5,0.025521092784565363
2010-09-14,Asset5,0.00740620930989584
2010-09-15,Asset5,0.01354150536097958
2010-09-16,Asset5,-0.0066030248868096395
2010-09-17,Asset5,0.01158062650988363
2010-09-20,Asset5,0.01947340184650708
2010-09-21,Asset5,0.005738620025111009
2010-09-22,Asset5,-0.003604524230786677
2010-09-23,Asset5,-0.006299488294942447
2010-09-24,Asset5,0.011829752634091141
2010-09-27,Asset5,0.003459468265652533
2010-09-28,Asset5,-0.001222715520599449
2010-09-29,Asset5,-0.007602659320839235
2010-09-30,Asset5,0.007741303266732215
2010-10-01,Asset5,0.022577242601991992
2010-10-04,Asset5,0.0031351290602378516
2010-10-05,Asset5,-0.0026594043673680906
2010-10-06,Asset5,0.00793720431843461
2010-10-07,Asset5,-0.012831343701780231
2010-10-08,Asset5,-0.003303683135671554
2010-10-11,Asset5,0.006370148287989519
2010-10-12,Asset5,-0.008790996115697825
2010-10-13,Asset5,0.028173176829579566
2010-10-14,Asset5,-0.010885603985955419
2010-10-15,Asset5,-0.0222814365705486
2010-10-18,Asset5,0.0026325702159264
2010-10-19,Asset5,-0.009608450838691775
2010-10-20,Asset5,-0.008998996266174954
2010-10-21,Asset5,0.023951435193910613
2010-10-22,Asset5,-0.006972094464475954
2010-10-25,Asset5,0.007863436921197044
2010-10-26,Asset5,-0.0046774814993237445
2010-10-27,Asset5,-0.013683018281404105
2010-10-28,Asset5,-0.004979443161297238
2010-10-29,Asset5,0.0060123250706812575
2010-11-01,Asset5,0.019911183236302414
2010-11-02,Asset5,0.00028446591046407124
2010-11-03,Asset5,0.008138584736067857
2010-11-04,Asset5,0.023627914231799444
2010-11-08,Asset5,-0.001642766654597905
2010-11-09,Asset5,0.005422994674300342
2010-11-10,Asset5,-0.0049225241744381264
2010-11-11,Asset5,-0.015574395100646312
2010-11-12,Asset5,-0.023751078369051905
2010-11-15,Asset5,0.009872149306873192
2010-11-16,Asset5,-0.026051992986859677
2010-11-18,Asset5,0.0020237331732661625
2010-11-19,Asset5,-0.021704341574836455
2010-11-22,Asset5,0.024385895308875586
2010-11-23,Asset5,-0.015024958402662271
2010-11-24,Asset5,-0.013951725009478057
2010-11-25,Asset5,-0.013502109704641364
2010-11-26,Asset5,-0.009890041057804267
2010-11-29,Asset5,0.016283132232495313
2010-11-30,Asset5,0.0067307434605489835
2010-12-01,Asset5,0.02009989331054625
2010-12-02,Asset5,0.010226702773272757
2010-12-03,Asset5,-0.0037727211958581645
2010-12-06,Asset5,-0.00011009305274702898
2010-12-07,Asset5,-0.0031441001919145788
2010-12-08,Asset5,-0.014627089894145231
2010-12-09,Asset5,-0.027887634691497937
2010-12-10,Asset5,0.018905769043180424
2010-12-13,Asset5,0.010304961222849142
2010-12-14,Asset5,0.007403999068672996
2010-12-15,Asset5,-0.010457487347329455
2010-12-16,Asset5,0.011496399813382043
2010-12-20,Asset5,-0.0003429685858373777
2010-12-21,Asset5,0.010815466374067209
2010-12-22,Asset5,-0.0032496480076905426
2010-12-23,Asset5,-0.0008822743965410053
2010-12-24,Asset5,0.006341156720317632
2010-12-27,Asset5,-0.002694790028750616
2010-12-28,Asset5,-0.00042015257272627344
2010-12-29,Asset5,0.01287860526809528
2010-12-30,Asset5,0.008217347050504477
2010-12-31,Asset5,0.006420984158157062
2011-01-03,Asset5,0.004518724784008566
2011-01-04,Asset5,-0.0021924125935262498
2011-01-05,Asset5,-0.012993134184294599
2011-01-06,Asset5,-0.0062271401758673415
2011-01-07,Asset5,-0.02850078664283054
2011-01-10,Asset5,-0.02880804748614883
2011-01-11,Asset5,-0.0018220151178790281
2011-01-12,Asset5,0.02276287874551413
2011-01-13,Asset5,-0.022789428591224997
2011-01-14,Asset5,-0.02030983138978111
2011-01-17,Asset5,4.2485146173909535e-05
2011-01-18,Asset5,0.014706178986692554
2011-01-19,Asset5,-0.006918178798439412
2011-01-20,Asset5,0.004333181470699544
2011-01-21,Asset5,-0.0031725115340158097
2011-01-24,Asset5,0.009848152374264976
2011-01-25,Asset5,-0.011669371381621964
2011-01-27,Asset5,-0.017533516000238693
2011-01-28,Asset5,-0.019731257546216522
2011-01-31,Asset5,-0.0013606306310376406
2011-02-01,Asset5,-0.019331925811471966
2011-02-02,Asset5,0.003278403046719092
2011-02-03,Asset5,0.020931516936671637
2011-02-04,Asset5,-0.02844347944090107
2011-02-07,Asset5,5.559931427523424e-05
2011-02-08,Asset5,-0.018558234687731594
2011-02-09,Asset5,-0.013326933883524286
2011-02-10,Asset5,-0.006338571297123298
2011-02-11,Asset5,0.01933488425721315
2011-02-14,Asset5,0.03299435028248601
2011-02-15,Asset5,0.005498533724340239
2011-02-16,Asset5,0.00015329946633819703
2011-02-17,Asset5,0.01417443443303288
2011-02-18,Asset5,-0.018931027288181437
2011-02-21,Asset5,0.013112389791349434
2011-02-22,Asset5,-0.010741833393159974
2011-02-23,Asset5,-0.006988246146165535
2011-02-24,Asset5,-0.03854448932814512
2011-02-25,Asset5,0.009314520955167006
2011-02-28,Asset5,0.006720071591201028
2011-03-01,Asset5,0.04253687069329209
2011-03-03,Asset5,0.0030205655867942666
2011-03-04,Asset5,0.000552683341832605
2011-03-07,Asset5,-0.01637916807718343
2011-03-08,Asset5,0.012663002855334594
2011-03-09,Asset5,0.00221711252137915
2011-03-10,Asset5,-0.007940719072048498
2011-03-11,Asset5,-0.010690821469409919
2011-03-14,Asset5,0.018962576448479408
2011-03-15,Asset5,-0.017756506768055673
2011-03-16,Asset5,0.013542154325961599
2011-03-17,Asset5,-0.014044255984959444
2011-03-18,Asset5,-0.0160722003446248
2011-03-21,Asset5,-0.0019986664653097734
2011-03-22,Asset5,0.01098282626170839
2011-03-23,Asset5,0.01471778519449485
2011-03-24,Asset5,0.009229484569590697
2011-03-25,Asset5,0.02865060842847518
2011-03-28,Asset5,0.007003581376840452
2011-03-29,Asset5,0.010360036430172671
2011-03-30,Asset5,0.010731521712761618
2011-03-31,Asset5,0.009558303995737118
2011-04-01,Asset5,-0.0015839270409256036
2011-04-04,Asset5,0.016972128983594285
2011-04-05,Asset5,0.00032487897613533436
2011-04-06,Asset5,-0.003715665070636654
2011-04-07,Asset5,-0.0012321917299614516
2011-04-08,Asset5,-0.008909769888851084
2011-04-11,Asset5,-0.011564492575316622
2011-04-13,Asset5,0.026091874886172844
2011-04-15,Asset5,-0.01765038219994928
2011-04-18,Asset5,-0.019664978801506774
2011-04-19,Asset5,0.0024401533529180954
2011-04-20,Asset5,0.023181619616339424
2011-04-21,Asset5,0.0067776357479306
2011-04-25,Asset5,-0.0020800098507567813
2011-04-26,Asset5,-0.001246083443271795
2011-04-27,Asset5,-0.00705473394603966
2011-04-28,Asset5,-0.009965828932742317
2011-04-29,Asset5,-0.007456677167483506
2011-05-02,Asset5,-0.010060045982259293
2011-05-03,Asset5,-0.028635534214631345
2011-05-04,Asset5,-0.00605904805489419
2011-05-05,Asset5,-0.01675225833884988
2011-05-06,Asset5,0.02013244232377094
2011-05-09,Asset5,-7.567701640462943e-05
2011-05-10,Asset5,-0.0021293287780003835
2011-05-11,Asset5,0.005154029438303721
2011-05-12,Asset5,-0.017013303768234116
2011-05-13,Asset5,0.01281775351370893
2011-05-16,Asset5,-0.009901257946706378
2011-05-17,Asset5,-0.0131041581423895
2011-05-18,Asset5,-0.004048596952860085
2011-05-19,Asset5,0.0016603327745745135
2011-05-20,Asset5,0.012877433861284529
2011-05-23,Asset5,-0.021828784060583577
2011-05-24,Asset5,0.0018491152822594616
2011-05-25,Asset5,-0.010209715157132716
2011-05-26,Asset5,0.014223329818844024
2011-05-27,Asset5,0.014134340650492485
2011-05-30,Asset5,-0.000657402154051301
2011-06-01,Asset5,0.026069298983513803
2011-06-02,Asset5,-0.008937747284066556
2011-06-03,Asset5,-0.007264427734842506
2011-06-06,Asset5,0.003328003919880374
2011-06-07,Asset5,0.005227739844821145
2011-06-08,Asset5,-0.006328080819088112
2011-06-09,Asset5,-0.0012593704261043117
2011-06-10,Asset5,-0.0076615863823735544
2011-06-13,Asset5,-0.0006562397696181943
2011-06-14,Asset5,0.0038739759122410795
2011-06-15,Asset5,-0.011562585219525447
2011-06-16,Asset5,-0.011179440110142293
2011-06-17,Asset5,-0.006748527759762802
2011-06-20,Asset5,-0.024262075575682655
2011-06-21,Asset5,0.004096737247774218
2011-06-22,Asset5,0.0005571895302344921
2011-06-23,Asset5,0.00948036985897627
2011-06-24,Asset5,0.034116541353383406
2011-06-27,Asset5,0.012139843214530457
2011-06-28,Asset5,0.0040602989253766715
2011-06-29,Asset5,0.011934515910944478
2011-06-30,Asset5,0.010059842775614048
2011-07-01,Asset5,-0.0042921784992488565
2011-07-04,Asset5,0.004968681520925867
2011-07-05,Asset5,-0.0039075980554818205
2011-07-06,Asset5,-0.0014168574198141662
2011-07-07,Asset5,0.022078232974756775
2011-07-08,Asset5,-0.014306347370511487
2011-07-11,Asset5,-0.009444103865682509
2011-07-12,Asset5,-0.019219784636681638
2011-07-13,Asset5,0.012877021582841942
2011-07-15,Asset5,-0.0009345920212269655
2011-07-18,Asset5,-0.0030209727952344337
2011-07-19,Asset5,0.01002326222284129
2011-07-20,Asset5,-0.009940234244186287
2011-07-21,Asset5,-0.005485786818681905
2011-07-22,Asset5,0.019997855354876574
2011-07-25,Asset5,0.00987220854317732
2011-07-26,Asset5,-0.022276931286809323
2011-07-27,Asset5,-0.006037893570743914
2011-07-28,Asset5,-0.012774891490606424
2011-07-29,Asset5,-0.0012573459067923844
2011-08-01,Asset5,0.0076176150355709476
2011-08-02,Asset5,-0.013105423897849014
2011-08-03,Asset5,-0.01138081795691708
2011-08-04,Asset5,-0.016207815861010347
2011-08-05,Asset5,-0.027131507356638055
2011-08-08,Asset5,-0.021357639721755865
2011-08-09,Asset5,-0.01070233131044245
2011-08-10,Asset5,0.020852160181388336
2011-08-11,Asset5,-0.005278092302848237
2011-08-12,Asset5,-0.015261766387874156
2011-08-16,Asset5,-0.008787878262868311
2011-08-17,Asset5,0.004956581383411241
2011-08-18,Asset5,-0.02668596127218868
2011-08-19,Asset5,-0.023907042127498637
2011-08-22,Asset5,0.013162296925671682
2011-08-23,Asset5,0.012272417650129876
2011-08-24,Asset5,-0.014548687874228696
2011-08-25,Asset5,-0.012100833890388876
2011-08-26,Asset5,-0.022762283936610665
2011-08-29,Asset5,0.043422292439322795
2011-08-30,Asset5,0.019855248571735644
2011-09-02,Asset5,0.00935812837432506
2011-09-05,Asset5,-0.005428524925595247
2011-09-06,Asset5,0.011265153681291286
2011-09-07,Asset5,0.014300124396361372
2011-09-08,Asset5,0.006697065719904761
2011-09-09,Asset5,-0.021842481079900992
2011-09-12,Asset5,-0.026718410801877694
2011-09-13,Asset5,-0.0014190045134530485
2011-09-14,Asset5,0.01738927288348542
2011-09-15,Asset5,0.015118147789600746
2011-09-16,Asset5,0.0020213498099189487
2011-09-19,Asset5,-0.012343957442100663
2011-09-20,Asset5,0.025815040880374344
2011-09-21,Asset5,-0.0016225504957191109
2011-09-22,Asset5,-0.04899822085179958
2011-09-23,Asset5,-0.013624015545981163
2011-09-26,Asset5,-0.007974961160186924
2011-09-27,Asset5,0.03371388519664809
2011-09-28,Asset5,-0.006119208888609463
2011-09-29,Asset5,0.016874654402720516
2011-09-30,Asset5,-0.017274667477702236
2011-10-03,Asset5,-0.022758306781975438
2011-10-04,Asset5,-0.01914014170275289
2011-10-05,Asset5,-0.005242944521757709
2011-10-07,Asset5,0.034537917358551704
2011-10-10,Asset5,0.02247529300072744
2011-10-11,Asset5,-0.0012651618355789653
2011-10-12,Asset5,0.030166707746546353
2011-10-13,Asset5,-0.005071138981101343
2011-10-14,Asset5,0.012867581196943602
2011-10-17,Asset5,-0.003285031324475885
2011-10-18,Asset5,-0.018932252234650497
2011-10-19,Asset5,0.024214368796525946
2011-10-20,Asset5,-0.011032953129882684
2011-10-21,Asset5,-0.009886221136108642
2011-10-24,Asset5,0.011501080320833792
2011-10-25,Asset5,0.021948276963451543
2011-10-28,Asset5,0.0390862380326845
2011-10-31,Asset5,-0.007633353050275328
2011-11-01,Asset5,-0.015465753257645123
2011-11-02,Asset5,0.00011411291049023832
2011-11-03,Asset5,0.0016658455057364744
2011-11-04,Asset5,0.004204573778663879
2011-11-08,Asset5,0.0011695020218918553
2011-11-09,Asset5,-0.015495353880775877
2011-11-11,Asset5,-0.011997519805549797
2011-11-14,Asset5,-0.004759279053411581
2011-11-15,Asset5,-0.018611810651944928
2011-11-16,Asset5,-0.009008536179343054
2011-11-17,Asset5,-0.022829017268078913
2011-11-18,Asset5,-0.007039917802320296
2011-11-21,Asset5,-0.03117527304953738
2011-11-22,Asset5,0.008538512073448159
2011-11-23,Asset5,-0.026407031956048148
2011-11-25,Asset5,0.0009177896441572743
2011-11-28,Asset5,0.035986880612453837
2011-11-29,Asset5,-0.011427792688452733
2011-11-30,Asset5,0.006730275702950195
2011-12-01,Asset5,0.026026294563541535
2011-12-02,Asset5,0.027539780008622654
2011-12-05,Asset5,-0.00261378379954107
2011-12-07,Asset5,0.005584321744806876
2011-12-08,Asset5,-0.02819504436881788
2011-12-09,Asset5,-0.018678436026329907
2011-12-12,Asset5,-0.025175193102198627
2011-12-13,Asset5,0.009066867966789084
2011-12-14,Asset5,-0.009336357179466416
2011-12-15,Asset5,-0.004257572626358109
2011-12-16,Asset5,-0.023955249330668907
2011-12-19,Asset5,-0.009932066177244804
2011-12-20,Asset5,-0.01792284603893735
2011-12-21,Asset5,0.03933357703339669
2011-12-22,Asset5,0.010406706666371248
2011-12-23,Asset5,-0.005031869766914144
2011-12-27,Asset5,0.00929147221043687
2011-12-28,Asset5,-0.01129149234291127
2011-12-29,Asset5,-0.015185466571233742
2011-12-30,Asset5,-0.0056691384180791015
2012-01-03,Asset5,0.0365893231724483
2012-01-04,Asset5,-0.0039409656437621185
2012-01-05,Asset5,7.586907875518635e-05
2012-01-06,Asset5,0.001048407374337135
2012-01-09,Asset5,-0.0028523487692624365
2012-01-10,Asset5,0.027009362670841246
2012-01-11,Asset5,0.002820977059927721
2012-01-12,Asset5,-0.007331948064262895
2012-01-13,Asset5,0.008631306597671442
2012-01-16,Asset5,0.0019481880009246668
2012-01-17,Asset5,0.022995934479204918
2012-01-18,Asset5,-0.002778169335979586
2012-01-19,Asset5,0.01515802093467258
2012-01-20,Asset5,0.0072214719990878265
2012-01-23,Asset5,-0.0005585938939408842
2012-01-24,Asset5,0.019285631347535227
2012-01-25,Asset5,0.007243439150854237
2012-01-27,Asset5,0.01079434520254159
2012-01-30,Asset5,-0.027067931574018593
2012-01-31,Asset5,0.026406982000789017
2012-02-01,Asset5,0.00841279691782475
2012-02-02,Asset5,0.007838425980586728
2012-02-03,Asset5,0.012740324412070871
2012-02-06,Asset5,0.008066273897552191
2012-02-07,Asset5,-0.005931010151576466
2012-02-08,Asset5,0.007422471856433522
2012-02-09,Asset5,0.009880542708362496
2012-02-10,Asset5,-0.006817740784355221
2012-02-13,Asset5,0.001917667050733485
2012-02-14,Asset5,0.00575480132945252
2012-02-15,Asset5,0.025679318648367658
2012-02-16,Asset5,-0.002169216926459017
2012-02-17,Asset5,0.009203185369752022
2012-02-21,Asset5,0.009241075965062696
2012-02-22,Asset5,-0.021786427641953758
2012-02-23,Asset5,-0.004806297709162034
2012-02-24,Asset5,-0.01181770144039991
2012-02-27,Asset5,-0.03273341639681831
2012-02-28,Asset5,0.02142690324927239
2012-02-29,Asset5,0.002165423565249736
2012-03-01,Asset5,-0.01012780071249231
2012-03-02,Asset5,0.00440472254084936
2012-03-05,Asset5,-0.017688711928235137
2012-03-06,Asset5,-0.013169625704527867
2012-03-07,Asset5,-0.00044800254313157603
2012-03-09,Asset5,0.02599766805013566
2012-03-12,Asset5,0.005849762567620332
2012-03-13,Asset5,0.01566180694908104
2012-03-14,Asset5,0.007602888445068691
2012-03-15,Asset5,-0.018316565932983232
2012-03-16,Asset5,-0.013961549519096696
2012-03-19,Asset5,-0.013731006323627518
2012-03-20,Asset5,0.0040631822706823865
2012-03-21,Asset5,0.020497287161874135
2012-03-22,Asset5,-0.030531504307927466
2012-03-23,Asset5,0.011418297539397583
2012-03-26,Asset5,-0.021359598007503294
2012-03-27,Asset5,0.01363357917008248
2012-03-28,Asset5,-0.011077288251197538
2012-03-29,Asset5,-0.003672916466143717
2012-03-30,Asset5,0.027040683896387745
2012-04-02,Asset5,0.0050646520525139856
2012-04-03,Asset5,0.009161533327475447
2012-04-04,Asset5,-0.00797240219977602
2012-04-09,Asset5,-0.01995153054695598
2012-04-10,Asset5,0.002109169070184347
2012-04-11,Asset5,-0.003833244264562508
2012-04-12,Asset5,0.011479188972131472
2012-04-13,Asset5,-0.015782120255697543
2012-04-16,Asset5,0.00432073263422721
2012-04-17,Asset5,0.014580382907709135
2012-04-18,Asset5,0.0023365720491971944
2012-04-19,Asset5,0.0073358269457547655
2012-04-20,Asset5,-0.00935034253584113
2012-04-23,Asset5,-0.02046930039616415
2012-04-24,Asset5,0.005087829313568105
2012-04-25,Asset5,-0.004744695370329089
2012-04-26,Asset5,-0.002998846597462457
2012-04-27,Asset5,0.00037003607390628806
2012-04-30,Asset5,0.013304774847937842
2012-05-02,Asset5,-0.0020578680489246274
2012-05-03,Asset5,-0.011624023197495472
2012-05-04,Asset5,-0.02348696475187904
2012-05-07,Asset5,0.006440088659206467
2012-05-08,Asset5,-0.02679617356829849
2012-05-09,Asset5,-0.0060361538757514495
2012-05-10,Asset5,-0.0021949689793971053
2012-05-11,Asset5,-0.00889307646969635
2012-05-14,Asset5,-0.0051370727117951995
2012-05-15,Asset5,0.008557806282131698
2012-05-16,Asset5,-0.020526780293383687
2012-05-17,Asset5,0.0029517283744146645
2012-05-18,Asset5,0.005235924392706438
2012-05-22,Asset5,-0.007592888180808145
2012-05-23,Asset5,-0.006135195388848925
2012-05-24,Asset5,0.021279456138899904
2012-05-25,Asset5,-0.00024383306047299772
2012-05-28,Asset5,0.015913340694666548
2012-05-29,Asset5,0.0010711210132281937
2012-05-30,Asset5,-0.00946275951652318
2012-05-31,Asset5,-0.006423269201636162
2012-06-01,Asset5,-0.02014111444636244
2012-06-04,Asset5,0.0016233818296568006
2012-06-05,Asset5,0.0037498598803042075
2012-06-06,Asset5,0.033014693317435125
2012-06-07,Asset5,0.012619272056322474
2012-06-08,Asset5,0.004443918847638174
2012-06-11,Asset5,-0.003373879008063652
2012-06-12,Asset5,0.014673188934146798
2012-06-13,Asset5,0.0013018924704621961
2012-06-14,Asset5,-0.015628431659505008
2012-06-15,Asset5,0.02001281282457086
2012-06-18,Asset5,-0.017466218276990998
2012-06-19,Asset5,0.009383446154415866
2012-06-20,Asset5,0.003926378724700808
2012-06-21,Asset5,0.010416895921248682
2012-06-22,Asset5,-0.004402755929331993
2012-06-25,Asset5,-0.007322098355553709
2012-06-26,Asset5,0.0014428910978087296
2012-06-27,Asset5,0.0049445629888367655
2012-06-28,Asset5,0.0016919815953698072
2012-06-29,Asset5,0.030238001020154753
2012-07-02,Asset5,-6.815162849367341e-05
2012-07-03,Asset5,0.002125585757572779
2012-07-04,Asset5,0.003313104436106418
2012-07-05,Asset5,0.005601078932581594
2012-07-06,Asset5,-0.002331299477283455
2012-07-09,Asset5,-0.009434045781869883
2012-07-10,Asset5,0.0159692588712165
2012-07-11,Asset5,-0.008766563593850796
2012-07-12,Asset5,-0.016067649541716956
2012-07-13,Asset5,-0.0018337233178930658
2012-07-16,Asset5,-0.006886986465158574
2012-07-17,Asset5,-0.0010158993337822332
2012-07-18,Asset5,0.005418921769030228
2012-07-19,Asset5,0.0060733604156591355
2012-07-20,Asset5,-0.008606274535370464
2012-07-23,Asset5,-0.020091810119000412
2012-07-24,Asset5,0.002403305919480303
2012-07-25,Asset5,-0.004352427038223318
2012-07-26,Asset5,-0.01564116871380188
2012-07-27,Asset5,0.013527685343545405
2012-07-30,Asset5,0.023518269388471062
2012-07-31,Asset5,0.0067387660469950825
2012-08-01,Asset5,0.002639127940332831
2012-08-02,Asset5,-0.0029195687434405487
2012-08-03,Asset5,-0.002765963488116352
2012-08-06,Asset5,0.015380395391992787
2012-08-07,Asset5,0.01230096660751574
2012-08-08,Asset5,0.00029227154756981125
2012-08-09,Asset5,-0.003383245714687178
2012-08-10,Asset5,-0.0005749352239280638
2012-08-13,Asset5,0.006202541276166685
2012-08-14,Asset5,0.00728140673648996
2012-08-16,Asset5,-0.0038807665734606816
2012-08-17,Asset5,0.0007495000146587218
2012-08-21,Asset5,0.012231935740463575
2012-08-22,Asset5,-0.001804073568068665
2012-08-23,Asset5,0.0005542366675366673
2012-08-24,Asset5,-0.006348598371761761
2012-08-27,Asset5,-0.00812004247295266
2012-08-29,Asset5,-0.014006865917480484
2012-08-30,Asset5,0.006184046523662268
2012-08-31,Asset5,-0.012767475022558063
2012-09-03,Asset5,-0.001083959303984017
2012-09-04,Asset5,0.004625267665952926
2012-09-05,Asset5,-0.01098971665244597
2012-09-06,Asset5,0.0029162883188686988
2012-09-07,Asset5,0.023755390328127304
2012-09-10,Asset5,0.004795888642884183
2012-09-11,Asset5,0.005940162482136025
2012-09-12,Asset5,0.00912801484230057
2012-09-13,Asset5,0.0009611705371940007
2012-09-14,Asset5,0.031416516426169674
2012-09-17,Asset5,0.006959941528633352
2012-09-18,Asset5,-0.002128384024064234
2012-09-20,Asset5,-0.009814156577499712
2012-09-21,Asset5,0.029577329578701055
2012-09-24,Asset5,-0.0045438559990047984
2012-09-25,Asset5,0.0009100757612752198
2012-09-26,Asset5,-0.0022100580999534717
2012-09-27,Asset5,-0.0029558367775274434
2012-09-28,Asset5,0.011427518475086187
2012-10-01,Asset5,0.0032612699028573117
2012-10-03,Asset5,0.002612477247892731
2012-10-04,Asset5,0.011798493729552996
2012-10-05,Asset5,-0.008428343698496656
2012-10-08,Asset5,-0.014814855093827808
2012-10-09,Asset5,0.006046532274048745
2012-10-10,Asset5,-0.01103324217255115
2012-10-11,Asset5,0.011868029682773253
2012-10-12,Asset5,-0.006727341441286284
2012-10-15,Asset5,0.002367885208459786
2012-10-16,Asset5,-0.008281682711328033
2012-10-17,Asset5,0.0026026912181301935
2012-10-18,Asset5,0.012391720219954917
2012-10-19,Asset5,-0.007228956399722809
2012-10-22,Asset5,0.0069454867066894195
2012-10-23,Asset5,-0.005404790940907934
2012-10-25,Asset5,0.002930717064114763
2012-10-29,Asset5,-0.008350069245854332
2012-10-30,Asset5,-0.014339210846986418
2012-10-31,Asset5,0.00467324389840318
2012-11-01,Asset5,0.0054130167433796405
2012-11-02,Asset5,0.011192189783256892
2012-11-05,Asset5,0.0013689733984979747
2012-11-06,Asset5,0.0042494385904301
2012-11-07,Asset5,0.007483794826678737
2012-11-08,Asset5,-0.004447859716522063
2012-11-09,Asset5,-0.010978000435634972
2012-11-12,Asset5,-0.0005380990327544578
2012-11-15,Asset5,-0.011126595739014535
2012-11-16,Asset5,-0.01213642947522642
2012-11-19,Asset5,-0.0005704797990548905
2012-11-20,Asset5,3.22868247931929e-05
2012-11-21,Asset5,0.009315181918742877
2012-11-22,Asset5,0.0027677272414994296
2012-11-23,Asset5,-0.0002451926280484518
2012-11-26,Asset5,0.001983394133456873
2012-11-27,Asset5,0.019492956487182057
2012-11-29,Asset5,0.020438373383116562
2012-11-30,Asset5,0.011299590933476369
2012-12-03,Asset5,-0.001816352906132224
2012-12-04,Asset5,0.0037404108184280645
2012-12-05,Asset5,0.002292312263870589
2012-12-06,Asset5,0.0061825070438946035
2012-12-07,Asset5,-0.0047547590524763105
2012-12-10,Asset5,0.0003047025814667315
2012-12-11,Asset5,-0.0020511630570510422
2012-12-12,Asset5,-0.0021970173686352017
2012-12-13,Asset5,-0.007438858695652152
2012-12-14,Asset5,0.005762644994873157
2012-12-17,Asset5,-0.004428912501273708
2012-12-18,Asset5,0.007968706121766101
2012-12-19,Asset5,0.006674866515090373
2012-12-20,Asset5,-0.0026713832491438
2012-12-21,Asset5,-0.013934089953054365
2012-12-24,Asset5,0.0016518913936016235
2012-12-26,Asset5,0.01021562006361263
2012-12-27,Asset5,-0.0072134921592314615
2012-12-28,Asset5,0.007819287445937385
2012-12-31,Asset5,-0.0006600827533133292
2013-01-02,Asset5,0.017913309014775884
2013-01-03,Asset5,0.003253660367913814
2013-01-04,Asset5,0.0013278779952575982
2013-01-07,Asset5,-0.005535101442041324
2013-01-08,Asset5,0.002665211379128874
2013-01-09,Asset5,-0.006038328006338079
2013-01-10,Asset5,-0.0005727400464707878
2013-01-11,Asset5,-0.0034882456716592188
2013-01-14,Asset5,0.014669064383420773
2013-01-15,Asset5,0.006484068496927976
2013-01-16,Asset5,-0.01084767013516781
2013-01-17,Asset5,0.007467716863672182
2013-01-18,Asset5,0.005007227357849775
2013-01-21,Asset5,0.0035419634520143187
2013-01-22,Asset5,-0.006668491677069444
2013-01-23,Asset5,0.001150659771017626
2013-01-24,Asset5,-0.006927250019073795
2013-01-25,Asset5,0.011024407045345177
2013-01-28,Asset5,2.9612046025917497e-05
2013-01-29,Asset5,-0.004918661317767859
2013-01-30,Asset5,0.0011603691467325207
2013-01-31,Asset5,-0.004161334269083162
2013-02-01,Asset5,-0.007128732290069984
2013-02-04,Asset5,-0.002330407748100294
2013-02-05,Asset5,-0.006082945791056017
2013-02-06,Asset5,0.00046338726648977876
2013-02-07,Asset5,-0.004108012476113211
2013-02-08,Asset5,-0.007132714861269741
2013-02-11,Asset5,-0.0011484513953587518
2013-02-12,Asset5,0.005015367010472894
2013-02-13,Asset5,0.0021173886661037147
2013-02-14,Asset5,-0.007281369062246901
2013-02-15,Asset5,-0.0019434370620274425
2013-02-18,Asset5,0.002201371025831023
2013-02-19,Asset5,0.008443253594473978
2013-02-20,Asset5,0.0006767229183000546
2013-02-21,Asset5,-0.018333981576102467
2013-02-22,Asset5,-0.00039988626169424897
2013-02-25,Asset5,0.0009128137964351525
2013-02-26,Asset5,-0.01914341053204667
2013-02-27,Asset5,0.0074044737608212514
2013-02-28,Asset5,-0.021497717622675296
2013-03-01,Asset5,0.00561745810192429
2013-03-04,Asset5,-0.004447826547945511
2013-03-05,Asset5,0.018057383521979366
2013-03-06,Asset5,0.007126268260794434
2013-03-07,Asset5,0.009218651829863058
2013-03-08,Asset5,0.01686430372722008
2013-03-11,Asset5,-0.0006761385632375828
2013-03-12,Asset5,-0.005704813658382469
2013-03-13,Asset5,-0.012762699576629235
2013-03-14,Asset5,0.01184372396889062
2013-03-15,Asset5,-0.00738204177488302
2013-03-18,Asset5,-0.007632073773487093
2013-03-19,Asset5,-0.01836421158048074
2013-03-20,Asset5,-0.01076590458667135
2013-03-21,Asset5,-0.007512623550532861
2013-03-22,Asset5,-0.001569230450629533
2013-03-25,Asset5,-0.0037159262188887435
2013-03-26,Asset5,0.0016507361464708661
2013-03-28,Asset5,0.008710232484914027
2013-04-01,Asset5,0.0046141464815443465
2013-04-02,Asset5,0.009192944967524765
2013-04-03,Asset5,-0.015699141079988356
2013-04-04,Asset5,-0.020761847527723722
2013-04-05,Asset5,-0.004628010224673718
2013-04-08,Asset5,-0.002225681470310237
2013-04-09,Asset5,-0.010359125585515506
2013-04-10,Asset5,0.013888758317624018
2013-04-11,Asset5,0.007620444373078695
2013-04-12,Asset5,-0.014040084800679333
2013-04-15,Asset5,0.00864966743122313
2013-04-16,Asset5,0.025978800750573242
2013-04-17,Asset5,-5.273380671306783e-05
2013-04-18,Asset5,0.019913139895444323
2013-04-22,Asset5,0.01064476916973103
2013-04-23,Asset5,0.0005141916992688956
2013-04-25,Asset5,0.01632371368476644
2013-04-26,Asset5,-0.009096822849876274
2013-04-29,Asset5,0.00667294816598787
2013-04-30,Asset5,0.005304807958783187
2013-05-02,Asset5,0.013992762483480893
2013-05-03,Asset5,-0.011071218733083834
2013-05-06,Asset5,0.005460929613896327
2013-05-07,Asset5,0.014570302182323493
2013-05-08,Asset5,0.005112889112957043
2013-05-09,Asset5,-0.0037862494112997696
2013-05-10,Asset5,0.008846081180032696
2013-05-13,Asset5,-0.022504576172115303
2013-05-14,Asset5,0.002999715381220192
2013-05-15,Asset5,0.030293244845352344
2013-05-16,Asset5,0.004519442439093791
2013-05-17,Asset5,0.0033841526026327177
2013-05-20,Asset5,-0.00589592939796817
2013-05-21,Asset5,-0.008341822417065537
2013-05-22,Asset5,-0.0038468649207290544
2013-05-23,Asset5,-0.02509479602510463
2013-05-24,Asset5,0.003318222680904271
2013-05-27,Asset5,0.019974784381984724
2013-05-28,Asset5,0.005543200106659985
2013-05-29,Asset5,-0.0013647346083043301
2013-05-30,Asset5,0.0038825091752210388
2013-05-31,Asset5,-0.027060447993606167
2013-06-03,Asset5,-0.009351977033460381
2013-06-04,Asset5,-0.004010494845065883
2013-06-05,Asset5,0.000891954934713546
2013-06-06,Asset5,-0.0004963384161532858
2013-06-07,Asset5,-0.00818723335900873
2013-06-10,Asset5,-0.0006121407923822986
2013-06-11,Asset5,-0.01821031547720309
2013-06-12,Asset5,-0.005928609108611749
2013-06-13,Asset5,-0.012728744609808197
2013-06-14,Asset5,0.023014118611276762
2013-06-17,Asset5,0.008604759254322759
2013-06-18,Asset5,-0.0074767993261275045
2013-06-19,Asset5,0.001785448369020948
2013-06-20,Asset5,-0.03428573441324235
2013-06-21,Asset5,0.0024929719838494794
2013-06-24,Asset5,-0.016387724085443447
2013-06-25,Asset5,0.004046351627834178
2013-06-26,Asset5,-0.004364315556202847
2013-06-27,Asset5,0.020108411416801
2013-06-28,Asset5,0.033757180372715564
2013-07-01,Asset5,0.01163600707607442
2013-07-02,Asset5,-0.008401697066720094
2013-07-03,Asset5,-0.017751429570311176
2013-07-04,Asset5,0.013734487324985348
2013-07-05,Asset5,0.006362851693907779
2013-07-08,Asset5,-0.011523733927446768
2013-07-09,Asset5,0.009797771040191795
2013-07-10,Asset5,-0.008663554467485925
2013-07-11,Asset5,0.024426200086261576
2013-07-12,Asset5,0.014941598516176581
2013-07-15,Asset5,0.004353430791313163
2013-07-16,Asset5,-0.015032793088991971
2013-07-17,Asset5,0.0036370875488015214
2013-07-18,Asset5,0.013007885513971031
2013-07-19,Asset5,-0.0017587684092561509
2013-07-22,Asset5,0.0005174038262032
2013-07-23,Asset5,0.009151497361882211
2013-07-24,Asset5,-0.017236462040787173
2013-07-25,Asset5,-0.016626325014606504
2013-07-26,Asset5,-0.004326663669064735
2013-07-29,Asset5,-0.01112098627135203
2013-07-30,Asset5,-0.015762283183453366
2013-07-31,Asset5,-0.002721047802617705
2013-08-01,Asset5,-0.0029571373759142987
2013-08-02,Asset5,-0.010464700254555617
2013-08-05,Asset5,0.001585093107450675
2013-08-06,Asset5,-0.030214212854523307
2013-08-07,Asset5,-0.005012383564887913
2013-08-08,Asset5,0.010121172770307486
2013-08-12,Asset5,0.010079685388830573
2013-08-13,Asset5,0.018580265951639065
2013-08-14,Asset5,0.009053743752444988
2013-08-16,Asset5,-0.04899424586083772
2013-08-19,Asset5,-0.02028379770811855
2013-08-20,Asset5,-0.0029474612170460107
2013-08-21,Asset5,-0.021971963909431926
2013-08-22,Asset5,0.023965917045731547
2013-08-23,Asset5,0.014044645486582132
2013-08-26,Asset5,0.0010417142596061526
2013-08-27,Asset5,-0.041424224527526705
2013-08-28,Asset5,-0.0005560779329149668
2013-08-29,Asset5,0.02816646464049209
2013-08-30,Asset5,0.013921114191765317
2013-09-02,Asset5,0.017314272772523422
2013-09-03,Asset5,-0.04524789724361567
2013-09-04,Asset5,0.023959763385009495
2013-09-05,Asset5,0.03190472165925807
2013-09-06,Asset5,0.018762843360459417
2013-09-10,Asset5,0.045704549266043774
2013-09-11,Asset5,0.003337411762835441
2013-09-12,Asset5,-0.012673388917097619
2013-09-13,Asset5,-2.0530395250117908e-05
2013-09-16,Asset5,-0.0020613870989629303
2013-09-17,Asset5,0.0019827703105459453
2013-09-18,Asset5,0.010102218390296082
2013-09-19,Asset5,0.04395655911394015
2013-09-20,Asset5,-0.02029901683448783
2013-09-23,Asset5,-0.02442077057977397
2013-09-24,Asset5,0.0005501480325991183
2013-09-25,Asset5,-0.00378791783514032
2013-09-26,Asset5,0.0017160606152549999
2013-09-27,Asset5,-0.01000633526711714
2013-09-30,Asset5,-0.02013996859638141
2013-10-01,Asset5,0.009363067638785163
2013-10-03,Asset5,0.02691680418113816
2013-10-04,Asset5,-0.00048741368509430677
2013-10-07,Asset5,-0.0002335894330951938
2013-10-08,Asset5,0.004520711536529732
2013-10-09,Asset5,0.01600100417061903
2013-10-10,Asset5,0.002696651569852549
2013-10-11,Asset5,0.014997632777348183
2013-10-14,Asset5,0.0032479248327875083
2013-10-15,Asset5,-0.004642869410111673
2013-10-17,Asset5,-0.008513585879621567
2013-10-18,Asset5,0.0284823469352566
2013-10-21,Asset5,0.0030245691214961573
2013-10-22,Asset5,-0.00041587259668083307
2013-10-23,Asset5,-0.004730065351347879
2013-10-24,Asset5,-0.002719172551644933
2013-10-25,Asset5,-0.0037863252419544583
2013-10-28,Asset5,-0.008553396550032222
2013-10-29,Asset5,0.02356292526330233
2013-10-30,Asset5,0.005941319124677503
2013-10-31,Asset5,0.009107866125793064
2013-11-01,Asset5,0.0015335960744330636
2013-11-05,Asset5,-0.010283540961757345
2013-11-06,Asset5,-0.00729232478225237
2013-11-07,Asset5,-0.005386818232634162
2013-11-08,Asset5,-0.00901854620388698
2013-11-11,Asset5,-0.012106051276309905
2013-11-12,Asset5,-0.011992498904764927
2013-11-13,Asset5,-0.005672875689880198
2013-11-14,Asset5,0.013333071377544761
2013-11-18,Asset5,0.026323674241584355
2013-11-19,Asset5,0.002782374727338866
2013-11-20,Asset5,-0.015562596476938275
2013-11-21,Asset5,-0.02427283142920729
2013-11-22,Asset5,-0.0007200359041234617
2013-11-25,Asset5,0.023998178306108023
2013-11-26,Asset5,-0.01103779815089734
2013-11-27,Asset5,-0.00039609842407588585
2013-11-28,Asset5,0.006884482562230777
2013-11-29,Asset5,0.016595943494882893
2013-12-02,Asset5,0.008111915158080497
2013-12-03,Asset5,-0.0030878840271876934
2013-12-04,Asset5,-0.007913748645915809
2013-12-05,Asset5,0.015611209271855133
2013-12-06,Asset5,0.0036147097902614615
2013-12-09,Asset5,0.019936421020609888
2013-12-10,Asset5,-0.0058548635580012226
2013-12-11,Asset5,-0.004727766157939018
2013-12-12,Asset5,-0.013478355475474492
2013-12-13,Asset5,-0.013208148947373568
2013-12-16,Asset5,-0.0026651398576238885
2013-12-17,Asset5,-0.003051402692905026
2013-12-18,Asset5,0.015266225257846868
2013-12-19,Asset5,-0.009747231601598473
2013-12-20,Asset5,0.020938454303758295
2013-12-23,Asset5,0.001960393672550609
2013-12-24,Asset5,-0.0030742488960936237
2013-12-26,Asset5,0.0020100823489722867
2013-12-27,Asset5,0.00666993955372135
2013-12-30,Asset5,-0.004314303474949722
2013-12-31,Asset5,0.002460600303954408
2014-01-02,Asset5,-0.015770957675682155
2014-01-03,Asset5,-0.0019289038503121695
2014-01-06,Asset5,-0.0038060019173872034
2014-01-07,Asset5,-0.005659455098504785
2014-01-08,Asset5,0.00240498473568902
2014-01-09,Asset5,-0.0012146535615880085
2014-01-10,Asset5,0.000603097607723857
2014-01-13,Asset5,0.019697115228658826
2014-01-14,Asset5,-0.005911264248136794
2014-01-15,Asset5,0.015197379645598731
2014-01-16,Asset5,-0.0003796927711369414
2014-01-17,Asset5,-0.010872145636381838
2014-01-20,Asset5,0.008106545775339669
2014-01-21,Asset5,0.0018749404553970452
2014-01-22,Asset5,0.004780080091800532
2014-01-23,Asset5,0.0012682933592766512
2014-01-24,Asset5,-0.014920439083399463
2014-01-27,Asset5,-0.02506560542745438
2014-01-28,Asset5,-0.0018775095551796907
2014-01-29,Asset5,-0.0011752703529891663
2014-01-30,Asset5,-0.009127039847228426
2014-01-31,Asset5,0.00312161697405351
2014-02-03,Asset5,-0.017282245566138468
2014-02-04,Asset5,-0.00017992649665803386
2014-02-05,Asset5,0.004299355166701436
2014-02-06,Asset5,0.0027696405225444923
2014-02-07,Asset5,0.005347724565458557
2014-02-10,Asset5,-0.0019296740373252689
2014-02-11,Asset5,0.0018336650409043645
2014-02-12,Asset5,0.004215904597222498
2014-02-13,Asset5,-0.016351065551035538
2014-02-14,Asset5,0.00944826766381466
2014-02-18,Asset5,0.015624095575522204
2014-02-19,Asset5,0.005023564544714177
2014-02-20,Asset5,-0.011955591503799125
2014-02-21,Asset5,0.0126078351685611
2014-02-24,Asset5,0.0059751734877991685
2014-02-25,Asset5,0.00270600995348298
2014-02-26,Asset5,0.007499939752878149
2014-02-28,Asset5,0.0073380249700597325
2014-03-03,Asset5,-0.010610248277855573
2014-03-04,Asset5,0.014755402216217475
2014-03-05,Asset5,0.0058494664605190936
2014-03-06,Asset5,0.013747007867788687
2014-03-07,Asset5,0.023527022847075956
2014-03-10,Asset5,0.0019489504382534054
2014-03-11,Asset5,-0.004653350749550712
2014-03-12,Asset5,0.0009213900843040969
2014-03-13,Asset5,-0.004382415880705538
2014-03-14,Asset5,0.002051426435318238
2014-03-18,Asset5,0.0022969232171337955
2014-03-19,Asset5,0.001362645369257365
2014-03-20,Asset5,-0.007532077453209097
2014-03-21,Asset5,0.0018694940699560017
2014-03-24,Asset5,0.016688191086919706
2014-03-25,Asset5,0.0011392116655273734
2014-03-26,Asset5,0.002121458752228911
2014-03-27,Asset5,0.007334825628471543
2014-03-28,Asset5,0.009783548434147705
2014-03-31,Asset5,0.0014875299373894536
2014-04-01,Asset5,0.0030159498017582114
2014-04-02,Asset5,0.005624121394493731
2014-04-03,Asset5,-0.00292328809241762
2014-04-04,Asset5,-0.007437537933474526
2014-04-07,Asset5,0.00012542643053476966
2014-04-09,Asset5,0.018129882867341164
2014-04-10,Asset5,3.526212156987896e-05
2014-04-11,Asset5,-0.0035489549664642355
2014-04-15,Asset5,-0.007650140922283334
2014-04-16,Asset5,-0.01030139914103523
2014-04-17,Asset5,0.018713783776390082
2014-04-21,Asset5,0.006770510762188665
2014-04-22,Asset5,-0.00040479720497987875
2014-04-23,Asset5,0.004481009485925292
2014-04-25,Asset5,-0.010182985559271485
2014-04-28,Asset5,-0.003803766908702278
2014-04-29,Asset5,-0.00816417082640042
2014-04-30,Asset5,-0.003368469854063472
2014-05-02,Asset5,-0.00028673872760016656
2014-05-05,Asset5,0.0008156108803547115
2014-05-06,Asset5,0.002856941070178643
2014-05-07,Asset5,-0.01121320003426174
2014-05-08,Asset5,0.0013168411841618878
2014-05-09,Asset5,0.0358476009124467
2014-05-12,Asset5,0.027197212294709866
2014-05-13,Asset5,0.016167088427130417
2014-05-14,Asset5,0.0
2014-05-15,Asset5,0.00243079061895557
2014-05-16,Asset5,0.013451930466319786
2014-05-19,Asset5,0.0100874310183257
2014-05-20,Asset5,0.001974273566038765
2014-05-21,Asset5,-0.0037275949676998103
2014-05-22,Asset5,0.003888099984791805
2014-05-23,Asset5,0.014957978648196948
2014-05-26,Asset5,-0.0013112827889461887
2014-05-27,Asset5,-0.006693767121078943
2014-05-28,Asset5,0.0019103420077208003
2014-05-29,Asset5,-0.015389548137071432
2014-05-30,Asset5,-0.0009452707814517238
2014-06-02,Asset5,0.022000119133341305
2014-06-03,Asset5,0.008695431876061123
2014-06-04,Asset5,-0.0022007075348864373
2014-06-05,Asset5,0.011647825618899611
2014-06-06,Asset5,0.017548569581792253
2014-06-09,Asset5,0.011266745190187423
2014-06-10,Asset5,0.0002821526399086949
2014-06-11,Asset5,-0.004631388913495105
2014-06-12,Asset5,0.0036266302957100654
2014-06-13,Asset5,-0.016909994545858932
2014-06-16,Asset5,-0.0013604104201280001
2014-06-17,Asset5,0.01563412624905132
2014-06-18,Asset5,-0.011557057764687075
2014-06-19,Asset5,-0.0027784392391490003
2014-06-20,Asset5,-0.004654740155538706
2014-06-23,Asset5,-0.0028916010387786354
2014-06-24,Asset5,0.01390834751202901
2014-06-25,Asset5,-0.0017334943717087995
2014-06-26,Asset5,-0.01205664572117451
2014-06-27,Asset5,0.0024982024718503307
2014-06-30,Asset5,0.016388817755625597
2014-07-01,Asset5,0.0036813596573527013
2014-07-02,Asset5,0.014216622219709499
2014-07-03,Asset5,-0.0016077509620534781
2014-07-04,Asset5,0.005724108555048613
2014-07-07,Asset5,0.005503349642340095
2014-07-08,Asset5,-0.025264654065319286
2014-07-09,Asset5,-0.006013253384475893
2014-07-10,Asset5,-0.0027290705339485747
2014-07-11,Asset5,-0.017149071099402006
2014-07-14,Asset5,-0.0008767540202395897
2014-07-15,Asset5,0.011671351011152267
2014-07-16,Asset5,0.015584622843088883
2014-07-17,Asset5,0.002526146557000431
2014-07-18,Asset5,0.0036829830334819576
2014-07-21,Asset5,0.003178584255132311
2014-07-22,Asset5,0.013063152997202556
2014-07-23,Asset5,0.00431005778839646
2014-07-24,Asset5,0.00536447643748197
2014-07-25,Asset5,-0.006152770185125478
2014-07-28,Asset5,-0.006430950554070015
2014-07-30,Asset5,0.006612676596843504
2014-07-31,Asset5,-0.010796534415104954
2014-08-01,Asset5,-0.018447625664143576
2014-08-04,Asset5,0.012792960878605621
2014-08-05,Asset5,0.009823441173377303
2014-08-06,Asset5,-0.011540621599812485
2014-08-07,Asset5,-0.00356616110707253
2014-08-08,Asset5,-0.01266009535248558
2014-08-11,Asset5,0.00910088068751831
2014-08-12,Asset5,0.01590877571224807
2014-08-13,Asset5,0.001941232472825583
2014-08-14,Asset5,0.008085802188661973
2014-08-18,Asset5,0.012713498099502731
2014-08-19,Asset5,0.0035431945899608414
2014-08-20,Asset5,-0.003373249050332339
2014-08-21,Asset5,0.00240757203315809
2014-08-22,Asset5,0.00336076299366388
2014-08-25,Asset5,-0.001046412139920916
2014-08-26,Asset5,-0.00023522579094428233
2014-08-27,Asset5,0.004751543771150325
2014-08-28,Asset5,0.0027671640303377214
2014-09-01,Asset5,0.01106565792388672
2014-09-02,Asset5,0.008273793195314207
2014-09-03,Asset5,0.004683919124257408
2014-09-04,Asset5,-0.0027579772931711328
2014-09-05,Asset5,-0.0013488370017175734
2014-09-08,Asset5,0.012917237782764704
2014-09-09,Asset5,-0.0030756002321843836
2014-09-10,Asset5,-0.008661909553685555
2014-09-11,Asset5,-0.001245337059201779
2014-09-12,Asset5,0.002938492035454577
2014-09-15,Asset5,-0.009401023996052117
2014-09-16,Asset5,-0.016279547026548127
2014-09-17,Asset5,0.006444064316555398
2014-09-18,Asset5,0.020951664472446833
2014-09-19,Asset5,0.0009908172617764778
2014-09-22,Asset5,0.0036717003161839128
2014-09-23,Asset5,-0.018965665848818695
2014-09-24,Asset5,-0.0022675110545458126
2014-09-25,Asset5,-0.013578397349672058
2014-09-26,Asset5,0.008645259851455301
2014-09-29,Asset5,-0.0014983635315855895
2014-09-30,Asset5,0.0008895554535640394
2014-10-01,Asset5,-0.0029002612201759707
2014-10-07,Asset5,-0.01406823763744516
2014-10-08,Asset5,-0.0014823045925138614
2014-10-09,Asset5,0.018031995069061238
2014-10-10,Asset5,-0.015164722815868184
2014-10-13,Asset5,0.0037099173532157085
2014-10-14,Asset5,-0.00308209404826072
2014-10-16,Asset5,-0.01767036694112414
2014-10-17,Asset5,0.0048785523150097106
2014-10-20,Asset5,0.01537843945574995
2014-10-21,Asset5,0.00736351979929868
2014-10-22,Asset5,0.01031564855255276
2014-10-27,Asset5,-0.0006302790804101122
2014-10-28,Asset5,0.005390577944574205
2014-10-29,Asset5,0.009395101433804688
2014-10-30,Asset5,0.011680437765348552
2014-10-31,Asset5,0.02247466038417683
2014-11-03,Asset5,0.0002812038066950962
2014-11-05,Asset5,0.0020397633485962356
2014-11-07,Asset5,-0.00018706039139098076
2014-11-10,Asset5,0.0010435408420296
2014-11-11,Asset5,0.002646189741438843
2014-11-12,Asset5,0.0029630913308032808
2014-11-13,Asset5,-0.0036429848730834997
2014-11-14,Asset5,0.0046017742957301
2014-11-17,Asset5,0.005842683341601341
2014-11-18,Asset5,-0.0006902744417756957
2014-11-19,Asset5,-0.006209508859517766
2014-11-20,Asset5,0.0028059964058845927
2014-11-21,Asset5,0.010776021886789435
2014-11-24,Asset5,0.007474144681957019
2014-11-25,Asset5,-0.009432534458997301
2014-11-26,Asset5,0.0017937244568389413
2014-11-27,Asset5,0.002612185868507311
2014-11-28,Asset5,0.013286685388846921
2014-12-01,Asset5,-0.004520074665967978
2014-12-02,Asset5,-0.0043759549159811065
2014-12-03,Asset5,0.0018229655024755156
2014-12-04,Asset5,0.003759816639393954
2014-12-05,Asset5,-0.003657080670736202
2014-12-08,Asset5,-0.014061319978374122
2014-12-09,Asset5,-0.013872516887387845
2014-12-10,Asset5,0.002150926655424357
2014-12-11,Asset5,-0.009011865800953879
2014-12-12,Asset5,-0.009955616685488479
2014-12-15,Asset5,-0.0006566068331473663
2014-12-16,Asset5,-0.022190790638325235
2014-12-17,Asset5,-0.005622533468866076
2014-12-18,Asset5,0.019352910879457143
2014-12-19,Asset5,0.009692065574618082
2014-12-22,Asset5,0.014414210330414526
2014-12-23,Asset5,-0.008217203267659779
2014-12-24,Asset5,-0.013484925948046513
2014-12-26,Asset5,0.003905031355886291
2014-12-29,Asset5,0.00667254380074498
2014-12-30,Asset5,0.00028379205588313644
2014-12-31,Asset5,0.0050120006516534595
2015-01-02,Asset5,0.01633525261201321
2015-01-05,Asset5,-0.0024370063723828665
2015-01-06,Asset5,-0.03595678620224386
2015-01-07,Asset5,-0.003728152428026644
2015-01-08,Asset5,0.01962446922971175
2015-01-09,Asset5,0.0072718130316655315
2015-01-12,Asset5,0.00557667934093793
2015-01-13,Asset5,-0.0034025629280307616
2015-01-14,Asset5,-0.003159349096426212
2015-01-15,Asset5,0.031400681271384116
2015-01-16,Asset5,0.0027759453024311935
2015-01-19,Asset5,0.005201023017433393
2015-01-20,Asset5,0.020335094542353542
2015-01-21,Asset5,0.004678282186100358
2015-01-22,Asset5,0.004385184575290602
2015-01-23,Asset5,0.010162651919809031
2015-01-27,Asset5,0.010172537543986417
2015-01-28,Asset5,0.0005117294904888326
2015-01-29,Asset5,0.005122080996309909
2015-01-30,Asset5,-0.01922836685463381
2015-02-02,Asset5,-0.0015665973490500919
2015-02-03,Asset5,-0.005572180524742221
2015-02-04,Asset5,-0.004501719527581294
2015-02-05,Asset5,-0.0016506757084266967
2015-02-06,Asset5,-0.0069768779213389654
2015-02-09,Asset5,-0.01866289168404483
2015-02-10,Asset5,0.00551704264193882
2015-02-11,Asset5,0.008665024991668614
2015-02-12,Asset5,0.011704487134354926
2015-02-13,Asset5,0.012941467006747323
2015-02-16,Asset5,0.0005246188461756064
2015-02-18,Asset5,0.008139079861661448
2015-02-19,Asset5,0.0035449183975527106
2015-02-20,Asset5,-0.008323523208962992
2015-02-23,Asset5,-0.010684126635628434
2015-02-24,Asset5,0.0009799366853728844
2015-02-25,Asset5,0.0007053638996967316
2015-02-26,Asset5,-0.011415263480566875
2015-02-27,Asset5,0.02221365047498605
2015-03-02,Asset5,0.015216117709539748
2015-03-03,Asset5,0.00529209813827567
2015-03-04,Asset5,-0.009817371821592282
2015-03-05,Asset5,0.002030734194072981
2015-03-09,Asset5,-0.024301418142149835
2015-03-10,Asset5,-0.006125587047135062
2015-03-11,Asset5,-0.001666603333946526
2015-03-12,Asset5,0.010489688282832966
2015-03-13,Asset5,-0.017536463081130417
2015-03-16,Asset5,-0.0020259063051082386
2015-03-17,Asset5,0.012530686016135653
2015-03-18,Asset5,-0.005144761487033156
2015-03-19,Asset5,-0.007080440395837285
2015-03-20,Asset5,-0.008859652277648646
2015-03-23,Asset5,-0.002800172549695157
2015-03-24,Asset5,-0.0011156993929504646
2015-03-25,Asset5,-0.0017067252432303895
2015-03-26,Asset5,-0.026536702543483642
2015-03-27,Asset5,-0.00010788585171175316
2015-03-30,Asset5,0.021708500778660336
2015-03-31,Asset5,-0.00018366822425872623
2015-04-01,Asset5,0.013461311977387782
2015-04-06,Asset5,0.010293255932450052
2015-04-07,Asset5,5.534669607953902e-05
2015-04-08,Asset5,0.007496357469040583
2015-04-09,Asset5,0.008799147782731344
2015-04-10,Asset5,0.0002802097991329689
2015-04-13,Asset5,0.007332335455214612
2015-04-16,Asset5,-0.017292253296920947
2015-04-17,Asset5,-0.013878993380300077
2015-04-20,Asset5,-0.02201725177201959
2015-04-21,Asset5,-0.009992724417727984
2015-04-22,Asset5,0.007441166706454628
2015-04-23,Asset5,-0.0044699654646025
2015-04-24,Asset5,-0.013295520310274835
2015-04-27,Asset5,-0.01321335713855696
2015-04-28,Asset5,0.010489635451771041
2015-04-29,Asset5,-0.006640380158817561
2015-04-30,Asset5,-0.008483267089414073
2015-05-04,Asset5,0.02206688680254221
2015-05-05,Asset5,-0.0010298271771748359
2015-05-06,Asset5,-0.03283679752527831
2015-05-07,Asset5,-0.0058836895609485134
2015-05-08,Asset5,0.019986873801234407
2015-05-11,Asset5,0.019593481047427287
2015-05-12,Asset5,-0.028582897285366875
2015-05-13,Asset5,0.016020770014697306
2015-05-14,Asset5,-0.0016392546466595717
2015-05-15,Asset5,0.005566413242359226
2015-05-18,Asset5,0.016165006785533988
2015-05-19,Asset5,-0.0011464534046881083
2015-05-20,Asset5,0.008262302154947766
2015-05-21,Asset5,-0.0003205413587392681
2015-05-22,Asset5,0.0054079366316353026
2015-05-25,Asset5,-0.012583149435491816
2015-05-26,Asset5,-0.004430031211731978
2015-05-27,Asset5,-0.0006835065403172359
2015-05-28,Asset5,-0.0022460024629070044
2015-05-29,Asset5,0.016538101785070404
2015-06-01,Asset5,-3.557178518249771e-05
2015-06-02,Asset5,-0.028024310886238496
2015-06-03,Asset5,-0.014766084211462352
2015-06-04,Asset5,-0.0006564435976072148
2015-06-05,Asset5,-0.002354012122940219
2015-06-08,Asset5,-0.010432961110677177
2015-06-09,Asset5,-0.0032445939368180637
2015-06-10,Asset5,0.015264802684134974
2015-06-11,Asset5,-0.023499450744082797
2015-06-12,Asset5,0.002643922158700463
2015-06-15,Asset5,0.004659960722929491
2015-06-16,Asset5,0.005001295661401884
2015-06-17,Asset5,0.006598486609020072
2015-06-18,Asset5,0.012316596198266706
2015-06-19,Asset5,0.0073912015836498325
2015-06-22,Asset5,0.01869668426231206
2015-06-23,Asset5,0.004087133635600715
2015-06-24,Asset5,-0.002963680340013886
2015-06-25,Asset5,0.005332050070606621
2015-06-26,Asset5,-0.0024149164979757392
2015-06-29,Asset5,-0.008977230435948782
2015-06-30,Asset5,0.0072272947233646976
2015-07-01,Asset5,0.012124008558881629
2015-07-02,Asset5,-0.001156895688651627
2015-07-03,Asset5,0.005683903631745225
2015-07-06,Asset5,0.005268182057786853
2015-07-07,Asset5,-0.001598270682946801
2015-07-08,Asset5,-0.020832354663347676
2015-07-09,Asset5,-0.004950347177987081
2015-07-10,Asset5,0.00461064661922146
2015-07-13,Asset5,0.014224029029565079
2015-07-14,Asset5,-0.000787377396515332
2015-07-15,Asset5,0.00989345267262385
2015-07-16,Asset5,0.011860907378936948
2015-07-17,Asset5,0.0002509006887742693
2015-07-20,Asset5,-0.0008919199780955457
2015-07-21,Asset5,-0.010321440583032793
2015-07-22,Asset5,0.01463866518543231
2015-07-23,Asset5,-0.0060740411623328334
2015-07-24,Asset5,-0.009534564467417185
2015-07-27,Asset5,-0.02260853601055324
2015-07-28,Asset5,-0.0034445640473627307
2015-07-29,Asset5,0.00547676209967607
2015-07-30,Asset5,0.006698467628049266
2015-07-31,Asset5,0.015823193226562896
2015-08-03,Asset5,0.0014344837815436942
2015-08-04,Asset5,-0.0036730790048516765
2015-08-05,Asset5,0.0071927300796462935
2015-08-06,Asset5,0.002899203871258483
2015-08-07,Asset5,-0.0033603577031733785
2015-08-10,Asset5,-0.005464353517328702
2015-08-11,Asset5,-0.008902599638450994
2015-08-12,Asset5,-0.016009654898316808
2015-08-13,Asset5,0.0009197368324097789
2015-08-14,Asset5,0.02336569511207403
2015-08-17,Asset5,-0.0058108482235745395
2015-08-18,Asset5,-0.0015217109571691093
2015-08-19,Asset5,0.004053682304685591
2015-08-20,Asset5,-0.017289919777299413
2015-08-21,Asset5,-0.010433819906840693
2015-08-24,Asset5,-0.07098117705666765
2015-08-25,Asset5,0.011018086102573845
2015-08-26,Asset5,-0.013529269550301983
2015-08-27,Asset5,0.024194525667813507
2015-08-28,Asset5,0.008001056546750542
2015-08-31,Asset5,-0.0045964380997454155
2015-09-01,Asset5,-0.027917611166328987
2015-09-02,Asset5,-0.010611573065396042
2015-09-03,Asset5,0.016483089283400344
2015-09-04,Asset5,-0.025762525166176657
2015-09-07,Asset5,-0.015088079496135267
2015-09-08,Asset5,0.020550912630159516
2015-09-09,Asset5,0.020345347405131255
2015-09-10,Asset5,-0.004681144903545055
2015-09-11,Asset5,0.0001848523284815329
2015-09-14,Asset5,0.01277909913226072
2015-09-15,Asset5,-0.006577520126075732
2015-09-16,Asset5,0.01073683623615498
2015-09-18,Asset5,0.012570972981603569
2015-09-21,Asset5,-0.0007216033394892297
2015-09-22,Asset5,-0.02483610770356384
2015-09-23,Asset5,0.005215083765360973
2015-09-24,Asset5,0.0034488831755734146
2015-09-28,Asset5,-0.011102467512867744
2015-09-29,Asset5,0.007327055917869442
2015-09-30,Asset5,0.016156480096778395
2015-10-01,Asset5,0.00030192857244211175
2015-10-05,Asset5,0.0254159762158408
2015-10-06,Asset5,0.004965959892775818
2015-10-07,Asset5,0.003606078861773821
2015-10-08,Asset5,-0.007051112372341529
2015-10-09,Asset5,0.008908475624438774
2015-10-12,Asset5,-0.006754840332148283
2015-10-13,Asset5,-0.001753509828731659
2015-10-14,Asset5,-0.0035122238740384676
2015-10-15,Asset5,0.010597086572647997
2015-10-16,Asset5,0.008604495231982503
2015-10-19,Asset5,0.005374907567284827
2015-10-20,Asset5,-0.001943105752172292
2015-10-21,Asset5,-0.001445260185367925
2015-10-23,Asset5,0.006362325188428831
2015-10-26,Asset5,-0.005048607099547865
2015-10-27,Asset5,-0.004016596674494011
2015-10-28,Asset5,-0.008993213917577682
2015-10-29,Asset5,-0.008730692269163233
2015-10-30,Asset5,-0.0067975756618484885
2015-11-02,Asset5,-0.0022316447761993267
2015-11-03,Asset5,0.001475688010908183
2015-11-04,Asset5,-0.0030518440586966736
2015-11-05,Asset5,-0.012648938773849452
2015-11-06,Asset5,-0.0001735249063356648
2015-11-09,Asset5,-0.005898637517076067
2015-11-10,Asset5,-0.019989401819703902
2015-11-13,Asset5,-0.003253112974466444
2015-11-16,Asset5,0.006856274557956788
2015-11-17,Asset5,0.004757467780199232
2015-11-18,Asset5,-0.016191284669617504
2015-11-19,Asset5,0.01721982432787286
2015-11-20,Asset5,0.0021114743712346675
2015-11-23,Asset5,-0.0011149634181372382
2015-11-24,Asset5,-0.0026983320460554077
2015-11-26,Asset5,0.007998320605803945
2015-11-27,Asset5,0.008965279497327661
2015-11-30,Asset5,-0.0011255913172041779
2015-12-01,Asset5,0.002971536222866256
2015-12-02,Asset5,-0.0035524979537044925
2015-12-03,Asset5,-0.010167277119544772
2015-12-04,Asset5,-0.012550625461829548
2015-12-07,Asset5,-0.002544365803784876
2015-12-08,Asset5,-0.009843620341359218
2015-12-09,Asset5,-0.013898260339989357
2015-12-10,Asset5,0.01116056034482771
2015-12-11,Asset5,-0.011377862828763565
2015-12-14,Asset5,0.00624398426249071
2015-12-15,Asset5,0.007976433976954135
2015-12-16,Asset5,0.007791297219918293
2015-12-17,Asset5,0.01446802768554525
2015-12-18,Asset5,-0.012605235817055594
2015-12-21,Asset5,0.011208523349265944
2015-12-22,Asset5,-0.007405767570290279
2015-12-23,Asset5,0.012306561177699661
2015-12-24,Asset5,-0.0007475853017101298
2015-12-28,Asset5,0.009784967542329073
2015-12-29,Asset5,0.000575427798678252
2015-12-30,Asset5,-0.00494898232532699
2015-12-31,Asset5,0.0076137555406046616
2016-01-04,Asset5,-0.023414567603480933
2016-01-05,Asset5,-0.0010242043064110364
2016-01-06,Asset5,-0.006728611237446903
2016-01-07,Asset5,-0.026771765195065238
2016-01-08,Asset5,0.0052403251173977605
2016-01-11,Asset5,-0.005920000976388984
2016-01-12,Asset5,-0.008495719869225262
2016-01-13,Asset5,0.008324583413897637
2016-01-14,Asset5,-0.004062218023934339
2016-01-15,Asset5,-0.015762658300425118
2016-01-18,Asset5,-0.014004109865844374
2016-01-19,Asset5,0.013728760330227187
2016-01-20,Asset5,-0.020303741655083665
2016-01-21,Asset5,-0.00533566840082127
2016-01-22,Asset5,0.02401886453402371
2016-01-25,Asset5,0.002214854664552846
2016-01-27,Asset5,0.00025821388927278483
2016-01-28,Asset5,-0.002113558157708973
2016-01-29,Asset5,0.022449527587810363
2016-02-01,Asset5,-0.0012057210549929478
2016-02-02,Asset5,-0.015945111552580517
2016-02-03,Asset5,-0.015089430417226659
2016-02-04,Asset5,0.006878784498154468
2016-02-05,Asset5,0.01379256039809569
2016-02-08,Asset5,-0.016319733425081265
2016-02-09,Asset5,-0.014465432417340642
2016-02-10,Asset5,-0.01356498826431012
2016-02-11,Asset5,-0.03980488509958953
2016-02-12,Asset5,0.0007912614920735807
2016-02-15,Asset5,0.03128513939931122
2016-02-16,Asset5,-0.0192155788637304
2016-02-17,Asset5,0.01024938592913145
2016-02-18,Asset5,0.014062103957753804
2016-02-19,Asset5,0.0031702993012826756
2016-02-22,Asset5,0.003960720538778873
2016-02-23,Asset5,-0.02073384025952936
2016-02-24,Asset5,-0.015334238347710907
2016-02-25,Asset5,-0.008223761605610226
2016-02-26,Asset5,0.010182750669682774
2016-02-29,Asset5,-0.007289054998399626
2016-03-01,Asset5,0.040403318695482776
2016-03-02,Asset5,0.024349633263404693
2016-03-03,Asset5,0.017383987773172828
2016-03-04,Asset5,0.0015650917447640469
2016-03-08,Asset5,-8.062623887061806e-06
2016-03-09,Asset5,0.007454611232145504
2016-03-10,Asset5,-0.007273146423568955
2016-03-11,Asset5,0.0038551661319879754
2016-03-14,Asset5,0.004561764631305377
2016-03-15,Asset5,-0.01243971252694407
2016-03-16,Asset5,0.006136219903661911
2016-03-17,Asset5,0.002208336806134259
2016-03-18,Asset5,0.014663510316266316
2016-03-21,Asset5,0.01576464540335252
2016-03-22,Asset5,0.001658809463932354
2016-03-23,Asset5,0.00024888426444995564
2016-03-28,Asset5,-0.015768791915052118
2016-03-29,Asset5,-0.002852243162789803
2016-03-30,Asset5,0.02182970045741746
2016-03-31,Asset5,0.0004963864335180368
2016-04-01,Asset5,-0.0039310603705407406
2016-04-04,Asset5,0.007117807014111933
2016-04-05,Asset5,-0.024065517341637446
2016-04-06,Asset5,0.0017597698954118892
2016-04-07,Asset5,-0.010700832213845858
2016-04-08,Asset5,0.0013913826671144494
2016-04-11,Asset5,0.018456115633310868
2016-04-12,Asset5,0.005873810795436896
2016-04-13,Asset5,0.02202634544237272
2016-04-18,Asset5,0.009821092814019395
2016-04-20,Asset5,7.5512178003833705e-06
2016-04-21,Asset5,-0.00040939187908652926
2016-04-22,Asset5,-0.001933759313665551
2016-04-25,Asset5,-0.006722114783957213
2016-04-26,Asset5,0.01643784831388944
2016-04-27,Asset5,0.0025996370873856206
2016-04-28,Asset5,-0.01994760394998787
2016-04-29,Asset5,0.0003899156551658401
2016-05-02,Asset5,-0.006710984244597152
2016-05-03,Asset5,-0.00905467450220292
2016-05-04,Asset5,-0.006265681473473662
2016-05-05,Asset5,0.0045078842355459345
2016-05-06,Asset5,-0.00031798405080478713
2016-05-09,Asset5,0.02057549052898127
2016-05-10,Asset5,0.0033180567944594234
2016-05-11,Asset5,-0.005925562209340597
2016-05-12,Asset5,0.007881379419320567
2016-05-13,Asset5,-0.012986684379048043
2016-05-16,Asset5,0.00704041227335468
2016-05-17,Asset5,0.0045797156759851635
2016-05-18,Asset5,-0.0031327969061875744
2016-05-19,Asset5,-0.013227194054969485
2016-05-20,Asset5,-0.00519562773914819
2016-05-23,Asset5,-0.0028879141367994525
2016-05-24,Asset5,0.002762930274947717
2016-05-25,Asset5,0.028811986657546567
2016-05-26,Asset5,0.020378328900184164
2016-05-27,Asset5,0.012937364230594108
2016-05-30,Asset5,0.0032145694006024076
2016-05-31,Asset5,-0.0026997472412423123
2016-06-01,Asset5,0.0029190962000994252
2016-06-02,Asset5,0.005721306228345924
2016-06-03,Asset5,0.00027005045623296203
2016-06-06,Asset5,-0.0028829311700895315
2016-06-07,Asset5,0.009569563728919485
2016-06-08,Asset5,0.0009580328995983934
2016-06-09,Asset5,-0.010073701517882762
2016-06-10,Asset5,-0.004907573204693217
2016-06-13,Asset5,-0.008731849883775402
2016-06-14,Asset5,-0.0002589204220051045
2016-06-15,Asset5,0.014465603957385212
2016-06-16,Asset5,-0.009628778667321616
2016-06-17,Asset5,0.004341152151214623
2016-06-20,Asset5,0.01003154924796368
2016-06-21,Asset5,-0.0027091741518480376
2016-06-22,Asset5,-0.002365020675575558
2016-06-23,Asset5,0.009763886794128408
2016-06-24,Asset5,-0.02638551856719751
2016-06-27,Asset5,0.0009049918526224944
2016-06-28,Asset5,0.004914312062543758
2016-06-29,Asset5,0.011242811040382163
2016-06-30,Asset5,0.012250121891760203
2016-07-01,Asset5,0.005878499140297501
2016-07-04,Asset5,0.00610213373701214
2016-07-05,Asset5,-0.00498166211033948
2016-07-07,Asset5,0.0002807399660707866
2016-07-08,Asset5,-0.002115668639413571
2016-07-11,Asset5,0.020862196066459053
2016-07-12,Asset5,0.007531890307260892
2016-07-13,Asset5,-0.00021825545767577563
2016-07-14,Asset5,0.006408826809085079
2016-07-15,Asset5,-0.0033064251313484677
2016-07-18,Asset5,-0.0045941218746834
2016-07-19,Asset5,0.002799432428365734
2016-07-20,Asset5,0.0052482270315639575
2016-07-21,Asset5,-0.007810083418553139
2016-07-22,Asset5,0.0043854601988308605
2016-07-25,Asset5,0.013269825291907013
2016-07-26,Asset5,-0.006253148003608767
2016-07-27,Asset5,0.0035130398168612413
2016-07-28,Asset5,0.00703358961138223
2016-07-29,Asset5,-0.003849366670531707
2016-08-01,Asset5,-0.00027090749262028704
2016-08-02,Asset5,-0.0018965092826895183
2016-08-03,Asset5,-0.010861883270950258
2016-08-04,Asset5,0.0008777217087322599
2016-08-05,Asset5,0.01853105971614113
2016-08-08,Asset5,0.003897095060859002
2016-08-09,Asset5,-0.004559515233696399
2016-08-10,Asset5,-0.014235615979604124
2016-08-11,Asset5,0.0023580170472811803
2016-08-16,Asset5,0.0070389011045464585
2016-08-17,Asset5,-0.002568686383266128
2016-08-18,Asset5,0.006845998772283225
2016-08-19,Asset5,-0.0008785093534718237
2016-08-22,Asset5,-0.005226782120283869
2016-08-23,Asset5,0.00047966048946106464
2016-08-24,Asset5,0.0024604679165165957
2016-08-25,Asset5,-0.008059782068156674
2016-08-26,Asset5,-0.0027444040192248667
2016-08-29,Asset5,0.004885415623610624
2016-08-30,Asset5,0.019085709838259038
2016-08-31,Asset5,0.00574321766265582
2016-09-01,Asset5,-0.001577447055257686
2016-09-02,Asset5,0.004786515488397481
2016-09-06,Asset5,0.018164118228833286
2016-09-07,Asset5,-0.003361261950687711
2016-09-08,Asset5,0.0046490241274045555
2016-09-09,Asset5,-0.011500671949176235
2016-09-12,Asset5,-0.02044962603121028
2016-09-14,Asset5,0.001514525745974016
2016-09-15,Asset5,0.0021933210221353862
2016-09-16,Asset5,0.005119761010798208
2016-09-19,Asset5,0.003902223730964139
2016-09-20,Asset5,-0.004427591647798979
2016-09-21,Asset5,0.00017092263280487076
2016-09-22,Asset5,0.012345665825749209
2016-09-23,Asset5,-0.004858270167987301
2016-09-26,Asset5,-0.01474259930356663
2016-09-27,Asset5,-0.0022904027057444325
2016-09-28,Asset5,0.005340898409642493
2016-09-29,Asset5,-0.021118043772921483
2016-09-30,Asset5,0.002779626800523705
2016-10-03,Asset5,0.01769090720629514
2016-10-04,Asset5,0.004264192349103269
2016-10-05,Asset5,-0.0034484793883029947
2016-10-06,Asset5,-0.004721032008179727
2016-10-07,Asset5,-0.0016464954787079214
2016-10-10,Asset5,0.0015452808796247554
2016-10-13,Asset5,-0.018663907544127147
2016-10-14,Asset5,0.0014067940827714235
2016-10-17,Asset5,-0.008807698180149173
2016-10-18,Asset5,0.02218205616345879
2016-10-19,Asset5,-0.0025998152184798953
2016-10-20,Asset5,0.005584984545926731
2016-10-21,Asset5,-0.0008760032626171201
2016-10-24,Asset5,0.0021949107826013227
2016-10-25,Asset5,-0.002432034662616456
2016-10-26,Asset5,-0.010500128597080629
2016-10-27,Asset5,0.0
2016-10-28,Asset5,0.003168799512492449
2016-11-01,Asset5,-0.0016323222968279262
2016-11-02,Asset5,-0.015615128242283708
2016-11-03,Asset5,-0.0040944051708950106
2016-11-04,Asset5,-0.007241083678834404
2016-11-07,Asset5,0.00900664184081821
2016-11-08,Asset5,0.006566985163393647
2016-11-09,Asset5,-0.01566793296523619
2016-11-10,Asset5,0.013342030360531434
2016-11-11,Asset5,-0.03229513349265468
2016-11-15,Asset5,-0.027171092722882987
2016-11-16,Asset5,0.00046616587898453695
2016-11-17,Asset5,-0.004682169036350015
2016-11-18,Asset5,-0.0008688317400238789
2016-11-21,Asset5,-0.021550389256445836
2016-11-22,Asset5,0.01107813589886
2016-11-23,Asset5,0.004648663622701133
2016-11-24,Asset5,-0.010127813924923592
2016-11-25,Asset5,0.02241664247379314
2016-11-28,Asset5,0.0018633914880449966
2016-11-29,Asset5,0.0022517811490113007
2016-11-30,Asset5,0.01213685800098743
2016-12-01,Asset5,-0.0046105576326827885
2016-12-02,Asset5,-0.015540369961130155
2016-12-05,Asset5,0.006224988325520365
2016-12-06,Asset5,0.0021257736813778297
2016-12-07,Asset5,-0.006056638742865906
2016-12-08,Asset5,0.02144639564230646
2016-12-09,Asset5,0.0021681574900642713
2016-12-12,Asset5,-0.013210304641873673
2016-12-13,Asset5,0.0074900868290629155
2016-12-14,Asset5,-0.0057432110209104
2016-12-15,Asset5,-0.004231020826418597
2016-12-16,Asset5,-0.002082501301159035
2016-12-19,Asset5,-0.005174811096179078
2016-12-20,Asset5,-0.0032501353048182587
2016-12-21,Asset5,-0.0031327473885767623
2016-12-22,Asset5,-0.012236196497758691
2016-12-23,Asset5,0.0010000980956291095
2016-12-26,Asset5,-0.011645743981467052
2016-12-27,Asset5,0.01890685261435854
2016-12-28,Asset5,0.00029877315906832184
2016-12-29,Asset5,0.010267770897688069
2016-12-30,Asset5,0.012172324306332529
2017-01-02,Asset5,-0.0009235219288737718
2017-01-03,Asset5,0.0018705299834952175
2017-01-04,Asset5,-0.0002563398333791156
2017-01-05,Asset5,0.012204354511324046
2017-01-06,Asset5,-0.004351084247845095
2017-01-09,Asset5,-0.0011281205536689766
2017-01-10,Asset5,0.007656554673711292
2017-01-11,Asset5,0.013326851664430886
2017-01-12,Asset5,0.003801586289846793
2017-01-13,Asset5,-0.0009778169823508433
2017-01-16,Asset5,0.001778525307842749
2017-01-17,Asset5,-0.0021110410371472546
2017-01-18,Asset5,0.0027149321266968234
2017-01-19,Asset5,0.0025804361708446247
2017-01-20,Asset5,-0.012199026065517196
2017-01-23,Asset5,0.006058013032920063
2017-01-24,Asset5,0.01205502778108807
2017-01-25,Asset5,0.017973552689475893
2017-01-27,Asset5,0.005370375751939705
2017-01-30,Asset5,-0.001180384782294164
2017-01-31,Asset5,-0.00993197235817096
2017-02-01,Asset5,0.02173977169016963
2017-02-02,Asset5,0.00245738266831328
2017-02-03,Asset5,0.000920540902195466
2017-02-06,Asset5,0.00825076560768814
2017-02-07,Asset5,-0.0044653763894243696
2017-02-08,Asset5,0.00010264247574180986
2017-02-09,Asset5,0.001279580270943548
2017-02-10,Asset5,0.002070912246656587
2017-02-13,Asset5,0.0015693321021100993
2017-02-14,Asset5,-0.0017376392342329352
2017-02-15,Asset5,-0.009226201682380353
2017-02-16,Asset5,0.007330884064000732
2017-02-17,Asset5,0.005974052674299291
2017-02-20,Asset5,0.007821621509724964
2017-02-21,Asset5,0.003871891174742182
2017-02-22,Asset5,0.002566381169697696
2017-02-23,Asset5,0.0016937044873804655
2017-02-27,Asset5,-0.005745261549862902
2017-02-28,Asset5,-0.0023065521681636452
2017-03-01,Asset5,0.008946375722969259
2017-03-02,Asset5,-0.0061771744093853005
2017-03-03,Asset5,-0.0002966638810078415
2017-03-06,Asset5,0.008887892789129295
2017-03-07,Asset5,-0.0022156385311747242
2017-03-08,Asset5,-0.0030312959730074422
2017-03-09,Asset5,0.0003630799553930864
2017-03-10,Asset5,0.0010148723675365901
2017-03-14,Asset5,0.020475596238662155
2017-03-15,Asset5,-0.0002905507180587908
2017-03-16,Asset5,0.009100967608261446
2017-03-17,Asset5,0.0008323990394509375
2017-03-20,Asset5,-0.004349346916717867
2017-03-21,Asset5,-0.0007033677035070519
2017-03-22,Asset5,-0.011978267349120176
2017-03-23,Asset5,0.0074215049970364445
2017-03-24,Asset5,0.002865878843395109
2017-03-27,Asset5,-0.008274019062911765
2017-03-28,Asset5,0.007376235993602088
2017-03-29,Asset5,0.005669831345309097
2017-03-30,Asset5,0.0039305578799501365
2017-03-31,Asset5,0.0
2017-04-03,Asset5,0.008384742471726271
2017-04-05,Asset5,0.003546381342553318
2017-04-06,Asset5,-0.00041448160181900567
2017-04-07,Asset5,-0.00824669396178104
2017-04-10,Asset5,-0.0021981813682237844
2017-04-11,Asset5,0.007260265449028226
2017-04-12,Asset5,-0.004358532599870114
2017-04-13,Asset5,-0.006864867784277175
2017-04-17,Asset5,-0.0015080649008331283
2017-04-18,Asset5,-0.004483855191398956
2017-04-19,Asset5,-0.00021751082245042856
2017-04-20,Asset5,0.004336845032130566
2017-04-21,Asset5,-0.002232826838558122
2017-04-24,Asset5,0.012967932162137964
2017-04-25,Asset5,0.011540450384413694
2017-04-26,Asset5,0.005834569260431178
2017-04-27,Asset5,-0.0012445733182377074
2017-04-28,Asset5,-0.004894023454266084
2017-05-02,Asset5,0.0012575169142048817
2017-05-03,Asset5,-0.0002383056643415316
2017-05-04,Asset5,0.0061791819294700024
2017-05-05,Asset5,-0.009564279467617488
2017-05-08,Asset5,0.00371555046424934
2017-05-09,Asset5,0.0003607201695775331
2017-05-10,Asset5,0.011649885844006926
2017-05-11,Asset5,0.001926238506396061
2017-05-12,Asset5,-0.0027381557703353827
2017-05-15,Asset5,0.005680306968601913
2017-05-16,Asset5,0.008492973080275235
2017-05-17,Asset5,0.0017030670976899034
2017-05-18,Asset5,-0.012131303637508807
2017-05-19,Asset5,-0.00019722948703040368
2017-05-22,Asset5,0.0013173167657085651
2017-05-23,Asset5,-0.006624059677376604
2017-05-24,Asset5,-0.0032729821967997456
2017-05-25,Asset5,0.019127106645524354
2017-05-26,Asset5,0.010769949919819145
2017-05-29,Asset5,0.0012257233357440003
2017-05-30,Asset5,0.0024549236239883145
2017-05-31,Asset5,-0.0004114234645106852
2017-06-01,Asset5,-0.0006423769000909464
2017-06-02,Asset5,0.0046672216983115085
2017-06-05,Asset5,0.002684987957735619
2017-06-06,Asset5,-0.004706831385578037
2017-06-07,Asset5,0.0033308601296941024
2017-06-08,Asset5,-0.0020675367028185404
2017-06-09,Asset5,0.002612143356915198
2017-06-12,Asset5,-0.006435449150570128
2017-06-13,Asset5,-0.0011854747657047862
2017-06-14,Asset5,0.0014052399266233809
2017-06-15,Asset5,-0.005003114026154521
2017-06-16,Asset5,0.0012528646483051633
2017-06-19,Asset5,0.008698327782906114
2017-06-20,Asset5,-0.0005032089632757143
2017-06-21,Asset5,-0.0024737627544414225
2017-06-22,Asset5,-0.0004483818536320517
2017-06-23,Asset5,-0.0068597887461059335
2017-06-27,Asset5,-0.007964507811469757
2017-06-28,Asset5,-0.00254226168144851
2017-06-29,Asset5,0.0016246048992493382
2017-06-30,Asset5,0.0021212885311210354
2017-07-03,Asset5,0.011860173577825607
2017-07-04,Asset5,-0.00021219286271452202
2017-07-05,Asset5,0.0030332733002648386
2017-07-06,Asset5,0.004600754977605526
2017-07-07,Asset5,-0.0010853218198239036
2017-07-10,Asset5,0.013066689001643808
2017-07-11,Asset5,0.0018421766708593525
2017-07-12,Asset5,0.0036848132131646954
2017-07-13,Asset5,0.009242031635289917
2017-07-14,Asset5,-0.0006491000534006198
2017-07-17,Asset5,0.003592903804586989
2017-07-18,Asset5,-0.010746298995670013
2017-07-19,Asset5,0.008846823244196946
2017-07-20,Asset5,-0.003187984046861159
2017-07-21,Asset5,0.005098623091653832
2017-07-24,Asset5,0.006190511459620308
2017-07-25,Asset5,-0.0002228189755540289
2017-07-26,Asset5,0.006756020537258057
2017-07-27,Asset5,-1.2045438199548288e-05
2017-07-28,Asset5,-0.0007244877543150176
2017-07-31,Asset5,0.007501076563982335
2017-08-01,Asset5,0.00447161775180609
2017-08-02,Asset5,-0.003932955387847281
2017-08-03,Asset5,-0.00807613264395184
2017-08-04,Asset5,0.006321371081545203
2017-08-07,Asset5,-0.0010728760610454026
2017-08-08,Asset5,-0.00940806763676241
2017-08-09,Asset5,-0.008478185874289947
2017-08-10,Asset5,-0.010633754139503229
2017-08-11,Asset5,-0.013374428795091788
2017-08-14,Asset5,0.010299944920779682
2017-08-16,Asset5,0.01263808415617982
2017-08-17,Asset5,0.0008306005968523601
2017-08-18,Asset5,-0.008087518549377127
2017-08-21,Asset5,-0.010130820495522077
2017-08-22,Asset5,0.0013778708897292271
2017-08-23,Asset5,0.010684522270821442
2017-08-24,Asset5,0.0005541502791170495
2017-08-28,Asset5,0.006787020591920535
2017-08-29,Asset5,-0.014133242147566663
2017-08-30,Asset5,0.010822801561734343
2017-08-31,Asset5,0.004067014529088465
2017-09-01,Asset5,0.006836124313578385
2017-09-04,Asset5,-0.007405050389738
2017-09-05,Asset5,0.004763585143099736
2017-09-06,Asset5,-0.0043407486939770045
2017-09-07,Asset5,0.0016579167474625404
2017-09-08,Asset5,0.0005920801461967607
2017-09-11,Asset5,0.008606112018448544
2017-09-12,Asset5,0.010433687822650308
2017-09-13,Asset5,-0.0016347883265508847
2017-09-14,Asset5,0.0008690847375057765
2017-09-15,Asset5,-0.00014267072707654373
2017-09-18,Asset5,0.008055115251102675
2017-09-19,Asset5,-0.0006559342349848674
2017-09-20,Asset5,-0.0007567636545574798
2017-09-21,Asset5,-0.002277848085297585
2017-09-22,Asset5,-0.018672382922781373
2017-09-25,Asset5,-0.011055450722719363
2017-09-26,Asset5,-0.00013365590646934324
2017-09-27,Asset5,-0.01650205135997567
2017-09-28,Asset5,0.004092158731993045
2017-09-29,Asset5,0.00241369813578487
2017-10-03,Asset5,0.008691791690868114
2017-10-04,Asset5,0.006742782975810258
2017-10-05,Asset5,-0.0031710085967911364
2017-10-06,Asset5,0.011042907343046427
2017-10-09,Asset5,0.0010881855579289558
2017-10-10,Asset5,0.0033878347515955204
2017-10-11,Asset5,-0.003851518475958216
2017-10-12,Asset5,0.01341245750987712
2017-10-13,Asset5,0.008444570572316758
2017-10-16,Asset5,0.007482632854211159
2017-10-17,Asset5,0.00042232104761286143
2017-10-18,Asset5,-0.002767193408979774
2017-10-19,Asset5,-0.007556644997900764
2017-10-23,Asset5,0.004529595429942913
2017-10-24,Asset5,0.0026923031931429093
2017-10-25,Asset5,0.010303917127513086
2017-10-26,Asset5,0.005647232642013212
2017-10-27,Asset5,-0.0024072391645395545
2017-10-30,Asset5,0.004719603610056745
2017-10-31,Asset5,-0.003282694981275647
2017-11-01,Asset5,0.012214472415956835
2017-11-02,Asset5,-0.0019194707509218925
2017-11-03,Asset5,0.003303999982761852
2017-11-06,Asset5,-8.038597225548117e-05
2017-11-07,Asset5,-0.011670649950670998
2017-11-08,Asset5,-0.005449196182799999
2017-11-09,Asset5,0.0006754987902859
2017-11-10,Asset5,0.001489944692136014
2017-11-13,Asset5,-0.011253882880809975
2017-11-14,Asset5,-0.00450082418456157
2017-11-15,Asset5,-0.008075291930517637
2017-11-16,Asset5,0.011468636408692136
2017-11-17,Asset5,0.008088257788981592
2017-11-20,Asset5,0.0017679090435830606
2017-11-21,Asset5,0.0032800552251486263
2017-11-22,Asset5,0.0017894330511579962
2017-11-23,Asset5,0.0007484055307981131
2017-11-24,Asset5,0.004748422212827564
2017-11-27,Asset5,0.0011376200494537694
2017-11-28,Asset5,-0.0033808930468463678
2017-11-29,Asset5,-0.0010356774788456758
2017-11-30,Asset5,-0.015606150101635576
2017-12-01,Asset5,-0.012291535503243136
2017-12-04,Asset5,0.0007054312980676159
2017-12-05,Asset5,-0.00112562020192053
2017-12-06,Asset5,-0.008794057149210622
2017-12-07,Asset5,0.014647475517634236
2017-12-08,Asset5,0.011679328798320211
2017-12-11,Asset5,0.006616193681408423
2017-12-12,Asset5,-0.0095443853084356
2017-12-13,Asset5,-0.005531191653870105
2017-12-14,Asset5,0.0069635675162664345
2017-12-15,Asset5,0.009498587846430075
2017-12-18,Asset5,0.006445213267848971
2017-12-19,Asset5,0.008599709722055239
2017-12-20,Asset5,-0.002179065637128286
2017-12-21,Asset5,-0.0004481404667157297
2017-12-22,Asset5,0.006057319766488601
2017-12-26,Asset5,0.004402935290193356
2017-12-27,Asset5,-0.004643213217490372
2017-12-28,Asset5,-0.0014698216285776058
2017-12-29,Asset5,0.006046990643439455
2018-01-02,Asset5,-0.010084799493890542
2018-01-03,Asset5,0.00011491831008365595
2018-01-04,Asset5,0.007078245161208142
2018-01-05,Asset5,0.006174298114282806
2018-01-08,Asset5,0.007358756197361772
2018-01-09,Asset5,0.0015136553843584368
2018-01-10,Asset5,-0.0005414840298016533
2018-01-11,Asset5,0.0021444291474169933
2018-01-12,Asset5,0.0033855119576919005
2018-01-15,Asset5,0.0067744660620245875
2018-01-16,Asset5,-0.00459147256650776
2018-01-17,Asset5,0.009879914332605468
2018-01-18,Asset5,0.0031644878128260783
2018-01-19,Asset5,0.00861978685171483
2018-01-22,Asset5,0.007875388809406305
2018-01-23,Asset5,0.012857689763886439
2018-01-24,Asset5,0.00024899316801878517
2018-01-25,Asset5,-0.0017697574643694928
2018-01-29,Asset5,0.0065855738372495596
2018-01-30,Asset5,-0.008705886275359644
2018-01-31,Asset5,-0.0023838070385781233
2018-02-01,Asset5,-0.0011752011204029691
2018-02-02,Asset5,-0.02791719327531759
2018-02-05,Asset5,-0.010488241336167948
2018-02-06,Asset5,-0.018933935463953635
2018-02-07,Asset5,-0.002463245362322342
2018-02-08,Asset5,0.011471102029699233
2018-02-09,Asset5,-0.013830138678093953
2018-02-12,Asset5,0.00973316598587193
2018-02-14,Asset5,-0.004423210346545182
2018-02-15,Asset5,0.00509666116800629
2018-02-16,Asset5,-0.010605493753259677
2018-02-19,Asset5,-0.008484189942124588
2018-02-20,Asset5,-0.002081245585736991
2018-02-21,Asset5,0.00429131731870438
2018-02-22,Asset5,-0.0017023404457354287
2018-02-23,Asset5,0.012522708814100182
2018-02-26,Asset5,0.010471760945783972
2018-02-27,Asset5,-0.003209019227649446
2018-02-28,Asset5,-0.0069867481253706575
2018-03-01,Asset5,-0.003945544017233527
2018-03-05,Asset5,-0.01141671530018167
2018-03-06,Asset5,-0.012696345270904576
2018-03-07,Asset5,-0.011128596299729223
2018-03-08,Asset5,0.010452840433852906
2018-03-09,Asset5,-0.0018511749182959839
2018-03-12,Asset5,0.02282823610567082
2018-03-13,Asset5,0.0006274648564391862
2018-03-14,Asset5,-0.001835555629649788
2018-03-15,Asset5,-0.005849638140313074
2018-03-16,Asset5,-0.019111691677678035
2018-03-19,Asset5,-0.011876280791437833
2018-03-20,Asset5,0.003578228323055122
2018-03-21,Asset5,0.0036625037835183788
2018-03-22,Asset5,-0.004785701976810054
2018-03-23,Asset5,-0.013845150337378521
2018-03-26,Asset5,0.015915174082289332
2018-03-27,Asset5,0.006337204179843249
2018-03-28,Asset5,-0.008301157301528363
2018-04-02,Asset5,0.011639610525983548
2018-04-03,Asset5,0.0039013920304932456
2018-04-04,Asset5,-0.013657348096632528
2018-04-05,Asset5,0.02331068983198357
2018-04-06,Asset5,0.0007495350873560015
2018-04-09,Asset5,0.005546091812153177
2018-04-10,Asset5,0.0026476098969802748
2018-04-11,Asset5,0.0017189039630849836
2018-04-12,Asset5,0.004780578001909142
2018-04-13,Asset5,0.0025183997472187697
2018-04-16,Asset5,0.005467244445512876
2018-04-17,Asset5,0.0023195186359745716
2018-04-18,Asset5,-0.002559557054432027
2018-04-19,Asset5,0.00445740441749285
2018-04-20,Asset5,-0.00014197420118025052
2018-04-23,Asset5,0.0023457356987283797
2018-04-24,Asset5,0.003361389195582199
2018-04-25,Asset5,-0.004951765068919213
2018-04-26,Asset5,0.005363959401133301
2018-04-27,Asset5,0.008419823470445566
2018-04-30,Asset5,0.005280413630026449
2018-05-02,Asset5,-0.0023800105737024515
2018-05-03,Asset5,-0.004299223992675128
2018-05-04,Asset5,-0.006899146138218094
2018-05-07,Asset5,0.010990511619146305
2018-05-08,Asset5,0.00025754893612051083
2018-05-09,Asset5,0.0026759660819057457
2018-05-10,Asset5,-0.002809654728882727
2018-05-11,Asset5,0.010072293447261061
2018-05-14,Asset5,1.1061051219218855e-05
2018-05-15,Asset5,-0.0005274554629613349
2018-05-16,Asset5,-0.006748844192084481
2018-05-17,Asset5,-0.006524406198955114
2018-05-18,Asset5,-0.009694156321118277
2018-05-21,Asset5,-0.009025728629470865
2018-05-22,Asset5,0.0022820846419771895
2018-05-23,Asset5,-0.012112018066317854
2018-05-24,Asset5,0.009606581155241312
2018-05-25,Asset5,0.010420630080375661
2018-05-28,Asset5,0.009448239422288476
2018-05-29,Asset5,-0.006214133749126783
2018-05-30,Asset5,-0.0021385867785817417
2018-05-31,Asset5,0.013770126562526743
2018-06-01,Asset5,-0.0044653095039412175
2018-06-04,Asset5,-0.007595242505895029
2018-06-05,Asset5,-0.003991111751423083
2018-06-06,Asset5,0.010365188442634923
2018-06-07,Asset5,0.009400313424211684
2018-06-08,Asset5,-7.791932194227693e-05
2018-06-11,Asset5,0.002150865303461647
2018-06-12,Asset5,0.006218559987803563
2018-06-13,Asset5,0.0015328722359692294
2018-06-14,Asset5,-0.005377367680762425
2018-06-15,Asset5,0.0010714670046189313
2018-06-18,Asset5,-0.001980153150692976
2018-06-19,Asset5,-0.009933406552427783
2018-06-20,Asset5,0.006901626906621595
2018-06-21,Asset5,-0.003447833518077293
2018-06-22,Asset5,0.009021422714991357
2018-06-25,Asset5,-0.006586609447358295
2018-06-26,Asset5,0.0007470635616508404
2018-06-27,Asset5,-0.010892224153737785
2018-06-28,Asset5,-0.009254730764929643
2018-06-29,Asset5,0.014188197289407435
2018-07-02,Asset5,-0.006383991604386053
2018-07-03,Asset5,0.004796778176636708
2018-07-04,Asset5,0.007850540372655958
2018-07-05,Asset5,-0.0022451896371343152
2018-07-06,Asset5,0.002556382125165602
2018-07-09,Asset5,0.008939304303777186
2018-07-10,Asset5,0.010432191135542192
2018-07-11,Asset5,0.00011507598940365684
2018-07-12,Asset5,0.008209536672673058
2018-07-13,Asset5,-0.00046808236569946266
2018-07-16,Asset5,-0.008935640945059477
2018-07-17,Asset5,0.007812143114938853
2018-07-18,Asset5,-0.003008664735137457
2018-07-19,Asset5,-0.002551871974881559
2018-07-20,Asset5,0.005815471739481205
2018-07-23,Asset5,0.008125171571638301
2018-07-24,Asset5,0.005364105245946061
2018-07-25,Asset5,-0.00024786162339891505
2018-07-26,Asset5,0.0038052250830937777
2018-07-27,Asset5,0.011933033764264423
2018-07-30,Asset5,0.004383640877199114
2018-07-31,Asset5,0.003917137619434197
2018-08-01,Asset5,-0.0010883428543124742
2018-08-02,Asset5,-0.010734871402173864
2018-08-03,Asset5,0.012389795088363178
2018-08-06,Asset5,0.002777952799764894
2018-08-07,Asset5,0.00024771041105839945
2018-08-08,Asset5,0.0063795674399545815
2018-08-09,Asset5,0.002169452783842907
2018-08-10,Asset5,-0.0043101322092964365
2018-08-13,Asset5,-0.0077431208714292335
2018-08-14,Asset5,0.008385138035796836
2018-08-16,Asset5,-0.005252229335699
2018-08-17,Asset5,0.009032919147411802
2018-08-20,Asset5,0.008473726652572735
2018-08-21,Asset5,0.001989349557426312
2018-08-23,Asset5,0.0012289044732872513
2018-08-24,Asset5,-0.0026574404826142043
2018-08-27,Asset5,0.014001843766556556
2018-08-28,Asset5,0.004777626032600946
2018-08-29,Asset5,-0.004763771457170841
2018-08-30,Asset5,-0.0015498509668736562
2018-08-31,Asset5,0.0003802612401743844
2018-09-03,Asset5,-0.010083512585077694
2018-09-04,Asset5,-0.0064287271698940445
2018-09-05,Asset5,-0.00451546679617092
2018-09-06,Asset5,0.006268236173437637
2018-09-07,Asset5,0.0054294533522107015
2018-09-10,Asset5,-0.01563538204930244
2018-09-11,Asset5,-0.015799786452452082
2018-09-12,Asset5,0.008760174418604728
2018-09-14,Asset5,0.01533520608225967
2018-09-17,Asset5,-0.014323696642472818
2018-09-18,Asset5,-0.01042557019182171
2018-09-19,Asset5,-0.004739906874648581
2018-09-21,Asset5,-0.009746892682476506
2018-09-24,Asset5,-0.018921042608523033
2018-09-25,Asset5,0.010946966587235088
2018-09-26,Asset5,-0.0014800580495892392
2018-09-27,Asset5,-0.008277696504074419
2018-09-28,Asset5,-0.005148647216873982
2018-10-01,Asset5,0.008546723106616751
2018-10-03,Asset5,-0.016356727997935572
2018-10-04,Asset5,-0.028623396956231423
2018-10-05,Asset5,-0.032017337606434465
2018-10-08,Asset5,0.003675637504383911
2018-10-09,Asset5,-0.005450302333725922
2018-10-10,Asset5,0.018528185888214036
2018-10-11,Asset5,-0.02586390881569867
2018-10-12,Asset5,0.02788757020087829
2018-10-15,Asset5,0.0045834328001909345
2018-10-16,Asset5,0.008247324613555308
2018-10-17,Asset5,-0.014930936902146953
2018-10-19,Asset5,-0.01716245529793148
2018-10-22,Asset5,-0.0067898701856298
2018-10-23,Asset5,-0.011531220260608556
2018-10-24,Asset5,0.009218693201356754
2018-10-25,Asset5,-0.011718578082593691
2018-10-26,Asset5,-0.011247564356825281
2018-10-29,Asset5,0.026422685069790668
2018-10-30,Asset5,-0.006139887414057688
2018-10-31,Asset5,0.022144557366820552
2018-11-01,Asset5,-0.0007104632076448959
2018-11-02,Asset5,0.01994708916560315
2018-11-05,Asset5,-0.0032976404813796828
2018-11-06,Asset5,0.0006841505131128579
2018-11-07,Asset5,0.007794916310541212
2018-11-09,Asset5,-0.001494587276492432
2018-11-12,Asset5,-0.011676680433000632
2018-11-13,Asset5,0.011482299839953749
2018-11-14,Asset5,-0.0007030696314670683
2018-11-15,Asset5,0.004583878071281067
2018-11-16,Asset5,0.007403430308289406
2018-11-19,Asset5,0.009121738274270454
2018-11-20,Asset5,-0.011951635143764341
2018-11-21,Asset5,-0.006323123394363385
2018-11-22,Asset5,-0.008298052107840317
2018-11-26,Asset5,0.011610376540717662
2018-11-27,Asset5,0.006435466807844304
2018-11-28,Asset5,0.004857003995776222
2018-11-29,Asset5,0.01452352384442426
2018-11-30,Asset5,0.0019946922960770055
2018-12-03,Asset5,0.0007722895166295986
2018-12-04,Asset5,-0.0015711496497071932
2018-12-05,Asset5,-0.009560654238925449
2018-12-06,Asset5,-0.020226468955386337
2018-12-07,Asset5,0.010476199424848788
2018-12-10,Asset5,-0.023032252214061848
2018-12-11,Asset5,0.00694480433415734
2018-12-12,Asset5,0.02143670856194913
2018-12-13,Asset5,0.0060293023329418115
2018-12-14,Asset5,0.0015456972401457494
2018-12-17,Asset5,0.009206400018219974
2018-12-18,Asset5,0.0022428287115223715
2018-12-19,Asset5,0.0064461879042397655
2018-12-20,Asset5,-0.0017068495968350032
2018-12-21,Asset5,-0.02166241132829239
2018-12-24,Asset5,-0.010098567974707075
2018-12-26,Asset5,0.007466547686031878
2018-12-27,Asset5,0.005586307036645533
2018-12-28,Asset5,0.008916742877098828
2018-12-31,Asset5,0.0002927556202765303
2019-01-02,Asset5,-0.007738492999933212
2019-01-03,Asset5,-0.013370396108408669
2019-01-04,Asset5,0.0061954631169623305
2019-01-07,Asset5,0.004972359093096391
2019-01-08,Asset5,0.003381115856716122
2019-01-09,Asset5,0.005887716584208836
2019-01-10,Asset5,-0.0037089248929035095
2019-01-11,Asset5,-0.0029551358421443744
2019-01-14,Asset5,-0.006375268239299904
2019-01-15,Asset5,0.01667413955523909
2019-01-16,Asset5,0.0003857883010020658
2019-01-17,Asset5,0.001641871121151706
2019-01-18,Asset5,0.00019256867938137747
2019-01-21,Asset5,0.0060401208124441835
2019-01-22,Asset5,-0.0042802567926012456
2019-01-23,Asset5,-0.010024947929779595
2019-01-24,Asset5,0.002027398386650159
2019-01-25,Asset5,-0.0076591274950619246
2019-01-28,Asset5,-0.013246077666457181
2019-01-29,Asset5,-0.0010523358663172557
2019-01-30,Asset5,-4.5105118303290235e-05
2019-01-31,Asset5,0.02018254874217549
2019-02-01,Asset5,0.006946780570329115
2019-02-04,Asset5,0.0020488569441522667
2019-02-05,Asset5,0.002430253270406979
2019-02-06,Asset5,0.014058513639732253
2019-02-07,Asset5,0.0007539228857758041
2019-02-08,Asset5,-0.013637679745314248
2019-02-11,Asset5,-0.006008970354568355
2019-02-12,Asset5,-0.006325701464852741
2019-02-14,Asset5,-0.009455905924560694
2019-02-15,Asset5,-0.0024175671383606548
2019-02-18,Asset5,-0.00933760683371543
2019-02-19,Asset5,-0.004127517027976291
2019-02-20,Asset5,0.014835488164773205
2019-02-21,Asset5,0.00608072280969676
2019-02-22,Asset5,0.00020027503424362438
2019-02-25,Asset5,0.009835294756416958
2019-02-26,Asset5,-0.0049411096915581
2019-02-27,Asset5,-0.003172897611944903
2019-02-28,Asset5,-0.001571298055938897
2019-03-01,Asset5,0.007894371091035525
2019-03-05,Asset5,0.013691741554287342
2019-03-06,Asset5,0.007159055488466227
2019-03-07,Asset5,0.0005645738148015056
2019-03-08,Asset5,-0.0024741608165673506
2019-03-11,Asset5,0.014424424238401914
2019-03-12,Asset5,0.014306926593659865
2019-03-13,Asset5,0.004300428198781693
2019-03-14,Asset5,0.00016397591128072266
2019-03-15,Asset5,0.008843984858836864
2019-03-18,Asset5,0.003712370826180767
2019-03-19,Asset5,0.007349394788048703
2019-03-20,Asset5,-0.0011810813589226755
2019-03-22,Asset5,-0.006681621742810241
2019-03-25,Asset5,-0.010751640020436605
2019-03-26,Asset5,0.013633661404320032
2019-03-27,Asset5,-0.0039919216576317145
2019-03-28,Asset5,0.013100880899058255
2019-04-01,Asset5,0.010283532303370802
2019-04-02,Asset5,0.00452987268614411
2019-04-03,Asset5,-0.007094559865309559
2019-04-04,Asset5,-0.004735526470836105
2019-04-05,Asset5,0.007030542712105615
2019-04-08,Asset5,-0.006320979700790198
2019-04-09,Asset5,0.006974900631220661
2019-04-10,Asset5,-0.009011387727840115
2019-04-11,Asset5,0.0012845376070099947
2019-04-12,Asset5,0.004837583024063808
2019-04-15,Asset5,0.004833558432504593
2019-04-16,Asset5,0.009936481061853365
2019-04-18,Asset5,-0.003497088079726707
2019-04-22,Asset5,-0.016168022463397415
2019-04-23,Asset5,-0.001914709160506334
2019-04-24,Asset5,0.015570232363990669
2019-04-25,Asset5,-0.008632048861144128
2019-04-26,Asset5,0.011632282413108899
2019-04-30,Asset5,-0.000663567161999179
2019-05-02,Asset5,-0.002390203378091638
2019-05-03,Asset5,-0.001279344975372654
2019-05-06,Asset5,-0.01168007855023583
2019-05-07,Asset5,-0.010382560407820086
2019-05-08,Asset5,-0.014449615036712694
2019-05-09,Asset5,-0.006090124747282833
2019-05-10,Asset5,-0.002431408921577472
2019-05-13,Asset5,-0.013905631661164944
2019-05-14,Asset5,0.007949223165839925
2019-05-15,Asset5,-0.006955927569702515
2019-05-16,Asset5,0.010766293022317798
2019-05-17,Asset5,0.01599532239636954
2019-05-20,Asset5,0.044298489451431965
2019-05-21,Asset5,-0.012088049267643088
2019-05-22,Asset5,0.002951630667855021
2019-05-23,Asset5,-0.00826559264402085
2019-05-24,Asset5,0.019255280657267275
2019-05-27,Asset5,0.008171196793498404
2019-05-28,Asset5,0.00040252416193222736
2019-05-29,Asset5,-0.006805446400503047
2019-05-30,Asset5,0.008579384783141731
2019-05-31,Asset5,-0.0023205201967659407
2019-06-03,Asset5,0.016682323217555164
2019-06-04,Asset5,-0.006640936933880282
2019-06-06,Asset5,-0.017758000092606356
2019-06-07,Asset5,0.0027255277044855755
2019-06-10,Asset5,0.005261697006452782
2019-06-11,Asset5,0.004317754873618186
2019-06-12,Asset5,-0.00595701838620375
2019-06-13,Asset5,0.0007911450416991706
2019-06-14,Asset5,-0.009140468756237221
2019-06-17,Asset5,-0.01534083545805798
2019-06-18,Asset5,0.001989310493176078
2019-06-19,Asset5,-5.1118868408917e-06
2019-06-20,Asset5,0.014400246574415567
2019-06-21,Asset5,-0.010918120206224825
2019-06-24,Asset5,-0.0025024576280927584
2019-06-25,Asset5,0.009928481770538957
2019-06-26,Asset5,0.005198134204336125
2019-06-27,Asset5,-0.0006077205935991704
2019-06-28,Asset5,-0.005340536958259135
2019-07-01,Asset5,0.007812467123743706
2019-07-02,Asset5,0.0045206509692622635
2019-07-03,Asset5,0.0006498773752070087
2019-07-04,Asset5,0.003020957895399335
2019-07-05,Asset5,-0.013620401469018797
2019-07-08,Asset5,-0.0256588839763273
2019-07-09,Asset5,-0.00028022966531113805
2019-07-10,Asset5,-0.005919054135798119
2019-07-11,Asset5,0.008766055585817691
2019-07-12,Asset5,-0.0031495107028224117
2019-07-15,Asset5,0.003723828716728051
2019-07-16,Asset5,0.00768875663950599
2019-07-17,Asset5,0.0025620761880550628
2019-07-18,Asset5,-0.009302205882352955
2019-07-19,Asset5,-0.0183825385723186
2019-07-22,Asset5,-0.00767649062985747
2019-07-23,Asset5,-0.0016023398527297951
2019-07-24,Asset5,-0.006327745551902765
2019-07-25,Asset5,-0.0020387441797478536
2019-07-26,Asset5,0.0034286154677725562
2019-07-29,Asset5,-0.010113124715331835
2019-07-30,Asset5,-0.011132142016475968
2019-07-31,Asset5,0.0035289236176875966
2019-08-01,Asset5,-0.014894765245547783
2019-08-02,Asset5,0.001896132172131271
2019-08-05,Asset5,-0.014703542739257272
2019-08-06,Asset5,0.009461866629171924
2019-08-07,Asset5,-0.01016600826616121
2019-08-08,Asset5,0.019560612995716566
2019-08-09,Asset5,0.008397067988973108
2019-08-13,Asset5,-0.01985309435894789
2019-08-14,Asset5,0.011373114397746777
2019-08-16,Asset5,0.002001858314416261
2019-08-19,Asset5,0.0006626390099767399
2019-08-20,Asset5,-0.004005868262351609
2019-08-21,Asset5,-0.010707067770264136
2019-08-22,Asset5,-0.01949139543334706
2019-08-23,Asset5,0.009831166831012796
2019-08-26,Asset5,0.025320080142451486
2019-08-27,Asset5,0.005154709280154802
2019-08-28,Asset5,-0.006402319827912396
2019-08-29,Asset5,-0.010624543483692241
2019-08-30,Asset5,0.008214995568215323
2019-09-03,Asset5,-0.024531742566847384
2019-09-04,Asset5,0.00519545448379093
2019-09-05,Asset5,0.0003596243179377013
2019-09-06,Asset5,0.010873972047802207
2019-09-09,Asset5,0.006232256859253661
2019-09-11,Asset5,0.003560873525566422
2019-09-12,Asset5,-0.005752282829952505
2019-09-13,Asset5,0.010172333568104899
2019-09-16,Asset5,-0.007844099864200472
2019-09-17,Asset5,-0.0202735919252965
2019-09-18,Asset5,0.002557030995677323
2019-09-19,Asset5,-0.015037907989909984
2019-09-20,Asset5,0.06382935516933258
2019-09-23,Asset5,0.0346986919890469
2019-09-24,Asset5,-0.0012413578867215948
2019-09-25,Asset5,-0.015325934744537853
2019-09-26,Asset5,0.013741018279069286
2019-09-27,Asset5,-0.006097877872131497
2019-09-30,Asset5,-0.003955754910338705
2019-10-01,Asset5,-0.011979638526049377
2019-10-03,Asset5,-0.004848675327774555
2019-10-04,Asset5,-0.014769312356372667
2019-10-07,Asset5,-0.005192020515000274
2019-10-09,Asset5,0.020157399428477787
2019-10-10,Asset5,-0.008353000595002814
2019-10-11,Asset5,0.007530341800140495
2019-10-14,Asset5,0.00383197808708804
2019-10-15,Asset5,0.009221224767590465
2019-10-16,Asset5,0.0037486096013537033
2019-10-17,Asset5,0.012807007261863214
2019-10-18,Asset5,0.007819546540067536
2019-10-22,Asset5,-0.0075631227424760375
2019-10-23,Asset5,0.0016309483780771574
2019-10-24,Asset5,-0.0022233521659152716
2019-10-25,Asset5,0.0001347657307205097
2019-10-29,Asset5,0.021023925818379665
2019-10-30,Asset5,0.005828529443979403
2019-10-31,Asset5,0.0033789569865929187
2019-11-01,Asset5,0.001328508780548532
2019-11-04,Asset5,0.005116666642027924
2019-11-05,Asset5,-0.0024218076526851375
2019-11-06,Asset5,0.00491890127624588
2019-11-07,Asset5,0.004613051165671679
2019-11-08,Asset5,-0.010379518808384038
2019-11-11,Asset5,0.0005340682991378466
2019-11-13,Asset5,-0.0073530336354171956
2019-11-14,Asset5,0.003207588921748528
2019-11-15,Asset5,0.0023602146247891477
2019-11-18,Asset5,-0.0011046437216959862
2019-11-19,Asset5,0.005613995645588777
2019-11-20,Asset5,0.005929598773565471
2019-11-21,Asset5,-0.0030701522363575156
2019-11-22,Asset5,-0.005414257368157483
2019-11-25,Asset5,0.016049446466518184
2019-11-26,Asset5,-0.0035829601925665426
2019-11-27,Asset5,0.006280269384798044
2019-11-28,Asset5,0.00500303564238811
2019-11-29,Asset5,-0.009391761228883102
2019-12-02,Asset5,-0.0007813115740727296
2019-12-03,Asset5,-0.005378396685773091
2019-12-04,Asset5,0.004902369398751461
2019-12-05,Asset5,-0.0024710845242432726
2019-12-06,Asset5,-0.009675203435617386
2019-12-09,Asset5,0.001610535586964801
2019-12-10,Asset5,-0.008112270942408363
2019-12-11,Asset5,0.00539949262698114
2019-12-12,Asset5,0.006211449431674066
2019-12-13,Asset5,0.011517104445399442
2019-12-16,Asset5,-0.003251507803200138
2019-12-17,Asset5,0.011055277603255932
2019-12-18,Asset5,0.005588201294697815
2019-12-19,Asset5,0.0037359737977798353
2019-12-20,Asset5,0.0011843300422266446
2019-12-23,Asset5,-0.0008849366676313865
2019-12-24,Asset5,-0.004716742523088202
2019-12-26,Asset5,-0.008645427108535355
2019-12-27,Asset5,0.011800553521388759
2019-12-30,Asset5,0.000984808327536424
2019-12-31,Asset5,-0.008557488890429444
2020-01-01,Asset5,0.0013855310540280999
2020-01-02,Asset5,0.009820663605581804
2020-01-03,Asset5,-0.005427347263924266
2020-01-06,Asset5,-0.02292702368752946
2020-01-07,Asset5,0.005993510401491432
2020-01-08,Asset5,-0.002747933293367533
2020-01-09,Asset5,0.019014909747134025
2020-01-10,Asset5,0.004017656931180192
2020-01-13,Asset5,0.00712257696879517
2020-01-14,Asset5,0.0031874643131785344
2020-01-15,Asset5,-0.001844317025166742
2020-01-16,Asset5,0.0011860875622124569
2020-01-17,Asset5,-0.000305974565982714
2020-01-20,Asset5,-0.012415432729381727
2020-01-21,Asset5,-0.0053695420627947864
2020-01-22,Asset5,-0.006207066227162584
2020-01-23,Asset5,0.007280068362357374
2020-01-24,Asset5,0.006689501645115837
2020-01-27,Asset5,-0.012663033494580802
2020-01-28,Asset5,-0.00625796141389552
2020-01-29,Asset5,0.007335907679937838
2020-01-30,Asset5,-0.009269980986438055
2020-01-31,Asset5,-0.007348097825668011
2020-02-03,Asset5,-0.025500461663179413
2020-02-04,Asset5,0.027852987224004894
2020-02-05,Asset5,0.010968600561401321
2020-02-06,Asset5,0.0048439934762009255
2020-02-07,Asset5,-0.003915051747646104
2020-02-10,Asset5,-0.006630617715645971
2020-02-11,Asset5,0.007620036466774761
2020-02-12,Asset5,0.00924683570337992
2020-02-13,Asset5,-0.0026111993176901388
2020-02-14,Asset5,-0.006032225322178598
2020-02-17,Asset5,-0.006701680152316537
2020-02-18,Asset5,-0.0053097151423777255
2020-02-19,Asset5,0.0133483818011257
2020-02-20,Asset5,-0.0044583029514077225
2020-02-24,Asset5,-0.02497664255880179
2020-02-25,Asset5,-0.0031954282340427745
2020-02-26,Asset5,-0.012144573526307668
2020-02-27,Asset5,-0.004644452144967249
2020-02-28,Asset5,-0.044515294397926036
2020-03-02,Asset5,-0.007391702189390027
2020-03-03,Asset5,0.01838357689025623
2020-03-04,Asset5,-0.0055523401758284414
2020-03-05,Asset5,0.0019198293485023223
2020-03-06,Asset5,-0.029768370363386337
2020-03-09,Asset5,-0.05874725200314193
2020-03-11,Asset5,0.0007979978107479192
2020-03-12,Asset5,-0.09962326561277655
2020-03-13,Asset5,0.04567809135227244
2020-03-16,Asset5,-0.09134520128014906
2020-03-17,Asset5,-0.030054220908633904
2020-03-18,Asset5,-0.0666774483272581
2020-03-19,Asset5,-0.029097338103754172
2020-03-20,Asset5,0.06999497623015884
2020-03-23,Asset5,-0.15576559284565492
2020-03-24,Asset5,0.030085708830196192
2020-03-25,Asset5,0.07949696273601001
2020-03-26,Asset5,0.046685227716467374
2020-03-27,Asset5,0.0026106457961462054
2020-03-30,Asset5,-0.05253664371698271
2020-03-31,Asset5,0.04588526725603269
2020-04-01,Asset5,-0.04800561011601872
2020-04-03,Asset5,-0.024715889024124898
2020-04-07,Asset5,0.10515852560538043
2020-04-08,Asset5,-0.005930282889008566
2020-04-09,Asset5,0.049810597942563116
2020-04-13,Asset5,-0.015546804884494983
2020-04-15,Asset5,-0.009146224275226223
2020-04-16,Asset5,0.009075325397748382
2020-04-17,Asset5,0.036555938252249835
2020-04-20,Asset5,-0.0006345772520031546
2020-04-21,Asset5,-0.036329600572914796
2020-04-22,Asset5,0.0275033013464709
2020-04-23,Asset5,0.016535947052417836
2020-04-24,Asset5,-0.02054992988680189
2020-04-27,Asset5,0.01676563077055038
2020-04-28,Asset5,0.012746916778668285
2020-04-29,Asset5,0.022059616229035763
2020-04-30,Asset5,0.03850596414256691
2020-05-04,Asset5,-0.06893380681576203
2020-05-05,Asset5,-0.011349918625921341
2020-05-06,Asset5,0.008512312160546022
2020-05-07,Asset5,-0.009300143404861629
2020-05-08,Asset5,0.006842036483260206
2020-05-11,Asset5,-0.001595391625682341
2020-05-12,Asset5,-0.00553949126202138
2020-05-13,Asset5,0.024400455036477278
2020-05-14,Asset5,-0.030794291247929678
2020-05-15,Asset5,-0.0007744353449454345
2020-05-18,Asset5,-0.04118701164391188
2020-05-19,Asset5,0.007595787408267985
2020-05-20,Asset5,0.025333676191389647
2020-05-21,Asset5,0.005254505341201466
2020-05-22,Asset5,-0.008829100892244314
2020-05-26,Asset5,-0.0013541205713969442
2020-05-27,Asset5,0.03799740572611397
2020-05-28,Asset5,0.022563652243762538
2020-05-29,Asset5,0.011405595181326868
2020-06-01,Asset5,0.030794516783352682
2020-06-02,Asset5,0.018678633564891547
2020-06-03,Asset5,0.009914745643188994
2020-06-04,Asset5,-0.003870202417211966
2020-06-05,Asset5,0.013526731489752655
2020-06-08,Asset5,0.002993424910467102
2020-06-09,Asset5,-0.014257238819997388
2020-06-10,Asset5,0.008301274231441714
2020-06-11,Asset5,-0.025402990152079277
2020-06-12,Asset5,0.00859225093415459
2020-06-15,Asset5,-0.01915593527381332
2020-06-16,Asset5,0.012264463273749639
2020-06-17,Asset5,-0.0039761479977809
2020-06-18,Asset5,0.025563825062278236
2020-06-19,Asset5,0.018163530533150764
2020-06-22,Asset5,0.007824739620520662
2020-06-23,Asset5,0.018597230389550037
2020-06-24,Asset5,-0.01898961268025983
2020-06-25,Asset5,-0.0019096287587915487
2020-06-26,Asset5,0.010974888176863741
2020-06-29,Asset5,-0.008159446330540289
2020-06-30,Asset5,-0.0011986479414857866
2020-07-01,Asset5,0.014903780801660639
2020-07-02,Asset5,0.013996143017878373
2020-07-03,Asset5,0.006328771253818034
2020-07-06,Asset5,0.017682167969106023
2020-07-07,Asset5,0.004013508283177459
2020-07-08,Asset5,-0.010433714488370473
2020-07-09,Asset5,0.012072039266282177
2020-07-10,Asset5,-0.005038213314527208
2020-07-13,Asset5,0.0038614669790901783
2020-07-14,Asset5,-0.021700195218480593
2020-07-15,Asset5,0.0012275171088441895
2020-07-16,Asset5,0.013759393994520688
2020-07-17,Asset5,0.018072709507043608
2020-07-20,Asset5,0.013263986113117989
2020-07-21,Asset5,0.015247388238917383
2020-07-22,Asset5,-0.003187571390176736
2020-07-23,Asset5,0.008930591830615599
2020-07-24,Asset5,-0.002278978122133957
2020-07-27,Asset5,-0.006683910838616348
2020-07-28,Asset5,0.018191128438613282
2020-07-29,Asset5,-0.01037473719432387
2020-07-30,Asset5,-0.010786457616897496
2020-07-31,Asset5,-0.003102122846766964
2020-08-03,Asset5,-0.019706658654352796
2020-08-04,Asset5,0.022437518593655264
2020-08-05,Asset5,0.0006922303463193558
2020-08-06,Asset5,0.010647065602049201
2020-08-07,Asset5,0.0014892029386464503
2020-08-10,Asset5,0.006003246311324429
2020-08-11,Asset5,0.005573974532075177
2020-08-12,Asset5,-0.0014943282181496544
2020-08-13,Asset5,-0.000843641367961201
2020-08-14,Asset5,-0.01296052485464272
2020-08-17,Asset5,0.0073748532544189345
2020-08-18,Asset5,0.01475046952209045
2020-08-19,Asset5,0.002429520256209106
2020-08-20,Asset5,-0.01011887998512604
2020-08-21,Asset5,0.006301099312628634
2020-08-24,Asset5,0.010009207766263819
2020-08-25,Asset5,0.0006069677630350157
2020-08-26,Asset5,0.008090787007779722
2020-08-27,Asset5,0.0010026727455210605
2020-08-28,Asset5,0.009171834785993928
2020-08-31,Asset5,-0.026796897362335464
2020-09-01,Asset5,0.008720087815587176
2020-09-02,Asset5,0.006774045901353533
2020-09-03,Asset5,-0.0007854153120935959
2020-09-04,Asset5,-0.02015369393827178
2020-09-07,Asset5,0.0022446243114039536
2020-09-08,Asset5,-0.003984151118062451
2020-09-09,Asset5,-0.00417231356101997
2020-09-10,Asset5,0.01822131583614111
2020-09-11,Asset5,0.0015931379238815603
2020-09-14,Asset5,-0.0025540229362218006
2020-09-15,Asset5,0.008575137492828412
2020-09-16,Asset5,0.00861844518072612
2020-09-17,Asset5,-0.009146432749345125
2020-09-18,Asset5,-0.0011617906521152578
2020-09-21,Asset5,-0.026534705806408626
2020-09-22,Asset5,-0.010335432391628797
2020-09-23,Asset5,-0.002345504528453724
2020-09-24,Asset5,-0.035174726515819724
2020-09-25,Asset5,0.02717494617882546
2020-09-28,Asset5,0.019253841824845533
2020-09-29,Asset5,-0.0005503691350734475
2020-09-30,Asset5,0.0026892015811708528
2020-10-01,Asset5,0.0180733112793404
2020-10-05,Asset5,0.009081172738895662
2020-10-06,Asset5,0.016591770569543755
2020-10-07,Asset5,0.007866224741670447
2020-10-08,Asset5,0.00978801192820793
2020-10-09,Asset5,0.008071308390469946
2020-10-12,Asset5,0.0016870624691959438
2020-10-13,Asset5,0.00035703490126648424
2020-10-14,Asset5,0.003675040062424007
2020-10-15,Asset5,-0.029140321030024022
2020-10-16,Asset5,0.0084347392346821
2020-10-19,Asset5,0.011283323546219129
2020-10-20,Asset5,0.0024003942094767976
2020-10-21,Asset5,0.004120494917102314
2020-10-22,Asset5,-0.00414153813834477
2020-10-23,Asset5,0.003419448340230958
2020-10-26,Asset5,-0.01635488796545186
2020-10-27,Asset5,0.012405130016358347
2020-10-28,Asset5,-0.01612873073491632
2020-10-29,Asset5,-0.006015530621233191
2020-10-30,Asset5,-0.0029200481068411225
2020-11-02,Asset5,0.0027571633789411193
2020-11-03,Asset5,0.014844228195839018
2020-11-04,Asset5,0.009649976721547306
2020-11-05,Asset5,0.021342718698828648
2020-11-06,Asset5,0.014182817485547441
2020-11-09,Asset5,0.019325562644953734
2020-11-10,Asset5,0.01637580852523666
2020-11-11,Asset5,0.01121524981046438
2020-11-12,Asset5,-0.0054921858303977455
2020-11-13,Asset5,0.0027563643969136468
2020-11-17,Asset5,0.01455194377004805
2020-11-18,Asset5,0.005970061398686611
2020-11-19,Asset5,-0.015447202336096491
2020-11-20,Asset5,0.008207171296462958
2020-11-23,Asset5,0.006289770237962512
2020-11-24,Asset5,0.01194761377187712
2020-11-25,Asset5,-0.018084816561710817
2020-11-26,Asset5,0.012001456367972098
2020-11-27,Asset5,-0.0016678036209285987
2020-12-01,Asset5,0.012963233624782246
2020-12-02,Asset5,0.0004302550115405702
2020-12-03,Asset5,0.001843901915928026
2020-12-04,Asset5,0.011388794830648231
2020-12-07,Asset5,0.008797359899327884
2020-12-08,Asset5,0.0033423981711997904
2020-12-09,Asset5,0.012198902743040299
2020-12-10,Asset5,-0.004505825767056804
2020-12-11,Asset5,0.0031650702420317426
2020-12-14,Asset5,0.003933811536804477
2020-12-15,Asset5,0.0008584550373512913
2020-12-16,Asset5,0.010157888471122868
2020-12-17,Asset5,0.00508671526866058
2020-12-18,Asset5,0.0017335019985462276
2020-12-21,Asset5,-0.03768594309351996
2020-12-22,Asset5,0.01241554065192956
2020-12-23,Asset5,0.012012191022859489
2020-12-24,Asset5,0.013071036449689634
2020-12-28,Asset5,0.010818061667000035
2020-12-29,Asset5,0.005137913089373925
2020-12-30,Asset5,0.004250513528369294
2020-12-31,Asset5,-1.7181750159567247e-05
2021-01-01,Asset5,0.0031541116097770334
2021-01-04,Asset5,0.009792807272532757
2021-01-05,Asset5,0.005654857038617146
2021-01-06,Asset5,-0.004500158456283732
2021-01-07,Asset5,-0.0007550035345056384
2021-01-08,Asset5,0.017816668308391306
2021-01-11,Asset5,0.011500461760964599
2021-01-12,Asset5,0.0065199768290789
2021-01-13,Asset5,0.00011530899975467082
2021-01-14,Asset5,0.0025334968083877032
2021-01-15,Asset5,-0.013310812989841915
2021-01-18,Asset5,-0.012670380171079956
2021-01-19,Asset5,0.02015367698047541
2021-01-20,Asset5,0.010209918748635706
2021-01-21,Asset5,-0.00445353624554743
2021-01-22,Asset5,-0.01796660597711535
2021-01-25,Asset5,-0.011105003211969769
2021-01-27,Asset5,-0.022872585650253588
2021-01-28,Asset5,-0.01288278033828525
2021-01-29,Asset5,-0.01588850682488743
2021-02-01,Asset5,0.05690821332160603
2021-02-02,Asset5,0.03080828577834885
2021-02-03,Asset5,0.011641347206067822
2021-02-04,Asset5,0.008576109635257635
2021-02-05,Asset5,0.0023039968279330307
2021-02-08,Asset5,0.015401763279561734
2021-02-09,Asset5,-0.0005160163604165381
2021-02-10,Asset5,-0.00022236408492979368
2021-02-11,Asset5,0.005306309577003355
2021-02-12,Asset5,-0.0007908629075063623
2021-02-15,Asset5,0.011981591809840621
2021-02-16,Asset5,-9.794511031038234e-05
2021-02-17,Asset5,-0.0081927824249171
2021-02-18,Asset5,-0.007097175443501192
2021-02-19,Asset5,-0.010889660475635712
2021-02-22,Asset5,-0.024513809509903697
2021-02-23,Asset5,0.0026247150553201596
2021-02-24,Asset5,0.02237181894943481
2021-02-25,Asset5,0.00923905561674019
2021-02-26,Asset5,-0.04516283189710318
2021-03-01,Asset5,0.01919446694246814
2021-03-02,Asset5,0.012807582410145282
2021-03-03,Asset5,0.02626163845395855
2021-03-04,Asset5,-0.012975516628965879
2021-03-05,Asset5,-0.011350925434742988
2021-03-08,Asset5,0.0014540472813134645
2021-03-09,Asset5,0.01140933072214967
2021-03-10,Asset5,0.006072119860586335
2021-03-12,Asset5,-0.01137540748291639
2021-03-15,Asset5,-0.008099303955711701
2021-03-16,Asset5,-0.0015311809253491407
2021-03-17,Asset5,-0.015222911835442556
2021-03-18,Asset5,-0.013323567686091489
2021-03-19,Asset5,0.015344331391234258
2021-03-22,Asset5,-0.0006185249084373014
2021-03-23,Asset5,0.006380087996917717
2021-03-24,Asset5,-0.021493412393054228
2021-03-25,Asset5,-0.018516226976170728
2021-03-26,Asset5,0.01527963831554793
2021-03-30,Asset5,0.027941779041060592
2021-03-31,Asset5,-0.012480838913198868
2021-04-01,Asset5,0.014429489000302189
2021-04-05,Asset5,-0.018527832657631253
2021-04-06,Asset5,0.0037464806942801416
2021-04-07,Asset5,0.011077724358974363
2021-04-08,Asset5,0.004433482636600417
2021-04-09,Asset5,-0.0031424541804220057
2021-04-12,Asset5,-0.04239070716480918
2021-04-13,Asset5,0.016267434607235922
2021-04-15,Asset5,0.00634138147292962
2021-04-16,Asset5,0.0029955385980086294
2021-04-19,Asset5,-0.02121237426578358
2021-04-20,Asset5,-0.005268987641998858
2021-04-22,Asset5,0.009212109090506628
2021-04-23,Asset5,-0.005397759664553049
2021-04-26,Asset5,0.01201982194460385
2021-04-27,Asset5,0.013921972083189618
2021-04-28,Asset5,0.01732062631212852
2021-04-29,Asset5,0.0024501719596993436
2021-04-30,Asset5,-0.02125297445421293
2021-05-03,Asset5,0.0002502161558420646
2021-05-04,Asset5,-0.011287328908128337
2021-05-05,Asset5,0.01004515098472032
2021-05-06,Asset5,0.008779693169964721
2021-05-07,Asset5,0.008015097297786511
2021-05-10,Asset5,0.009649707297745903
2021-05-11,Asset5,-0.007356241429462652
2021-05-12,Asset5,-0.012464016968839921
2021-05-14,Asset5,-0.0015269101061477833
2021-05-17,Asset5,0.020058912578367054
2021-05-18,Asset5,0.014872132002330042
2021-05-19,Asset5,-0.006191318889766651
2021-05-20,Asset5,-0.009908131273116806
2021-05-21,Asset5,0.021675762809969704
2021-05-24,Asset5,0.0017713303259879079
2021-05-25,Asset5,0.000848812638373886
2021-05-26,Asset5,0.007338025805837579
2021-05-27,Asset5,0.0028545854358550398
2021-05-28,Asset5,0.007651720449016876
2021-05-31,Asset5,0.011439705642869938
2021-06-01,Asset5,-0.0006122285144245954
2021-06-02,Asset5,0.00010405899033676393
2021-06-03,Asset5,0.008794140750465208
2021-06-04,Asset5,-0.001537220766297587
2021-06-07,Asset5,0.006233497790398969
2021-06-08,Asset5,-0.0008799673149328504
2021-06-09,Asset5,-0.007985972333055093
2021-06-10,Asset5,0.00785914429929484
2021-06-11,Asset5,0.0046969567600196
2021-06-14,Asset5,0.0009494061699285795
2021-06-15,Asset5,0.004356256254117153
2021-06-16,Asset5,-0.007690359303369744
2021-06-17,Asset5,-0.005795402456749122
2021-06-18,Asset5,-0.0006156835756846225
2021-06-21,Asset5,0.00483190585158555
2021-06-22,Asset5,0.002000444543231872
2021-06-23,Asset5,-0.006527699077522931
2021-06-24,Asset5,0.007917408957995776
2021-06-25,Asset5,0.005312026942708759
2021-06-28,Asset5,-0.0034538517891573146
2021-06-29,Asset5,-0.00502696851778226
2021-06-30,Asset5,-0.002053550284244832
2021-07-01,Asset5,-0.003167636675889707
2021-07-02,Asset5,0.0032296067841199876
2021-07-05,Asset5,0.008559825927870081
2021-07-06,Asset5,-0.0012201026077232504
2021-07-07,Asset5,0.004657940590773269
2021-07-08,Asset5,-0.011467506873294122
2021-07-09,Asset5,-0.002906980715127894
2021-07-12,Asset5,0.00021413693398422142
2021-07-13,Asset5,0.009157182594154102
2021-07-14,Asset5,0.0031570705403200176
2021-07-15,Asset5,0.0053172867936046595
2021-07-16,Asset5,-6.0270884140445356e-05
2021-07-19,Asset5,-0.012886694736434069
2021-07-20,Asset5,-0.009164377105721402
2021-07-22,Asset5,0.014735079748139503
2021-07-23,Asset5,0.0024266859921424637
2021-07-26,Asset5,-0.0023914866386702373
2021-07-27,Asset5,-0.005914897443181078
2021-07-28,Asset5,-0.0028234786300112007
2021-07-29,Asset5,0.0052745339455761995
2021-07-30,Asset5,-0.0011712473989042406
2021-08-02,Asset5,0.009295200163703755
2021-08-03,Asset5,0.01855314705889937
2021-08-04,Asset5,0.009525890961362738
2021-08-05,Asset5,0.0026422470379772636
2021-08-06,Asset5,-0.004153480201873761
2021-08-09,Asset5,0.0014816768690871565
2021-08-10,Asset5,0.0016126908646379337
2021-08-11,Asset5,0.00015850448166254696
2021-08-12,Asset5,0.00605447458121562
2021-08-13,Asset5,0.012077378809016805
2021-08-16,Asset5,0.00246482913242847
2021-08-17,Asset5,0.0037347342930340592
2021-08-18,Asset5,-0.0033043227818154723
2021-08-20,Asset5,-0.008571478080749985
2021-08-23,Asset5,0.003351816814078479
2021-08-24,Asset5,0.00932203450032212
2021-08-25,Asset5,0.0007254873971941579
2021-08-26,Asset5,0.0001623117971582211
2021-08-27,Asset5,0.004926313906176017
2021-08-30,Asset5,0.016223803826045026
2021-08-31,Asset5,0.014256535410508066
2021-09-01,Asset5,-0.003918881729236512
2021-09-02,Asset5,0.011096140472878881
2021-09-03,Asset5,0.006228277000436756
2021-09-06,Asset5,0.0037544972013092708
2021-09-07,Asset5,-0.001084222709603733
2021-09-08,Asset5,-0.0005943711579922352
2021-09-09,Asset5,0.0010891174690985219
2021-09-13,Asset5,-0.00096371820890373
2021-09-14,Asset5,0.0017077815517908771
2021-09-15,Asset5,0.009628254459148345
2021-09-16,Asset5,0.007537961716208753
2021-09-17,Asset5,-0.0030187771207351504
2021-09-20,Asset5,-0.012846065855679668
2021-09-21,Asset5,0.011388208634956777
2021-09-22,Asset5,-0.0010488287922787445
2021-09-23,Asset5,0.01889583404061819
2021-09-24,Asset5,0.0020366999621932893
2021-09-27,Asset5,0.00012773445935696515
2021-09-28,Asset5,-0.007157618988185101
2021-09-29,Asset5,-0.0025218098743045483
2021-09-30,Asset5,-0.006311251224886672
2021-10-01,Asset5,-0.005864380139755055
2021-10-04,Asset5,0.010896561097365079
2021-10-05,Asset5,0.008889193103935523
2021-10-06,Asset5,-0.011870573844347468
2021-10-07,Asset5,0.009816362419245108
2021-10-08,Asset5,0.007072347312595718
2021-10-11,Asset5,0.0034031473612315295
2021-10-12,Asset5,0.0030759030535050694
2021-10-13,Asset5,0.011325117419053933
2021-10-14,Asset5,0.011681745288862545
2021-10-18,Asset5,0.009062875359263957
2021-10-19,Asset5,-0.0037863692819956724
2021-10-20,Asset5,-0.00991275025449605
2021-10-21,Asset5,-0.005813889956042707
2021-10-22,Asset5,-0.004172001701480844
2021-10-25,Asset5,0.0006955599936127045
2021-10-26,Asset5,0.009467377067640117
2021-10-27,Asset5,-0.0037738063966114236
2021-10-28,Asset5,-0.023306806108876324
2021-10-29,Asset5,-0.012472218916686552
2021-11-01,Asset5,0.01751958606900939
2021-11-02,Asset5,-0.0027240579256100354
2021-11-03,Asset5,-0.00400806101706901
2021-11-04,Asset5,0.005896051399181702
2021-11-08,Asset5,0.010163644850623666
2021-11-09,Asset5,-0.0016139057223261146
2021-11-10,Asset5,-0.0017989629660417619
2021-11-11,Asset5,-0.009564168612326408
2021-11-12,Asset5,0.015384728021196462
2021-11-15,Asset5,0.00044407962878567636
2021-11-16,Asset5,-0.0073055783421077
2021-11-17,Asset5,-0.006703553434994448
2021-11-18,Asset5,-0.008973834772153034
2021-11-22,Asset5,-0.023524046520188205
2021-11-23,Asset5,0.005980437519358618
2021-11-24,Asset5,-0.006053618085377633
2021-11-25,Asset5,0.008351343003638514
2021-11-26,Asset5,-0.0348855050253047
2021-11-29,Asset5,0.0019381610091467219
2021-11-30,Asset5,-0.004978319033966417
2021-12-01,Asset5,0.012979969404505633
2021-12-02,Asset5,0.016409485322920504
2021-12-03,Asset5,-0.014133223040873102
2021-12-06,Asset5,-0.01984910349119962
2021-12-07,Asset5,0.01876385829797931
2021-12-08,Asset5,0.02047313823345798
2021-12-09,Asset5,0.0032352799124199198
2021-12-10,Asset5,-0.0003801250737710316
2021-12-13,Asset5,-0.0098028661402358
2021-12-14,Asset5,-0.0029950934175866366
2021-12-15,Asset5,-0.0071688723859681955
2021-12-16,Asset5,0.0018813801006356992
2021-12-17,Asset5,-0.01831134476804404
2021-12-20,Asset5,-0.02621105553525345
2021-12-21,Asset5,0.01131444653305085
2021-12-22,Asset5,0.013208605193512038
2021-12-23,Asset5,0.008291167455153039
2021-12-24,Asset5,-0.004839305855016508
2021-12-27,Asset5,0.005822245092994205
2021-12-28,Asset5,0.010324091008852145
2021-12-29,Asset5,-0.0013683123467715498
2021-12-30,Asset5,-0.0006727511393777697
2021-12-31,Asset5,0.010469798109127827
2022-01-03,Asset5,0.01878397897464943
2022-01-04,Asset5,0.012224249082317054
2022-01-05,Asset5,0.00808750228163051
2022-01-06,Asset5,-0.012006500955356316
2022-01-07,Asset5,0.004517020381357818
2022-01-10,Asset5,0.01284038270624608
2022-01-11,Asset5,0.003495973503122763
2022-01-12,Asset5,0.010407738878196595
2022-01-13,Asset5,0.002994748476710907
2022-01-14,Asset5,-0.00013478827650081906
2022-01-17,Asset5,0.003441081919395295
2022-01-18,Asset5,-0.01278442868150811
2022-01-19,Asset5,-0.01157068852072949
2022-01-20,Asset5,-0.012134887392956407
2022-01-21,Asset5,-0.009450894365602338
2022-01-24,Asset5,-0.03188148622486007
2022-01-25,Asset5,0.009016189466033176
2022-01-27,Asset5,-0.011654079497553217
2022-01-28,Asset5,-0.000575179412531135
2022-01-31,Asset5,0.016692861445115885
2022-02-01,Asset5,0.01640152633424439
2022-02-02,Asset5,0.013869406302479528
2022-02-03,Asset5,-0.014834698397075432
2022-02-04,Asset5,-0.002999859189738219
2022-02-07,Asset5,-0.020737335513148162
2022-02-08,Asset5,0.0037052371495420295
2022-02-09,Asset5,0.013694582796415047
2022-02-10,Asset5,0.009760681302148824
2022-02-11,Asset5,-0.01575155629537637
2022-02-14,Asset5,-0.03673946747435211
2022-02-15,Asset5,0.036310951660773055
2022-02-16,Asset5,-0.0020919237130385686
2022-02-17,Asset5,-0.001219217663028527
2022-02-18,Asset5,-0.0019624027435805494
2022-02-21,Asset5,-0.0048378683497285035
2022-02-22,Asset5,-0.007981879281096527
2022-02-23,Asset5,-0.00203245129871239
2022-02-24,Asset5,-0.05733724616500378
2022-02-25,Asset5,0.03031399213157951
2022-02-28,Asset5,0.00976084114843996
2022-03-02,Asset5,-0.013429959747522703
2022-03-03,Asset5,-0.0077970926741004485
2022-03-04,Asset5,-0.01838043840879871
2022-03-07,Asset5,-0.028232021687937352
2022-03-08,Asset5,0.011369731811380302
2022-03-09,Asset5,0.02487154810595316
2022-03-10,Asset5,0.01832086462856939
2022-03-11,Asset5,0.0025705845016159583
2022-03-14,Asset5,0.017379078051249677
2022-03-15,Asset5,-0.01481574780397468
2022-03-16,Asset5,0.02249412058152798
2022-03-17,Asset5,0.02203438602780992
2022-03-21,Asset5,-0.011762642964556449
2022-03-22,Asset5,0.01387346790258697
2022-03-23,Asset5,-0.004840722546273614
2022-03-24,Asset5,-0.0015934724482724151
2022-03-25,Asset5,-0.004859851069080135
2022-03-28,Asset5,0.004827143939835566
2022-03-29,Asset5,0.007197824729996417
2022-03-30,Asset5,0.011978958698633682
2022-03-31,Asset5,-0.0022973725944022585
2022-04-01,Asset5,0.014133558310310781
2022-04-04,Asset5,0.026006209607981216
2022-04-05,Asset5,-0.006381069355766434
2022-04-06,Asset5,-0.010007016388286074
2022-04-07,Asset5,-0.011327689325942593
2022-04-08,Asset5,0.009850511268954688
2022-04-11,Asset5,-0.007381797571095695
2022-04-12,Asset5,-0.009820572769502746
2022-04-13,Asset5,-0.0037409779540202863
2022-04-18,Asset5,-0.020737425612177066
2022-04-19,Asset5,-0.015023014567761363
2022-04-20,Asset5,0.01258829351585762
2022-04-21,Asset5,0.017930013902575318
2022-04-22,Asset5,-0.015223743126201585
2022-04-25,Asset5,-0.015234147077162332
2022-04-26,Asset5,0.017472145939448683
2022-04-27,Asset5,-0.011329732332138411
2022-04-28,Asset5,0.014554210669121572
2022-04-29,Asset5,-0.00991588845803362
2022-05-02,Asset5,-0.0023471005444409615
2022-05-04,Asset5,-0.027523420142323656
2022-05-05,Asset5,0.000363417856403725
2022-05-06,Asset5,-0.019522105967827445
2022-05-09,Asset5,-0.0079994192246172
2022-05-10,Asset5,-0.004549162665710727
2022-05-11,Asset5,-0.005390391989421862
2022-05-12,Asset5,-0.026654102570143005
2022-05-13,Asset5,-0.0019622679181426684
2022-05-16,Asset5,0.004573476686540624
2022-05-17,Asset5,0.03158632308245669
2022-05-18,Asset5,-0.0014022744075009809
2022-05-19,Asset5,-0.031839270401015266
2022-05-20,Asset5,0.03466924655314721
2022-05-23,Asset5,-0.003795626678244846
2022-05-24,Asset5,-0.00662730512008265
2022-05-25,Asset5,-0.007393463021238757
2022-05-26,Asset5,0.01080886478279437
2022-05-27,Asset5,0.01352861663870666
2022-05-30,Asset5,0.022671846111555465
2022-05-31,Asset5,-0.005534920780241804
2022-06-01,Asset5,-0.00447168804739917
2022-06-02,Asset5,0.007644005991738557
2022-06-03,Asset5,-0.00315366024176087
2022-06-06,Asset5,-0.0010672744201558617
2022-06-07,Asset5,-0.011095135207771192
2022-06-08,Asset5,-0.004393152738950823
2022-06-09,Asset5,0.008939673290026741
2022-06-10,Asset5,-0.020121238096920104
2022-06-13,Asset5,-0.03165569893825096
2022-06-14,Asset5,-0.0032179313471824684
2022-06-15,Asset5,-0.0030472132576272685
2022-06-16,Asset5,-0.025354137425148297
2022-06-17,Asset5,-0.005241952351967916
2022-06-20,Asset5,0.004445056314774121
2022-06-21,Asset5,0.02256520542538452
2022-06-22,Asset5,-0.017303118102380922
2022-06-23,Asset5,0.011160537023531083
2022-06-24,Asset5,0.010999767106235316
2022-06-27,Asset5,0.010150788453270023
2022-06-28,Asset5,0.0013757200753341083
2022-06-29,Asset5,-0.003868765212387349
2022-06-30,Asset5,-0.0014316974896833926
2022-07-01,Asset5,-0.002144467570222331
2022-07-04,Asset5,0.006345825899766578
2022-07-05,Asset5,-0.0018566056781338161
2022-07-06,Asset5,0.013581827648760305
2022-07-07,Asset5,0.010739390437812626
2022-07-08,Asset5,0.006523257439880848
2022-07-11,Asset5,-0.0003402791131598804
2022-07-12,Asset5,-0.011669970052725721
2022-07-13,Asset5,-0.006848751001827492
2022-07-14,Asset5,-0.002104386278773163
2022-07-15,Asset5,0.008323149223665196
2022-07-18,Asset5,0.017144764989931807
2022-07-19,Asset5,0.004574117125349276
2022-07-20,Asset5,0.01324066620836302
2022-07-21,Asset5,0.006130463695555212
2022-07-22,Asset5,0.008252755152737913
2022-07-25,Asset5,-0.006348239174109339
2022-07-26,Asset5,-0.010617549681318074
2022-07-27,Asset5,0.011498612929724763
2022-07-28,Asset5,0.02075247734843151
2022-07-29,Asset5,0.016207144591775084
2022-08-01,Asset5,0.01271463800212729
2022-08-02,Asset5,0.00037359319656697925
2022-08-03,Asset5,0.0029541700306388034
2022-08-04,Asset5,-0.0004244539289226968
2022-08-05,Asset5,0.0010700724887814596
2022-08-08,Asset5,0.008801237605977797
2022-08-10,Asset5,0.0006607933197598116
2022-08-11,Asset5,0.008503115242589756
2022-08-12,Asset5,0.0026604263406762034
2022-08-16,Asset5,0.008617823212237676
2022-08-17,Asset5,0.008011107838599775
2022-08-18,Asset5,0.0008192039232624461
2022-08-19,Asset5,-0.013235370896332824
2022-08-22,Asset5,-0.01809279605680656
2022-08-23,Asset5,0.005955218610605329
2022-08-24,Asset5,0.001873933295406172
2022-08-25,Asset5,-0.005623418663120106
2022-08-26,Asset5,0.0024963066352159838
2022-08-29,Asset5,-0.016811986709464623
2022-08-30,Asset5,0.030941116546830655
2022-09-01,Asset5,-0.014628954326529178
2022-09-02,Asset5,-0.0002292607121377799
2022-09-05,Asset5,0.008644620085214251
2022-09-06,Asset5,-0.0006929437505597048
2022-09-07,Asset5,-0.00212052058997303
2022-09-08,Asset5,0.011871015558707489
2022-09-09,Asset5,0.002332721750122957
2022-09-12,Asset5,0.006930834795894115
2022-09-13,Asset5,0.008945042315976173
2022-09-14,Asset5,-0.004402917206107393
2022-09-15,Asset5,-0.008421552801499655
2022-09-16,Asset5,-0.02326182377825359
2022-09-19,Asset5,0.006256426310984066
2022-09-20,Asset5,0.013210571862276413
2022-09-21,Asset5,-0.0065940065249420875
2022-09-22,Asset5,-0.005997093188283077
2022-09-23,Asset5,-0.020586812678904613
2022-09-26,Asset5,-0.021541586114707738
2022-09-27,Asset5,-0.0006276610226453983
2022-09-28,Asset5,-0.010499014158473497
2022-09-29,Asset5,-0.0028828017229244112
2022-09-30,Asset5,0.019710907159522863
2022-10-03,Asset5,-0.014531117338548552
2022-10-04,Asset5,0.02749640511926295
2022-10-06,Asset5,0.003994372963268856
2022-10-07,Asset5,-0.0011874397248014203
2022-10-10,Asset5,-0.005104375009376617
2022-10-11,Asset5,-0.017918859839916482
2022-10-12,Asset5,0.009895374407543579
2022-10-13,Asset5,-0.00765610052738115
2022-10-14,Asset5,0.012085065604664803
2022-10-17,Asset5,0.00880510435297879
2022-10-18,Asset5,0.012140743048963289
2022-10-19,Asset5,0.0017362055050430317
2022-10-20,Asset5,0.0035426094590928162
2022-10-21,Asset5,0.0008438805427755548
2022-10-24,Asset5,0.010544827652114109
2022-10-25,Asset5,-0.0050353464320460626
2022-10-27,Asset5,0.005477889449959862
2022-10-28,Asset5,0.0033727262936944953
2022-10-31,Asset5,0.015206676474677041
2022-11-01,Asset5,0.008874063866871574
2022-11-02,Asset5,-0.004136637157854129
2022-11-03,Asset5,-0.002000816770120251
2022-11-04,Asset5,0.004284201786826003
2022-11-07,Asset5,0.005673103470134323
2022-11-09,Asset5,-0.003019367083147673
2022-11-10,Asset5,-0.008512471085531726
2022-11-11,Asset5,0.02139980789644005
2022-11-14,Asset5,-0.0013438146018657008
2022-11-15,Asset5,0.004861109113140928
2022-11-16,Asset5,0.0004075333819190342
2022-11-17,Asset5,-0.004285795673783089
2022-11-18,Asset5,-0.002371360456265448
2022-11-21,Asset5,-0.009681275448692264
2022-11-22,Asset5,0.005567196184426405
2022-11-23,Asset5,0.0015161497179647656
2022-11-24,Asset5,0.01424513986779621
2022-11-25,Asset5,0.0018600023521061718
2022-11-28,Asset5,0.0032410095744823237
2022-11-29,Asset5,0.0035749518525002525
2022-11-30,Asset5,0.009042761550503011
2022-12-01,Asset5,0.0034640824008059573
2022-12-02,Asset5,-0.007424875415282407
2022-12-05,Asset5,0.00031778854275144047
2022-12-06,Asset5,-0.003741016390915553
2022-12-07,Asset5,-0.00529428330047872
2022-12-08,Asset5,0.0031582948331132957
2022-12-09,Asset5,-0.007270538887175216
2022-12-12,Asset5,3.573291923686384e-05
2022-12-13,Asset5,0.007191352637615989
2022-12-14,Asset5,0.003372793287833265
2022-12-15,Asset5,-0.015781121226400387
2022-12-16,Asset5,-0.009507543621530124
2022-12-19,Asset5,0.009947948026711818
2022-12-20,Asset5,-0.0022897446473274744
2022-12-21,Asset5,-0.012153263572270359
2022-12-22,Asset5,-0.004731003283022074
2022-12-23,Asset5,-0.021219792304941445
2022-12-26,Asset5,0.01400355947220824
2022-12-27,Asset5,0.007840385537988671
2022-12-28,Asset5,-0.0006486180458776581
2022-12-29,Asset5,0.0045357980411091965
2022-12-30,Asset5,-0.00565329352427022
2023-01-02,Asset5,0.006107500026429503
2023-01-03,Asset5,0.002314713149829828
2023-01-04,Asset5,-0.012478883384434616
2023-01-05,Asset5,-0.0033785271471391547
2023-01-06,Asset5,-0.008850604446535383
2023-01-09,Asset5,0.016243502050188322
2023-01-10,Asset5,-0.012400205701150215
2023-01-11,Asset5,-0.0012359730027491358
2023-01-12,Asset5,-0.0025145706490670165
2023-01-13,Asset5,0.006612115102065897
2023-01-16,Asset5,-0.004126616487083235
2023-01-17,Asset5,0.010625482214189044
2023-01-18,Asset5,0.007447867588272051
2023-01-19,Asset5,-0.0037984405191072938
2023-01-20,Asset5,-0.005314770366226985
2023-01-23,Asset5,0.006050731314754555
2023-01-24,Asset5,-1.6557615651624506e-05
2023-01-25,Asset5,-0.014991575550014737
2023-01-27,Asset5,-0.01928909628741451
2023-01-30,Asset5,0.0030401311288149385
2023-01-31,Asset5,0.0008975835362011077
2023-02-01,Asset5,-0.003115109430797514
2023-02-02,Asset5,-0.00040192710364794776
2023-02-03,Asset5,0.016602715569468265
2023-02-06,Asset5,-0.006012159793044215
2023-02-07,Asset5,-0.002911381758511756
2023-02-08,Asset5,0.010170643709618156
2023-02-09,Asset5,0.0014604095380375884
2023-02-10,Asset5,-0.002477949441605576
2023-02-13,Asset5,-0.005752500840030229
2023-02-14,Asset5,0.010733224445994961
2023-02-15,Asset5,0.005755764953323351
2023-02-16,Asset5,0.0013321603210715517
2023-02-17,Asset5,-0.00609788122722157
2023-02-20,Asset5,-0.006660622176168919
2023-02-21,Asset5,-0.0012037517915904684
2023-02-22,Asset5,-0.018336435757899186
2023-02-23,Asset5,-0.0029429219735815698
2023-02-24,Asset5,-0.003114515668498852
2023-02-27,Asset5,-0.005022493734966372
2023-02-28,Asset5,-0.006123258883542882
2023-03-01,Asset5,0.010190818524763313
2023-03-02,Asset5,-0.008870602463765299
2023-03-03,Asset5,0.018874318355793476
2023-03-06,Asset5,0.007986628342040359
2023-03-08,Asset5,0.0029100614869751245
2023-03-09,Asset5,-0.01113869987997034
2023-03-10,Asset5,-0.012054797562702115
2023-03-13,Asset5,-0.017821243117951416
2023-03-14,Asset5,-0.007764816631033435
2023-03-15,Asset5,-0.005009620486421885
2023-03-16,Asset5,0.0009509144173571295
2023-03-17,Asset5,0.008085755546374607
2023-03-20,Asset5,-0.007835091863990718
2023-03-21,Asset5,0.008412771536092834
2023-03-22,Asset5,0.0031144508987286383
2023-03-23,Asset5,-0.005247231965572353
2023-03-24,Asset5,-0.009265119994308835
2023-03-27,Asset5,0.0028786060088987326
2023-03-28,Asset5,-0.00240202063362589
2023-03-29,Asset5,0.009131827907185742
2023-03-31,Asset5,0.019604638733548722
2023-04-03,Asset5,0.002647557568513382
2023-04-05,Asset5,0.010966745780833521
2023-04-06,Asset5,0.0028774497425246184
2023-04-10,Asset5,0.0016978358663220841
2023-04-11,Asset5,0.00668972198635709
2023-04-12,Asset5,0.006100761553736334
2023-04-13,Asset5,0.0010509269295256199
2023-04-17,Asset5,-0.008154614580996223
2023-04-18,Asset5,-0.003164823993892663
2023-04-19,Asset5,-0.002813139619488947
2023-04-20,Asset5,0.0003881695636749783
2023-04-21,Asset5,-2.7128507340279388e-05
2023-04-24,Asset5,0.008126368507878292
2023-04-25,Asset5,0.0017482292326779006
2023-04-26,Asset5,0.0029950353138145764
2023-04-27,Asset5,0.0068341833722326065
2023-04-28,Asset5,0.010044016324437523
2023-05-02,Asset5,0.005490200318295014
2023-05-03,Asset5,-0.0038220340378515966
2023-05-04,Asset5,0.011008461128764415
2023-05-05,Asset5,-0.012278888238648469
2023-05-08,Asset5,0.012976947741989167
2023-05-09,Asset5,0.00010176045806318259
2023-05-10,Asset5,0.0032289846010005625
2023-05-11,Asset5,-0.0011858811425127238
2023-05-12,Asset5,0.0011674557304475644
2023-05-15,Asset5,0.005506944626624223
2023-05-16,Asset5,-0.007327606568472823
2023-05-17,Asset5,-0.006873923386104509
2023-05-18,Asset5,-0.003418864383241394
2023-05-19,Asset5,0.004861646615029792
2023-05-22,Asset5,0.00731731419084758
2023-05-23,Asset5,0.002201520682633973
2023-05-24,Asset5,-0.004094153654349287
2023-05-25,Asset5,0.002346134024059765
2023-05-26,Asset5,0.011671704993449607
2023-05-29,Asset5,0.006441358210756222
2023-05-30,Asset5,0.0022710821276199947
2023-05-31,Asset5,-0.006404423401590576
2023-06-01,Asset5,-0.003020354992347985
2023-06-02,Asset5,0.0030084532325458826
2023-06-05,Asset5,0.003868545087765352
2023-06-06,Asset5,0.00033239317730542344
2023-06-07,Asset5,0.008219821966234699
2023-06-08,Asset5,-0.005885783116395383
2023-06-09,Asset5,-0.004581836704961485
2023-06-12,Asset5,0.002462885586042241
2023-06-13,Asset5,0.0073962029271832826
2023-06-14,Asset5,0.002548601021281183
2023-06-15,Asset5,-0.004337884921838642
2023-06-16,Asset5,0.008854858022427694
2023-06-19,Asset5,-0.004497022070540747
2023-06-20,Asset5,0.003918861080998326
2023-06-21,Asset5,0.002560516496006482
2023-06-22,Asset5,-0.005447332580885212
2023-06-23,Asset5,-0.006760338283278912
2023-06-26,Asset5,0.001652195896171982
2023-06-27,Asset5,0.008102284100534353
2023-06-28,Asset5,0.009865287374789845
2023-06-30,Asset5,0.013722329716282646
2023-07-03,Asset5,0.00834851092043243
2023-07-04,Asset5,0.00412673582296268
2023-07-05,Asset5,0.0005879622466346214
2023-07-06,Asset5,0.006111861097507633
2023-07-07,Asset5,-0.010186025349262141
2023-07-10,Asset5,0.0014959564076435508
2023-07-11,Asset5,0.005176716038925822
2023-07-12,Asset5,-0.0034013153657705968
2023-07-13,Asset5,0.0018230764626898657
2023-07-14,Asset5,0.00931813791771301
2023-07-17,Asset5,0.009013215901249707
2023-07-18,Asset5,0.0023012482236389967
2023-07-19,Asset5,0.005097938845778938
2023-07-20,Asset5,0.00883369492739874
2023-07-21,Asset5,-0.014063684553966118
2023-07-24,Asset5,-0.004415318751582743
2023-07-25,Asset5,0.0005032444113988178
2023-07-26,Asset5,0.005957207025041634
2023-07-27,Asset5,-0.007183653961046678
2023-07-28,Asset5,-0.0008453517525411681
2023-07-31,Asset5,0.006581475403871019
2023-08-01,Asset5,-0.0012301430124304958
2023-08-02,Asset5,-0.012587699129951791
2023-08-03,Asset5,-0.008904822500293588
2023-08-04,Asset5,0.008380067124137459
2023-08-07,Asset5,0.004937282241123242
2023-08-08,Asset5,-0.0016196825575269804
2023-08-09,Asset5,0.0037832494617164873
2023-08-10,Asset5,-0.005467522149618854
2023-08-11,Asset5,-0.007048963393908859
2023-08-14,Asset5,0.00038603478937471186
2023-08-16,Asset5,0.0018801084167713537
2023-08-17,Asset5,-0.006149499100950485
2023-08-18,Asset5,-0.003414339151314883
2023-08-21,Asset5,0.005185825095832453
2023-08-22,Asset5,0.00017632266927618547
2023-08-23,Asset5,0.002941823880055328
2023-08-24,Asset5,-0.003536357616745534
2023-08-25,Asset5,-0.007483384528898319
2023-08-28,Asset5,0.0025070330866811654
2023-08-29,Asset5,0.0022749101692332912
2023-08-30,Asset5,0.0002977148236516847
2023-08-31,Asset5,-0.005808420724065933
2023-09-01,Asset5,0.011312052226701131
2023-09-04,Asset5,0.005773000441971111
2023-09-05,Asset5,0.002832715222488869
2023-09-06,Asset5,0.002216127177371164
2023-09-07,Asset5,0.007098038832936472
2023-09-08,Asset5,0.005651028439890028
2023-09-11,Asset5,0.010680172104061027
2023-09-12,Asset5,-0.0001890579442674234
2023-09-13,Asset5,0.004609614323933276
2023-09-14,Asset5,0.0019790498878922594
2023-09-15,Asset5,0.005327536652609145
2023-09-18,Asset5,-0.0035091802153178094
2023-09-20,Asset5,-0.013821899934518458
2023-09-21,Asset5,-0.009590326999797984
2023-09-22,Asset5,-0.004139301190937994
2023-09-25,Asset5,1.8345680267461974e-05
2023-09-26,Asset5,-0.0006008714064906329
2023-09-27,Asset5,0.0031579430383959386
2023-09-28,Asset5,-0.011740355600128451
2023-09-29,Asset5,0.007053020300602509
2023-10-03,Asset5,-0.006694109585362674
2023-10-04,Asset5,-0.005693168725596821
2023-10-05,Asset5,0.006769900926342843
2023-10-06,Asset5,0.006615248839261768
2023-10-09,Asset5,-0.008618336110616378
2023-10-10,Asset5,0.010916163571488193
2023-10-11,Asset5,0.007404830554448695
2023-10-12,Asset5,-0.0010508890944081807
2023-10-13,Asset5,-0.0026037719763564397
2023-10-16,Asset5,-0.0011726433067544841
2023-10-17,Asset5,0.004850051313238791
2023-10-18,Asset5,-0.00850417528960459
2023-10-19,Asset5,-0.00283057225349328
2023-10-20,Asset5,-0.00501707530151232
2023-10-23,Asset5,-0.016020368910666785
2023-10-25,Asset5,-0.00993268407950523
2023-10-26,Asset5,-0.016623677894817005
2023-10-27,Asset5,0.012090840392952364
2023-10-30,Asset5,0.005900088923597836
2023-10-31,Asset5,-0.0038431283794794443
2023-11-01,Asset5,-0.00568874948752427
2023-11-02,Asset5,0.0091062279087204
2023-11-03,Asset5,0.006105577005997543
2023-11-06,Asset5,0.011303884078790018
2023-11-07,Asset5,-0.00031223035017444726
2023-11-08,Asset5,0.002275551189938341
2023-11-09,Asset5,-0.002974724843778099
2023-11-10,Asset5,0.0018591407349999758
2023-11-13,Asset5,0.0011243764817214343
2023-11-15,Asset5,0.01431210421032514
2023-11-16,Asset5,0.005473826737199251
2023-11-17,Asset5,-0.002027711664144505
2023-11-20,Asset5,-0.0022988746948582775
2023-11-21,Asset5,0.005447368170508861
2023-11-22,Asset5,0.0017256417919022662
2023-11-23,Asset5,-0.0005965889850287899
2023-11-24,Asset5,-0.00044242690132305644
2023-11-28,Asset5,0.005759117566788597
2023-11-29,Asset5,0.012482866936265415
2023-11-30,Asset5,0.0021825054164656523
2023-12-01,Asset5,0.008031529932607919
2023-12-04,Asset5,0.024801802804523203
2023-12-05,Asset5,0.009762678912297052
2023-12-06,Asset5,0.0047527718930406426
2023-12-07,Asset5,-0.002094718874876423
2023-12-08,Asset5,0.003918444605648919
2023-12-11,Asset5,0.001585122220035551
2023-12-12,Asset5,-0.005183528417010664
2023-12-13,Asset5,0.0011450590275089213
2023-12-14,Asset5,0.014700104747948297
2023-12-15,Asset5,0.015519335041070373
2023-12-18,Asset5,-0.0021252152209146227
2023-12-19,Asset5,0.001930049827887004
2023-12-20,Asset5,-0.016945759313080046
2023-12-21,Asset5,0.0059517528918280336
2023-12-22,Asset5,0.0053267118679328545
2023-12-26,Asset5,0.005168251120928603
2023-12-27,Asset5,0.011943299904873242
2023-12-28,Asset5,0.006868657569355464
2023-12-29,Asset5,-0.002606151688854564
2024-01-01,Asset5,0.0005798061686552281
2024-01-02,Asset5,-0.004200163261228873
2024-01-03,Asset5,-0.008222239650803377
2024-01-04,Asset5,0.00787736422361931
2024-01-05,Asset5,0.0028922186743266746
2024-01-08,Asset5,-0.010932850422771614
2024-01-09,Asset5,0.0017765784060800097
2024-01-10,Asset5,0.004113258289416688
2024-01-11,Asset5,0.0015819638200220256
2024-01-12,Asset5,0.01371179116524708
2024-01-15,Asset5,0.0111204896338184
2024-01-16,Asset5,-0.0035378800614537026
2024-01-17,Asset5,-0.025073272214498937
2024-01-18,Asset5,-0.006102325810482734
2024-01-19,Asset5,0.008954348623746446
2024-01-23,Asset5,-0.02128901153128138
2024-01-24,Asset5,0.012155965285381055
2024-01-25,Asset5,-0.005668864506480232
2024-01-29,Asset5,0.021636709742693674
2024-01-30,Asset5,-0.01189643772297986
2024-01-31,Asset5,0.011352030502803513
2024-02-01,Asset5,-0.0015603640489850526
2024-02-02,Asset5,0.008647185810111858
2024-02-05,Asset5,-0.004508226096969371
2024-02-06,Asset5,0.008692082521837553
2024-02-07,Asset5,6.017178885393549e-05
2024-02-08,Asset5,-0.011630420533047572
2024-02-09,Asset5,0.003566678267813828
2024-02-12,Asset5,-0.009169703316882851
2024-02-13,Asset5,0.007061376013809185
2024-02-14,Asset5,0.005342390741954351
2024-02-15,Asset5,0.0038845634266031054
2024-02-16,Asset5,0.007117011626712789
2024-02-19,Asset5,0.004440010569934572
2024-02-20,Asset5,0.004051986687610843
2024-02-21,Asset5,-0.00767124001239612
2024-02-22,Asset5,0.008835986229769778
2024-02-23,Asset5,-0.00025655510422812895
2024-02-26,Asset5,-0.004897114210603482
2024-02-27,Asset5,0.004138793218375714
2024-02-28,Asset5,-0.013363113371938254
2024-02-29,Asset5,0.001730226802428714
2024-03-01,Asset5,0.01943060244008228
2024-03-04,Asset5,0.0035910483464830284
2024-03-05,Asset5,-0.00264034860844542
2024-03-06,Asset5,0.0063203658504409795
2024-03-07,Asset5,0.001041200815454424
2024-03-11,Asset5,-0.008583814562125359
2024-03-12,Asset5,0.00016382264021528318
2024-03-13,Asset5,-0.018159270324499845
2024-03-14,Asset5,0.0081254591433658
2024-03-15,Asset5,-0.006680962352782462
2024-03-18,Asset5,0.0017626533628415156
2024-03-19,Asset5,-0.012962635968346438
2024-03-20,Asset5,0.001190811468816211
2024-03-21,Asset5,0.00949762283976936
2024-03-22,Asset5,0.004622986201209134
2024-03-26,Asset5,-0.00499896760835874
2024-03-27,Asset5,0.006486860139781926
2024-03-28,Asset5,0.011024401294252775
2024-04-01,Asset5,0.007261175013710198
2024-04-02,Asset5,-0.0004647432330157742
2024-04-03,Asset5,-0.000996756288442402
2024-04-04,Asset5,0.004279094986036292
2024-04-05,Asset5,-5.069615695547648e-05
2024-04-08,Asset5,0.008133797703377344
2024-04-09,Asset5,-0.0012468261924494242
2024-04-10,Asset5,0.005885368937076941
2024-04-12,Asset5,-0.012361911377099901
2024-04-15,Asset5,-0.013156676625961252
2024-04-16,Asset5,-0.006713190313166441
2024-04-18,Asset5,-0.008238295020381871
2024-04-19,Asset5,0.008246122426327674
2024-04-22,Asset5,0.010262359179572834
2024-04-23,Asset5,0.0016976563182451445
2024-04-24,Asset5,0.0018455145185085622
2024-04-25,Asset5,0.008996315528060263
2024-04-26,Asset5,-0.007996352377059958
2024-04-29,Asset5,0.011959947082562919
2024-04-30,Asset5,-0.0020430207787675682
2024-05-02,Asset5,0.0023012553566569066
2024-05-03,Asset5,-0.009131831155864136
2024-05-06,Asset5,-0.0017699205788157093
2024-05-07,Asset5,-0.007496382714938489
2024-05-08,Asset5,0.0
2024-05-09,Asset5,-0.01856294137428543
2024-05-10,Asset5,0.005339362973926854
2024-05-13,Asset5,0.002657961708646273
2024-05-14,Asset5,0.006177989505246641
2024-05-15,Asset5,-0.0009343205627443397
2024-05-16,Asset5,0.010988853211517748
2024-05-17,Asset5,0.0033342484127700804
2024-05-21,Asset5,0.003362462001124467
2024-05-22,Asset5,0.003661938569940038
2024-05-23,Asset5,0.019639943530179685
2024-05-24,Asset5,-0.0005512508804630834
2024-05-27,Asset5,-0.0012885107114279928
2024-05-28,Asset5,-0.002318051301146529
2024-05-29,Asset5,-0.009618138752713314
2024-05-30,Asset5,-0.011418719589815132
2024-05-31,Asset5,0.0022437359678566973
2024-06-03,Asset5,0.03905078123442332
2024-06-04,Asset5,-0.07115231929969293
2024-06-05,Asset5,0.04034908411204281
2024-06-06,Asset5,0.010665659093085368
2024-06-07,Asset5,0.024647917760168527
2024-06-10,Asset5,-0.0015947259088954448
2024-06-11,Asset5,0.00029151772106299494
2024-06-12,Asset5,0.002996775496967086
2024-06-13,Asset5,0.003907799369418008
2024-06-14,Asset5,0.003420633498318893
2024-06-18,Asset5,0.004720140944352736
2024-06-19,Asset5,-0.0021343357394451703
2024-06-20,Asset5,0.0026024834155467863
2024-06-21,Asset5,-0.0033555594157084205
2024-06-24,Asset5,0.0018765079393308962
2024-06-25,Asset5,0.009352655824698531
2024-06-26,Asset5,0.007461648146205492
2024-06-27,Asset5,0.00883324907825367
2024-06-28,Asset5,-0.0016918824991162043
2024-07-01,Asset5,0.006564581218890454
2024-07-02,Asset5,-0.0008996593876161364
2024-07-03,Asset5,0.008090767929267351
2024-07-04,Asset5,0.0007732884009635123
2024-07-05,Asset5,0.0010714715398207455
2024-07-08,Asset5,-0.00016274536364813133
2024-07-09,Asset5,0.005558185183216136
2024-07-10,Asset5,-0.0053410934373201
2024-07-11,Asset5,-0.0004193311802570322
2024-07-12,Asset5,0.009189088373227251
2024-07-15,Asset5,0.004140803649169556
2024-07-16,Asset5,0.0012836589905461438
2024-07-18,Asset5,0.009158555692113969
2024-07-19,Asset5,-0.013061611501307094
2024-07-22,Asset5,-0.0010590915268616997
2024-07-23,Asset5,-0.001478587166069989
2024-07-24,Asset5,-0.003213398191087169
2024-07-25,Asset5,-0.0003637523808547983
2024-07-26,Asset5,0.021080795712329438
2024-07-29,Asset5,6.039899671606009e-05
2024-07-30,Asset5,0.0010243720491600607
2024-07-31,Asset5,0.004530642013027908
2024-08-01,Asset5,0.0028736149988073836
2024-08-02,Asset5,-0.014067522590345629
2024-08-05,Asset5,-0.03214374947354744
2024-08-06,Asset5,-0.0031451551812707204
2024-08-07,Asset5,0.01525219497653332
2024-08-08,Asset5,-0.00891449737627328
2024-08-09,Asset5,0.012464236845378897
2024-08-12,Asset5,-0.001009541397353031
2024-08-13,Asset5,-0.01025177639955639
2024-08-14,Asset5,0.00023613239985076365
2024-08-16,Asset5,0.019751714988350957
2024-08-19,Asset5,0.0015402700932242832
2024-08-20,Asset5,0.006162911207892209
2024-08-21,Asset5,0.0034665392357990047
2024-08-22,Asset5,0.0020008291843889307
2024-08-23,Asset5,0.0005634672933920727
2024-08-26,Asset5,0.009061664573605289
2024-08-27,Asset5,0.0003430732922844904
2024-08-28,Asset5,0.0016596029319183362
2024-08-29,Asset5,0.004770791287587528
2024-08-30,Asset5,0.004005312088293334
2024-09-02,Asset5,0.002035140135878777
2024-09-03,Asset5,5.460995987389695e-05
2024-09-04,Asset5,-0.00385209842047023
2024-09-05,Asset5,-0.002552494106606096
2024-09-06,Asset5,-0.013980420358682324
2024-09-09,Asset5,0.004068058434015232
2024-09-10,Asset5,0.005038380060148385
2024-09-11,Asset5,-0.005877556139543351
2024-09-12,Asset5,0.022655559392725347
2024-09-13,Asset5,-0.0015313963248427156
2024-09-16,Asset5,0.0012896101591307386
2024-09-17,Asset5,0.0016451839267247696
2024-09-18,Asset5,-0.001935594221063575
2024-09-19,Asset5,0.0018086851798918783
2024-09-20,Asset5,0.017712529653289892
2024-09-23,Asset5,0.006890862119599551
2024-09-24,Asset5,6.243602603888121e-05
2024-09-25,Asset5,0.0029490678188470736
2024-09-26,Asset5,0.00977845708974483
2024-09-27,Asset5,-0.0016982678043880653
2024-09-30,Asset5,-0.016873081022428064
2024-10-01,Asset5,-0.0006485281481753093
2024-10-03,Asset5,-0.025435650313184868
2024-10-04,Asset5,-0.011192035056173612
2024-10-07,Asset5,-0.010498650202323214
2024-10-08,Asset5,0.010521176764163089
2024-10-09,Asset5,-0.0014968688735839566
2024-10-10,Asset5,0.0007925722619408938
2024-10-11,Asset5,-0.0016416643344907113
2024-10-14,Asset5,0.007868814905314549
2024-10-15,Asset5,-0.0033715258858762814
2024-10-16,Asset5,-0.0041208904916012045
2024-10-17,Asset5,-0.010641872787401453
2024-10-18,Asset5,0.005052208729488151
2024-10-21,Asset5,-0.0035222188535979364
2024-10-22,Asset5,-0.014963016405443244
2024-10-23,Asset5,-0.0017946776921901279
2024-10-24,Asset5,-0.001772811329827473
2024-10-25,Asset5,-0.010751064659391798
2024-10-28,Asset5,0.007858281161529847
2024-10-29,Asset5,0.006295990617610948
2024-10-30,Asset5,-0.006179790304595079
2024-10-31,Asset5,-0.006680128368952865
2024-11-01,Asset5,0.0049080059539393876
2024-11-04,Asset5,-0.015256528397574123
2024-11-05,Asset5,0.010899670582328725
2024-11-06,Asset5,0.01341824491155661
2024-11-07,Asset5,-0.013953630847377154
2024-11-08,Asset5,-0.002536451174961352
2024-11-11,Asset5,-0.0003428050648834003
2024-11-12,Asset5,-0.01281711693183998
2024-11-13,Asset5,-0.01629907478750572
2024-11-14,Asset5,-0.001342238925227335
2024-11-18,Asset5,-0.004023258195751823
2024-11-19,Asset5,0.0033102976879581195
2024-11-21,Asset5,-0.008602569519739768
2024-11-22,Asset5,0.028643356933485367
2024-11-25,Asset5,0.01579355504083484
2024-11-26,Asset5,-0.001357468580901511
2024-11-27,Asset5,0.003987702525367354
2024-11-28,Asset5,-0.017833234865391526
2024-11-29,Asset5,0.01088640232864231
2024-12-02,Asset5,0.00720818400593828
2024-12-03,Asset5,0.00895201337351992
2024-12-04,Asset5,0.000505316177584625
2024-12-05,Asset5,0.011817390675462126
2024-12-06,Asset5,-0.001486115275351141
2024-12-09,Asset5,-0.0028592879132735677
2024-12-10,Asset5,-0.00043621034566800895
2024-12-11,Asset5,0.001548147963555824
2024-12-12,Asset5,-0.004533835655590979
2024-12-13,Asset5,0.010734657370306702
2024-12-16,Asset5,-0.004847362706079884
2024-12-17,Asset5,-0.016162476057280096
2024-12-18,Asset5,-0.006762839774408348
2024-12-19,Asset5,-0.012255973880473283
2024-12-20,Asset5,-0.018246682980966746
2024-12-23,Asset5,0.008442567567567495
2024-12-24,Asset5,-0.0013033304538172532
2024-12-26,Asset5,0.001140382351582936
2024-12-27,Asset5,0.003193295582553635
2024-12-30,Asset5,-0.00849101752304149
2024-12-31,Asset5,-5.055265534048559e-06
