Date,Asset,Return
2007-09-18,Equity,0.015742969804423
2007-09-19,Equity,0.0401401471599484
2007-09-20,Equity,0.0086933812046524
2007-09-21,Equity,0.0314413859487287
2007-09-24,Equity,0.0179925437842082
2007-09-25,Equity,-0.0002248327951219
2007-09-26,Equity,0.0132677686145713
2007-09-27,Equity,0.0185940785188827
2007-09-28,Equity,0.0007038061126227
2007-10-01,Equity,0.0141200220517183
2007-10-03,Equity,0.024576679587985
2007-10-04,Equity,-0.0038384238933684
2007-10-05,Equity,-0.0021415982699223
2007-10-08,Equity,-0.0344341078042783
2007-10-09,Equity,0.0341201530613974
2007-10-10,Equity,0.0172386879518152
2007-10-11,Equity,0.0075241296257962
2007-10-12,Equity,-0.0146706762979723
2007-10-15,Equity,0.0376450096882357
2007-10-16,Equity,-0.0114128796841733
2007-10-17,Equity,-0.0071613032188981
2007-10-18,Equity,-0.0389749226528459
2007-10-19,Equity,-0.0245195567045821
2007-10-22,Equity,-0.0170995205614532
2007-10-23,Equity,0.0518284635341418
2007-10-24,Equity,0.0052887575249939
2007-10-25,Equity,0.0043377405016015
2007-10-26,Equity,0.0272507811225334
2007-10-29,Equity,0.0311997998382536
2007-10-30,Equity,-0.0083238534166291
2007-10-31,Equity,0.0009219002171806
2007-11-01,Equity,0.0093223034001547
2007-11-02,Equity,0.0114338643443764
2007-11-05,Equity,-0.022506657267991
2007-11-06,Equity,-0.0035175691006135
2007-11-07,Equity,-0.0101839188781142
2007-11-08,Equity,-0.0124868975374629
2007-11-12,Equity,-0.0297050472983423
2007-11-13,Equity,0.0036140539573938
2007-11-14,Equity,0.0444531116374935
2007-11-15,Equity,0.0018627950169298
2007-11-16,Equity,0.000782936927404
2007-11-19,Equity,-0.0004897833498941
2007-11-20,Equity,-0.0235640616951278
2007-11-21,Equity,-0.0495586039480149
2007-11-22,Equity,-0.0129572851487676
2007-11-23,Equity,0.0127852719281955
2007-11-26,Equity,0.0307054311693859
2007-11-27,Equity,-0.0028045163255124
2007-11-28,Equity,-0.0279492804029087
2007-11-29,Equity,0.0059278549865598
2007-11-30,Equity,0.0199627308388963
2007-12-03,Equity,0.0126278889318284
2007-12-04,Equity,0.0040595821191242
2007-12-05,Equity,0.022485350722233
2007-12-06,Equity,0.0102250213085693
2007-12-07,Equity,-0.0031222882684489
2007-12-10,Equity,-0.0044668057271154
2007-12-11,Equity,0.0258756351002788
2007-12-12,Equity,0.0182810479967647
2007-12-13,Equity,-0.019963785382364
2007-12-14,Equity,-0.0029019655252176
2007-12-17,Equity,-0.0533115288040935
2007-12-18,Equity,-0.0152762646098342
2007-12-19,Equity,0.0083414179330131
2007-12-20,Equity,0.0138189686652965
2007-12-24,Equity,0.0376325460378922
2007-12-26,Equity,0.0226387844687016
2007-12-27,Equity,0.0049638743470679
2007-12-28,Equity,-0.0051569055312913
2007-12-31,Equity,0.0128791264953938
2008-01-01,Equity,0.0135409881803325
2008-01-02,Equity,0.0057177874540331
2008-01-03,Equity,0.0126795796330084
2008-01-04,Equity,-0.0051607967688535
2008-01-07,Equity,0.0076402923328163
2008-01-08,Equity,0.0023898883332498
2008-01-09,Equity,-0.0046128087278
2008-01-10,Equity,-0.0173093137697791
2008-01-11,Equity,-0.0085922272318403
2008-01-14,Equity,-0.0003767946401714
2008-01-15,Equity,-0.0181986786085645
2008-01-16,Equity,-0.0106780165106525
2008-01-17,Equity,-0.0076451432881173
2008-01-18,Equity,-0.0413266418756496
2008-01-21,Equity,-0.0907384051115709
2008-01-22,Equity,-0.0517954613730068
2008-01-23,Equity,0.0650001229301664
2008-01-24,Equity,-0.0365993627580196
2008-01-25,Equity,0.0739210623839021
2008-01-28,Equity,-0.0192174340542406
2008-01-29,Equity,0.0093194632759623
2008-01-30,Equity,-0.0267525161042203
2008-01-31,Equity,-0.0081557080741645
2008-02-01,Equity,0.0321610029492273
2008-02-04,Equity,0.0160966996354047
2008-02-05,Equity,0.0064028145719206
2008-02-06,Equity,-0.0270340674470146
2008-02-07,Equity,-0.0352247162740964
2008-02-08,Equity,-0.0040897058516405
2008-02-11,Equity,-0.0624550150411693
2008-02-12,Equity,-0.0069255702411716
2008-02-13,Equity,0.0164081149663235
2008-02-14,Equity,0.0491718839648511
2008-02-15,Equity,0.0184060815392267
2008-02-18,Equity,-0.0013705708517965
2008-02-19,Equity,0.0161285390044734
2008-02-20,Equity,-0.0222296034570655
2008-02-21,Equity,0.0096064930014717
2008-02-22,Equity,-0.0159066863477685
2008-02-25,Equity,0.0025500250264214
2008-02-26,Equity,0.0134225567854678
2008-02-27,Equity,0.0004687701897136
2008-02-28,Equity,0.0231758168676256
2008-02-29,Equity,-0.0128943145820783
2008-03-03,Equity,-0.0490728227545827
2008-03-04,Equity,-0.0178961274304059
2008-03-05,Equity,0.0026995405638738
2008-03-07,Equity,-0.0209958715132221
2008-03-10,Equity,0.0123511344974902
2008-03-11,Equity,0.0202729521292337
2008-03-12,Equity,-0.005721457397729
2008-03-13,Equity,-0.0394628471430017
2008-03-14,Equity,0.0155147495152754
2008-03-17,Equity,-0.046145038950957
2008-03-18,Equity,0.0244634934875988
2008-03-19,Equity,0.0014095049675624
2008-03-24,Equity,0.0036183923760106
2008-03-25,Equity,0.0591576460050934
2008-03-26,Equity,-0.013702157328009
2008-03-27,Equity,-0.0118154035758805
2008-03-28,Equity,0.0239839522741999
2008-03-31,Equity,-0.0501854794872269
2008-04-01,Equity,0.0051553366966392
2008-04-02,Equity,-0.0039643005783615
2008-04-03,Equity,0.0163593763021329
2008-04-04,Equity,-0.0320788805398314
2008-04-07,Equity,0.0222985445203438
2008-04-08,Equity,-0.0040190257605952
2008-04-09,Equity,-0.0016057929790739
2008-04-10,Equity,-0.000840012387707
2008-04-11,Equity,0.0202225560819036
2008-04-15,Equity,0.0087574981445655
2008-04-16,Equity,0.003344786277529
2008-04-17,Equity,0.0169269928059021
2008-04-21,Equity,0.0224064906872483
2008-04-22,Equity,-0.0071537147425141
2008-04-23,Equity,-0.0155119053406652
2008-04-24,Equity,-9.357393434125844e-05
2008-04-25,Equity,0.0250465676008944
2008-04-28,Equity,-0.0020097477749727
2008-04-29,Equity,0.0238687131183775
2008-04-30,Equity,-0.0108374545633603
2008-05-02,Equity,0.0142179405601712
2008-05-05,Equity,-0.004231628845547
2008-05-06,Equity,-0.0145823394209117
2008-05-07,Equity,0.0134476683919513
2008-05-08,Equity,-0.0063853963518177
2008-05-09,Equity,-0.0287317944194397
2008-05-12,Equity,0.0115833773896302
2008-05-13,Equity,-0.0184397889976275
2008-05-14,Equity,0.0174785594064589
2008-05-15,Equity,0.0302202336797969
2008-05-16,Equity,0.0020332942634106
2008-05-20,Equity,-0.0022204175326265
2008-05-21,Equity,0.0060899713981688
2008-05-22,Equity,-0.0111395434170489
2008-05-23,Equity,-0.0002258198173568
2008-05-26,Equity,-0.0161176243047903
2008-05-27,Equity,-0.008858062484565
2008-05-28,Equity,0.005231766229289
2008-05-29,Equity,-0.0231122857137502
2008-05-30,Equity,0.0068803187413811
2008-06-02,Equity,-0.0237669480139526
2008-06-03,Equity,-0.0024869366875131
2008-06-04,Equity,-0.0207124259447188
2008-06-05,Equity,0.0203250932296743
2008-06-06,Equity,0.0014192039779856
2008-06-09,Equity,-0.0292276040173414
2008-06-10,Equity,0.0106969994951049
2008-06-11,Equity,0.0218904204055692
2008-06-12,Equity,-0.0030755203195798
2008-06-13,Equity,-0.0131687227047748
2008-06-16,Equity,0.0164242634259162
2008-06-17,Equity,0.0161175464872126
2008-06-18,Equity,-0.0091610236974351
2008-06-19,Equity,-0.0129684600389421
2008-06-20,Equity,-0.0350720402622362
2008-06-23,Equity,-0.0251400133917479
2008-06-24,Equity,-0.0294682730185358
2008-06-25,Equity,0.0114137154275659
2008-06-26,Equity,0.0220125583871804
2008-06-27,Equity,-0.0395086632697707
2008-06-30,Equity,-0.0328972340749109
2008-07-01,Equity,-0.033903778587268
2008-07-02,Equity,0.0538348640923632
2008-07-03,Equity,-0.0477153410652782
2008-07-04,Equity,0.0245190385728396
2008-07-07,Equity,0.0042517255244605
2008-07-08,Equity,-0.0191291100679737
2008-07-09,Equity,0.0454207754631784
2008-07-10,Equity,0.0060131164448689
2008-07-11,Equity,-0.0182327910542005
2008-07-14,Equity,0.0064335409339069
2008-07-15,Equity,-0.0549325230191012
2008-07-16,Equity,-0.0187019516340736
2008-07-17,Equity,0.0386121236943867
2008-07-18,Equity,0.0411578683284267
2008-07-21,Equity,0.0208538838424551
2008-07-22,Equity,0.0504992044090099
2008-07-23,Equity,0.0606912087957358
2008-07-24,Equity,-0.0002763938132626
2008-07-25,Equity,-0.0195177073099979
2008-07-28,Equity,0.0102074899351586
2008-07-29,Equity,-0.0350584220011045
2008-07-30,Equity,0.0358954131188347
2008-07-31,Equity,-0.0013850552630481
2008-08-01,Equity,0.0170070056855701
2008-08-04,Equity,-0.0077065068094412
2008-08-05,Equity,0.0254126580590781
2008-08-06,Equity,0.0220818024868725
2008-08-07,Equity,-0.0132434954179156
2008-08-08,Equity,0.0070389961027868
2008-08-11,Equity,0.0074666916956224
2008-08-12,Equity,-0.0182252393138487
2008-08-13,Equity,0.0039151809605925
2008-08-14,Equity,-0.0209010453080429
2008-08-18,Equity,-0.0168195746193333
2008-08-19,Equity,-0.0110676660793301
2008-08-20,Equity,0.0166107017533957
2008-08-21,Equity,-0.0354132613883915
2008-08-22,Equity,0.0122094519402341
2008-08-25,Equity,0.0024901075358317
2008-08-26,Equity,-0.0044169022663962
2008-08-27,Equity,0.0069847164393864
2008-08-28,Equity,-0.0128248911240987
2008-08-29,Equity,0.0187452760129564
2008-09-01,Equity,-0.0008115988892413
2008-09-02,Equity,0.0307294618938698
2008-09-04,Equity,-0.0053694320782909
2008-09-05,Equity,-0.0275004987302372
2008-09-08,Equity,0.0292513743354709
2008-09-09,Equity,0.0013058286765725
2008-09-10,Equity,-0.0080916553877544
2008-09-11,Equity,-0.0342896322785472
2008-09-12,Equity,-0.0167921607830878
2008-09-15,Equity,-0.0402861594181546
2008-09-16,Equity,-0.0044355832460511
2008-09-17,Equity,-0.0019325721051471
2008-09-18,Equity,0.0109994438688763
2008-09-19,Equity,0.0414988148887616
2008-09-22,Equity,0.0024134755628936
2008-09-23,Equity,-0.005490633065734
2008-09-24,Equity,0.016883184845583
2008-09-25,Equity,-0.0240388456543368
2008-09-26,Equity,-0.0340563653493753
2008-09-29,Equity,-0.0234897973561274
2008-09-30,Equity,0.013118898152634
2008-10-01,Equity,0.0113865263514403
2008-10-03,Equity,-0.0270281952234859
2008-10-06,Equity,-0.0636720130338989
2008-10-07,Equity,0.001003582537375
2008-10-08,Equity,-0.0514023875964131
2008-10-10,Equity,-0.0744071207305746
2008-10-13,Equity,0.0625334840080207
2008-10-14,Equity,-0.0016752893297725
2008-10-15,Equity,-0.0378677440853758
2008-10-16,Equity,-0.0318396259724516
2008-10-17,Equity,-0.0628508420099403
2008-10-20,Equity,0.0171053370576239
2008-10-21,Equity,0.0477274105224787
2008-10-22,Equity,-0.0636614729689552
2008-10-23,Equity,-0.0301969847764712
2008-10-24,Equity,-0.1216472248415252
2008-10-27,Equity,-0.0306945029653979
2008-10-29,Equity,0.0724740090792112
2008-10-31,Equity,0.0718022105745666
2008-11-03,Equity,0.0503395439695629
2008-11-04,Equity,0.0331366159498685
2008-11-05,Equity,-0.0496142906758389
2008-11-06,Equity,-0.0329493765540962
2008-11-07,Equity,0.0333743777277259
2008-11-10,Equity,0.071935325918332
2008-11-11,Equity,-0.0761792245881689
2008-11-12,Equity,-0.0133300838677287
2008-11-14,Equity,-0.0286923467531926
2008-11-17,Equity,-0.004757235713524
2008-11-18,Equity,-0.0365716247150006
2008-11-19,Equity,-0.0153973547721572
2008-11-20,Equity,-0.0357442518155855
2008-11-21,Equity,0.0535867695225542
2008-11-24,Equity,0.0018508222379373
2008-11-25,Equity,-0.0244463036366485
2008-11-26,Equity,0.0441164098432366
2008-11-28,Equity,0.0041916757657293
2008-12-01,Equity,-0.03144929206219
2008-12-02,Equity,-0.0018586948387373
2008-12-03,Equity,0.0022504205362481
2008-12-04,Equity,0.0563238934859908
2008-12-05,Equity,-0.0210618565157767
2008-12-08,Equity,0.0193091024532439
2008-12-10,Equity,0.0476324884600335
2008-12-11,Equity,0.0035121582301263
2008-12-12,Equity,0.0055939668159105
2008-12-15,Equity,0.0206198399858692
2008-12-16,Equity,0.0215492489537153
2008-12-17,Equity,-0.0182121080856857
2008-12-18,Equity,0.0315820848463575
2008-12-19,Equity,0.0101492939558374
2008-12-22,Equity,-0.0137301979771884
2008-12-23,Equity,-0.0246869816066486
2008-12-24,Equity,-0.0083587287751281
2008-12-26,Equity,-0.0135297033582359
2008-12-29,Equity,0.0295397075620186
2008-12-30,Equity,0.0303523616274396
2008-12-31,Equity,-0.0063620070773926
2009-01-02,Equity,0.0353587532322594
2009-01-05,Equity,0.0223357788616283
2009-01-06,Equity,0.0001222140379445
2009-01-07,Equity,-0.0625504940450482
2009-01-09,Equity,-0.0151546527186185
2009-01-12,Equity,-0.0297107251204692
2009-01-13,Equity,-0.016396912374761
2009-01-14,Equity,0.0499541237117512
2009-01-15,Equity,-0.0425240343569771
2009-01-16,Equity,0.0241122709190161
2009-01-19,Equity,0.0158404090253079
2009-01-20,Equity,-0.0107933917117838
2009-01-21,Equity,-0.0270499550565214
2009-01-22,Equity,0.0081537126026304
2009-01-23,Equity,-0.0127871404314905
2009-01-27,Equity,0.0277675931240772
2009-01-28,Equity,0.029105653305689
2009-01-29,Equity,-0.0140837961760853
2009-01-30,Equity,0.0261076855131873
2009-02-02,Equity,-0.0384965177160834
2009-02-03,Equity,-6.900003511956052e-05
2009-02-04,Equity,0.0046078051652428
2009-02-05,Equity,-0.0046018959690658
2009-02-06,Equity,0.0184696689543525
2009-02-09,Equity,0.0207349349641101
2009-02-10,Equity,0.0072497025429751
2009-02-11,Equity,-0.0007390913630181
2009-02-12,Equity,-0.0149152346700356
2009-02-13,Equity,0.0156464851745503
2009-02-16,Equity,-0.031710032352507
2009-02-17,Equity,-0.0386675078020154
2009-02-18,Equity,-0.008920402364747
2009-02-19,Equity,-0.0006926969442565
2009-02-20,Equity,-0.0203726209092941
2009-02-24,Equity,0.0018553783878449
2009-02-25,Equity,0.0225641316690466
2009-02-26,Equity,0.0155413321326749
2009-02-27,Equity,-0.0088771266667358
2009-03-02,Equity,-0.0320739406140153
2009-03-03,Equity,-0.027237244341518
2009-03-04,Equity,0.0088462396638843
2009-03-05,Equity,-0.0279052320874881
2009-03-06,Equity,0.0197443836343505
2009-03-09,Equity,-0.0242557525354416
2009-03-12,Equity,0.0216710441965523
2009-03-13,Equity,0.0514547462109679
2009-03-16,Equity,0.0207593294954379
2009-03-17,Equity,-0.0036156783820436
2009-03-18,Equity,0.0193300099944378
2009-03-19,Equity,0.0015450798179273
2009-03-20,Equity,0.0020571687168174
2009-03-23,Equity,0.047727951477046
2009-03-24,Equity,0.0006732482347206
2009-03-25,Equity,0.0096500515290261
2009-03-26,Equity,0.033300510881294
2009-03-27,Equity,0.012849126193294
2009-03-30,Equity,-0.0300704899196106
2009-03-31,Equity,0.022345521386506
2009-04-01,Equity,0.0305677632802139
2009-04-02,Equity,0.043403935644727
2009-04-06,Equity,0.0214639711557944
2009-04-08,Equity,0.0282820744129879
2009-04-09,Equity,0.0175492293836
2009-04-13,Equity,0.0059668996451609
2009-04-15,Equity,0.02360345205725
2009-04-16,Equity,-0.0374012748137221
2009-04-17,Equity,-0.0122691737055185
2009-04-20,Equity,-0.0060629379686637
2009-04-21,Equity,-0.0092671978258164
2009-04-22,Equity,-0.0088971110495788
2009-04-23,Equity,0.0310795394959574
2009-04-24,Equity,0.0319726402604051
2009-04-27,Equity,0.0048149758523676
2009-04-28,Equity,-0.0353382558573309
2009-04-29,Equity,0.0263037098198131
2009-05-04,Equity,0.0560639782396579
2009-05-05,Equity,-0.0080998781510338
2009-05-06,Equity,0.0048886278541502
2009-05-07,Equity,0.0259697391759849
2009-05-08,Equity,-0.0206091241145379
2009-05-11,Equity,-0.0316611743372471
2009-05-12,Equity,0.0467186672070857
2009-05-13,Equity,-0.013071860974916
2009-05-14,Equity,-0.0012960043582457
2009-05-15,Equity,0.0093063820758618
2009-05-18,Equity,0.1729456647294715
2009-05-19,Equity,-0.0007451528940515
2009-05-20,Equity,-0.0104740790529318
2009-05-21,Equity,-0.0172105312796316
2009-05-22,Equity,0.0118372410974635
2009-05-25,Equity,-0.0084651454127651
2009-05-26,Equity,-0.0293577825486622
2009-05-27,Equity,0.0399704569269981
2009-05-28,Equity,0.0186927749133648
2009-05-29,Equity,0.0317820627239061
2009-06-01,Equity,0.0094981011253522
2009-06-02,Equity,-0.0129994045564175
2009-06-03,Equity,0.0117258110864305
2009-06-04,Equity,0.0122175019258526
2009-06-05,Equity,-0.0025715373769588
2009-06-08,Equity,-0.021518694841914
2009-06-09,Equity,0.028551137076889
2009-06-10,Equity,0.0326526253572995
2009-06-11,Equity,-0.0029297473611136
2009-06-12,Equity,0.0050775307863507
2009-06-15,Equity,-0.0073442096966403
2009-06-16,Equity,0.0058461558325733
2009-06-17,Equity,-0.0277081020395744
2009-06-18,Equity,-0.0185834559888903
2009-06-19,Equity,0.0258795734042446
2009-06-22,Equity,-0.0255828928502728
2009-06-23,Equity,0.0085627461348602
2009-06-24,Equity,0.0195868438139161
2009-06-25,Equity,-0.0256731747999197
2009-06-26,Equity,0.0223413871992738
2009-06-29,Equity,-0.0124827877586138
2009-06-30,Equity,-0.0245952296729598
2009-07-01,Equity,0.0176457081272708
2009-07-02,Equity,0.0141503188995146
2009-07-03,Equity,0.0182306523189405
2009-07-06,Equity,-0.0451103149839068
2009-07-07,Equity,-0.0019908523978232
2009-07-08,Equity,-0.0426572840104636
2009-07-09,Equity,0.0003582168734147
2009-07-10,Equity,-0.0155078963474753
2009-07-13,Equity,-0.0074167527307932
2009-07-14,Equity,0.0183221450678112
2009-07-15,Equity,0.029284977261472
2009-07-16,Equity,-0.0106318225343919
2009-07-17,Equity,0.0395823925099718
2009-07-20,Equity,0.032330215426119
2009-07-21,Equity,-0.0145820017741548
2009-07-22,Equity,-0.0195188393414065
2009-07-23,Equity,0.020208410179009
2009-07-24,Equity,0.009701812248065
2009-07-27,Equity,0.008761967965093
2009-07-28,Equity,-0.0093791525041647
2009-07-29,Equity,-0.0067541721175653
2009-07-30,Equity,0.0088972423237637
2009-07-31,Equity,0.0081757000843381
2009-08-03,Equity,0.0156090784058213
2009-08-04,Equity,-0.0145404780759445
2009-08-05,Equity,-0.0012128602170002
2009-08-06,Equity,-0.0324288332669494
2009-08-07,Equity,-0.0066842156537662
2009-08-10,Equity,-0.0091804659925308
2009-08-11,Equity,0.0022963496106655
2009-08-12,Equity,-0.0010856810052593
2009-08-13,Equity,0.0324916728542961
2009-08-14,Equity,-0.0068858230964829
2009-08-17,Equity,-0.0367403373285346
2009-08-18,Equity,0.0225409230446215
2009-08-19,Equity,-0.0184766979845595
2009-08-20,Equity,0.0092002236834607
2009-08-21,Equity,0.015018964897999
2009-08-24,Equity,0.0070568628222963
2009-08-25,Equity,-0.0082568059885454
2009-08-26,Equity,0.0158493715847742
2009-08-27,Equity,0.0150299901677784
2009-08-28,Equity,0.0077249508167868
2009-08-31,Equity,-0.0099321772052771
2009-09-01,Equity,-0.0050927123970365
2009-09-02,Equity,0.0212556490077579
2009-09-03,Equity,0.006044974164237
2009-09-04,Equity,0.0181836269400017
2009-09-07,Equity,0.0145555145528515
2009-09-08,Equity,-0.0078786528525977
2009-09-09,Equity,0.0038006605462791
2009-09-10,Equity,-0.0046810853736572
2009-09-11,Equity,-0.0089719786020794
2009-09-14,Equity,-0.0092104008578911
2009-09-15,Equity,0.0090123371590037
2009-09-16,Equity,0.0273495550188117
2009-09-17,Equity,0.0087950958074042
2009-09-18,Equity,0.0023507883356896
2009-09-22,Equity,0.0210121312319038
2009-09-23,Equity,-0.0090906145214507
2009-09-24,Equity,-0.0032502784954525
2009-09-25,Equity,0.0069501818860844
2009-09-29,Equity,0.0142705631527261
2009-09-30,Equity,0.0074009534717703
2009-10-01,Equity,-0.0013309506441161
2009-10-05,Equity,-0.022481730968643
2009-10-06,Equity,-0.005925552211611
2009-10-07,Equity,-0.0005751607457347
2009-10-08,Equity,0.0188847650046214
2009-10-09,Equity,-0.022293369355109
2009-10-12,Equity,0.0268554000110805
2009-10-14,Equity,0.0077476160998423
2009-10-15,Equity,-0.0054238361949361
2009-10-16,Equity,0.0020789111937496
2009-10-20,Equity,-0.0119987210889952
2009-10-21,Equity,-0.0092542637417568
2009-10-22,Equity,-0.0211591971382467
2009-10-23,Equity,0.0041574578508041
2009-10-26,Equity,-0.005334973058988
2009-10-27,Equity,-0.0265969410449963
2009-10-28,Equity,-0.0112005679219158
2009-10-29,Equity,-0.0199788514327533
2009-10-30,Equity,-0.0018347887443511
2009-11-03,Equity,-0.0270614437970576
2009-11-04,Equity,0.0246669209301603
2009-11-05,Equity,0.0127168886951886
2009-11-06,Equity,0.0127322024019572
2009-11-09,Equity,0.008263941279891
2009-11-10,Equity,0.0012376647816939
2009-11-11,Equity,0.0200415146109998
2009-11-12,Equity,-0.0053871697968126
2009-11-13,Equity,0.0035425166705694
2009-11-16,Equity,-0.002316652687264
2009-11-17,Equity,-0.0118899413309066
2009-11-18,Equity,-0.000806713520195
2009-11-19,Equity,-0.0106200621477528
2009-11-20,Equity,0.0057834857028127
2009-11-23,Equity,0.0155225671004049
2009-11-24,Equity,-0.0155394071201127
2009-11-25,Equity,0.0032287676536899
2009-11-26,Equity,-0.0294736986627769
2009-11-27,Equity,-0.0176605024447242
2009-11-30,Equity,0.0190836402861988
2009-12-01,Equity,0.011160608117745
2009-12-02,Equity,-0.0025323990590318
2009-12-03,Equity,0.0099997242748182
2009-12-04,Equity,-0.0087581639915869
2009-12-07,Equity,-0.0012745010446979
2009-12-08,Equity,0.0072984232545844
2009-12-09,Equity,-0.0024449665608568
2009-12-10,Equity,0.0162632810356367
2009-12-11,Equity,-0.0228521785217807
2009-12-14,Equity,-0.0083419061896461
2009-12-15,Equity,-0.0093126937673345
2009-12-16,Equity,0.0004638171103932
2009-12-17,Equity,0.003209706113097
2009-12-18,Equity,-0.0152523267136402
2009-12-21,Equity,-0.0060446127910545
2009-12-22,Equity,0.0057682273424762
2009-12-23,Equity,0.0414823633738733
2009-12-24,Equity,0.0089053243808035
2009-12-29,Equity,0.00484507688691
2009-12-30,Equity,-0.0065609713190537
2009-12-31,Equity,0.0025119104006905
2010-01-04,Equity,0.0028287850900685
2010-01-05,Equity,0.0121899364168308
2010-01-06,Equity,-0.002328964079399
2010-01-07,Equity,-0.0009222054999226
2010-01-08,Equity,0.0134166495470427
2010-01-11,Equity,0.008155579894244
2010-01-12,Equity,-0.0097376089007551
2010-01-13,Equity,0.0144295742304788
2010-01-14,Equity,0.001993355357596
2010-01-15,Equity,-0.0174688467679727
2010-01-18,Equity,-0.0034522306607003
2010-01-19,Equity,-0.0239936516713489
2010-01-20,Equity,-0.0032679386503315
2010-01-21,Equity,-0.0239796189350107
2010-01-22,Equity,0.0022964629263208
2010-01-25,Equity,-0.0026644256596583
2010-01-27,Equity,-0.0323639261989935
2010-01-28,Equity,0.0098508866224375
2010-01-29,Equity,-0.0143483911807795
2010-02-01,Equity,0.0058002811848377
2010-02-02,Equity,-0.0077380491372814
2010-02-03,Equity,0.0095371260505708
2010-02-04,Equity,-0.0080890246587549
2010-02-05,Equity,-0.023140850344037
2010-02-08,Equity,0.0058255664956344
2010-02-09,Equity,0.0121368958543157
2010-02-10,Equity,0.011068860911201
2010-02-11,Equity,0.0163958741849627
2010-02-15,Equity,-0.0028728588093907
2010-02-16,Equity,0.0078288534713795
2010-02-17,Equity,0.0054973321574979
2010-02-18,Equity,0.0016008061904736
2010-02-19,Equity,-0.0153155055837427
2010-02-22,Equity,0.0032461599482824
2010-02-23,Equity,-0.0007105556332937
2010-02-24,Equity,0.0017807934441271
2010-02-25,Equity,0.0032059704356428
2010-02-26,Equity,0.021471311824756
2010-03-02,Equity,0.0154588829021916
2010-03-03,Equity,0.0123128358089126
2010-03-04,Equity,-0.009072944479031
2010-03-05,Equity,-0.001591003663897
2010-03-08,Equity,0.0102553040038311
2010-03-09,Equity,0.0019648082305867
2010-03-10,Equity,-0.0041860161149342
2010-03-11,Equity,0.0106088927737454
2010-03-12,Equity,0.0118464115011204
2010-03-15,Equity,0.0020306644202124
2010-03-16,Equity,0.0288065766488586
2010-03-17,Equity,0.000612024579293
2010-03-18,Equity,-0.0069813454532238
2010-03-19,Equity,-0.0107082170402526
2010-03-22,Equity,0.0013236840669246
2010-03-23,Equity,0.009396373153086
2010-03-25,Equity,0.0065726592388882
2010-03-26,Equity,0.0066459192746531
2010-03-29,Equity,-0.0047565254688358
2010-03-30,Equity,0.0122474896482335
2010-03-31,Equity,-0.0012030902123698
2010-04-01,Equity,0.0090622059599579
2010-04-05,Equity,0.0208306207227366
2010-04-06,Equity,0.0037010314599948
2010-04-07,Equity,0.0037030554860239
2010-04-08,Equity,-0.0190850569920714
2010-04-09,Equity,0.0148739605790935
2010-04-12,Equity,0.0112437691172285
2010-04-13,Equity,0.0079264801348956
2010-04-15,Equity,0.0037743001885592
2010-04-16,Equity,-0.005875587023309
2010-04-19,Equity,-0.0188185628463733
2010-04-20,Equity,0.0043767128755152
2010-04-21,Equity,0.0035755357108367
2010-04-22,Equity,0.0137152408109919
2010-04-23,Equity,-0.006644975873062
2010-04-26,Equity,0.0159960087694437
2010-04-27,Equity,-0.0036132373732335
2010-04-28,Equity,-0.020615759822909
2010-04-29,Equity,-0.0003766304977736
2010-04-30,Equity,-0.0083995657452353
2010-05-03,Equity,-0.0035826156238711
2010-05-04,Equity,-0.01333010457995
2010-05-05,Equity,-0.0146035655423491
2010-05-06,Equity,-0.0167046242712869
2010-05-07,Equity,-0.0166865008521745
2010-05-10,Equity,0.0486359407581321
2010-05-11,Equity,-0.0128384595216784
2010-05-12,Equity,-0.0077338270960707
2010-05-13,Equity,0.0026488723589964
2010-05-14,Equity,-0.0183717582338003
2010-05-17,Equity,-0.0278717550962664
2010-05-18,Equity,0.0011107828869341
2010-05-19,Equity,-0.0304745393893802
2010-05-20,Equity,0.0115509891981243
2010-05-21,Equity,0.011766764979992
2010-05-24,Equity,0.0119083230860715
2010-05-25,Equity,-0.0296022376491886
2010-05-26,Equity,0.0144674842771099
2010-05-27,Equity,0.0383148275483905
2010-05-28,Equity,0.0134558257421415
2010-05-31,Equity,0.0043095505606149
2010-06-01,Equity,-0.0227189476196318
2010-06-02,Equity,0.0118741956895938
2010-06-03,Equity,0.0172034054144792
2010-06-04,Equity,0.0006025931925856
2010-06-07,Equity,-0.02383925669203
2010-06-08,Equity,-0.0092786535641415
2010-06-09,Equity,-0.00140062814786
2010-06-10,Equity,0.0102563533968376
2010-06-11,Equity,0.0091753065118868
2010-06-14,Equity,0.0135648783962072
2010-06-15,Equity,0.0170744071938621
2010-06-16,Equity,-0.0188014270657054
2010-06-17,Equity,0.0169619657186432
2010-06-18,Equity,0.0079463406633288
2010-06-21,Equity,0.000947649042602
2010-06-22,Equity,-0.0093064254422372
2010-06-23,Equity,-0.0014301019627696
2010-06-24,Equity,-0.0114390965417421
2010-06-25,Equity,-0.0156113452931144
2010-06-28,Equity,0.0036472372501908
2010-06-29,Equity,-0.0001845265540922
2010-06-30,Equity,0.0185062206353202
2010-07-01,Equity,-0.0010287540929879
2010-07-02,Equity,0.0033503302859258
2010-07-05,Equity,-0.0089615859041175
2010-07-06,Equity,0.0062548918117897
2010-07-07,Equity,-0.0048508487568509
2010-07-08,Equity,0.0011600573329557
2010-07-09,Equity,0.0165008103892008
2010-07-12,Equity,0.0040850266987559
2010-07-13,Equity,0.0005802561930957
2010-07-14,Equity,0.0033028176897284
2010-07-15,Equity,0.0024802304435202
2010-07-16,Equity,0.0002288920713093
2010-07-19,Equity,0.0081935028541139
2010-07-20,Equity,-0.011773804292456
2010-07-21,Equity,0.0110676669822772
2010-07-22,Equity,0.0129346665993959
2010-07-23,Equity,-0.0008625222349082
2010-07-26,Equity,-0.0026881903142531
2010-07-27,Equity,-0.0074943144753774
2010-07-28,Equity,0.0016062786192354
2010-07-29,Equity,0.0009236069799251
2010-07-30,Equity,-0.0115173118006692
2010-08-02,Equity,0.0206247445575335
2010-08-03,Equity,-0.0038803291390478
2010-08-04,Equity,-0.005765000077612
2010-08-05,Equity,-0.0159479435685003
2010-08-06,Equity,0.0037069278941613
2010-08-09,Equity,-0.0013209404790685
2010-08-10,Equity,0.0096994523167759
2010-08-11,Equity,-0.0236988337691207
2010-08-12,Equity,0.0131060710715857
2010-08-13,Equity,0.0085699232043279
2010-08-16,Equity,-0.0066732046039431
2010-08-17,Equity,-0.0048252575896123
2010-08-18,Equity,0.0154986671075929
2010-08-19,Equity,0.0111412152648742
2010-08-20,Equity,0.0074025977513296
2010-08-23,Equity,0.0035372547609647
2010-08-24,Equity,-0.0054245999506518
2010-08-25,Equity,-0.0103744240717363
2010-08-26,Equity,0.0026911592973056
2010-08-27,Equity,-0.0098701107698907
2010-08-30,Equity,-0.012133357835828
2010-08-31,Equity,-0.0128953094297279
2010-09-01,Equity,0.0191015467385421
2010-09-02,Equity,0.0042802634964873
2010-09-03,Equity,-0.0024022377379407
2010-09-06,Equity,0.0182505693780417
2010-09-07,Equity,0.0079309398638885
2010-09-08,Equity,-0.0033310507372196
2010-09-09,Equity,-0.0001845391307294
2010-09-13,Equity,0.0231343393612525
2010-09-14,Equity,-0.0013551411293403
2010-09-15,Equity,0.014850609846532
2010-09-16,Equity,-0.0188231895729107
2010-09-17,Equity,0.0181837671901748
2010-09-20,Equity,0.0203086147313935
2010-09-21,Equity,0.0071304212287701
2010-09-22,Equity,0.0051577576792418
2010-09-23,Equity,0.0083742219765819
2010-09-24,Equity,0.0182730877152209
2010-09-27,Equity,-0.011544103629276
2010-09-28,Equity,-0.0109555453343851
2010-09-29,Equity,-0.0110340980555981
2010-09-30,Equity,0.0069598144572968
2010-10-01,Equity,0.0232556409987463
2010-10-04,Equity,-0.0028933429550295
2010-10-05,Equity,-0.0004220361903234
2010-10-06,Equity,0.0008712734732022
2010-10-07,Equity,-0.0152849288420857
2010-10-08,Equity,-0.013706358054512
2010-10-11,Equity,-0.0017774090622293
2010-10-12,Equity,-0.0178393069413455
2010-10-13,Equity,0.0159706613341643
2010-10-14,Equity,-0.0003422022821001
2010-10-15,Equity,-0.025863054919446
2010-10-18,Equity,0.0235528650319711
2010-10-19,Equity,-0.0037604991585293
2010-10-20,Equity,-0.0057204745655868
2010-10-21,Equity,0.0133926670868091
2010-10-22,Equity,9.240031487530147e-05
2010-10-25,Equity,0.0022477614910953
2010-10-26,Equity,-0.0026218227322735
2010-10-27,Equity,0.0093781610716469
2010-10-28,Equity,-0.0046180151655448
2010-10-29,Equity,0.0145044575025197
2010-11-01,Equity,0.0112672412959115
2010-11-02,Equity,0.000257147001411
2010-11-03,Equity,0.0212485590318072
2010-11-04,Equity,0.0149741920641973
2010-11-08,Equity,0.0134306162518105
2010-11-09,Equity,0.0104811777122274
2010-11-10,Equity,-0.0083018376858525
2010-11-11,Equity,-0.0076194006714277
2010-11-12,Equity,-0.0117121297105294
2010-11-15,Equity,0.0135012707867985
2010-11-16,Equity,-0.03397179191484
2010-11-18,Equity,-0.0038306530955438
2010-11-19,Equity,-0.0197671003967757
2010-11-22,Equity,0.0200261119912626
2010-11-23,Equity,-0.0072554218884798
2010-11-24,Equity,-0.0099048295004323
2010-11-25,Equity,-0.0216345129568819
2010-11-26,Equity,-0.0049001180734558
2010-11-29,Equity,0.0187539628226833
2010-11-30,Equity,0.0103872764672391
2010-12-01,Equity,0.0256961568965588
2010-12-02,Equity,0.0154936295474518
2010-12-03,Equity,0.0008295063039456
2010-12-06,Equity,-0.0003530699022917
2010-12-07,Equity,-0.01560777096139
2010-12-08,Equity,-0.0084522958253936
2010-12-09,Equity,-0.0212781940789433
2010-12-10,Equity,0.0182274382335466
2010-12-13,Equity,-0.0013265209208548
2010-12-14,Equity,-0.0021784530993719
2010-12-15,Equity,1.0650037222018072e-05
2010-12-16,Equity,0.0095638919469651
2010-12-20,Equity,0.0054661984241165
2010-12-21,Equity,0.0095394356540996
2010-12-22,Equity,-0.0021699908904428
2010-12-23,Equity,0.0070710417840238
2010-12-24,Equity,0.0014559394411923
2010-12-27,Equity,-0.0011766921417643
2010-12-28,Equity,-0.0037483294535789
2010-12-29,Equity,0.0075562012372875
2010-12-30,Equity,0.0046744122210046
2010-12-31,Equity,0.0074278903048672
2011-01-03,Equity,0.0002356150133659
2011-01-04,Equity,0.0085190385099829
2011-01-05,Equity,-0.0176844702380015
2011-01-06,Equity,-0.0063842566331803
2011-01-07,Equity,-0.0269685040018855
2011-01-10,Equity,-0.0121308831636274
2011-01-11,Equity,0.0003540922805267
2011-01-12,Equity,0.0275238219370108
2011-01-13,Equity,-0.0305756734769832
2011-01-14,Equity,-0.0144884573645301
2011-01-17,Equity,0.0074524506534657
2011-01-18,Equity,0.0132134210697805
2011-01-19,Equity,0.0030586940018233
2011-01-20,Equity,-0.0002273230418866
2011-01-21,Equity,0.0089310199098047
2011-01-24,Equity,0.0268979786341748
2011-01-25,Equity,-0.0123271846348689
2011-01-27,Equity,-0.0178752835047384
2011-01-28,Equity,-0.0045156388049054
2011-01-31,Equity,0.0118027183066476
2011-02-01,Equity,-0.0199928183934527
2011-02-02,Equity,-0.0003294919978342
2011-02-03,Equity,0.0154886539096756
2011-02-04,Equity,-0.0341585036223584
2011-02-07,Equity,-0.0070028828099775
2011-02-08,Equity,-0.0231983217071262
2011-02-09,Equity,-0.0169481587571032
2011-02-10,Equity,-0.0052596218466969
2011-02-11,Equity,0.0182861214079697
2011-02-14,Equity,0.0401992958445842
2011-02-15,Equity,-0.0031047208889601
2011-02-16,Equity,0.0083023287430945
2011-02-17,Equity,0.0104001179403899
2011-02-18,Equity,-0.0158715657507039
2011-02-21,Equity,0.016625547430124
2011-02-22,Equity,-0.0176333040001317
2011-02-23,Equity,-0.0024642604856655
2011-02-24,Equity,-0.0304887901077498
2011-02-25,Equity,0.0120017109080376
2011-02-28,Equity,0.0082134088105967
2011-03-01,Equity,0.0553897933636972
2011-03-03,Equity,-0.0022847818850153
2011-03-04,Equity,-0.0034874061884873
2011-03-07,Equity,-0.0183344309423843
2011-03-08,Equity,0.0064086854261634
2011-03-09,Equity,-0.0029515032506361
2011-03-10,Equity,0.0031948663554866
2011-03-11,Equity,0.0027550160927439
2011-03-14,Equity,0.0115361766904036
2011-03-15,Equity,-0.0211559335582135
2011-03-16,Equity,0.0153564530560592
2011-03-17,Equity,-0.0158213310083806
2011-03-18,Equity,-0.0080300457451432
2011-03-21,Equity,0.0002578287790522
2011-03-22,Equity,-0.0026735977018875
2011-03-23,Equity,0.0249448626060528
2011-03-24,Equity,0.0223582585260897
2011-03-25,Equity,0.0192731974998542
2011-03-28,Equity,0.0030347053345458
2011-03-29,Equity,0.0112202868176097
2011-03-30,Equity,0.0119185890805308
2011-03-31,Equity,0.0135336075111635
2011-04-01,Equity,0.0150616971093594
2011-04-04,Equity,0.0130278629997095
2011-04-05,Equity,-0.0058156454761948
2011-04-06,Equity,-0.01383094138298
2011-04-07,Equity,-0.0065742667611698
2011-04-08,Equity,-0.0073898240236996
2011-04-11,Equity,0.0050193857620451
2011-04-13,Equity,0.0179023386795213
2011-04-15,Equity,-0.0126183482201798
2011-04-18,Equity,-0.0162188655031709
2011-04-19,Equity,0.0118406073150164
2011-04-20,Equity,0.0398334757539384
2011-04-21,Equity,0.0017010796065796
2011-04-25,Equity,-0.005348857082443
2011-04-26,Equity,0.0076148841471594
2011-04-27,Equity,-0.0001238130380225
2011-04-28,Equity,0.0067688011619363
2011-04-29,Equity,-0.0012424721569618
2011-05-02,Equity,-0.0109577083781792
2011-05-03,Equity,-0.0188377065333209
2011-05-04,Equity,0.0041204219322514
2011-05-05,Equity,-0.0070963578327959
2011-05-06,Equity,0.0211352275186674
2011-05-09,Equity,0.008770333336376
2011-05-10,Equity,0.0078799240752317
2011-05-11,Equity,0.0156522964602199
2011-05-12,Equity,-0.0086880740394779
2011-05-13,Equity,0.0096445166188892
2011-05-16,Equity,-0.0067773387974553
2011-05-17,Equity,-0.0009680600532577
2011-05-18,Equity,-0.0096093161619479
2011-05-19,Equity,0.0046329971164619
2011-05-20,Equity,0.0078844843857848
2011-05-23,Equity,-0.0176606948003411
2011-05-24,Equity,0.0120685443027412
2011-05-25,Equity,-0.006679303420118
2011-05-26,Equity,0.0125242672342858
2011-05-27,Equity,0.0011997680809043
2011-05-30,Equity,0.0057221933998416
2011-06-01,Equity,0.0271882892687234
2011-06-02,Equity,0.0101579150497215
2011-06-03,Equity,-0.0082159156586594
2011-06-06,Equity,0.0048265392212118
2011-06-07,Equity,0.0066515193403703
2011-06-08,Equity,0.0076462255555343
2011-06-09,Equity,-0.0015118396141825
2011-06-10,Equity,-0.0038524831124819
2011-06-13,Equity,0.0046163056030504
2011-06-14,Equity,0.0050211862454517
2011-06-15,Equity,-0.012906956599342
2011-06-16,Equity,-0.0074634801485987
2011-06-17,Equity,0.0032652808657425
2011-06-20,Equity,-0.0281305187083573
2011-06-21,Equity,0.0047777050996535
2011-06-22,Equity,-0.0048366419109846
2011-06-23,Equity,0.0177606812472122
2011-06-24,Equity,0.0165449558895493
2011-06-27,Equity,0.005945161233936
2011-06-28,Equity,0.00670127743833
2011-06-29,Equity,0.0227696221596617
2011-06-30,Equity,0.0081572002244278
2011-07-01,Equity,-0.0077184116295862
2011-07-04,Equity,0.0194898244896296
2011-07-05,Equity,-0.0145404429162314
2011-07-06,Equity,-0.0184711621694724
2011-07-07,Equity,0.0222186430793906
2011-07-08,Equity,-0.0156383899369137
2011-07-11,Equity,-0.0157399490917811
2011-07-12,Equity,-0.0100496356188398
2011-07-13,Equity,0.0129812570292045
2011-07-15,Equity,-0.0049914557302496
2011-07-18,Equity,-0.0124599125187291
2011-07-19,Equity,0.0156323771452755
2011-07-20,Equity,-0.0027819191131526
2011-07-21,Equity,-0.0050648959258033
2011-07-22,Equity,0.0317379754307784
2011-07-25,Equity,-3.383767796145444e-05
2011-07-26,Equity,-0.0304683107730723
2011-07-27,Equity,-0.0102668425346698
2011-07-28,Equity,-0.0107104310396826
2011-07-29,Equity,0.0011989273389212
2011-08-01,Equity,0.0047181240667918
2011-08-02,Equity,-0.0078047434094264
2011-08-03,Equity,-0.0191963303576211
2011-08-04,Equity,-0.0016563963849225
2011-08-05,Equity,-0.0229667988910055
2011-08-08,Equity,-0.0085596664487581
2011-08-09,Equity,-0.005876806654347
2011-08-10,Equity,0.0213308259043872
2011-08-11,Equity,0.000459727989484
2011-08-12,Equity,-0.0088364701764232
2011-08-16,Equity,-0.0018814498067832
2011-08-17,Equity,0.0150637047272354
2011-08-18,Equity,-0.0203661317025454
2011-08-19,Equity,-0.0139505050455407
2011-08-22,Equity,0.0105506952170952
2011-08-23,Equity,0.0220479524320373
2011-08-24,Equity,-0.0172350449783314
2011-08-25,Equity,0.0046234952212957
2011-08-26,Equity,-0.0189898335523302
2011-08-29,Equity,0.0250390428824912
2011-08-30,Equity,0.0178708757957326
2011-09-02,Equity,0.0026500270521385
2011-09-05,Equity,0.0025013776205804
2011-09-06,Equity,0.0044666362333236
2011-09-07,Equity,0.0086473028645829
2011-09-08,Equity,-0.0092354377476436
2011-09-09,Equity,-0.0215205181205767
2011-09-12,Equity,-0.0413563769479297
2011-09-13,Equity,-0.0135537263490966
2011-09-14,Equity,0.0208743779853922
2011-09-15,Equity,0.0191848577605406
2011-09-16,Equity,0.0053881186692121
2011-09-19,Equity,-0.0177224403467842
2011-09-20,Equity,0.0214308432178427
2011-09-21,Equity,-0.0010809457258238
2011-09-22,Equity,-0.0497987682233733
2011-09-23,Equity,0.0009738401258195
2011-09-26,Equity,0.0006730973577829
2011-09-27,Equity,0.0266271909399027
2011-09-28,Equity,-0.0045842540285516
2011-09-29,Equity,0.0160292744658475
2011-09-30,Equity,-0.0304294351788128
2011-10-03,Equity,-0.0206426747118109
2011-10-04,Equity,-0.0211059920696097
2011-10-05,Equity,-0.0120820805139574
2011-10-07,Equity,0.0268327954557054
2011-10-10,Equity,0.0334109030487357
2011-10-11,Equity,0.0043724413604869
2011-10-12,Equity,0.0208694912038595
2011-10-13,Equity,0.0006547130999314
2011-10-14,Equity,0.0222178278234743
2011-10-17,Equity,0.0049595433595722
2011-10-18,Equity,-0.0149998339028473
2011-10-19,Equity,0.015303146442127
2011-10-20,Equity,-0.0033083410993268
2011-10-21,Equity,-0.0047906345300498
2011-10-24,Equity,0.0170457793609166
2011-10-25,Equity,0.023671605216332
2011-10-28,Equity,0.0412682867497917
2011-10-31,Equity,-0.0103430092343806
2011-11-01,Equity,-0.0020489751896296
2011-11-02,Equity,0.0019758909296143
2011-11-03,Equity,0.0182902915691158
2011-11-04,Equity,-0.0017096910624966
2011-11-08,Equity,0.0151622954435652
2011-11-09,Equity,-0.0110295086329453
2011-11-11,Equity,-0.014909277200207
2011-11-14,Equity,-0.0075371525502775
2011-11-15,Equity,-0.0177726206755086
2011-11-16,Equity,-0.0038137859115705
2011-11-17,Equity,-0.0145414971524484
2011-11-18,Equity,-0.0101561982001088
2011-11-21,Equity,-0.0258742309460356
2011-11-22,Equity,0.0245535895967683
2011-11-23,Equity,-0.0078855146025677
2011-11-25,Equity,0.0045554140608566
2011-11-28,Equity,0.0305930950023904
2011-11-29,Equity,-0.0082629099599645
2011-11-30,Equity,0.0108167068676351
2011-12-01,Equity,0.013806238281364
2011-12-02,Equity,0.0211908043744654
2011-12-05,Equity,-0.0152268257573049
2011-12-07,Equity,0.0081473864348479
2011-12-08,Equity,-0.0180183027897263
2011-12-09,Equity,-0.0191308550536699
2011-12-12,Equity,-0.0080874334788452
2011-12-13,Equity,-0.0019504019983611
2011-12-14,Equity,-0.0191952966912339
2011-12-15,Equity,-0.0014523626401519
2011-12-16,Equity,-0.0112859213546601
2011-12-19,Equity,0.0054946997172922
2011-12-20,Equity,-0.0183067791353993
2011-12-21,Equity,0.0417074275286142
2011-12-22,Equity,0.0086641877993037
2011-12-23,Equity,-0.0052742432052883
2011-12-27,Equity,0.0151121730085907
2011-12-28,Equity,-0.0038909939251187
2011-12-29,Equity,-0.0249656927319021
2011-12-30,Equity,0.0073880407827412
2012-01-03,Equity,0.0418318334768865
2012-01-04,Equity,-0.0079886396485446
2012-01-05,Equity,0.0035296524997952
2012-01-06,Equity,0.0051259143022095
2012-01-09,Equity,8.432818872560095e-06
2012-01-10,Equity,0.0184053609949376
2012-01-11,Equity,-0.0027221727268979
2012-01-12,Equity,-0.0060143892881506
2012-01-13,Equity,0.0168745876521344
2012-01-16,Equity,0.006272291237526
2012-01-17,Equity,0.0164983640759819
2012-01-18,Equity,0.0041584485718704
2012-01-19,Equity,-0.0098566568528134
2012-01-20,Equity,0.01550801893555
2012-01-23,Equity,-0.0140832051418422
2012-01-24,Equity,0.0134718319250542
2012-01-25,Equity,-0.0026211598646306
2012-01-27,Equity,-0.0010621641369825
2012-01-30,Equity,-0.0129699953459873
2012-01-31,Equity,0.0185642087234957
2012-02-01,Equity,0.010082695152033
2012-02-02,Equity,0.0064566570194554
2012-02-03,Equity,0.014733263627844
2012-02-06,Equity,0.0076364700431088
2012-02-07,Equity,-0.0149064462531556
2012-02-08,Equity,0.0144555277692717
2012-02-09,Equity,0.0045837329250115
2012-02-10,Equity,-0.0178341058429073
2012-02-13,Equity,-0.001526865412116
2012-02-14,Equity,0.0171017460996182
2012-02-15,Equity,0.0285012061438809
2012-02-16,Equity,-0.004296897847312
2012-02-17,Equity,0.0051752595069125
2012-02-21,Equity,0.0054278162278131
2012-02-22,Equity,-0.001241372499808
2012-02-23,Equity,-0.0006497644731159
2012-02-24,Equity,-0.006107751356138
2012-02-27,Equity,-0.0187355793650938
2012-02-28,Equity,0.0200660659799391
2012-02-29,Equity,3.2182471142488045e-05
2012-03-01,Equity,-0.0097106327197567
2012-03-02,Equity,0.0033977920420619
2012-03-05,Equity,-0.014738371165608
2012-03-06,Equity,-0.0048536517380107
2012-03-07,Equity,0.0003422316338487
2012-03-09,Equity,0.0278258439928376
2012-03-12,Equity,0.0045290694988149
2012-03-13,Equity,0.0139805873134295
2012-03-14,Equity,-0.0093498651053662
2012-03-15,Equity,-0.0076331835465328
2012-03-16,Equity,-0.0085627167920633
2012-03-19,Equity,-0.0031584243908123
2012-03-20,Equity,-0.0194840577999808
2012-03-21,Equity,0.0340880702731409
2012-03-22,Equity,-0.0262596372818476
2012-03-23,Equity,0.0186807104833981
2012-03-26,Equity,-0.0258189124232569
2012-03-27,Equity,0.0165635072155692
2012-03-28,Equity,-0.0173583980480538
2012-03-29,Equity,-0.0077509154073528
2012-03-30,Equity,0.038146154077924
2012-04-02,Equity,0.0029950841709882
2012-04-03,Equity,0.0096740740916673
2012-04-04,Equity,0.0006168733456966
2012-04-09,Equity,-0.0123608203520158
2012-04-10,Equity,0.0032609921329688
2012-04-11,Equity,2.5317799261044466e-05
2012-04-12,Equity,0.0290933154920157
2012-04-13,Equity,-0.0133127172560166
2012-04-16,Equity,0.0055094029022424
2012-04-17,Equity,0.0208555542578185
2012-04-18,Equity,0.0110913508379948
2012-04-19,Equity,0.0159094315659453
2012-04-20,Equity,-0.0023821103369674
2012-04-23,Equity,-0.0259017896319806
2012-04-24,Equity,0.0176073100197155
2012-04-25,Equity,-0.012824675952757
2012-04-26,Equity,0.0002220448906935
2012-04-27,Equity,-0.0054258434052329
2012-04-30,Equity,0.0108742056005375
2012-05-02,Equity,0.0012152092416573
2012-05-03,Equity,-0.0068158282743107
2012-05-04,Equity,-0.0158971045926835
2012-05-07,Equity,0.0185764307018078
2012-05-08,Equity,-0.0184018702281369
2012-05-09,Equity,-0.006683381312118
2012-05-10,Equity,0.0061835565301426
2012-05-11,Equity,0.0024048668533168
2012-05-14,Equity,-0.0138017564475919
2012-05-15,Equity,0.0122107057939086
2012-05-16,Equity,-0.0111962683059992
2012-05-17,Equity,0.0003792656184656
2012-05-18,Equity,0.0156689248337483
2012-05-22,Equity,-0.0072278515136003
2012-05-23,Equity,-0.0038080511962684
2012-05-24,Equity,0.0166483055214789
2012-05-25,Equity,0.0002214381635909
2012-05-28,Equity,0.0047909165503938
2012-05-29,Equity,-0.0103278062163975
2012-05-30,Equity,0.0051704075753637
2012-05-31,Equity,-0.0118284151212434
2012-06-01,Equity,-0.0244154008342858
2012-06-04,Equity,-0.015574302717449
2012-06-05,Equity,-0.0016868107479291
2012-06-06,Equity,0.0172275260839359
2012-06-07,Equity,0.0239521813280263
2012-06-08,Equity,0.0120818024211062
2012-06-11,Equity,-0.0080167686014748
2012-06-12,Equity,0.0305471438878768
2012-06-13,Equity,0.0092390342879845
2012-06-14,Equity,-0.0153223441176564
2012-06-15,Equity,-0.0030179016985128
2012-06-18,Equity,0.0040723586832334
2012-06-19,Equity,-0.0029970412720955
2012-06-20,Equity,-0.0095912077050711
2012-06-21,Equity,0.0171613100571176
2012-06-22,Equity,0.0161490559762708
2012-06-25,Equity,0.005272433918456
2012-06-26,Equity,0.0060136822085928
2012-06-27,Equity,0.0091785038906862
2012-06-28,Equity,0.0085373091330506
2012-06-29,Equity,0.0315697629017564
2012-07-02,Equity,0.0024927383680102
2012-07-03,Equity,0.0029049302962589
2012-07-04,Equity,0.0025601753402258
2012-07-05,Equity,-0.001064150933782
2012-07-06,Equity,-0.003888150179337
2012-07-09,Equity,-0.0211053593317879
2012-07-10,Equity,0.0128209987116557
2012-07-11,Equity,-0.0149141985187496
2012-07-12,Equity,-0.0219184224891569
2012-07-13,Equity,0.0002110504443169
2012-07-16,Equity,0.0056968629031246
2012-07-17,Equity,0.0067999500698666
2012-07-18,Equity,-0.0077482366881268
2012-07-19,Equity,-0.0025558914128467
2012-07-20,Equity,0.0006542740577636
2012-07-23,Equity,-0.0243030742474734
2012-07-24,Equity,0.000505689732924
2012-07-25,Equity,0.0010733942603436
2012-07-26,Equity,-0.0204810629004106
2012-07-27,Equity,0.0124160751687888
2012-07-30,Equity,0.0092263538643802
2012-07-31,Equity,0.0011046972208861
2012-08-01,Equity,0.0050575287567509
2012-08-02,Equity,-0.0148769238211204
2012-08-03,Equity,0.0015188283302528
2012-08-06,Equity,0.0129598937685805
2012-08-07,Equity,0.0149707251416003
2012-08-08,Equity,0.0023348726954921
2012-08-09,Equity,0.0083937520108847
2012-08-10,Equity,0.0008226833345765
2012-08-13,Equity,0.0020335400678035
2012-08-14,Equity,0.0073462189713332
2012-08-16,Equity,0.0014124120877405
2012-08-17,Equity,0.0013154639081545
2012-08-21,Equity,0.0108180133133507
2012-08-22,Equity,-0.0068193281425112
2012-08-23,Equity,-0.0045413434507936
2012-08-24,Equity,-0.0162113408175323
2012-08-27,Equity,0.0075299118847016
2012-08-29,Equity,-0.0213232941476973
2012-08-30,Equity,-8.986947931536888e-05
2012-08-31,Equity,-0.0160868206433519
2012-09-03,Equity,0.0065560955955688
2012-09-04,Equity,0.0017947922952912
2012-09-05,Equity,0.0011238393710182
2012-09-06,Equity,-0.002657684728227
2012-09-07,Equity,0.0223281119045631
2012-09-10,Equity,-0.0023862025570079
2012-09-11,Equity,0.0224113284239671
2012-09-12,Equity,-0.0015941083169856
2012-09-13,Equity,0.0035795411294778
2012-09-14,Equity,0.0315506454025981
2012-09-17,Equity,0.0094103440534731
2012-09-18,Equity,-0.0029559546244085
2012-09-20,Equity,-0.0089170294124505
2012-09-21,Equity,0.0252982664247504
2012-09-24,Equity,-0.0046625626788652
2012-09-25,Equity,0.0087694294020886
2012-09-26,Equity,0.0161424689294362
2012-09-27,Equity,-0.0066231315946688
2012-09-28,Equity,-0.0011354917740608
2012-10-01,Equity,0.0023114685322377
2012-10-03,Equity,0.0231147390744784
2012-10-04,Equity,0.0037026815642029
2012-10-05,Equity,0.0063893146948053
2012-10-08,Equity,0.0013758939344216
2012-10-09,Equity,0.0009100709613766
2012-10-10,Equity,-0.0043425038436437
2012-10-11,Equity,0.0232171977206726
2012-10-12,Equity,-0.0083391397956384
2012-10-15,Equity,0.0006445947928975
2012-10-16,Equity,-0.0112548495710291
2012-10-17,Equity,-0.0056491444971011
2012-10-18,Equity,0.005432213156101
2012-10-19,Equity,-0.0155156524672003
2012-10-22,Equity,0.0063605733349816
2012-10-23,Equity,-0.0103637782992257
2012-10-25,Equity,0.0046125515144216
2012-10-29,Equity,-0.0191055562078409
2012-10-30,Equity,-0.009002300514773
2012-10-31,Equity,0.0108626016082073
2012-11-01,Equity,-0.0111390378544219
2012-11-02,Equity,0.0126192773781613
2012-11-05,Equity,0.0112621631052013
2012-11-06,Equity,-0.0058359293241712
2012-11-07,Equity,0.0199170747836005
2012-11-08,Equity,-5.439768884002352e-05
2012-11-09,Equity,-0.0144884285424297
2012-11-12,Equity,-0.0005945684818903
2012-11-15,Equity,-0.0045055478156716
2012-11-16,Equity,-0.009205648098056
2012-11-19,Equity,0.0041346481070252
2012-11-20,Equity,-0.0070384830573072
2012-11-21,Equity,0.009417538191241
2012-11-22,Equity,-0.0087032766073236
2012-11-23,Equity,-0.0007941356808299
2012-11-26,Equity,-0.0052784326871709
2012-11-27,Equity,0.0106598908652669
2012-11-29,Equity,0.0272207232209472
2012-11-30,Equity,0.0184468067426511
2012-12-03,Equity,0.0036594775454805
2012-12-04,Equity,-0.0053214931020239
2012-12-05,Equity,-0.0003210073776662
2012-12-06,Equity,0.0151568708030789
2012-12-07,Equity,-0.0025285639012776
2012-12-10,Equity,0.0191085551377424
2012-12-11,Equity,0.0017372401676124
2012-12-12,Equity,5.545124724251789e-06
2012-12-13,Equity,-0.0083719806266634
2012-12-14,Equity,0.0061705314006525
2012-12-17,Equity,-0.0046105191087724
2012-12-18,Equity,0.0126054578483138
2012-12-19,Equity,0.0135160072969319
2012-12-20,Equity,-0.0082140683916834
2012-12-21,Equity,-0.0219616052560075
2012-12-24,Equity,-0.0130130668234916
2012-12-26,Equity,0.0128769473349775
2012-12-27,Equity,-0.0145381763154172
2012-12-28,Equity,-0.0104070518720053
2012-12-31,Equity,0.0028585598751532
2013-01-02,Equity,0.0351717536517755
2013-01-03,Equity,0.002962816347609
2013-01-04,Equity,0.0081144911916611
2013-01-07,Equity,-0.0036579496666539
2013-01-08,Equity,0.0017298922570782
2013-01-09,Equity,0.0026206718586204
2013-01-10,Equity,-0.0024994797255682
2013-01-11,Equity,-0.0004677328804741
2013-01-14,Equity,0.0150978027690854
2013-01-15,Equity,0.0003586667849622
2013-01-16,Equity,-0.0008033863163476
2013-01-17,Equity,0.0051234193328302
2013-01-18,Equity,-0.0015732718110679
2013-01-21,Equity,0.0075437149585751
2013-01-22,Equity,-0.0124448202518861
2013-01-23,Equity,0.0014843324014677
2013-01-24,Equity,-0.0055456603223817
2013-01-25,Equity,0.0181741703977736
2013-01-28,Equity,0.0041222625680612
2013-01-29,Equity,-0.0039991001014343
2013-01-30,Equity,0.007809104682546
2013-01-31,Equity,0.0079538818345692
2013-02-01,Equity,-0.00117812779091
2013-02-04,Equity,-0.0015591854980032
2013-02-05,Equity,-0.0152638113513479
2013-02-06,Equity,-0.0078347532491948
2013-02-07,Equity,-0.0055651413649316
2013-02-08,Equity,-0.0105200266683323
2013-02-11,Equity,-0.0021528132533491
2013-02-12,Equity,0.0049326719079042
2013-02-13,Equity,0.0063020325899402
2013-02-14,Equity,-0.0063317977763451
2013-02-15,Equity,0.0025724822655867
2013-02-18,Equity,0.0026502711733401
2013-02-19,Equity,-0.0084676878687693
2013-02-20,Equity,-0.0066507473852999
2013-02-21,Equity,-0.0161310184258583
2013-02-22,Equity,-0.0097107964941407
2013-02-25,Equity,0.0058601080036655
2013-02-26,Equity,-0.0034068354512893
2013-02-27,Equity,0.0162204896142629
2013-02-28,Equity,-0.0193223076530044
2013-03-01,Equity,0.0169070241797365
2013-03-04,Equity,-0.002217182465671
2013-03-05,Equity,0.0126511318327051
2013-03-06,Equity,0.0013313355756678
2013-03-07,Equity,0.0055624523663141
2013-03-08,Equity,0.0112481718910202
2013-03-11,Equity,0.0010998809763059
2013-03-12,Equity,-0.0031694195335864
2013-03-13,Equity,-0.010311214819297
2013-03-14,Equity,0.0136652753320463
2013-03-15,Equity,0.0036734687192215
2013-03-18,Equity,0.0015363716056246
2013-03-19,Equity,-0.0268826933979998
2013-03-20,Equity,-0.029102956234775
2013-03-21,Equity,0.0015140396644701
2013-03-22,Equity,-0.0119427216295146
2013-03-25,Equity,-0.0045947283975487
2013-03-26,Equity,-0.0076852907530824
2013-03-28,Equity,-0.0068573164298784
2013-04-01,Equity,0.0084768238935919
2013-04-02,Equity,0.0140340287553584
2013-04-03,Equity,-0.0173947007724707
2013-04-04,Equity,-0.0377298779435957
2013-04-05,Equity,-0.0079266307732479
2013-04-08,Equity,0.0015796974846285
2013-04-09,Equity,-0.0201638972047892
2013-04-10,Equity,0.0133408446229199
2013-04-11,Equity,0.0065278915175149
2013-04-12,Equity,-0.006765738670424
2013-04-15,Equity,0.0084646991399991
2013-04-16,Equity,0.0141644490984252
2013-04-17,Equity,0.0098286271743883
2013-04-18,Equity,0.0156260466619878
2013-04-22,Equity,0.0089522046586964
2013-04-23,Equity,-0.0067376505898614
2013-04-25,Equity,0.0103568367277732
2013-04-26,Equity,-0.0143591074204454
2013-04-29,Equity,0.0044772216589358
2013-04-30,Equity,0.0184143411401247
2013-05-02,Equity,0.0009854262594498
2013-05-03,Equity,-0.0218345067939171
2013-05-06,Equity,0.0166201372981958
2013-05-07,Equity,0.0107673290680546
2013-05-08,Equity,-0.0007918409818151
2013-05-09,Equity,0.0054640296564188
2013-05-10,Equity,0.0028268099987989
2013-05-13,Equity,-0.0038457357683872
2013-05-14,Equity,0.0082231697883976
2013-05-15,Equity,0.0216410794392946
2013-05-16,Equity,0.0213246677387021
2013-05-17,Equity,-0.0017255922151661
2013-05-20,Equity,0.0013234884777676
2013-05-21,Equity,-0.004257178037636
2013-05-22,Equity,0.0075082095479161
2013-05-23,Equity,-0.0081202404471057
2013-05-24,Equity,0.0033212187599463
2013-05-27,Equity,0.0109183106888844
2013-05-28,Equity,0.0085991105657295
2013-05-29,Equity,-0.0062590017982704
2013-05-30,Equity,0.0196425222928971
2013-05-31,Equity,-0.0211580906793432
2013-06-03,Equity,-0.0104158866050471
2013-06-04,Equity,-0.0015646365906356
2013-06-05,Equity,-0.0097337145373096
2013-06-06,Equity,-0.0078865276548796
2013-06-07,Equity,0.0030806167977147
2013-06-10,Equity,-0.0054652715587564
2013-06-11,Equity,-0.0232505507591247
2013-06-12,Equity,-0.0003472855702915
2013-06-13,Equity,-0.0008216539375361
2013-06-14,Equity,0.0252300586613845
2013-06-17,Equity,0.0154390141983821
2013-06-18,Equity,-0.0119850268136619
2013-06-19,Equity,-0.0095866116930839
2013-06-20,Equity,-0.0162607761287247
2013-06-21,Equity,-0.0002039620575291
2013-06-24,Equity,-0.0153631008695099
2013-06-25,Equity,0.0142975128246542
2013-06-26,Equity,0.0011129104450362
2013-06-27,Equity,0.0207041116906536
2013-06-28,Equity,0.0457510024031383
2013-07-01,Equity,0.0048485267203542
2013-07-02,Equity,0.0007213068023831
2013-07-03,Equity,-0.0140367529760826
2013-07-04,Equity,0.0138941443350605
2013-07-05,Equity,0.01783012382289
2013-07-08,Equity,-0.0052404255558886
2013-07-09,Equity,0.0127711778325568
2013-07-10,Equity,0.0016604299755734
2013-07-11,Equity,0.0177355449022082
2013-07-12,Equity,0.0060376547581017
2013-07-15,Equity,-0.0044306145594073
2013-07-16,Equity,-0.0279581802891679
2013-07-17,Equity,0.0197805633301905
2013-07-18,Equity,0.0023142376692023
2013-07-19,Equity,-0.0029356693297329
2013-07-22,Equity,-0.001483336543942
2013-07-23,Equity,0.0103855013840413
2013-07-24,Equity,-0.0075378206670082
2013-07-25,Equity,-0.0066714829386274
2013-07-26,Equity,-0.0079701725661054
2013-07-29,Equity,-0.0103044622697513
2013-07-30,Equity,-0.0105745963823047
2013-07-31,Equity,-0.0039570688449831
2013-08-01,Equity,0.0106944834615646
2013-08-02,Equity,-0.004492783932357
2013-08-05,Equity,0.0074999332112741
2013-08-06,Equity,-0.0195754605627634
2013-08-07,Equity,0.0055108045558093
2013-08-08,Equity,0.0101824831115525
2013-08-12,Equity,-0.0016749177596212
2013-08-13,Equity,0.0189810585737203
2013-08-14,Equity,0.0026339313100361
2013-08-16,Equity,-0.0447574716713628
2013-08-19,Equity,-0.0119122526067247
2013-08-20,Equity,0.0077500468905974
2013-08-21,Equity,-0.0178397973106381
2013-08-22,Equity,0.0227422616389013
2013-08-23,Equity,0.0256215907959003
2013-08-26,Equity,0.003094120652247
2013-08-27,Equity,-0.013406722192829
2013-08-28,Equity,0.0043606788876232
2013-08-29,Equity,0.0096859517938301
2013-08-30,Equity,0.017927661461974
2013-09-02,Equity,0.0177778277228317
2013-09-03,Equity,-0.0270885590036844
2013-09-04,Equity,0.0256519202976675
2013-09-05,Equity,0.0257796201775115
2013-09-06,Equity,0.0061413169100679
2013-09-10,Equity,0.0367149383300816
2013-09-11,Equity,-0.0037229871646448
2013-09-12,Equity,-0.0149053450293524
2013-09-13,Equity,0.0049915185726564
2013-09-16,Equity,0.0119414134523421
2013-09-17,Equity,0.0051096808307054
2013-09-18,Equity,-0.0008485491710347
2013-09-19,Equity,0.0404872872740445
2013-09-20,Equity,-0.0070427954689079
2013-09-23,Equity,-0.0249289053843666
2013-09-24,Equity,-0.0003136806395507
2013-09-25,Equity,-0.0027390926381166
2013-09-26,Equity,-0.0045491359919454
2013-09-27,Equity,-0.0028523692518467
2013-09-30,Equity,-0.0174508923525134
2013-10-01,Equity,0.0114588159169105
2013-10-03,Equity,0.0156307327285316
2013-10-04,Equity,-0.0036058444734992
2013-10-07,Equity,0.0058843930017095
2013-10-08,Equity,0.0010845943970406
2013-10-09,Equity,0.0274498809520497
2013-10-10,Equity,-0.000649879843373
2013-10-11,Equity,0.0145955051204719
2013-10-14,Equity,0.0104673306823076
2013-10-15,Equity,-0.0149159837052239
2013-10-17,Equity,-0.0208811253955308
2013-10-18,Equity,0.011830038596153
2013-10-21,Equity,0.0129211470953309
2013-10-22,Equity,-0.0044614256643736
2013-10-23,Equity,0.0168238731592227
2013-10-24,Equity,-0.0064799579156298
2013-10-25,Equity,-0.0013788606093857
2013-10-28,Equity,0.0055090491621828
2013-10-29,Equity,0.0359845141580249
2013-10-30,Equity,0.0217431278836557
2013-10-31,Equity,0.017556818282906
2013-11-01,Equity,0.0097704969351859
2013-11-05,Equity,-0.0035294018745216
2013-11-06,Equity,0.0004499512907894
2013-11-07,Equity,-0.00859850092449
2013-11-08,Equity,-0.0137610462372842
2013-11-11,Equity,-0.0098153717228792
2013-11-12,Equity,-0.0110552260675035
2013-11-13,Equity,-0.0080532208028516
2013-11-14,Equity,0.0169819923942743
2013-11-18,Equity,0.0298788368698843
2013-11-19,Equity,0.0033259006964505
2013-11-20,Equity,-0.0008485897490064
2013-11-21,Equity,-0.0290608724374074
2013-11-22,Equity,-0.0018493055943406
2013-11-25,Equity,0.0145639033569342
2013-11-26,Equity,-0.0238304580623322
2013-11-27,Equity,-0.0006915275068048
2013-11-28,Equity,0.0050630887347927
2013-11-29,Equity,0.0262375508583394
2013-12-02,Equity,0.0121064227748386
2013-12-03,Equity,-0.0104667312839567
2013-12-04,Equity,0.0085379499924103
2013-12-05,Equity,0.023077610624082
2013-12-06,Equity,0.0079690397863001
2013-12-09,Equity,0.0151018113930429
2013-12-10,Equity,-0.0122545668587888
2013-12-11,Equity,-0.0066174593401842
2013-12-12,Equity,-0.0022219739385952
2013-12-13,Equity,0.0043698996579988
2013-12-16,Equity,0.0104249983448242
2013-12-17,Equity,-0.006153630951711
2013-12-18,Equity,0.0040649149152269
2013-12-19,Equity,-0.0066956030260424
2013-12-20,Equity,0.0036011969952957
2013-12-23,Equity,0.0045190031072704
2013-12-24,Equity,-0.0034426947704673
2013-12-26,Equity,-0.0017532233908023
2013-12-27,Equity,-0.0068993415766999
2013-12-30,Equity,0.0008135479567662
2013-12-31,Equity,-0.0019111064639999
2014-01-02,Equity,-0.0222017994154174
2014-01-03,Equity,-0.0242855175815133
2014-01-06,Equity,-0.0030917875048944
2014-01-07,Equity,0.0097618001912706
2014-01-08,Equity,0.0155942276627904
2014-01-09,Equity,-0.0043689813540135
2014-01-10,Equity,-0.0040151151431243
2014-01-13,Equity,0.0204644567391492
2014-01-14,Equity,-0.0126131370536203
2014-01-15,Equity,0.0153788182365546
2014-01-16,Equity,0.0061122315844634
2014-01-17,Equity,0.0010553444274229
2014-01-20,Equity,0.0062542222009434
2014-01-21,Equity,0.0002330603780818
2014-01-22,Equity,-0.002740460617552
2014-01-23,Equity,-0.0052581316995883
2014-01-24,Equity,-0.0139455303713784
2014-01-27,Equity,-0.0176490804683492
2014-01-28,Equity,0.0060440857138829
2014-01-29,Equity,-0.007104823566267
2014-01-30,Equity,0.0046356420123191
2014-01-31,Equity,0.0007323586700373
2014-02-03,Equity,-0.0142728096599028
2014-02-04,Equity,-0.0058276321803976
2014-02-05,Equity,-0.0155111261099323
2014-02-06,Equity,0.0096803969396754
2014-02-07,Equity,0.0106511883146215
2014-02-10,Equity,-0.0035586821547167
2014-02-11,Equity,0.0023639799385526
2014-02-12,Equity,0.0079407675726515
2014-02-13,Equity,-0.0258262548142886
2014-02-14,Equity,0.0039411349677418
2014-02-18,Equity,0.0196741970832431
2014-02-19,Equity,-0.0055480115980921
2014-02-20,Equity,-0.0073145294624995
2014-02-21,Equity,-4.612512985299223e-05
2014-02-24,Equity,0.0090107510993008
2014-02-25,Equity,0.0022698764361892
2014-02-26,Equity,-0.0063711047331789
2014-02-28,Equity,0.0157329356440404
2014-03-03,Equity,-0.014418606179264
2014-03-04,Equity,0.0061141490173995
2014-03-05,Equity,0.0067791089616134
2014-03-06,Equity,0.0209449386852536
2014-03-07,Equity,0.0117792778207361
2014-03-10,Equity,0.0024175641639949
2014-03-11,Equity,-0.0001472602886476
2014-03-12,Equity,0.0066126699283585
2014-03-13,Equity,-0.0019404807917034
2014-03-14,Equity,-0.0009267006832347
2014-03-18,Equity,-0.0044066190842449
2014-03-19,Equity,0.0021246888720854
2014-03-20,Equity,-0.0145538433068924
2014-03-21,Equity,-0.0215128921429935
2014-03-24,Equity,0.0176993043390277
2014-03-25,Equity,0.0084808217832957
2014-03-26,Equity,-0.0168355771908106
2014-03-27,Equity,-0.0016654909472865
2014-03-28,Equity,0.013406191116498
2014-03-31,Equity,0.0179995720388514
2014-04-01,Equity,0.0029796411628684
2014-04-02,Equity,-0.0008372557010882
2014-04-03,Equity,-0.0035992449391867
2014-04-04,Equity,0.00510106307529
2014-04-07,Equity,-0.0047631914075506
2014-04-09,Equity,0.0090146996695822
2014-04-10,Equity,-0.003532563076148
2014-04-11,Equity,-0.0102840913381232
2014-04-15,Equity,-0.0050937549072777
2014-04-16,Equity,0.0047129283835604
2014-04-17,Equity,0.0184794539985866
2014-04-21,Equity,0.0039232642848135
2014-04-22,Equity,-0.0023718211554742
2014-04-23,Equity,-0.0084713518979688
2014-04-25,Equity,-0.0011209430822156
2014-04-28,Equity,-0.0034925033333543
2014-04-29,Equity,-0.007947314997392
2014-04-30,Equity,0.0230378023310393
2014-05-02,Equity,0.0024510743272586
2014-05-05,Equity,-0.0050346526671325
2014-05-06,Equity,-0.0007300765444954
2014-05-07,Equity,0.0001432323116892
2014-05-08,Equity,0.0023035309377703
2014-05-09,Equity,0.0186667769338333
2014-05-12,Equity,0.0303181750555265
2014-05-13,Equity,0.0084274210049633
2014-05-14,Equity,0.0152863822097403
2014-05-15,Equity,0.0109660433748468
2014-05-16,Equity,0.0079313668899964
2014-05-19,Equity,0.0189543234091523
2014-05-20,Equity,0.0024880720559181
2014-05-21,Equity,0.0040158602612279
2014-05-22,Equity,0.0074179458590156
2014-05-23,Equity,0.0059941289669038
2014-05-26,Equity,-0.0059411343159948
2014-05-27,Equity,0.0029615472730835
2014-05-28,Equity,-0.0007862509837516
2014-05-29,Equity,-0.0157538111534954
2014-05-30,Equity,-0.0081287062860045
2014-06-02,Equity,0.0220222251358654
2014-06-03,Equity,0.024046392583996
2014-06-04,Equity,-0.0100741862597728
2014-06-05,Equity,0.010200277002465
2014-06-06,Equity,0.0262215724281503
2014-06-09,Equity,0.0090518231951904
2014-06-10,Equity,0.0041541015699217
2014-06-11,Equity,-0.0120586389864209
2014-06-12,Equity,0.0067486486907529
2014-06-13,Equity,-0.0152888162415854
2014-06-16,Equity,0.0070521646153322
2014-06-17,Equity,0.0228275269533941
2014-06-18,Equity,0.0113856276655763
2014-06-19,Equity,0.0026216993530844
2014-06-20,Equity,-0.0009725795969582
2014-06-23,Equity,-0.0005545931196968
2014-06-24,Equity,0.009064959250872
2014-06-25,Equity,0.0015632921046028
2014-06-26,Equity,-0.0121104160487576
2014-06-27,Equity,0.0037295232033655
2014-06-30,Equity,0.0244981284145516
2014-07-01,Equity,-0.0046845408077765
2014-07-02,Equity,0.0212662136721236
2014-07-03,Equity,0.009497128070341
2014-07-04,Equity,0.0041255422466118
2014-07-07,Equity,-0.0120887144901186
2014-07-08,Equity,-0.0256164542845215
2014-07-09,Equity,0.0056649118854256
2014-07-10,Equity,-0.0021571699433482
2014-07-11,Equity,-0.0219853104411942
2014-07-14,Equity,-0.0044688277200253
2014-07-15,Equity,0.0167510860546633
2014-07-16,Equity,0.0176610542481851
2014-07-17,Equity,0.0004936653374761
2014-07-18,Equity,0.0004345572333841
2014-07-21,Equity,-0.0001852449797403
2014-07-22,Equity,0.0038066793550141
2014-07-23,Equity,0.0168147203394192
2014-07-24,Equity,0.0021918332775442
2014-07-25,Equity,0.0049099596789994
2014-07-28,Equity,0.0071114029536545
2014-07-30,Equity,0.0137970510158866
2014-07-31,Equity,-0.0121500745143318
2014-08-01,Equity,-0.0118431806640934
2014-08-04,Equity,0.010767235881044
2014-08-05,Equity,0.0012565860919733
2014-08-06,Equity,-0.0067223104127375
2014-08-07,Equity,-0.0121041192518388
2014-08-08,Equity,-0.0007486443527121
2014-08-11,Equity,0.0041671288612114
2014-08-12,Equity,0.0151665903405227
2014-08-13,Equity,0.0041839966997237
2014-08-14,Equity,0.004966928700919
2014-08-18,Equity,0.0155881321613878
2014-08-19,Equity,-0.0005465670946794
2014-08-20,Equity,0.004459337504381
2014-08-21,Equity,-0.0084615274143422
2014-08-22,Equity,0.0041116724644245
2014-08-25,Equity,0.0149394218758655
2014-08-26,Equity,-0.0078986720892981
2014-08-27,Equity,-0.0011623399549068
2014-08-28,Equity,0.0067172328225527
2014-09-01,Equity,0.0109580358587557
2014-09-02,Equity,0.0099998684569503
2014-09-03,Equity,0.0081167629780624
2014-09-04,Equity,0.0030794573375182
2014-09-05,Equity,0.0080535679008851
2014-09-08,Equity,0.0143429140743986
2014-09-09,Equity,-0.0041930614304353
2014-09-10,Equity,-0.0015376683517827
2014-09-11,Equity,0.0144612745964935
2014-09-12,Equity,0.0016876733918182
2014-09-15,Equity,-0.0153304211007418
2014-09-16,Equity,-0.0044096438344943
2014-09-17,Equity,0.0047070042855007
2014-09-18,Equity,0.0003783640255934
2014-09-19,Equity,0.0079050544686837
2014-09-22,Equity,-0.0009228752241447
2014-09-23,Equity,-0.0162289877991155
2014-09-24,Equity,0.0010662500990972
2014-09-25,Equity,-0.0094913336864941
2014-09-26,Equity,0.0131799977466584
2014-09-29,Equity,-0.00443252724088
2014-09-30,Equity,0.005146142596712
2014-10-01,Equity,-0.0041932577708179
2014-10-07,Equity,-0.0055130475174376
2014-10-08,Equity,0.0039876860450095
2014-10-09,Equity,0.0078431529411942
2014-10-10,Equity,-0.0036494120838232
2014-10-13,Equity,-0.0008961097665659
2014-10-14,Equity,0.0041960506793652
2014-10-16,Equity,-0.0114870072770593
2014-10-17,Equity,0.019070929676869
2014-10-20,Equity,0.0113276383541501
2014-10-21,Equity,0.0036417321304699
2014-10-22,Equity,0.0087410169466921
2014-10-27,Equity,-0.0026506708296826
2014-10-28,Equity,0.0111916835026815
2014-10-29,Equity,-0.0048012336726554
2014-10-30,Equity,0.0016042387846196
2014-10-31,Equity,0.0104864602808471
2014-11-03,Equity,0.0081367972413678
2014-11-05,Equity,0.0156847097711522
2014-11-07,Equity,-0.0006914774077922
2014-11-10,Equity,-0.000180956417162
2014-11-11,Equity,0.0030655754227711
2014-11-12,Equity,0.0120642691965349
2014-11-13,Equity,-0.0101546458010941
2014-11-14,Equity,0.0060417637749866
2014-11-17,Equity,0.0129704838229272
2014-11-18,Equity,0.003733524658039
2014-11-19,Equity,-0.0033579377834748
2014-11-20,Equity,0.0106466990787742
2014-11-21,Equity,-0.0123458401050027
2014-11-24,Equity,0.0119514564578781
2014-11-25,Equity,-0.0127930508475171
2014-11-26,Equity,-0.0128502927941525
2014-11-27,Equity,0.0065664423532892
2014-11-28,Equity,0.0223615061853427
2014-12-01,Equity,-0.0045663170053281
2014-12-02,Equity,0.0042763672809725
2014-12-03,Equity,0.0147173639826387
2014-12-04,Equity,0.0139524961615006
2014-12-05,Equity,0.0103721490093576
2014-12-08,Equity,-0.0054807467200699
2014-12-09,Equity,-0.0106569616282771
2014-12-10,Equity,-0.010723287615657
2014-12-11,Equity,-0.0091783880725011
2014-12-12,Equity,-0.0147423200004365
2014-12-15,Equity,0.0171203693790263
2014-12-16,Equity,-0.0195994120313963
2014-12-17,Equity,-0.0033998061031125
2014-12-18,Equity,0.0208393087412046
2014-12-19,Equity,0.0087255408831613
2014-12-22,Equity,0.0258722502654581
2014-12-23,Equity,-0.011528864283592
2014-12-24,Equity,-0.0093805786481408
2014-12-26,Equity,-0.0023855718890124
2014-12-29,Equity,-0.0046997269224781
2014-12-30,Equity,-0.0043576593473396
2014-12-31,Equity,0.0041803728333239
2015-01-02,Equity,0.0104782927138729
2015-01-05,Equity,-0.0072702064826432
2015-01-06,Equity,-0.0409145282112445
2015-01-07,Equity,-0.0034716382710517
2015-01-08,Equity,0.0046159613658451
2015-01-09,Equity,0.0124402919025714
2015-01-12,Equity,0.0056067508075909
2015-01-13,Equity,-0.0141958811024117
2015-01-14,Equity,-0.0048064635300874
2015-01-15,Equity,0.0204499831480954
2015-01-16,Equity,0.0051666838353794
2015-01-19,Equity,0.0153577894160463
2015-01-20,Equity,0.0022445323614619
2015-01-21,Equity,0.0051187771215963
2015-01-22,Equity,0.0026732581148757
2015-01-23,Equity,0.0141395972114445
2015-01-27,Equity,0.0104826876458901
2015-01-28,Equity,-0.0052893134118365
2015-01-29,Equity,0.0020159693449253
2015-01-30,Equity,-0.022091845899956
2015-02-02,Equity,0.0076025593179137
2015-02-03,Equity,-0.0041729905812429
2015-02-04,Equity,0.0117580925463729
2015-02-05,Equity,-0.0015608496008725
2015-02-06,Equity,-0.0111813190697328
2015-02-09,Equity,-0.0273621248776066
2015-02-10,Equity,-0.0095275818750985
2015-02-11,Equity,-0.00515223338432
2015-02-12,Equity,0.0121907524867209
2015-02-13,Equity,0.0151543560247955
2015-02-16,Equity,-0.011912343244444
2015-02-18,Equity,0.0142428730639934
2015-02-19,Equity,-0.0006103897488402
2015-02-20,Equity,-0.005461925244918
2015-02-23,Equity,0.0042943261630197
2015-02-24,Equity,0.0082913284314016
2015-02-25,Equity,-0.0012604419334993
2015-02-26,Equity,-0.0163422573704613
2015-02-27,Equity,0.0015968521851872
2015-03-02,Equity,0.0072268715373437
2015-03-03,Equity,0.0030210398712748
2015-03-04,Equity,-0.0157785794018697
2015-03-05,Equity,0.0009422227583223
2015-03-09,Equity,-0.0193363667214547
2015-03-10,Equity,-0.0066035037270771
2015-03-11,Equity,-0.0062888567582097
2015-03-12,Equity,0.0103906442780946
2015-03-13,Equity,-0.01077819403772
2015-03-16,Equity,-0.0101114478737996
2015-03-17,Equity,0.0220296973847498
2015-03-18,Equity,-0.0047760062974683
2015-03-19,Equity,-0.0054495700129722
2015-03-20,Equity,-0.0014173281786547
2015-03-23,Equity,-0.0001677480746379
2015-03-24,Equity,0.0069953435771805
2015-03-25,Equity,0.0011747222855892
2015-03-26,Equity,-0.0267134177833598
2015-03-27,Equity,0.0031021233252223
2015-03-30,Equity,0.0092406076569849
2015-03-31,Equity,0.0010154207926632
2015-04-01,Equity,0.0112519200560007
2015-04-06,Equity,0.0072127784188613
2015-04-07,Equity,-0.0006821778447784
2015-04-08,Equity,-0.0085078278064472
2015-04-09,Equity,0.0032428238903484
2015-04-10,Equity,0.001276267375073
2015-04-13,Equity,0.0076891306819913
2015-04-16,Equity,-0.0223316122081751
2015-04-17,Equity,-0.0011401650899991
2015-04-20,Equity,-0.0249771085957323
2015-04-21,Equity,-0.0002716127438927
2015-04-22,Equity,0.0099185271503523
2015-04-23,Equity,-0.0085947896992525
2015-04-24,Equity,0.0034228868823137
2015-04-27,Equity,-0.0202602256028493
2015-04-28,Equity,0.0163945962653558
2015-04-29,Equity,0.0027710084119958
2015-04-30,Equity,-0.0121343509137915
2015-05-04,Equity,0.0298287947359664
2015-05-05,Equity,-0.0025585614311039
2015-05-06,Equity,-0.024754448903493
2015-05-07,Equity,-0.0025204999239539
2015-05-08,Equity,0.0158812582359309
2015-05-11,Equity,0.0231143670581343
2015-05-12,Equity,-0.0171711713067213
2015-05-13,Equity,-0.000337614106991
2015-05-14,Equity,0.0093686764041422
2015-05-15,Equity,-0.0083612582023193
2015-05-18,Equity,0.0220312086226782
2015-05-19,Equity,0.0083582632573805
2015-05-20,Equity,-0.0015424796459317
2015-05-21,Equity,-0.003253632102586
2015-05-22,Equity,-0.0040390234881914
2015-05-25,Equity,-0.0119053261052197
2015-05-26,Equity,-0.0058559669499292
2015-05-27,Equity,0.005967695474557
2015-05-28,Equity,0.0089108012498677
2015-05-29,Equity,0.0252472219738783
2015-06-01,Equity,-0.0042269873669451
2015-06-02,Equity,-0.0247273673951549
2015-06-03,Equity,-0.0254725757139862
2015-06-04,Equity,-0.0066939968633088
2015-06-05,Equity,0.0060571362956628
2015-06-08,Equity,0.0045305283294882
2015-06-09,Equity,-0.012278619255721
2015-06-10,Equity,0.0082809548302226
2015-06-11,Equity,-0.0194941216757404
2015-06-12,Equity,0.0047445577361405
2015-06-15,Equity,-0.0022935275569319
2015-06-16,Equity,0.0078602347402142
2015-06-17,Equity,0.0020080240642827
2015-06-18,Equity,0.010448211998196
2015-06-19,Equity,0.0108296086370711
2015-06-22,Equity,0.0159319483770808
2015-06-23,Equity,0.0002148575721213
2015-06-24,Equity,-0.0030466120480848
2015-06-25,Equity,0.0040364713851961
2015-06-26,Equity,-0.0046725186540368
2015-06-29,Equity,-0.0092513938646274
2015-06-30,Equity,0.0191119229668416
2015-07-01,Equity,0.0148906960492645
2015-07-02,Equity,-0.0030279222847763
2015-07-03,Equity,0.0106122215958735
2015-07-06,Equity,0.0020195957967742
2015-07-07,Equity,0.0083531048649041
2015-07-08,Equity,-0.0141031580152049
2015-07-09,Equity,-0.004683706467023
2015-07-10,Equity,0.0077239409225001
2015-07-13,Equity,-0.0004136516919104
2015-07-14,Equity,-0.0093702875817078
2015-07-15,Equity,-0.0010068561573392
2015-07-16,Equity,0.0113276342405571
2015-07-17,Equity,0.0143692039031926
2015-07-20,Equity,0.0174071345211281
2015-07-21,Equity,-0.0031967916743346
2015-07-22,Equity,0.0165056434540825
2015-07-23,Equity,-0.0191701628418326
2015-07-24,Equity,-0.0119868607873864
2015-07-27,Equity,-0.0248427166907269
2015-07-28,Equity,-0.0075372508254778
2015-07-29,Equity,0.0035188178677184
2015-07-30,Equity,0.0021053317351307
2015-07-31,Equity,-0.0023484041275372
2015-08-03,Equity,0.0074786852002266
2015-08-04,Equity,-0.0113428433766281
2015-08-05,Equity,0.0082079166459277
2015-08-06,Equity,0.0193086645840485
2015-08-07,Equity,-0.0098553748186692
2015-08-10,Equity,-0.0244959281130778
2015-08-11,Equity,-0.0094068668070833
2015-08-12,Equity,-0.0042337020019421
2015-08-13,Equity,0.0167332269941062
2015-08-14,Equity,0.0099350158377756
2015-08-17,Equity,-0.0005687797337532
2015-08-18,Equity,-0.004690576118548
2015-08-19,Equity,0.0028304817528049
2015-08-20,Equity,0.0070464802950534
2015-08-21,Equity,-0.0204186125495284
2015-08-24,Equity,-0.0568210635885997
2015-08-25,Equity,0.013223283792935
2015-08-26,Equity,-0.0022881006924035
2015-08-27,Equity,0.021245969950945
2015-08-28,Equity,0.0094319514383249
2015-08-31,Equity,-0.0066635536224955
2015-09-01,Equity,-0.0208116604419799
2015-09-02,Equity,-0.0112885157584759
2015-09-03,Equity,0.0190084828550153
2015-09-04,Equity,-0.0241256536601629
2015-09-07,Equity,-0.0092565964288952
2015-09-08,Equity,0.0171916580156531
2015-09-09,Equity,0.02626285817712
2015-09-10,Equity,-0.0040121038749954
2015-09-11,Equity,-0.0137302161385871
2015-09-14,Equity,0.0210446212825958
2015-09-15,Equity,-0.0124271251786307
2015-09-16,Equity,0.0040172328209385
2015-09-18,Equity,0.006010520465655
2015-09-21,Equity,0.0106941686291255
2015-09-22,Equity,-0.037482150131466
2015-09-23,Equity,0.0297478914070807
2015-09-24,Equity,0.0116225237855062
2015-09-28,Equity,-0.0071661449476898
2015-09-29,Equity,0.0059667279266275
2015-09-30,Equity,0.0160481660128432
2015-10-01,Equity,0.0047205865707364
2015-10-05,Equity,0.0266417048674677
2015-10-06,Equity,0.0088831356386741
2015-10-07,Equity,0.0040217111681868
2015-10-08,Equity,-0.0071546343394098
2015-10-09,Equity,0.0065135434178042
2015-10-12,Equity,-0.006888299852945
2015-10-13,Equity,0.0079089025843268
2015-10-14,Equity,0.0021216005498815
2015-10-15,Equity,-0.0143922036001075
2015-10-16,Equity,0.0127176189055568
2015-10-19,Equity,0.0063369791971542
2015-10-20,Equity,-0.001468924845044
2015-10-21,Equity,-0.0040125311125176
2015-10-23,Equity,0.0145948394169121
2015-10-26,Equity,0.0036730391140263
2015-10-27,Equity,-0.0092301852380005
2015-10-28,Equity,-0.0039379266343184
2015-10-29,Equity,-0.0147488307672996
2015-10-30,Equity,-0.0164015917031851
2015-11-02,Equity,-0.0065734417768858
2015-11-03,Equity,0.0084288877881522
2015-11-04,Equity,0.0053817969807614
2015-11-05,Equity,-0.0061360989507628
2015-11-06,Equity,0.0059561622061709
2015-11-09,Equity,-0.0004861049673103
2015-11-10,Equity,-0.0214896876115368
2015-11-13,Equity,0.0010444528786694
2015-11-16,Equity,0.0124168383334521
2015-11-17,Equity,0.0102988871220079
2015-11-18,Equity,-0.0036814302528841
2015-11-19,Equity,0.0203162843841692
2015-11-20,Equity,0.0048711476363615
2015-11-23,Equity,0.0079320657247503
2015-11-24,Equity,-0.0021607801123719
2015-11-26,Equity,-8.973003831845919e-05
2015-11-27,Equity,0.0064665305362229
2015-11-30,Equity,-0.0065972139227884
2015-12-01,Equity,-0.0026251460140731
2015-12-02,Equity,-0.0038165643271445
2015-12-03,Equity,-0.0145120903009536
2015-12-04,Equity,-0.0126225467886369
2015-12-07,Equity,-0.0169692221721176
2015-12-08,Equity,-0.0061966672921491
2015-12-09,Equity,-0.01127223981376
2015-12-10,Equity,0.0030637579054775
2015-12-11,Equity,-0.0039075870098437
2015-12-14,Equity,0.0130038813197547
2015-12-15,Equity,-0.0059134506008233
2015-12-16,Equity,0.0006909494547355
2015-12-17,Equity,0.0062035509396559
2015-12-18,Equity,-0.0177235879897505
2015-12-21,Equity,0.0162762348598422
2015-12-22,Equity,-0.0074220820854243
2015-12-23,Equity,0.0084393489175981
2015-12-24,Equity,-0.0163538866666791
2015-12-28,Equity,0.0135374838602813
2015-12-29,Equity,-0.0091345439932625
2015-12-30,Equity,-0.0033446908956418
2015-12-31,Equity,0.0088638117875027
2016-01-04,Equity,-0.0083268709028582
2016-01-05,Equity,-0.0110240667816287
2016-01-06,Equity,-0.0294632732777723
2016-01-07,Equity,-0.0205390079711914
2016-01-08,Equity,0.0190710270499182
2016-01-11,Equity,0.0052782366765246
2016-01-12,Equity,-0.0051024912354907
2016-01-13,Equity,0.0033040633598583
2016-01-14,Equity,0.0033717990864865
2016-01-15,Equity,-0.0206239181813233
2016-01-18,Equity,-0.0075592294000205
2016-01-19,Equity,0.0157843948818556
2016-01-20,Equity,-0.0081381054525786
2016-01-21,Equity,0.0179308899772708
2016-01-22,Equity,0.0234550481824498
2016-01-25,Equity,-0.0019259967851992
2016-01-27,Equity,0.0003105837435246
2016-01-28,Equity,-0.0156139057038704
2016-01-29,Equity,0.0134502346077961
2016-02-01,Equity,-0.0039790270507322
2016-02-02,Equity,-0.0171803001439605
2016-02-03,Equity,-0.0110556863714191
2016-02-04,Equity,-0.0005470390439288
2016-02-05,Equity,0.0207620456703421
2016-02-08,Equity,-0.0132981213348888
2016-02-09,Equity,-0.0118289295835595
2016-02-10,Equity,-0.0136273146190284
2016-02-11,Equity,-0.0316292121121194
2016-02-12,Equity,0.007560170694069
2016-02-15,Equity,0.0194339077737388
2016-02-16,Equity,-0.020977914299044
2016-02-17,Equity,0.0064113467107295
2016-02-18,Equity,0.0012514525770091
2016-02-19,Equity,-0.0036121467933697
2016-02-22,Equity,-0.0002091665393748
2016-02-23,Equity,-0.0099830867705726
2016-02-24,Equity,-0.0103780413244103
2016-02-25,Equity,-0.0050044153804014
2016-02-26,Equity,0.0155928092554127
2016-02-29,Equity,-0.0068731868058615
2016-03-01,Equity,0.0370931510456667
2016-03-02,Equity,0.0197655870293772
2016-03-03,Equity,0.016909555272841
2016-03-04,Equity,-0.0030578261402559
2016-03-08,Equity,-0.0192172561194506
2016-03-09,Equity,0.0054379427292974
2016-03-10,Equity,0.0056210297358253
2016-03-11,Equity,0.010922361661256
2016-03-14,Equity,0.0118246504028171
2016-03-15,Equity,-0.0001773813313369
2016-03-16,Equity,0.0061227773140764
2016-03-17,Equity,0.0037188063310233
2016-03-18,Equity,0.0075783767667471
2016-03-21,Equity,0.0109086216545773
2016-03-22,Equity,0.0066085104181127
2016-03-23,Equity,0.0101384790510588
2016-03-28,Equity,-0.013956230134658
2016-03-29,Equity,-0.0056783834211361
2016-03-30,Equity,0.0184956407187006
2016-03-31,Equity,0.0055233093526979
2016-04-01,Equity,-0.0145267221711856
2016-04-04,Equity,-0.0121379417800046
2016-04-05,Equity,-0.0241588925806305
2016-04-06,Equity,-0.00799922449447
2016-04-07,Equity,-0.0126824817593833
2016-04-08,Equity,0.0002772430053889
2016-04-11,Equity,0.0120541090889082
2016-04-12,Equity,0.0168145826052967
2016-04-13,Equity,0.0212692459854624
2016-04-18,Equity,0.0108880388885694
2016-04-20,Equity,0.0052839498338475
2016-04-21,Equity,-0.0091518248414849
2016-04-22,Equity,0.0070014282046408
2016-04-25,Equity,-0.005907876612248
2016-04-26,Equity,0.0193620518661708
2016-04-27,Equity,-0.0061084936248332
2016-04-28,Equity,-0.028753073419785
2016-04-29,Equity,0.0071680469768384
2016-05-02,Equity,-0.0022812106617174
2016-05-03,Equity,-0.0144619745200291
2016-05-04,Equity,-0.0118787058780922
2016-05-05,Equity,0.0130600484716064
2016-05-06,Equity,-0.0094802818519426
2016-05-09,Equity,0.030587625733532
2016-05-10,Equity,-0.0041399185484667
2016-05-11,Equity,0.0004691668970832
2016-05-12,Equity,0.0042388683767752
2016-05-13,Equity,-0.0056967375338812
2016-05-16,Equity,0.001814098210882
2016-05-17,Equity,0.0028140864814092
2016-05-18,Equity,-0.0019833106853238
2016-05-19,Equity,-0.0187401613587263
2016-05-20,Equity,0.0018969049807375
2016-05-23,Equity,-0.0062123036457722
2016-05-24,Equity,0.0007736425730696
2016-05-25,Equity,0.0163551938844207
2016-05-26,Equity,-0.003216728520209
2016-05-27,Equity,0.009552914758027
2016-05-30,Equity,0.0222797312067386
2016-05-31,Equity,0.0043270449354822
2016-06-01,Equity,0.0025784971288743
2016-06-02,Equity,0.0029646285566221
2016-06-03,Equity,0.0007047691893571
2016-06-06,Equity,0.0022745102796604
2016-06-07,Equity,-0.0011718660817045
2016-06-08,Equity,0.0100129343070163
2016-06-09,Equity,-0.0023717007413723
2016-06-10,Equity,0.0019558414684191
2016-06-13,Equity,-0.003468735659335
2016-06-14,Equity,0.0002411662432143
2016-06-15,Equity,0.0177375598522222
2016-06-16,Equity,-0.0029894691528369
2016-06-17,Equity,0.0010853011051506
2016-06-20,Equity,0.0040708101901278
2016-06-21,Equity,-0.0011427947644441
2016-06-22,Equity,0.0107213106489818
2016-06-23,Equity,-0.0014762842767908
2016-06-24,Equity,-0.0334281342653507
2016-06-27,Equity,0.0023722466070775
2016-06-28,Equity,0.0048023616669679
2016-06-29,Equity,0.0110557425152817
2016-06-30,Equity,0.0124600604930681
2016-07-01,Equity,0.0034131312465028
2016-07-04,Equity,0.0173040189563267
2016-07-05,Equity,-0.0166586169197616
2016-07-07,Equity,-0.0060940262265163
2016-07-08,Equity,-0.0022890952807036
2016-07-11,Equity,0.0045396528994825
2016-07-12,Equity,0.0051697400205941
2016-07-13,Equity,0.0134098817777609
2016-07-14,Equity,0.0058077809139385
2016-07-15,Equity,-0.0006097470303742
2016-07-18,Equity,-0.0136097530169501
2016-07-19,Equity,-0.0022980309073443
2016-07-20,Equity,0.0016719514837118
2016-07-21,Equity,-0.0087501236228441
2016-07-22,Equity,0.0142077005257225
2016-07-25,Equity,0.0158197162290568
2016-07-26,Equity,-0.0138026203251702
2016-07-27,Equity,0.0051995714081737
2016-07-28,Equity,0.0101470986641261
2016-07-29,Equity,0.0062133867493937
2016-08-01,Equity,0.0127185692486967
2016-08-02,Equity,-0.0094011779368642
2016-08-03,Equity,-0.0152384294821412
2016-08-04,Equity,-0.00902918811404
2016-08-05,Equity,0.013870390890595
2016-08-08,Equity,0.0072784462129531
2016-08-09,Equity,0.0043990801046324
2016-08-10,Equity,-0.0121706215054769
2016-08-11,Equity,-0.0002937659799711
2016-08-16,Equity,0.0073798148584453
2016-08-17,Equity,-0.0085217151990952
2016-08-18,Equity,0.0227213087504608
2016-08-19,Equity,-0.0132933793448376
2016-08-22,Equity,-0.0025777271357374
2016-08-23,Equity,0.016888566828388
2016-08-24,Equity,0.0024047886869104
2016-08-25,Equity,-0.0079367973368091
2016-08-26,Equity,-0.0048465667318374
2016-08-29,Equity,0.0029280462322429
2016-08-30,Equity,0.0271875459959614
2016-08-31,Equity,-0.0126088805717562
2016-09-01,Equity,0.0112529303976558
2016-09-02,Equity,-0.0071028943126032
2016-09-06,Equity,0.013303546556819
2016-09-07,Equity,-0.0059350069879623
2016-09-08,Equity,0.0088826129310028
2016-09-09,Equity,-0.0220688881060501
2016-09-12,Equity,-0.013043973697353
2016-09-14,Equity,0.0177565817746065
2016-09-15,Equity,-0.0087776245182963
2016-09-16,Equity,0.0060841168498816
2016-09-19,Equity,-0.001744004313236
2016-09-20,Equity,1.743794304513756e-05
2016-09-21,Equity,0.0005956177466634
2016-09-22,Equity,0.0054561595824365
2016-09-23,Equity,0.0001544198056458
2016-09-26,Equity,0.002449285458655
2016-09-27,Equity,-0.003135899255272
2016-09-28,Equity,0.0105088122118875
2016-09-29,Equity,-0.0276445534737372
2016-09-30,Equity,-0.0050351353474409
2016-10-03,Equity,0.0188216728949556
2016-10-04,Equity,0.0157264218525404
2016-10-05,Equity,0.0002711739666994
2016-10-06,Equity,-0.006138657584335
2016-10-07,Equity,-0.0010777483222031
2016-10-10,Equity,-0.0084155278054037
2016-10-13,Equity,-0.0104171336759296
2016-10-14,Equity,0.0085309929008967
2016-10-17,Equity,-0.0106564711461222
2016-10-18,Equity,0.0150247096208063
2016-10-19,Equity,0.0002605131551498
2016-10-20,Equity,0.0014603958999475
2016-10-21,Equity,-0.0009590636358541
2016-10-24,Equity,0.0189268666321665
2016-10-25,Equity,-0.0037029011581483
2016-10-26,Equity,-0.0113168283804036
2016-10-27,Equity,-0.0048803344450812
2016-10-28,Equity,0.0088942020324098
2016-11-01,Equity,-0.0025100619664347
2016-11-02,Equity,-0.0179075911751411
2016-11-03,Equity,0.0074584279491049
2016-11-04,Equity,0.0056225876370804
2016-11-07,Equity,0.0030021463414388
2016-11-08,Equity,-0.0091598319747235
2016-11-09,Equity,-0.0046965012856681
2016-11-10,Equity,0.0059413200276961
2016-11-11,Equity,-0.0202876064505767
2016-11-15,Equity,-0.0381034078107638
2016-11-16,Equity,0.0078292502722149
2016-11-17,Equity,-0.0132911829645379
2016-11-18,Equity,0.0054220865025122
2016-11-21,Equity,-0.0175444731710133
2016-11-22,Equity,0.0019002645605435
2016-11-23,Equity,0.0009175958488366
2016-11-24,Equity,-0.0026492972817827
2016-11-25,Equity,0.0198276910197494
2016-11-28,Equity,0.0065281300838173
2016-11-29,Equity,0.0179880089669666
2016-11-30,Equity,-0.0020998845595322
2016-12-01,Equity,0.00939556923918
2016-12-02,Equity,-0.011815460800756
2016-12-05,Equity,-0.001702782115318
2016-12-06,Equity,-0.008571030938097
2016-12-07,Equity,-0.0062601620786045
2016-12-08,Equity,0.0255451972639843
2016-12-09,Equity,0.0010864049453666
2016-12-12,Equity,0.0013806522404173
2016-12-13,Equity,-0.0050676664961933
2016-12-14,Equity,-0.0045827207668604
2016-12-15,Equity,-0.0132449982439871
2016-12-16,Equity,0.0014736373100338
2016-12-19,Equity,0.0030827565406291
2016-12-20,Equity,-0.0057745404367969
2016-12-21,Equity,-0.023144333676831
2016-12-22,Equity,-0.0083052452404269
2016-12-23,Equity,0.0046273234935589
2016-12-26,Equity,-0.0061704286115289
2016-12-27,Equity,0.0259419680465426
2016-12-28,Equity,-0.0080194518046354
2016-12-29,Equity,0.0142982045916769
2016-12-30,Equity,0.0199836636884342
2017-01-02,Equity,-0.0146983022794469
2017-01-03,Equity,0.0044159895935978
2017-01-04,Equity,-0.0039470551758773
2017-01-05,Equity,0.0098181140412902
2017-01-06,Equity,-0.0005444916715642
2017-01-09,Equity,-0.0045379289742992
2017-01-10,Equity,0.0012747975947998
2017-01-11,Equity,0.0116789290602632
2017-01-12,Equity,-0.00522997893603
2017-01-13,Equity,-0.0092014485163738
2017-01-16,Equity,0.0072170906868543
2017-01-17,Equity,-0.0106495531455586
2017-01-18,Equity,0.0078929434461877
2017-01-19,Equity,0.0061510938185354
2017-01-20,Equity,-0.0236723088849224
2017-01-23,Equity,-7.217302458518895e-05
2017-01-24,Equity,0.019898731708619
2017-01-25,Equity,0.0074286363254457
2017-01-27,Equity,0.0010600790281413
2017-01-30,Equity,0.00301283316077
2017-01-31,Equity,-0.0017095195575483
2017-02-01,Equity,0.0164041653201187
2017-02-02,Equity,-0.002432262667272
2017-02-03,Equity,0.0124460763120842
2017-02-06,Equity,0.0210868353167874
2017-02-07,Equity,0.0044097174150673
2017-02-08,Equity,0.0010680805369717
2017-02-09,Equity,-0.0050998088806744
2017-02-10,Equity,-0.0046177950469053
2017-02-13,Equity,0.0057878895938844
2017-02-14,Equity,0.0021991530719153
2017-02-15,Equity,0.0038242873415878
2017-02-16,Equity,0.011612670793623
2017-02-17,Equity,-0.0067462651854958
2017-02-20,Equity,0.0152335988665541
2017-02-21,Equity,-0.0044579090395634
2017-02-22,Equity,-0.0006331192008707
2017-02-23,Equity,0.0037130220561639
2017-02-27,Equity,0.0114776219600526
2017-02-28,Equity,0.0232572216412398
2017-03-01,Equity,0.0126090975755638
2017-03-02,Equity,-0.0063132182909175
2017-03-03,Equity,0.0043288252870045
2017-03-06,Equity,0.0148078207312651
2017-03-07,Equity,-0.0041117064471031
2017-03-08,Equity,0.0121356108697923
2017-03-09,Equity,0.0024431327030254
2017-03-10,Equity,0.0051276716856783
2017-03-14,Equity,0.0226903908819874
2017-03-15,Equity,0.0034305672865333
2017-03-16,Equity,0.0145956636773081
2017-03-17,Equity,-0.0039443596261662
2017-03-20,Equity,-0.0077908697954998
2017-03-21,Equity,-0.0090873736166961
2017-03-22,Equity,-0.0061658796126383
2017-03-23,Equity,0.0127160795256272
2017-03-24,Equity,0.006350415298711
2017-03-27,Equity,0.0068009235810204
2017-03-28,Equity,0.0064020951773693
2017-03-29,Equity,0.0103747926991643
2017-03-30,Equity,-0.005158142109156
2017-03-31,Equity,-0.0027967976197952
2017-04-03,Equity,0.0128515874536314
2017-04-05,Equity,0.0100481346714062
2017-04-06,Equity,-0.0023971369161626
2017-04-07,Equity,-0.0071450389830153
2017-04-10,Equity,-0.0136748077802996
2017-04-11,Equity,0.0034939876010706
2017-04-12,Equity,0.0037909548082665
2017-04-13,Equity,-0.0008190830247117
2017-04-17,Equity,0.0030486050203554
2017-04-18,Equity,-0.0030383564953847
2017-04-19,Equity,0.0001752462503167
2017-04-20,Equity,-0.0013685315890121
2017-04-21,Equity,0.0040299383294885
2017-04-24,Equity,0.01447439369023
2017-04-25,Equity,0.0138531927709538
2017-04-26,Equity,0.0009538623090186
2017-04-27,Equity,-0.0179638877908347
2017-04-28,Equity,0.0049988688154744
2017-05-02,Equity,-0.0024827688862298
2017-05-03,Equity,-0.0068007941659629
2017-05-04,Equity,0.0109971495698702
2017-05-05,Equity,-0.0108063340090342
2017-05-08,Equity,0.011875783125914
2017-05-09,Equity,0.0055366477379281
2017-05-10,Equity,0.0154767927889429
2017-05-11,Equity,-0.0090224469342742
2017-05-12,Equity,0.0077137554078117
2017-05-15,Equity,0.0071235933903724
2017-05-16,Equity,0.0044232604529264
2017-05-17,Equity,0.0028663303201462
2017-05-18,Equity,-0.0240193015611105
2017-05-19,Equity,0.0034048645859866
2017-05-22,Equity,-0.0068372080940327
2017-05-23,Equity,-0.0160414120178954
2017-05-24,Equity,-0.0146063586537429
2017-05-25,Equity,0.0251407625378563
2017-05-26,Equity,0.0042408511169736
2017-05-29,Equity,0.0135912577924519
2017-05-30,Equity,-0.0019406420177614
2017-05-31,Equity,-0.0137017165478358
2017-06-01,Equity,-0.0091675096029983
2017-06-02,Equity,0.014075844375315
2017-06-05,Equity,0.0012903045412863
2017-06-06,Equity,-0.0080086578599065
2017-06-07,Equity,0.0043558625815673
2017-06-08,Equity,0.0025913146369915
2017-06-09,Equity,0.0114159766579823
2017-06-12,Equity,0.0065251195470016
2017-06-13,Equity,-0.0035660448044
2017-06-14,Equity,-0.0091373482164701
2017-06-15,Equity,-0.0071769829774483
2017-06-16,Equity,0.0034262979262507
2017-06-19,Equity,-0.0001614649239297
2017-06-20,Equity,-0.0077765481218901
2017-06-21,Equity,0.0009888340903645
2017-06-22,Equity,-0.0004628703572569
2017-06-23,Equity,-0.0051541146584622
2017-06-27,Equity,-0.012405052520492
2017-06-28,Equity,-0.0036617571148532
2017-06-29,Equity,-0.0057400277381053
2017-06-30,Equity,0.0091893277315991
2017-07-03,Equity,0.0184654726593113
2017-07-04,Equity,-0.0146463302835001
2017-07-05,Equity,-0.0046083591313185
2017-07-06,Equity,-0.0078382715593826
2017-07-07,Equity,-0.0058046263251084
2017-07-10,Equity,0.0105214037430469
2017-07-11,Equity,-0.0097620145318721
2017-07-12,Equity,-0.0040042008273652
2017-07-13,Equity,-2.9965947243723416e-05
2017-07-14,Equity,0.0014172219240243
2017-07-17,Equity,0.0038488412001124
2017-07-18,Equity,-0.0144291495897563
2017-07-19,Equity,0.0090869196806126
2017-07-20,Equity,-0.0067300940490824
2017-07-21,Equity,0.0023756116937697
2017-07-24,Equity,0.0188463762720718
2017-07-25,Equity,0.0108380059346944
2017-07-26,Equity,-0.004466632781039
2017-07-27,Equity,0.0069278214778671
2017-07-28,Equity,0.0061874326406702
2017-07-31,Equity,-0.002635209173369
2017-08-01,Equity,0.0105765692765439
2017-08-02,Equity,0.0093259925240943
2017-08-03,Equity,-0.0154104689865818
2017-08-04,Equity,-0.0017722133334931
2017-08-07,Equity,0.0075472283505435
2017-08-08,Equity,-0.0053680938773634
2017-08-09,Equity,-0.0023533446933254
2017-08-10,Equity,-0.0058367480517153
2017-08-11,Equity,-0.007719789961818
2017-08-14,Equity,-0.0017284895925055
2017-08-16,Equity,0.0192102784497881
2017-08-17,Equity,0.0103488871034658
2017-08-18,Equity,-0.0082747247436918
2017-08-21,Equity,-0.0084901660114459
2017-08-22,Equity,-0.0108006342790047
2017-08-23,Equity,0.0133178066071605
2017-08-24,Equity,0.0053382514329773
2017-08-28,Equity,0.0054583223572726
2017-08-29,Equity,-0.0024828749106748
2017-08-30,Equity,0.0066463834536057
2017-08-31,Equity,0.0082060261813891
2017-09-01,Equity,-0.0021605444482216
2017-09-04,Equity,-0.0060592925317755
2017-09-05,Equity,0.0028748202226937
2017-09-06,Equity,-0.0015148272019866
2017-09-07,Equity,-0.0012746181411147
2017-09-08,Equity,-0.0002583806435427
2017-09-11,Equity,0.0140801373869058
2017-09-12,Equity,0.0055006259543028
2017-09-13,Equity,-0.0139149404113685
2017-09-14,Equity,0.0150209085148981
2017-09-15,Equity,0.0112327403569601
2017-09-18,Equity,-0.0033255055182593
2017-09-19,Equity,0.0052710505794741
2017-09-20,Equity,-0.0043544345432086
2017-09-21,Equity,0.0005096909849004
2017-09-22,Equity,-0.0129065260702098
2017-09-25,Equity,-0.0107881380047967
2017-09-26,Equity,-0.0060815052467489
2017-09-27,Equity,-0.0189760378851764
2017-09-28,Equity,-0.003619403047189
2017-09-29,Equity,-0.0043431625526895
2017-10-03,Equity,0.0070057334219952
2017-10-04,Equity,0.0001929059002892
2017-10-05,Equity,0.0031139093617083
2017-10-06,Equity,0.0214003920285594
2017-10-09,Equity,-0.0034336046326862
2017-10-10,Equity,0.0050384316306126
2017-10-11,Equity,0.0010878821524582
2017-10-12,Equity,0.0152530660922517
2017-10-13,Equity,0.0079447842869259
2017-10-16,Equity,0.012476986725387
2017-10-17,Equity,0.0045099258277893
2017-10-18,Equity,-0.0119072938861015
2017-10-19,Equity,0.0009560443501968
2017-10-23,Equity,0.0111729895564196
2017-10-24,Equity,-0.0035627028391428
2017-10-25,Equity,0.0091901002898417
2017-10-26,Equity,0.0104726591441662
2017-10-27,Equity,-0.0033805431937511
2017-10-30,Equity,0.0128168273905087
2017-10-31,Equity,0.0164754008058918
2017-11-01,Equity,0.0041908387522175
2017-11-02,Equity,-0.0123479157843317
2017-11-03,Equity,0.0054838820838072
2017-11-06,Equity,0.0060055117307962
2017-11-07,Equity,-0.0112724726163173
2017-11-08,Equity,0.0073850884875682
2017-11-09,Equity,-0.0098459307392144
2017-11-10,Equity,0.0070849695610329
2017-11-13,Equity,-0.0139251223000794
2017-11-14,Equity,0.0103043364291904
2017-11-15,Equity,0.0095107128832469
2017-11-16,Equity,0.0037239443049766
2017-11-17,Equity,0.0026437577368826
2017-11-20,Equity,0.0086499606321576
2017-11-21,Equity,-6.366584402559558e-05
2017-11-22,Equity,0.0014279044658404
2017-11-23,Equity,0.0011267786400043
2017-11-24,Equity,-0.0111003667388916
2017-11-27,Equity,0.0011373147391242
2017-11-28,Equity,-0.0080352330648853
2017-11-29,Equity,-0.0045080471449029
2017-11-30,Equity,-0.0011560690569457
2017-12-01,Equity,-0.0199950014069366
2017-12-04,Equity,0.0073935009090401
2017-12-05,Equity,-0.0028697202775882
2017-12-06,Equity,-0.0092664623056421
2017-12-07,Equity,0.0188292047664422
2017-12-08,Equity,0.0127531843551512
2017-12-11,Equity,0.0103783987122632
2017-12-12,Equity,9.182286056655732e-05
2017-12-13,Equity,-0.0069597934436916
2017-12-14,Equity,0.00120507905416
2017-12-15,Equity,-0.0004657143404373
2017-12-18,Equity,-0.0009322731832908
2017-12-19,Equity,0.0310591801708491
2017-12-20,Equity,0.008441548614954
2017-12-21,Equity,-0.0108820453185939
2017-12-22,Equity,-0.0052318971818747
2017-12-26,Equity,0.0078240412355757
2017-12-27,Equity,0.000808774031115
2017-12-28,Equity,0.0034662193253909
2017-12-29,Equity,0.0032995125211032
2018-01-02,Equity,-0.0091076336582653
2018-01-03,Equity,0.0030188014516779
2018-01-04,Equity,0.0068856816846867
2018-01-05,Equity,-0.0123091545534112
2018-01-08,Equity,0.0045938997865332
2018-01-09,Equity,-0.0052498719871171
2018-01-10,Equity,0.0012504546597667
2018-01-11,Equity,0.0259690963103414
2018-01-12,Equity,0.0060611132885376
2018-01-15,Equity,0.0034371508956413
2018-01-16,Equity,0.0038481848770615
2018-01-17,Equity,0.0123947650415115
2018-01-18,Equity,0.0062978291009697
2018-01-19,Equity,0.0123379604554877
2018-01-22,Equity,0.0233151725264749
2018-01-23,Equity,0.001967633987298
2018-01-24,Equity,0.0042965509211739
2018-01-25,Equity,-0.0085858469268268
2018-01-29,Equity,0.0102320793684459
2018-01-30,Equity,-0.0143043973213551
2018-01-31,Equity,-0.0050254403743224
2018-02-01,Equity,-0.0030400535809057
2018-02-02,Equity,-0.0151577939746736
2018-02-05,Equity,-0.0010925655619339
2018-02-06,Equity,-0.0254440185648657
2018-02-07,Equity,-0.0013132315806031
2018-02-08,Equity,0.0041826128534226
2018-02-09,Equity,-0.0212931548504809
2018-02-12,Equity,0.0066748352514983
2018-02-14,Equity,-0.0058538709297675
2018-02-15,Equity,0.0239609495307694
2018-02-16,Equity,-0.0050742328581641
2018-02-19,Equity,-0.0177910982911377
2018-02-20,Equity,-0.005952563354815
2018-02-21,Equity,0.0120471641290221
2018-02-22,Equity,0.0155889251448465
2018-02-23,Equity,-0.0019522758194868
2018-02-26,Equity,-0.0060129276262923
2018-02-27,Equity,0.0125935387132663
2018-02-28,Equity,-0.0024053766855083
2018-03-01,Equity,-0.0099342952027055
2018-03-05,Equity,-0.0049368967278385
2018-03-06,Equity,-0.0313662696378888
2018-03-07,Equity,-0.008946826196997
2018-03-08,Equity,0.0116332697442887
2018-03-09,Equity,0.0061515153510559
2018-03-12,Equity,0.0112123624697187
2018-03-13,Equity,0.0015083846715928
2018-03-14,Equity,-0.0086330266998515
2018-03-15,Equity,-0.0025316284048663
2018-03-16,Equity,-0.0227891803103025
2018-03-19,Equity,-0.0128617073728132
2018-03-20,Equity,-0.0046846662224425
2018-03-21,Equity,0.0085611764208545
2018-03-22,Equity,0.0031795239525782
2018-03-23,Equity,-0.013114589840808
2018-03-26,Equity,0.0138685490282546
2018-03-27,Equity,-0.0060077278338656
2018-03-28,Equity,-0.0090150442686612
2018-04-02,Equity,0.0095980385019856
2018-04-03,Equity,0.0245175047536508
2018-04-04,Equity,-0.0199768596200537
2018-04-05,Equity,0.0314389927700058
2018-04-06,Equity,0.0088994827605231
2018-04-09,Equity,0.0071668344127154
2018-04-10,Equity,0.0165753054543779
2018-04-11,Equity,0.0047092637500923
2018-04-12,Equity,0.0073970885669343
2018-04-13,Equity,0.0019737012318752
2018-04-16,Equity,0.0146445880972764
2018-04-17,Equity,0.0110046860671325
2018-04-18,Equity,-0.0068383825119963
2018-04-19,Equity,-0.006539473875546
2018-04-20,Equity,-0.0014421569334821
2018-04-23,Equity,-0.0041455287662408
2018-04-24,Equity,0.0025929610660623
2018-04-25,Equity,0.0060730341867071
2018-04-26,Equity,0.0011115529269167
2018-04-27,Equity,0.006973932508212
2018-04-30,Equity,0.0051645265701558
2018-05-02,Equity,0.0051041049128902
2018-05-03,Equity,-0.0212578013324394
2018-05-04,Equity,-0.0103028908066374
2018-05-07,Equity,0.0111490292208577
2018-05-08,Equity,0.0101152557648486
2018-05-09,Equity,-0.0014052478451281
2018-05-10,Equity,-0.0170538005890706
2018-05-11,Equity,0.0136512694404466
2018-05-14,Equity,-0.0047736815679223
2018-05-15,Equity,-0.0096568794918573
2018-05-16,Equity,-0.0103187999444428
2018-05-17,Equity,-0.0066132080270427
2018-05-18,Equity,-0.0126164209172375
2018-05-21,Equity,-0.0248659689813516
2018-05-22,Equity,0.0093782667767447
2018-05-23,Equity,0.0004056519416315
2018-05-24,Equity,0.0135176602267504
2018-05-25,Equity,-0.0001176269630854
2018-05-28,Equity,0.0065616005803269
2018-05-29,Equity,-0.0049306153127746
2018-05-30,Equity,0.0033081994676771
2018-05-31,Equity,0.0171218293785169
2018-06-01,Equity,-0.0092944816435123
2018-06-04,Equity,-0.005373404303604
2018-06-05,Equity,0.0006323167774026
2018-06-06,Equity,0.0205842356127032
2018-06-07,Equity,0.0137696468387741
2018-06-08,Equity,0.0065475207307189
2018-06-11,Equity,0.0027630007763195
2018-06-12,Equity,0.0167658064847976
2018-06-13,Equity,0.0048554958976503
2018-06-14,Equity,-0.0110698430153572
2018-06-15,Equity,0.0124198489315173
2018-06-18,Equity,0.0042330985547347
2018-06-19,Equity,-0.0115221909627176
2018-06-20,Equity,0.002215412016324
2018-06-21,Equity,-0.0002005902372716
2018-06-22,Equity,0.0115233306246334
2018-06-25,Equity,-0.0036105030810822
2018-06-26,Equity,0.0034130223555854
2018-06-27,Equity,0.0048228055351628
2018-06-28,Equity,0.0011600695804377
2018-06-29,Equity,0.013648582471293
2018-07-02,Equity,0.0025104916424848
2018-07-03,Equity,-0.003962876081023
2018-07-04,Equity,0.0100255333767877
2018-07-05,Equity,0.0129034594335862
2018-07-06,Equity,0.000685951274499
2018-07-09,Equity,0.0009683488241949
2018-07-10,Equity,0.0037767815042073
2018-07-11,Equity,-0.0083211676409027
2018-07-12,Equity,0.0008631852955392
2018-07-13,Equity,-0.0030541334268031
2018-07-16,Equity,-0.0183909036076453
2018-07-17,Equity,0.0069350659340458
2018-07-18,Equity,0.0050109967776786
2018-07-19,Equity,-0.0090886094202433
2018-07-20,Equity,0.0173004978387018
2018-07-23,Equity,0.0111573130179193
2018-07-24,Equity,0.0130147323899475
2018-07-25,Equity,-0.0051692277836495
2018-07-26,Equity,0.010307222719111
2018-07-27,Equity,0.0015087236003911
2018-07-30,Equity,0.0110750140710246
2018-07-31,Equity,0.0049389960678767
2018-08-01,Equity,0.0038190573812845
2018-08-02,Equity,-0.018050483013477
2018-08-03,Equity,0.0034642705020898
2018-08-06,Equity,0.0073927864124978
2018-08-07,Equity,-0.0070803586912449
2018-08-08,Equity,0.0093219565367551
2018-08-09,Equity,-0.0088292251318128
2018-08-10,Equity,0.0034936168602529
2018-08-13,Equity,-0.016012787244339
2018-08-14,Equity,0.0117060145312668
2018-08-16,Equity,0.0009281896894188
2018-08-17,Equity,0.0022532580754065
2018-08-20,Equity,0.0120176514138217
2018-08-21,Equity,0.0040413294045237
2018-08-23,Equity,-0.0029866477884691
2018-08-24,Equity,-0.0099829712081215
2018-08-27,Equity,-0.0037328023945835
2018-08-28,Equity,0.007078555405565
2018-08-29,Equity,-0.0161882317185388
2018-08-30,Equity,-0.0002287888768642
2018-08-31,Equity,-0.001490701361846
2018-09-03,Equity,-0.0026697849507258
2018-09-04,Equity,-0.0074736366374972
2018-09-05,Equity,-0.0060984712875858
2018-09-06,Equity,0.0113784957788377
2018-09-07,Equity,0.0075050086928485
2018-09-10,Equity,-0.0102002373836231
2018-09-11,Equity,-0.0091123479919085
2018-09-12,Equity,-0.0046844316368195
2018-09-14,Equity,0.0191336478417789
2018-09-17,Equity,-0.0067366635166185
2018-09-18,Equity,-0.0165214401884634
2018-09-19,Equity,-0.005602566184934
2018-09-21,Equity,-0.0081368688697514
2018-09-24,Equity,-0.0165435097823163
2018-09-25,Equity,0.0120933518885775
2018-09-26,Equity,0.0105175525466584
2018-09-27,Equity,0.0020560534013206
2018-09-28,Equity,-0.0144882928948462
2018-10-01,Equity,0.0123988291779623
2018-10-03,Equity,-0.002699140108663
2018-10-04,Equity,-0.0204583626313458
2018-10-05,Equity,-0.0176532712705409
2018-10-08,Equity,0.0194611948192593
2018-10-09,Equity,0.0039477577574175
2018-10-10,Equity,0.0177346236719788
2018-10-11,Equity,-0.0128925495537375
2018-10-12,Equity,0.0246987444988403
2018-10-15,Equity,0.004310751679772
2018-10-16,Equity,0.0043614566255862
2018-10-17,Equity,0.000364859452201
2018-10-19,Equity,-0.0205494754091455
2018-10-22,Equity,0.0069007166427334
2018-10-23,Equity,-0.0053104372272508
2018-10-24,Equity,-0.0032122050639515
2018-10-25,Equity,-0.0065242873915633
2018-10-26,Equity,-0.0258731823585673
2018-10-29,Equity,0.0273229683594738
2018-10-30,Equity,0.0022652790188638
2018-10-31,Equity,0.0140149501604673
2018-11-01,Equity,0.0006963288946072
2018-11-02,Equity,0.0325558337746715
2018-11-05,Equity,-0.0064940073685785
2018-11-06,Equity,-0.0076011352688587
2018-11-07,Equity,0.0186490708118184
2018-11-09,Equity,0.0147552081271693
2018-11-12,Equity,-0.0094010016527177
2018-11-13,Equity,0.0179602874832283
2018-11-14,Equity,0.0104459159646911
2018-11-15,Equity,-0.0018199754675728
2018-11-16,Equity,0.0025870785739648
2018-11-19,Equity,0.0177484446671299
2018-11-20,Equity,0.0038204182765311
2018-11-21,Equity,-0.0004662226139079
2018-11-22,Equity,-0.0136535582512166
2018-11-26,Equity,0.0258718026775269
2018-11-27,Equity,0.0014151218240412
2018-11-28,Equity,0.0016664010804419
2018-11-29,Equity,0.0151416392129371
2018-11-30,Equity,0.0143955269457823
2018-12-03,Equity,0.0077753824096091
2018-12-04,Equity,0.0023096326281392
2018-12-05,Equity,-0.0039609036248263
2018-12-06,Equity,-0.0162072734470075
2018-12-07,Equity,0.013495282303522
2018-12-10,Equity,-0.0391300241332726
2018-12-11,Equity,0.0037144772725727
2018-12-12,Equity,0.0200944992809585
2018-12-13,Equity,-0.0038836940581712
2018-12-14,Equity,0.0046786675759472
2018-12-17,Equity,0.0063362302472943
2018-12-18,Equity,0.0162128295127925
2018-12-19,Equity,0.0182559810552519
2018-12-20,Equity,-0.0048488192169744
2018-12-21,Equity,-0.0189587111327772
2018-12-24,Equity,-0.008707053837123
2018-12-26,Equity,0.0029088472624162
2018-12-27,Equity,0.0065154557360962
2018-12-28,Equity,0.0016643625131483
2018-12-31,Equity,-0.0085009596626031
2019-01-02,Equity,-0.0011670543754088
2019-01-03,Equity,-0.0058057600832327
2019-01-04,Equity,-0.0009716401464779
2019-01-07,Equity,0.0116064760236811
2019-01-08,Equity,-0.0019350252860592
2019-01-09,Equity,0.0072317523911445
2019-01-10,Equity,0.0037719813568133
2019-01-11,Equity,-0.0024315137194166
2019-01-14,Equity,-0.0013747962356208
2019-01-15,Equity,0.010063679144932
2019-01-16,Equity,-0.0009502424165897
2019-01-17,Equity,2.1350487250365114e-05
2019-01-18,Equity,-0.0055121528728374
2019-01-21,Equity,0.0039192407054438
2019-01-22,Equity,-0.015655827051411
2019-01-23,Equity,-0.0119833532519531
2019-01-24,Equity,-0.0002895052914155
2019-01-25,Equity,-0.0081320442658479
2019-01-28,Equity,-0.0126703776223472
2019-01-29,Equity,-0.0010710601541454
2019-01-30,Equity,0.0040979445461024
2019-01-31,Equity,0.0241149272115397
2019-02-01,Equity,0.0008908619938214
2019-02-04,Equity,-0.0076182260563196
2019-02-05,Equity,-0.0060111442392723
2019-02-06,Equity,0.0081178046635507
2019-02-07,Equity,-0.0018871014710522
2019-02-08,Equity,-0.0172247016506748
2019-02-11,Equity,-0.0150764086094727
2019-02-12,Equity,-0.0086203845071707
2019-02-14,Equity,-0.0061285086428888
2019-02-15,Equity,0.0030455964447173
2019-02-18,Equity,-0.0119407234529627
2019-02-19,Equity,-0.006443580100461
2019-02-20,Equity,0.0052493203331991
2019-02-21,Equity,0.0051157556450824
2019-02-22,Equity,-0.0063205332116568
2019-02-25,Equity,0.0130811014696103
2019-02-26,Equity,-0.0181045233451046
2019-02-27,Equity,-0.0052211187229071
2019-02-28,Equity,0.0013994436669181
2019-03-01,Equity,0.0083493187064429
2019-03-05,Equity,0.0332540539404167
2019-03-06,Equity,0.0090642797702651
2019-03-07,Equity,-0.0072619585957348
2019-03-08,Equity,-0.0025255146571853
2019-03-11,Equity,-0.00188961713573
2019-03-12,Equity,0.0115776408336757
2019-03-13,Equity,-0.0027807582903546
2019-03-14,Equity,0.0077597687972152
2019-03-15,Equity,0.0032736651855997
2019-03-18,Equity,0.0024595150287886
2019-03-19,Equity,0.001340032925472
2019-03-20,Equity,0.0132265763490577
2019-03-22,Equity,-0.0078379602479518
2019-03-25,Equity,0.0060007563308031
2019-03-26,Equity,0.0181745986005461
2019-03-27,Equity,0.0008299324373233
2019-03-28,Equity,0.0141672659277553
2019-04-01,Equity,0.012019988638539
2019-04-02,Equity,-0.0113464867296447
2019-04-03,Equity,-0.0078432003742973
2019-04-04,Equity,0.0031149917104444
2019-04-05,Equity,0.0057676081256285
2019-04-08,Equity,-0.0162090018584204
2019-04-09,Equity,0.0056931815880641
2019-04-10,Equity,0.0064233543568438
2019-04-11,Equity,0.0113455817301194
2019-04-12,Equity,0.0038352871117915
2019-04-15,Equity,0.0119395595768851
2019-04-16,Equity,0.0056483447219333
2019-04-18,Equity,-0.0162452127610526
2019-04-22,Equity,-0.0205690799578676
2019-04-23,Equity,0.0112075191809769
2019-04-24,Equity,0.0110832489820244
2019-04-25,Equity,-0.0088404458859535
2019-04-26,Equity,0.0075948631073917
2019-04-30,Equity,0.0149801200815847
2019-05-02,Equity,0.0113158351744868
2019-05-03,Equity,0.0169841210547745
2019-05-06,Equity,-0.0107057604750636
2019-05-07,Equity,-0.0059871377632066
2019-05-08,Equity,-0.0238744862592935
2019-05-09,Equity,0.0070403714528771
2019-05-10,Equity,-0.011068410511458
2019-05-13,Equity,-0.009553821874203
2019-05-14,Equity,-0.0018540675828628
2019-05-15,Equity,-0.0102075409219949
2019-05-16,Equity,0.0025738114035338
2019-05-17,Equity,0.0087664332449014
2019-05-20,Equity,0.0329024262510014
2019-05-21,Equity,-0.0141595247491031
2019-05-22,Equity,0.0094263635174549
2019-05-23,Equity,-0.0154268962145175
2019-05-24,Equity,0.0181103986305003
2019-05-27,Equity,0.0168530038796931
2019-05-28,Equity,-0.0034701341144969
2019-05-29,Equity,-0.0111145564597333
2019-05-30,Equity,0.0056052903178427
2019-05-31,Equity,0.0078040348362473
2019-06-03,Equity,0.0157547970622561
2019-06-04,Equity,-0.0094838284684276
2019-06-06,Equity,-0.0106273202010009
2019-06-07,Equity,-0.00624706411162
2019-06-10,Equity,0.0101356235889209
2019-06-11,Equity,0.0071669875229626
2019-06-12,Equity,-0.0071266497576141
2019-06-13,Equity,-0.0057493988528285
2019-06-14,Equity,-0.014410504675132
2019-06-17,Equity,-0.0082054908576143
2019-06-18,Equity,0.0117896027642258
2019-06-19,Equity,-0.0048027218819311
2019-06-20,Equity,0.0159672991070915
2019-06-21,Equity,-0.0254946496540039
2019-06-24,Equity,-0.0064623232020015
2019-06-25,Equity,0.0083252633458152
2019-06-26,Equity,-0.0026456888322412
2019-06-27,Equity,-0.007698484826316
2019-06-28,Equity,-0.009492683916967
2019-07-01,Equity,0.0091479310963974
2019-07-02,Equity,0.0025685769938008
2019-07-03,Equity,-0.0170642853872606
2019-07-04,Equity,-0.0141481363082477
2019-07-05,Equity,-0.015905255980373
2019-07-08,Equity,-0.0174209106251776
2019-07-09,Equity,-0.0219135634628944
2019-07-10,Equity,-0.0086303865223781
2019-07-11,Equity,0.0033950634693753
2019-07-12,Equity,0.0087821099733155
2019-07-15,Equity,0.0003230161035704
2019-07-16,Equity,0.0097712090775157
2019-07-17,Equity,0.0035651206107455
2019-07-18,Equity,-0.0244963700737517
2019-07-19,Equity,-0.0088731244105449
2019-07-22,Equity,-0.0043739034812309
2019-07-23,Equity,0.0030308659067885
2019-07-24,Equity,0.0264367803582383
2019-07-25,Equity,-0.0180718569991119
2019-07-26,Equity,0.0169547527545659
2019-07-29,Equity,-0.010427184084646
2019-07-30,Equity,-0.0066781537785058
2019-07-31,Equity,0.0028766717189963
2019-08-01,Equity,-0.0155061950384741
2019-08-02,Equity,-0.0026785532824673
2019-08-05,Equity,-0.0093168823981303
2019-08-06,Equity,-0.0039525007157301
2019-08-07,Equity,-0.0021670402149602
2019-08-08,Equity,0.0132709555906817
2019-08-09,Equity,-0.0017429980548452
2019-08-13,Equity,-0.0198443481630897
2019-08-14,Equity,0.0198347890663562
2019-08-16,Equity,-0.0023144654341162
2019-08-19,Equity,0.0037198281206575
2019-08-20,Equity,-0.0088858737576834
2019-08-21,Equity,-0.0025591816758311
2019-08-22,Equity,-0.0104587676174675
2019-08-23,Equity,0.0232815096922152
2019-08-26,Equity,0.0199955552213825
2019-08-27,Equity,0.0099448295048589
2019-08-28,Equity,-0.0042507262069487
2019-08-29,Equity,0.0018131880184939
2019-08-30,Equity,0.0013951705393095
2019-09-03,Equity,-0.0141830763026879
2019-09-04,Equity,0.0030719670342256
2019-09-05,Equity,8.618151474676898e-05
2019-09-06,Equity,0.0100956632487554
2019-09-09,Equity,0.0075114705541248
2019-09-11,Equity,0.002337562259663
2019-09-12,Equity,-0.0027758635595962
2019-09-13,Equity,0.0214018891005848
2019-09-16,Equity,0.001646847598088
2019-09-17,Equity,-0.0096414231977719
2019-09-18,Equity,-0.0012134570451265
2019-09-19,Equity,-0.0193455166174182
2019-09-20,Equity,0.0611335337736791
2019-09-23,Equity,0.0362239509977774
2019-09-24,Equity,0.0110469005004065
2019-09-25,Equity,-0.0173034572948687
2019-09-26,Equity,0.0099144593230082
2019-09-27,Equity,-0.0178974381936463
2019-09-30,Equity,-0.0061362312737692
2019-10-01,Equity,-0.0017104680204055
2019-10-03,Equity,-0.007472525806971
2019-10-04,Equity,-0.0068839219353706
2019-10-07,Equity,-0.0055507086104827
2019-10-09,Equity,0.0196902890828373
2019-10-10,Equity,-0.0158423649476943
2019-10-11,Equity,0.0072569604305216
2019-10-14,Equity,-0.0204357726946324
2019-10-15,Equity,0.0064891847076961
2019-10-16,Equity,-0.0096199446152597
2019-10-17,Equity,0.0206204621839272
2019-10-18,Equity,0.0130355476055057
2019-10-22,Equity,-0.002269234429668
2019-10-23,Equity,0.0138271734656726
2019-10-24,Equity,-0.0091441256381947
2019-10-25,Equity,0.0143912103589248
2019-10-29,Equity,0.0252774706960661
2019-10-30,Equity,0.0032646655722312
2019-10-31,Equity,0.0122007586662909
2019-11-01,Equity,-0.0074432574488359
2019-11-04,Equity,-0.0020322244238647
2019-11-05,Equity,-0.0065868908298218
2019-11-06,Equity,0.0001672627323594
2019-11-07,Equity,-0.0043082518373556
2019-11-08,Equity,0.0014350655297759
2019-11-11,Equity,-0.0013257782870104
2019-11-13,Equity,-0.0030074882826592
2019-11-14,Equity,-0.0015898201631856
2019-11-15,Equity,-0.0122979808837305
2019-11-18,Equity,0.0015399224323847
2019-11-19,Equity,-0.0103197100987009
2019-11-20,Equity,0.0046922599426208
2019-11-21,Equity,-0.013204980507627
2019-11-22,Equity,0.0116863268537152
2019-11-25,Equity,0.0209654404994962
2019-11-26,Equity,-0.0018397698303002
2019-11-27,Equity,0.0156432112419023
2019-11-28,Equity,-0.0023013314510691
2019-11-29,Equity,-0.0031786326613751
2019-12-02,Equity,0.0012473904913557
2019-12-03,Equity,-0.0020698365874748
2019-12-04,Equity,0.014564135833147
2019-12-05,Equity,0.0041006997187023
2019-12-06,Equity,-0.0054528802270809
2019-12-09,Equity,-0.011596986500689
2019-12-10,Equity,-0.014140596147576
2019-12-11,Equity,0.0038179057203851
2019-12-12,Equity,0.0062231868539415
2019-12-13,Equity,0.0008559572404414
2019-12-16,Equity,0.0168838235686272
2019-12-17,Equity,0.0216438837780751
2019-12-18,Equity,0.009773780975388
2019-12-19,Equity,0.0039896063884198
2019-12-20,Equity,-0.0004107300573536
2019-12-23,Equity,-0.008052794903204
2019-12-24,Equity,-0.0030107746210892
2019-12-26,Equity,-0.0048425022693041
2019-12-27,Equity,0.0001997099973043
2019-12-30,Equity,0.0037940849442395
2019-12-31,Equity,-0.0080733131326225
2020-01-01,Equity,-0.013807851251329
2020-01-02,Equity,0.0016008062517488
2020-01-03,Equity,-0.0075316336539767
2020-01-06,Equity,-0.0037043518142196
2020-01-07,Equity,0.0097470169975129
2020-01-08,Equity,-0.0126737969639387
2020-01-09,Equity,0.0200340484379527
2020-01-10,Equity,-0.0087303844688567
2020-01-13,Equity,0.0148970092384258
2020-01-14,Equity,-0.0008127769535609
2020-01-15,Equity,-0.0019860203642189
2020-01-16,Equity,0.0118947794821812
2020-01-17,Equity,-0.0102522873536595
2020-01-20,Equity,-0.0212231394220553
2020-01-21,Equity,-0.0088434129964303
2020-01-22,Equity,0.0034344756188523
2020-01-23,Equity,-0.0057880449685169
2020-01-24,Equity,-0.0167826600806213
2020-01-27,Equity,-0.0138617987794226
2020-01-28,Equity,-0.0005010414456255
2020-01-29,Equity,0.0160153503978588
2020-01-30,Equity,-0.0111302750520482
2020-01-31,Equity,-0.0091148277116513
2020-02-03,Equity,-0.0117191788452701
2020-02-04,Equity,0.0085528890891073
2020-02-05,Equity,0.0063323342663703
2020-02-06,Equity,0.0058600523495679
2020-02-07,Equity,0.0006312066472418
2020-02-10,Equity,-0.0093039683085653
2020-02-11,Equity,0.0069255584826256
2020-02-12,Equity,-0.0119009224078206
2020-02-13,Equity,-0.0071419867300792
2020-02-14,Equity,-0.001098784734713
2020-02-17,Equity,-0.0131430857343012
2020-02-18,Equity,-0.0036528888459313
2020-02-19,Equity,0.0149986315073596
2020-02-20,Equity,-0.0061556460663685
2020-02-24,Equity,-0.0191501586310289
2020-02-25,Equity,-0.0100647173839792
2020-02-26,Equity,-0.011473368176158
2020-02-27,Equity,0.001311352569241
2020-02-28,Equity,-0.0355402949771908
2020-03-02,Equity,-0.0105520019810031
2020-03-03,Equity,0.0174133786428732
2020-03-04,Equity,0.0013899281785692
2020-03-05,Equity,-0.0144996724382012
2020-03-06,Equity,-0.0152343827831747
2020-03-09,Equity,-0.0513460812454001
2020-03-11,Equity,0.0043689176415451
2020-03-12,Equity,-0.0731414126214853
2020-03-13,Equity,0.0273916865490499
2020-03-16,Equity,-0.0814965290862112
2020-03-17,Equity,-0.0270535736575338
2020-03-18,Equity,-0.0615345684417104
2020-03-19,Equity,-0.010068289146434
2020-03-20,Equity,0.0517749701078513
2020-03-23,Equity,-0.1339490349406073
2020-03-24,Equity,0.0270065362779873
2020-03-25,Equity,0.0569302727380662
2020-03-26,Equity,0.0360389107363393
2020-03-27,Equity,0.0050151642534565
2020-03-30,Equity,-0.046143419665879
2020-03-31,Equity,0.0377906278421609
2020-04-01,Equity,-0.0439393319962692
2020-04-03,Equity,-0.0324123366602168
2020-04-07,Equity,0.0905048503618642
2020-04-08,Equity,0.0093975621656707
2020-04-09,Equity,0.04195604466507
2020-04-13,Equity,-0.0108535577990987
2020-04-15,Equity,-0.0017800715217536
2020-04-16,Equity,-0.0022918728075832
2020-04-17,Equity,0.0443833991419117
2020-04-20,Equity,0.0013898159947131
2020-04-21,Equity,-0.0169198119513827
2020-04-22,Equity,0.0173551538245338
2020-04-23,Equity,0.0286244512574774
2020-04-24,Equity,-0.0106236976200566
2020-04-27,Equity,0.0186956796622775
2020-04-28,Equity,0.0127946262837154
2020-04-29,Equity,0.0166947845796008
2020-04-30,Equity,0.04199255671993
2020-05-04,Equity,-0.0560219600543506
2020-05-05,Equity,-0.0248948231502983
2020-05-06,Equity,-0.0015438982265343
2020-05-07,Equity,-0.0089368855215933
2020-05-08,Equity,0.0084816889347079
2020-05-11,Equity,-0.0014822009326011
2020-05-12,Equity,0.0054355235999981
2020-05-13,Equity,0.0050248976180887
2020-05-14,Equity,-0.0242132058812334
2020-05-15,Equity,-0.0148891965905517
2020-05-18,Equity,-0.0279448113393865
2020-05-19,Equity,0.0058741531246872
2020-05-20,Equity,0.0247682766023509
2020-05-21,Equity,-0.0022323092337169
2020-05-22,Equity,0.0031781353763917
2020-05-26,Equity,0.0075053635029733
2020-05-27,Equity,0.0366328591958567
2020-05-28,Equity,0.0180669055615612
2020-05-29,Equity,0.0144435209334667
2020-06-01,Equity,0.0203069567755617
2020-06-02,Equity,0.0227099732429086
2020-06-03,Equity,0.0217581351905821
2020-06-04,Equity,0.0056397157988235
2020-06-05,Equity,0.0057354564830012
2020-06-08,Equity,0.0056858592969074
2020-06-09,Equity,-0.021926164700067
2020-06-10,Equity,0.0117968510156068
2020-06-11,Equity,-0.0172643311571657
2020-06-12,Equity,-0.0074983216044618
2020-06-15,Equity,-0.0249575501461433
2020-06-16,Equity,0.0082552748875078
2020-06-17,Equity,-0.005420334641944
2020-06-18,Equity,0.011927372068548
2020-06-19,Equity,0.0185481052791097
2020-06-22,Equity,0.0088324052219579
2020-06-23,Equity,0.0142435389354635
2020-06-24,Equity,-0.0215710092348167
2020-06-25,Equity,0.0070982997123395
2020-06-26,Equity,0.0226889970520928
2020-06-29,Equity,-0.0103680304795558
2020-06-30,Equity,-0.00559620862181
2020-07-01,Equity,0.0166494786580131
2020-07-02,Equity,0.0090992174769227
2020-07-03,Equity,0.0044587984395424
2020-07-06,Equity,0.0209523651880523
2020-07-07,Equity,-0.0116302584640771
2020-07-08,Equity,0.0021516565251792
2020-07-09,Equity,0.0109414769165365
2020-07-10,Equity,-0.0071904562519367
2020-07-13,Equity,0.0028040159154702
2020-07-14,Equity,-0.0180840611752363
2020-07-15,Equity,-0.0125266795035225
2020-07-16,Equity,0.0237256674817264
2020-07-17,Equity,0.0156911963140346
2020-07-20,Equity,0.0148973388045106
2020-07-21,Equity,0.0206185550303568
2020-07-22,Equity,-0.0105256091522963
2020-07-23,Equity,0.0115299350511281
2020-07-24,Equity,-0.0037402771623019
2020-07-27,Equity,0.0015042405028849
2020-07-28,Equity,-0.0015585456639675
2020-07-29,Equity,-0.0091383687305333
2020-07-30,Equity,-0.0135112799270196
2020-07-31,Equity,0.0011730012327674
2020-08-03,Equity,-0.0123618620463483
2020-08-04,Equity,0.0133369250028031
2020-08-05,Equity,-0.0048205322914755
2020-08-06,Equity,0.0082872317199156
2020-08-07,Equity,-0.0056321353696496
2020-08-10,Equity,0.012038574823054
2020-08-11,Equity,0.0019913211731497
2020-08-12,Equity,-0.0242011792696978
2020-08-13,Equity,-0.0034016109262754
2020-08-14,Equity,-0.0188087879456207
2020-08-17,Equity,-0.0066044954783384
2020-08-18,Equity,0.0026926448292947
2020-08-19,Equity,0.0031998679881713
2020-08-20,Equity,0.0024967266383808
2020-08-21,Equity,0.008056391884777
2020-08-24,Equity,0.0037889793661605
2020-08-25,Equity,0.0044530400305614
2020-08-26,Equity,0.0033696000247311
2020-08-27,Equity,-0.0044212423320376
2020-08-28,Equity,-0.0012917056908689
2020-08-31,Equity,-0.0360453782559599
2020-09-01,Equity,0.004447350193847
2020-09-02,Equity,0.0072094661704889
2020-09-03,Equity,-0.0011275021201971
2020-09-04,Equity,-0.0198224803721386
2020-09-07,Equity,-0.0053954482260709
2020-09-08,Equity,0.001845843601761
2020-09-09,Equity,-0.0137139833270893
2020-09-10,Equity,0.0216926531741987
2020-09-11,Equity,-0.0063901212148458
2020-09-14,Equity,-0.0078478343456757
2020-09-15,Equity,-0.004288333614235
2020-09-16,Equity,0.00347082047552
2020-09-17,Equity,0.0004804723767028
2020-09-18,Equity,0.0034568658307889
2020-09-21,Equity,-0.0139848779424495
2020-09-22,Equity,-0.0041357199588858
2020-09-23,Equity,-0.0104839457352877
2020-09-24,Equity,-0.0316585858911368
2020-09-25,Equity,0.0167041954494148
2020-09-28,Equity,0.0269894674196835
2020-09-29,Equity,-0.009732950117305
2020-09-30,Equity,0.0096905828327552
2020-10-01,Equity,0.0225047236936538
2020-10-05,Equity,0.0225046055628084
2020-10-06,Equity,0.0108489827335838
2020-10-07,Equity,0.0125537645613666
2020-10-08,Equity,0.0267098912991506
2020-10-09,Equity,0.002084956909922
2020-10-12,Equity,-0.0105744365892622
2020-10-13,Equity,-0.0144425511868733
2020-10-14,Equity,0.0090642296162439
2020-10-15,Equity,-0.039048802522822
2020-10-16,Equity,0.0043503969387316
2020-10-19,Equity,0.0132012751181609
2020-10-20,Equity,0.0037817328025366
2020-10-21,Equity,0.0071373046777253
2020-10-22,Equity,-0.0013729629355471
2020-10-23,Equity,0.0133804667900329
2020-10-26,Equity,-0.0209476043504535
2020-10-27,Equity,0.005221647239297
2020-10-28,Equity,-0.0193218845079301
2020-10-29,Equity,0.0019285923105398
2020-10-30,Equity,0.0050698152847929
2020-11-02,Equity,0.0062074387036656
2020-11-03,Equity,0.0221381394983186
2020-11-04,Equity,-0.0010826796710549
2020-11-05,Equity,0.0314233918080996
2020-11-06,Equity,0.0243049235449875
2020-11-09,Equity,0.0222896115154274
2020-11-10,Equity,0.0282008983745323
2020-11-11,Equity,-0.0036069441527018
2020-11-12,Equity,-0.0084724066154326
2020-11-13,Equity,-0.0032854573546942
2020-11-17,Equity,0.0181984543984321
2020-11-18,Equity,-0.0031260747512449
2020-11-19,Equity,-0.0065127074187138
2020-11-20,Equity,0.0181035985656928
2020-11-23,Equity,0.011103098398974
2020-11-24,Equity,0.0125263529991896
2020-11-25,Equity,-0.0226736671952983
2020-11-26,Equity,0.0035264059109738
2020-11-27,Equity,0.0089071148915995
2020-12-01,Equity,0.0173374867185611
2020-12-02,Equity,0.0003463896879301
2020-12-03,Equity,-0.0015066914361871
2020-12-04,Equity,-0.0064158006260174
2020-12-07,Equity,-0.0009356861000356
2020-12-08,Equity,0.0183766845064509
2020-12-09,Equity,0.0002221077178471
2020-12-10,Equity,-0.001939016236112
2020-12-11,Equity,0.010997110320588
2020-12-14,Equity,-0.0064612050633479
2020-12-15,Equity,0.0024930629960414
2020-12-16,Equity,0.0162682313593542
2020-12-17,Equity,0.0046389239658084
2020-12-18,Equity,0.0246918094441226
2020-12-21,Equity,-0.0444537466489588
2020-12-22,Equity,0.0191161121156789
2020-12-23,Equity,0.0089277452865445
2020-12-24,Equity,0.0173678916134347
2020-12-28,Equity,0.0128455086027606
2020-12-29,Equity,-0.001283655335735
2020-12-30,Equity,0.0056740657466491
2020-12-31,Equity,-0.0145775297363192
2021-01-01,Equity,0.007754406346052
2021-01-04,Equity,0.0108459404550348
2021-01-05,Equity,0.0101216622146591
2021-01-06,Equity,0.005014814553794
2021-01-07,Equity,0.0026117891095896
2021-01-08,Equity,0.0163319389487122
2021-01-11,Equity,0.0028351714408468
2021-01-12,Equity,3.554791504000853e-05
2021-01-13,Equity,0.0098899677945475
2021-01-14,Equity,0.0139019305859709
2021-01-15,Equity,-0.012697227648698
2021-01-18,Equity,-0.0098906281645404
2021-01-19,Equity,0.0098578158171127
2021-01-20,Equity,0.0181903203860026
2021-01-21,Equity,0.0019120543849113
2021-01-22,Equity,0.0008575678441138
2021-01-25,Equity,-0.015980753960746
2021-01-27,Equity,-0.0217845512340237
2021-01-28,Equity,-0.0085840829016997
2021-01-29,Equity,-0.0077685060522666
2021-02-01,Equity,0.0459981700009572
2021-02-02,Equity,0.0189898827583277
2021-02-03,Equity,0.0170523829031117
2021-02-04,Equity,0.013215840929746
2021-02-05,Equity,-0.0051101954478989
2021-02-08,Equity,0.023978345141812
2021-02-09,Equity,0.0092315760398923
2021-02-10,Equity,0.0011890685738741
2021-02-11,Equity,0.005358707546511
2021-02-12,Equity,0.0040734097460052
2021-02-15,Equity,0.0033910352794837
2021-02-16,Equity,0.000458630908054
2021-02-17,Equity,-0.0237463870443043
2021-02-18,Equity,0.0013973322944391
2021-02-19,Equity,-0.0212666628425646
2021-02-22,Equity,-0.0081008159641544
2021-02-23,Equity,-0.0001536982056314
2021-02-24,Equity,0.0172498466024129
2021-02-25,Equity,0.0029773417652741
2021-02-26,Equity,-0.0396400042389625
2021-03-01,Equity,0.0276436398799077
2021-03-02,Equity,-0.0089294839104929
2021-03-03,Equity,0.0324004218003376
2021-03-04,Equity,-0.0078087426753245
2021-03-05,Equity,-0.0188152777118102
2021-03-08,Equity,-0.0070907930766326
2021-03-09,Equity,0.023218919819457
2021-03-10,Equity,-0.0022039551557199
2021-03-12,Equity,-0.0184063103205313
2021-03-15,Equity,0.0026490963758247
2021-03-16,Equity,0.0017324389058296
2021-03-17,Equity,-0.0198891644751599
2021-03-18,Equity,-0.0090699732685059
2021-03-19,Equity,0.0048809213569063
2021-03-22,Equity,0.008591133763683
2021-03-23,Equity,0.0141077077164164
2021-03-24,Equity,-0.0133551274036363
2021-03-25,Equity,-0.0122369006568328
2021-03-26,Equity,0.0271225369285622
2021-03-30,Equity,0.0235823064866562
2021-03-31,Equity,-0.0195556920976988
2021-04-01,Equity,0.0159203654695769
2021-04-05,Equity,0.0015485158482708
2021-04-06,Equity,-0.0046960087002533
2021-04-07,Equity,0.00663973483226
2021-04-08,Equity,0.0073261371686453
2021-04-09,Equity,-0.0027499506090642
2021-04-12,Equity,-0.0428840179470261
2021-04-13,Equity,0.0228310583558737
2021-04-15,Equity,0.0241448103369127
2021-04-16,Equity,0.0043653338371984
2021-04-19,Equity,-0.0246095248727076
2021-04-20,Equity,-0.0164825072354268
2021-04-22,Equity,0.0100405654251916
2021-04-23,Equity,0.0046328856927358
2021-04-26,Equity,0.0141178602591329
2021-04-27,Equity,0.0118824126753071
2021-04-28,Equity,0.0100196820457926
2021-04-29,Equity,-0.0063954990953285
2021-04-30,Equity,-0.0107328014345783
2021-05-03,Equity,0.0078186864342864
2021-05-04,Equity,-0.0214719457169661
2021-05-05,Equity,0.021389670979379
2021-05-06,Equity,0.0122089807421226
2021-05-07,Equity,0.0181760049093217
2021-05-10,Equity,-0.0023955992397593
2021-05-11,Equity,-0.0167567944345423
2021-05-12,Equity,-0.0112784352855049
2021-05-14,Equity,0.003049850326705
2021-05-17,Equity,0.0313866470653882
2021-05-18,Equity,0.018342074645796
2021-05-19,Equity,-0.0068008826226351
2021-05-20,Equity,-0.0161677297222578
2021-05-21,Equity,0.0282031402567279
2021-05-24,Equity,-0.0059415348010157
2021-05-25,Equity,0.0140350923034901
2021-05-26,Equity,0.0041399443080125
2021-05-27,Equity,0.0154034777774886
2021-05-28,Equity,0.0121078840279882
2021-05-31,Equity,0.0087371241201852
2021-06-01,Equity,-0.0043653614032961
2021-06-02,Equity,-0.002340547193488
2021-06-03,Equity,0.0110549841643895
2021-06-04,Equity,-0.0003637653355062
2021-06-07,Equity,0.0007440902274494
2021-06-08,Equity,-0.0017583573783184
2021-06-09,Equity,-0.0057263607064593
2021-06-10,Equity,-0.0101805858392394
2021-06-11,Equity,0.0078794755516592
2021-06-14,Equity,-0.0067465979894606
2021-06-15,Equity,-0.0052964456805483
2021-06-16,Equity,-0.0196073875296938
2021-06-17,Equity,-0.018880642030234
2021-06-18,Equity,-0.0110566496713021
2021-06-21,Equity,-0.0013455794513892
2021-06-22,Equity,0.0175931102195724
2021-06-23,Equity,-0.0093467866384307
2021-06-24,Equity,0.008319841648474
2021-06-25,Equity,0.0079305402109745
2021-06-28,Equity,-0.0015296883345709
2021-06-29,Equity,-0.0045086881172931
2021-06-30,Equity,-0.0109736420123313
2021-07-01,Equity,0.0092677231563256
2021-07-02,Equity,0.0174489121358697
2021-07-05,Equity,-0.0060280812797564
2021-07-06,Equity,-0.0089089809001937
2021-07-07,Equity,0.0019431344199616
2021-07-08,Equity,-0.0169725580870266
2021-07-09,Equity,0.0019252404983736
2021-07-12,Equity,-0.005347730174266
2021-07-13,Equity,0.0252514340375812
2021-07-14,Equity,0.0124552808716821
2021-07-15,Equity,0.0064316645730616
2021-07-16,Equity,0.0084656643697741
2021-07-19,Equity,-0.0015917088855032
2021-07-20,Equity,-0.0118485608259004
2021-07-22,Equity,0.0060494951671138
2021-07-23,Equity,0.0029473828305425
2021-07-26,Equity,0.0052001834637583
2021-07-27,Equity,-0.0035165980134235
2021-07-28,Equity,-0.0146688707158706
2021-07-29,Equity,-0.0017271505969599
2021-07-30,Equity,-0.0012678224078418
2021-08-02,Equity,0.0074406753018131
2021-08-03,Equity,0.0315412932967346
2021-08-04,Equity,-0.0028496610713897
2021-08-05,Equity,0.0065465864663347
2021-08-06,Equity,0.0087516713650648
2021-08-09,Equity,0.0197063286876216
2021-08-10,Equity,-0.0015912703316067
2021-08-11,Equity,0.0043635226898137
2021-08-12,Equity,0.0099034783419355
2021-08-13,Equity,0.0119283361932736
2021-08-16,Equity,0.0015632626671092
2021-08-17,Equity,0.0069000816935287
2021-08-18,Equity,-0.022711570999937
2021-08-20,Equity,-0.0013863424801239
2021-08-23,Equity,0.0041026039076944
2021-08-24,Equity,0.0062885629093756
2021-08-25,Equity,0.0172794703967515
2021-08-26,Equity,-0.0049642123193592
2021-08-27,Equity,0.0011806536759597
2021-08-30,Equity,0.029752262939342
2021-08-31,Equity,0.0055239557366245
2021-09-01,Equity,-0.007366657037856
2021-09-02,Equity,0.0083705803399522
2021-09-03,Equity,0.0122161066907336
2021-09-06,Equity,0.0050911677265842
2021-09-07,Equity,-0.0109445217018878
2021-09-08,Equity,-0.0044526578033443
2021-09-09,Equity,-0.0036512375747822
2021-09-13,Equity,-0.0011208668692041
2021-09-14,Equity,0.0051299005621976
2021-09-15,Equity,0.0116691914297273
2021-09-16,Equity,-0.0076264592688799
2021-09-17,Equity,0.0062958802998742
2021-09-20,Equity,-0.00838450411176
2021-09-21,Equity,0.0208664302432152
2021-09-22,Equity,0.0029795626247597
2021-09-23,Equity,0.0248571120290679
2021-09-24,Equity,0.0057296124600954
2021-09-27,Equity,0.0111762514324194
2021-09-28,Equity,-0.001486677402012
2021-09-29,Equity,-0.0025848302001303
2021-09-30,Equity,0.0132201017428361
2021-10-01,Equity,0.0025253135284432
2021-10-04,Equity,0.0139704229491728
2021-10-05,Equity,-0.0025027744123604
2021-10-06,Equity,-0.0198986058099978
2021-10-07,Equity,0.0108220258731724
2021-10-08,Equity,0.0073577923426423
2021-10-11,Equity,-0.0017770243857069
2021-10-12,Equity,0.003991114141484
2021-10-13,Equity,0.0224466132735603
2021-10-14,Equity,0.0155980075371211
2021-10-18,Equity,-0.0012756719453019
2021-10-19,Equity,-0.0037473783521399
2021-10-20,Equity,-0.0144003570589005
2021-10-21,Equity,-0.0076465076279707
2021-10-22,Equity,-0.0064855934096045
2021-10-25,Equity,-0.0029415313328214
2021-10-26,Equity,-0.001851602086087
2021-10-27,Equity,-0.0038660761159883
2021-10-28,Equity,-0.023607199518842
2021-10-29,Equity,-0.0335291052839236
2021-11-01,Equity,0.0313234312535211
2021-11-02,Equity,0.0067401089623916
2021-11-03,Equity,-0.0060504566469574
2021-11-04,Equity,0.0053639285639095
2021-11-08,Equity,-0.0006035307363541
2021-11-09,Equity,0.0125208615872151
2021-11-10,Equity,0.01397917375315
2021-11-11,Equity,-0.0064165906842998
2021-11-12,Equity,0.0213088518378131
2021-11-15,Equity,0.0020723605887927
2021-11-16,Equity,-0.0164817854627638
2021-11-17,Equity,-0.0085808814808712
2021-11-18,Equity,-0.0061227719092852
2021-11-22,Equity,-0.0229397538501043
2021-11-23,Equity,0.0035344717133185
2021-11-24,Equity,-0.0054758781978876
2021-11-25,Equity,0.0066124245201083
2021-11-26,Equity,-0.028353186263774
2021-11-29,Equity,-0.0065697063568838
2021-11-30,Equity,-0.0095847283879955
2021-12-01,Equity,0.0008399670448216
2021-12-02,Equity,0.0217970954999233
2021-12-03,Equity,-0.0283228614021168
2021-12-06,Equity,-0.0070121968294642
2021-12-07,Equity,0.0270273437597521
2021-12-08,Equity,0.0149435038320206
2021-12-09,Equity,-0.0178290301089351
2021-12-10,Equity,-0.0029072553905475
2021-12-13,Equity,-0.0083825284071737
2021-12-14,Equity,-0.0102806969407535
2021-12-15,Equity,-0.0097958074721061
2021-12-16,Equity,0.0141093783414365
2021-12-17,Equity,-0.0096400366749561
2021-12-20,Equity,-0.0289390591944026
2021-12-21,Equity,-0.0030520879125544
2021-12-22,Equity,0.0086910324537151
2021-12-23,Equity,0.005501651977824
2021-12-24,Equity,0.0002368386197261
2021-12-27,Equity,0.0008693372102872
2021-12-28,Equity,0.0129954057769383
2021-12-29,Equity,0.0146409720315055
2021-12-30,Equity,0.0062633822300726
2021-12-31,Equity,0.0086401236989603
2022-01-03,Equity,0.0144881120437815
2022-01-04,Equity,0.0076334891618252
2022-01-05,Equity,0.0164847125343092
2022-01-06,Equity,-0.0147239250304073
2022-01-07,Equity,0.0044259653231313
2022-01-10,Equity,0.0114099021369204
2022-01-11,Equity,-0.0008009622898899
2022-01-12,Equity,-0.0020066086512423
2022-01-13,Equity,0.0053794197595337
2022-01-14,Equity,-0.0003003553385937
2022-01-17,Equity,0.0071694920216553
2022-01-18,Equity,-0.0146224930194367
2022-01-19,Equity,0.0004243299565631
2022-01-20,Equity,-0.0168265964104917
2022-01-21,Equity,0.0061205769674745
2022-01-24,Equity,-0.0402489972660094
2022-01-25,Equity,0.0112916517381494
2022-01-27,Equity,-0.0056082874544146
2022-01-28,Equity,-0.0065437727206363
2022-01-31,Equity,0.017605869373818
2022-02-01,Equity,0.0242040879699515
2022-02-02,Equity,-0.0058767121294329
2022-02-03,Equity,-0.008040290204303
2022-02-04,Equity,-0.0221460492207558
2022-02-07,Equity,-0.0247064313558091
2022-02-08,Equity,0.0164210285438259
2022-02-09,Equity,0.0070578960632094
2022-02-10,Equity,-0.0009571386301477
2022-02-11,Equity,-0.014409798744691
2022-02-14,Equity,-0.013772972189985
2022-02-15,Equity,0.0159056684063293
2022-02-16,Equity,-0.0098537490539802
2022-02-17,Equity,0.0112634387462465
2022-02-18,Equity,0.0135262831286514
2022-02-21,Equity,-0.0045590067524293
2022-02-22,Equity,-0.0162639876877935
2022-02-23,Equity,0.0153730385988796
2022-02-24,Equity,-0.0347254993368429
2022-02-25,Equity,0.0309932360117474
2022-02-28,Equity,0.0019348154988672
2022-03-02,Equity,-0.0112838678496398
2022-03-03,Equity,-0.0074804578767756
2022-03-04,Equity,-0.0123702215704076
2022-03-07,Equity,-0.0116186732348971
2022-03-08,Equity,0.0168101128385828
2022-03-09,Equity,0.0124072814724162
2022-03-10,Equity,0.0265793587906307
2022-03-11,Equity,0.0049472108714518
2022-03-14,Equity,0.0202790914095793
2022-03-15,Equity,-0.0003141296290834
2022-03-16,Equity,0.0101524584884982
2022-03-17,Equity,0.0183753837268565
2022-03-21,Equity,-0.0137538388813374
2022-03-22,Equity,-0.0006816521507678
2022-03-23,Equity,-0.0009602556343886
2022-03-24,Equity,0.0190645587057817
2022-03-25,Equity,-0.0184704978469461
2022-03-28,Equity,0.0040643750614672
2022-03-29,Equity,0.0114225307555952
2022-03-30,Equity,0.0112670911954441
2022-03-31,Equity,-0.0025195015821278
2022-04-01,Equity,0.0016842343510257
2022-04-04,Equity,0.0238341352835056
2022-04-05,Equity,-0.0110716696125994
2022-04-06,Equity,-0.0255585539634001
2022-04-07,Equity,0.0004169966591576
2022-04-08,Equity,0.0161758459495319
2022-04-11,Equity,-0.0054382101611044
2022-04-12,Equity,-0.0060512131356066
2022-04-13,Equity,0.0057770624733742
2022-04-18,Equity,-0.0151864707559228
2022-04-19,Equity,-0.0049870383683772
2022-04-20,Equity,0.0084103869895572
2022-04-21,Equity,0.0257375481607376
2022-04-22,Equity,-0.0098201667977065
2022-04-25,Equity,-0.0108427070154549
2022-04-26,Equity,0.0046996329065109
2022-04-27,Equity,-0.0068457967757016
2022-04-28,Equity,0.005772869550979
2022-04-29,Equity,-0.0130695021939226
2022-05-02,Equity,-0.0081789221468964
2022-05-04,Equity,-0.0311660629071301
2022-05-05,Equity,0.0176010194378054
2022-05-06,Equity,-0.0053177091439489
2022-05-09,Equity,0.008996757329973
2022-05-10,Equity,-0.0132741290445367
2022-05-11,Equity,-0.003621963325231
2022-05-12,Equity,-0.0322598131434186
2022-05-13,Equity,-0.0069007822826954
2022-05-16,Equity,-0.0032337852952154
2022-05-17,Equity,0.0365386079535797
2022-05-18,Equity,-0.0040383994310648
2022-05-19,Equity,-0.0176856906646272
2022-05-20,Equity,0.0340240059109974
2022-05-23,Equity,0.0155660877849676
2022-05-24,Equity,-0.0170583080518533
2022-05-25,Equity,0.0042126467339287
2022-05-26,Equity,0.0184789142822011
2022-05-27,Equity,0.0037868164947059
2022-05-30,Equity,0.0272502717847481
2022-05-31,Equity,-0.001623274279325
2022-06-01,Equity,-0.0052462167857932
2022-06-02,Equity,7.852109733946441e-05
2022-06-03,Equity,-0.0080809258130608
2022-06-06,Equity,0.0158091014161575
2022-06-07,Equity,-0.0089404834548161
2022-06-08,Equity,0.0028960793964593
2022-06-09,Equity,0.0014225326883485
2022-06-10,Equity,-0.0227065219838731
2022-06-13,Equity,-0.0174238706412095
2022-06-14,Equity,-0.0131782191483976
2022-06-15,Equity,-0.0055610545245982
2022-06-16,Equity,-0.0205562285657123
2022-06-17,Equity,-0.0031773128119195
2022-06-20,Equity,0.0025714673155158
2022-06-21,Equity,0.0222708961032544
2022-06-22,Equity,-0.0085764190387749
2022-06-23,Equity,0.0154775478832838
2022-06-24,Equity,0.0015800421191868
2022-06-27,Equity,0.0064857495942946
2022-06-28,Equity,0.0110045362911272
2022-06-29,Equity,0.0042332064902681
2022-06-30,Equity,-0.0118759568532513
2022-07-01,Equity,0.001324782894299
2022-07-04,Equity,-0.010237613745193
2022-07-05,Equity,-0.0008716921819618
2022-07-06,Equity,0.026800325841268
2022-07-07,Equity,0.0016663502933586
2022-07-08,Equity,-0.0009385364973652
2022-07-11,Equity,0.0061286723249496
2022-07-12,Equity,-0.0217673871656152
2022-07-13,Equity,-0.0104693327406032
2022-07-14,Equity,0.003317873868343
2022-07-15,Equity,0.0021616709048724
2022-07-18,Equity,0.0126995442605887
2022-07-19,Equity,0.0100652499536446
2022-07-20,Equity,0.0147062571752616
2022-07-21,Equity,0.0075432669166592
2022-07-22,Equity,0.0044643177264546
2022-07-25,Equity,-0.0020297103896061
2022-07-26,Equity,-0.0095378195085631
2022-07-27,Equity,0.0135446223208435
2022-07-28,Equity,0.013618274922749
2022-07-29,Equity,0.0123454020314429
2022-08-01,Equity,0.0029758693280232
2022-08-02,Equity,0.0003312667837559
2022-08-03,Equity,-0.003726198550165
2022-08-04,Equity,-0.0089660832087315
2022-08-05,Equity,0.0032610162568276
2022-08-08,Equity,0.0093362828785094
2022-08-10,Equity,0.0071136509793884
2022-08-11,Equity,0.003936924812224
2022-08-12,Equity,0.0057814447252575
2022-08-16,Equity,0.0118878999217207
2022-08-17,Equity,0.0105341136614859
2022-08-18,Equity,-0.005622559526365
2022-08-19,Equity,-0.0095345678887745
2022-08-22,Equity,-0.0118642076789015
2022-08-23,Equity,0.0053201099107679
2022-08-24,Equity,-0.0148302101874635
2022-08-25,Equity,-0.0031022652274789
2022-08-26,Equity,0.0200805038445245
2022-08-29,Equity,-0.0165903030746097
2022-08-30,Equity,0.0202596470061829
2022-09-01,Equity,-0.0089040067944164
2022-09-02,Equity,0.0026079750902844
2022-09-05,Equity,0.0170457313943431
2022-09-06,Equity,-0.0103403983727375
2022-09-07,Equity,0.0043839415289557
2022-09-08,Equity,0.0149158894556012
2022-09-09,Equity,0.0011067624962447
2022-09-12,Equity,0.0087851942066186
2022-09-13,Equity,0.0159898617827669
2022-09-14,Equity,0.0036094253684714
2022-09-15,Equity,-0.0158621151645062
2022-09-16,Equity,-0.0125235876545007
2022-09-19,Equity,0.0049961797522265
2022-09-20,Equity,0.0118918026693544
2022-09-21,Equity,-0.0046094295094381
2022-09-22,Equity,-0.0058995215672886
2022-09-23,Equity,-0.0073220172555639
2022-09-26,Equity,-0.0183210654410501
2022-09-27,Equity,-0.0091794198792698
2022-09-28,Equity,-0.0115974173131524
2022-09-29,Equity,-0.0006727770346198
2022-09-30,Equity,0.0265594742406454
2022-10-03,Equity,-0.0069845069691997
2022-10-04,Equity,0.0164093887027427
2022-10-06,Equity,0.0235101634694885
2022-10-07,Equity,0.0014286693838226
2022-10-10,Equity,0.0062494800628449
2022-10-11,Equity,-0.0158460986685482
2022-10-12,Equity,0.0128130192972632
2022-10-13,Equity,0.0006356642633296
2022-10-14,Equity,0.0201164456979213
2022-10-17,Equity,0.0160965334038414
2022-10-18,Equity,0.0173948618747198
2022-10-19,Equity,-0.0007738559286836
2022-10-20,Equity,-0.0013217937864044
2022-10-21,Equity,0.0036640938682398
2022-10-24,Equity,0.0165523809554903
2022-10-25,Equity,-0.0056778876329179
2022-10-27,Equity,0.0133862836006816
2022-10-28,Equity,0.0147315392086348
2022-10-31,Equity,0.0056416630429768
2022-11-01,Equity,0.0009996875920227
2022-11-02,Equity,-0.0042701981027877
2022-11-03,Equity,0.00109355403708
2022-11-04,Equity,-0.000326367954448
2022-11-07,Equity,0.015845207656049
2022-11-09,Equity,0.0011763956561912
2022-11-10,Equity,-0.0064781495186838
2022-11-11,Equity,0.0066458970560851
2022-11-14,Equity,-0.0113463720329748
2022-11-15,Equity,0.0065989982632052
2022-11-16,Equity,-0.0164211538576394
2022-11-17,Equity,0.0048296028823333
2022-11-18,Equity,-0.0029413644685331
2022-11-21,Equity,0.0181770142161809
2022-11-22,Equity,0.0234026601586175
2022-11-23,Equity,0.0001118655443238
2022-11-24,Equity,0.0113202538695796
2022-11-25,Equity,0.0098146540721047
2022-11-28,Equity,0.0166262221914129
2022-11-29,Equity,-0.0098251059157379
2022-11-30,Equity,-0.0064553690974183
2022-12-01,Equity,-0.00178954311043
2022-12-02,Equity,-0.001225495514011
2022-12-05,Equity,0.0045398125096869
2022-12-06,Equity,0.0057406579807745
2022-12-07,Equity,-0.0137094829773213
2022-12-08,Equity,-0.0155972385428232
2022-12-09,Equity,0.0011053311564378
2022-12-12,Equity,-0.0062957927510244
2022-12-13,Equity,-0.0098551090504291
2022-12-14,Equity,0.0042711710408694
2022-12-15,Equity,-0.0065055288495842
2022-12-16,Equity,-0.0085994100749119
2022-12-19,Equity,0.0049271695994666
2022-12-20,Equity,-0.0028830183966068
2022-12-21,Equity,-0.0127923817427648
2022-12-22,Equity,-0.014426879631373
2022-12-23,Equity,-0.0231006056700413
2022-12-26,Equity,0.0161398721336173
2022-12-27,Equity,0.0094070829460025
2022-12-28,Equity,0.0011039634095031
2022-12-29,Equity,-0.0038813561539027
2022-12-30,Equity,-0.0058631032339771
2023-01-02,Equity,-0.0120269370161849
2023-01-03,Equity,0.0036567409359413
2023-01-04,Equity,0.0013317921754796
2023-01-05,Equity,-0.0143084963456194
2023-01-06,Equity,-0.0117629250919881
2023-01-09,Equity,0.0164691059381713
2023-01-10,Equity,-1.0763675538639356e-05
2023-01-11,Equity,-0.0043157744326921
2023-01-12,Equity,-0.0073334781750163
2023-01-13,Equity,-0.0099412892209404
2023-01-16,Equity,-0.0023113420381045
2023-01-17,Equity,0.0254911768329741
2023-01-18,Equity,0.0087254240192774
2023-01-19,Equity,-0.0030435989327257
2023-01-20,Equity,-0.0015523168190532
2023-01-23,Equity,0.0052535400640399
2023-01-24,Equity,-0.006217912991124
2023-01-25,Equity,-0.0056067402995906
2023-01-27,Equity,-0.0139681547212847
2023-01-30,Equity,0.002974348622815
2023-01-31,Equity,-0.0067549419380584
2023-02-01,Equity,0.0081321389298134
2023-02-02,Equity,0.0052826827096249
2023-02-03,Equity,0.0097122296089518
2023-02-06,Equity,0.0033044656685853
2023-02-07,Equity,-0.0061067181725081
2023-02-08,Equity,0.0025195084845935
2023-02-09,Equity,-0.0045606169914776
2023-02-10,Equity,-0.0159335062927093
2023-02-13,Equity,-0.0007214116566795
2023-02-14,Equity,-0.005404805321711
2023-02-15,Equity,-0.0047310798556899
2023-02-16,Equity,-0.0151945704717353
2023-02-17,Equity,-0.0054701252316784
2023-02-20,Equity,-0.0064530821623157
2023-02-21,Equity,-0.0033166961984829
2023-02-22,Equity,-0.0233209846889472
2023-02-23,Equity,-0.0115303050054777
2023-02-24,Equity,0.0014195291846235
2023-02-27,Equity,-0.0082898268994732
2023-02-28,Equity,-0.0022718491639965
2023-03-01,Equity,0.0017103592816423
2023-03-02,Equity,-0.0056436667776357
2023-03-03,Equity,0.0264548229283564
2023-03-06,Equity,0.0116448500215092
2023-03-08,Equity,-0.0005742593065859
2023-03-09,Equity,-0.0069246581371278
2023-03-10,Equity,-0.0116709860318268
2023-03-13,Equity,-0.0144879944540683
2023-03-14,Equity,-0.0087755689430492
2023-03-15,Equity,-0.005189365385768
2023-03-16,Equity,0.0027891755057243
2023-03-17,Equity,-0.0009087399746767
2023-03-20,Equity,-0.014356273835912
2023-03-21,Equity,-0.0037976974839056
2023-03-22,Equity,-0.0099067930870891
2023-03-23,Equity,-0.0138109548424074
2023-03-24,Equity,-0.0061452332741576
2023-03-27,Equity,-0.0044434617831861
2023-03-28,Equity,0.0024072318524938
2023-03-29,Equity,0.0081875665793419
2023-03-31,Equity,0.0008891652371195
2023-04-03,Equity,0.0077461026475346
2023-04-05,Equity,0.0159253439820949
2023-04-06,Equity,-0.0052530266132416
2023-04-10,Equity,0.005076395565095
2023-04-11,Equity,-0.0009772175773093
2023-04-12,Equity,0.0061653309754336
2023-04-13,Equity,-0.0089402148143683
2023-04-17,Equity,-0.0208403637711068
2023-04-18,Equity,-0.0053998908451476
2023-04-19,Equity,-0.0030341145864394
2023-04-20,Equity,-0.002557962912521
2023-04-21,Equity,-0.0091948515552307
2023-04-24,Equity,0.0038727812595161
2023-04-25,Equity,0.0039112157145441
2023-04-26,Equity,0.0024367185205318
2023-04-27,Equity,0.0074551610549875
2023-04-28,Equity,0.003309092000064
2023-05-02,Equity,0.0142489102496417
2023-05-03,Equity,-0.0122944150573145
2023-05-04,Equity,0.0133741999839974
2023-05-05,Equity,-0.0004772781218606
2023-05-08,Equity,0.0149613878603154
2023-05-09,Equity,-0.0012353934347993
2023-05-10,Equity,-0.00123555587247
2023-05-11,Equity,0.0076004669229427
2023-05-12,Equity,-0.0101109196267204
2023-05-15,Equity,-0.0028718735608502
2023-05-16,Equity,-0.0089868009309944
2023-05-17,Equity,0.0044729605716755
2023-05-18,Equity,0.000489087435626
2023-05-19,Equity,-0.0033929938888904
2023-05-22,Equity,0.003915300182627
2023-05-23,Equity,-0.0027799845839087
2023-05-24,Equity,-0.008790106649826
2023-05-25,Equity,0.0100862281551707
2023-05-26,Equity,-0.0009475242062333
2023-05-29,Equity,0.0185380453548385
2023-05-30,Equity,0.0088184059611603
2023-05-31,Equity,0.0036898738635041
2023-06-01,Equity,-0.0059204785898253
2023-06-02,Equity,0.001607518607822
2023-06-05,Equity,-0.0079414269430599
2023-06-06,Equity,-0.0036203049421132
2023-06-07,Equity,0.0110990904196741
2023-06-08,Equity,0.0057636852305883
2023-06-09,Equity,-0.0123754517885541
2023-06-12,Equity,-0.0005716428408469
2023-06-13,Equity,0.0052531086774592
2023-06-14,Equity,-0.0087424794331388
2023-06-15,Equity,0.001415889832535
2023-06-16,Equity,0.0018871256980822
2023-06-19,Equity,-0.0050106412015334
2023-06-20,Equity,-4.987740779641668e-05
2023-06-21,Equity,-0.0038809442990853
2023-06-22,Equity,-0.0042958037012487
2023-06-23,Equity,-0.0070584918646099
2023-06-26,Equity,-0.0012980331447526
2023-06-27,Equity,0.0012242104436692
2023-06-28,Equity,0.0110772701785885
2023-06-30,Equity,0.0249642129115071
2023-07-03,Equity,0.0083761902964067
2023-07-04,Equity,0.0117078922384245
2023-07-05,Equity,-0.0103318068623655
2023-07-06,Equity,0.0066553090956065
2023-07-07,Equity,-0.0169673010094869
2023-07-10,Equity,-0.0102687690805522
2023-07-11,Equity,-0.0013010412272341
2023-07-12,Equity,0.007000765203833
2023-07-13,Equity,0.009419357014932
2023-07-14,Equity,0.0100091527078627
2023-07-17,Equity,-0.004450591228078
2023-07-18,Equity,0.000647461641929
2023-07-19,Equity,0.0069618824426963
2023-07-20,Equity,0.0090657022761277
2023-07-21,Equity,-0.026170085796151
2023-07-24,Equity,-0.0105019750771445
2023-07-25,Equity,0.0002067482296426
2023-07-26,Equity,0.0095546664636722
2023-07-27,Equity,-0.0232554008696718
2023-07-28,Equity,-0.0017014515976231
2023-07-31,Equity,0.0069289529955908
2023-08-01,Equity,0.0060717767311042
2023-08-02,Equity,-0.0046468886010603
2023-08-03,Equity,-0.0024601148664408
2023-08-04,Equity,0.000883865216499
2023-08-07,Equity,-0.0108496152293837
2023-08-08,Equity,-0.004194157521097
2023-08-09,Equity,0.0114657624864322
2023-08-10,Equity,0.0068913677621797
2023-08-11,Equity,0.0001102566567915
2023-08-14,Equity,0.0040564222402261
2023-08-16,Equity,0.0049038742010638
2023-08-17,Equity,-0.0092735325582116
2023-08-18,Equity,-0.0035857649745246
2023-08-21,Equity,0.0179740771198043
2023-08-22,Equity,-0.0070935284886048
2023-08-23,Equity,0.0156697502257249
2023-08-24,Equity,-0.0052231899165577
2023-08-25,Equity,0.0046673030986786
2023-08-28,Equity,-0.0088653258370793
2023-08-29,Equity,0.0068829920836782
2023-08-30,Equity,-0.0053460654012045
2023-08-31,Equity,-0.0158624881387817
2023-09-01,Equity,0.0114749825282051
2023-09-04,Equity,0.0131866080104103
2023-09-05,Equity,-0.0040989354900072
2023-09-06,Equity,-0.0098453550358579
2023-09-07,Equity,0.0054802742461007
2023-09-08,Equity,0.0043097077363575
2023-09-11,Equity,0.0135867004404868
2023-09-12,Equity,0.0077392082840263
2023-09-13,Equity,0.0036660238197644
2023-09-14,Equity,0.0167932347582643
2023-09-15,Equity,0.0065334918334566
2023-09-18,Equity,-0.0053957288941533
2023-09-20,Equity,-0.0241107888182546
2023-09-21,Equity,-0.0097932153290276
2023-09-22,Equity,-0.005840513222404
2023-09-25,Equity,0.0079977264371413
2023-09-26,Equity,0.0034991428204593
2023-09-27,Equity,-0.0065033337743976
2023-09-28,Equity,-0.0081055945754854
2023-09-29,Equity,0.0115497662910011
2023-10-03,Equity,0.0069458262206337
2023-10-04,Equity,0.0026557244679817
2023-10-05,Equity,0.0120283573397775
2023-10-06,Equity,0.0062933953229727
2023-10-09,Equity,-0.0037754507154593
2023-10-10,Equity,0.0193928421818894
2023-10-11,Equity,-0.0041915270511299
2023-10-12,Equity,-0.0033712555297424
2023-10-13,Equity,-0.0080503599703469
2023-10-16,Equity,0.0023560221941802
2023-10-17,Equity,0.0141834868329052
2023-10-18,Equity,-0.0115626070351057
2023-10-19,Equity,-0.0211812451509999
2023-10-20,Equity,-0.0071786620447893
2023-10-23,Equity,-0.0057425175694163
2023-10-25,Equity,-0.0036761975093219
2023-10-26,Equity,-0.0101275749298628
2023-10-27,Equity,0.0081357539124644
2023-10-30,Equity,-0.0050155051200934
2023-10-31,Equity,0.0012197475900962
2023-11-01,Equity,-0.0111148790532138
2023-11-02,Equity,0.0253612971243106
2023-11-03,Equity,0.0099520385051674
2023-11-06,Equity,0.00507471697856
2023-11-07,Equity,-0.0048512739375877
2023-11-08,Equity,0.0014527390053732
2023-11-09,Equity,-0.004094952745989
2023-11-10,Equity,0.0107839541500729
2023-11-13,Equity,0.0027283097593868
2023-11-15,Equity,0.006373699597336
2023-11-16,Equity,0.0199850477622456
2023-11-17,Equity,-0.0009952930679586
2023-11-20,Equity,0.0045349884953692
2023-11-21,Equity,-2.6338584134024887e-05
2023-11-22,Equity,0.0046429598485414
2023-11-23,Equity,0.0022917224416215
2023-11-24,Equity,-0.0151858834212051
2023-11-28,Equity,0.0212214655226756
2023-11-29,Equity,0.0210275448009348
2023-11-30,Equity,-0.0010588080154465
2023-12-01,Equity,-0.0018252163131402
2023-12-04,Equity,0.0237486619141977
2023-12-05,Equity,0.0091291473555627
2023-12-06,Equity,0.0071059948327063
2023-12-07,Equity,8.702010715569831e-05
2023-12-08,Equity,0.0076152984191548
2023-12-11,Equity,0.0131993807784974
2023-12-12,Equity,0.0005252186268536
2023-12-13,Equity,-0.007143028135022
2023-12-14,Equity,0.0234505901116565
2023-12-15,Equity,0.0263576957087982
2023-12-18,Equity,0.0237454411920011
2023-12-19,Equity,-0.0070795774093442
2023-12-20,Equity,-0.0118784099890311
2023-12-21,Equity,-0.0113969955489885
2023-12-22,Equity,0.0091641198076443
2023-12-26,Equity,0.0002212735487729
2023-12-27,Equity,0.0256403162793273
2023-12-28,Equity,-0.0001730384523524
2023-12-29,Equity,-0.0153852573777835
2024-01-01,Equity,-0.0029869381184074
2024-01-02,Equity,-0.0190040382207611
2024-01-03,Equity,-0.0005430707396109
2024-01-04,Equity,-0.0096561941837011
2024-01-05,Equity,0.0029378428780708
2024-01-08,Equity,-0.0254332032444925
2024-01-09,Equity,-0.0007819004312264
2024-01-10,Equity,0.0168747404876168
2024-01-11,Equity,0.004503486314838
2024-01-12,Equity,0.0048185437979864
2024-01-15,Equity,0.0093174467833359
2024-01-16,Equity,-0.0025040984081891
2024-01-17,Equity,-0.0168133507453351
2024-01-18,Equity,-0.0157201384149822
2024-01-19,Equity,0.012502495377234
2024-01-23,Equity,-0.0390759759955566
2024-01-24,Equity,0.0053908946522403
2024-01-25,Equity,-0.0083302444950125
2024-01-29,Equity,0.0233972060608146
2024-01-30,Equity,-0.0094326512810682
2024-01-31,Equity,-0.0014844790118473
2024-02-01,Equity,-0.0088802483806903
2024-02-02,Equity,0.0090954282514724
2024-02-05,Equity,-0.0040893938157242
2024-02-06,Equity,0.0029104092244453
2024-02-07,Equity,-0.0034965271587175
2024-02-08,Equity,-0.0038226731335986
2024-02-09,Equity,-0.0008693086931088
2024-02-12,Equity,-0.0080461493829682
2024-02-13,Equity,0.0235439727161519
2024-02-14,Equity,-0.0066374688101094
2024-02-15,Equity,-0.0112776056637613
2024-02-16,Equity,0.0124995603406495
2024-02-19,Equity,-0.001429135682074
2024-02-20,Equity,0.001130755351068
2024-02-21,Equity,-0.012341951035379
2024-02-22,Equity,0.0055849207320013
2024-02-23,Equity,0.0128745089765806
2024-02-26,Equity,0.0026360991601087
2024-02-27,Equity,0.0106467824437422
2024-02-28,Equity,-0.0221657442562897
2024-02-29,Equity,-0.0074673742237323
2024-03-01,Equity,-0.0062204605758148
2024-03-04,Equity,-0.0031825062799261
2024-03-05,Equity,0.0057533349840474
2024-03-06,Equity,0.0097025436680211
2024-03-07,Equity,-0.0006044387574049
2024-03-11,Equity,-0.0070315810715155
2024-03-12,Equity,-0.0050745654737571
2024-03-13,Equity,-0.0131946542112022
2024-03-14,Equity,0.0131982421886497
2024-03-15,Equity,-0.0181945629266025
2024-03-18,Equity,0.0041660593050667
2024-03-19,Equity,-0.0030427176726513
2024-03-20,Equity,-0.0020284594210267
2024-03-21,Equity,0.0138202905967724
2024-03-22,Equity,0.026669724056788
2024-03-26,Equity,-0.004700548684194
2024-03-27,Equity,0.0088521731831941
2024-03-28,Equity,0.0035825444092528
2024-04-01,Equity,0.0078009884789082
2024-04-02,Equity,0.0035948869723452
2024-04-03,Equity,0.0010281084817924
2024-04-04,Equity,-0.0042916500693072
2024-04-05,Equity,0.0019086473731407
2024-04-08,Equity,0.0187757322625555
2024-04-09,Equity,0.002850064289075
2024-04-10,Equity,0.0129003716268055
2024-04-12,Equity,-0.0118976885743509
2024-04-15,Equity,-0.0046646952729113
2024-04-16,Equity,-0.0030601825552398
2024-04-18,Equity,-0.014172531687816
2024-04-19,Equity,0.0097199367269973
2024-04-22,Equity,0.0009183926754548
2024-04-23,Equity,-0.0033483286005407
2024-04-24,Equity,0.0033525552237627
2024-04-25,Equity,0.0101748837937578
2024-04-26,Equity,-0.0158774867015003
2024-04-29,Equity,0.0186985087382654
2024-04-30,Equity,0.0031735329107641
2024-05-02,Equity,-0.0034201146876729
2024-05-03,Equity,-0.0196105376681468
2024-05-06,Equity,-0.0023341704483312
2024-05-07,Equity,-0.0095145353066713
2024-05-08,Equity,0.0012051236564241
2024-05-09,Equity,-0.018074051101149
2024-05-10,Equity,-0.011310185741021
2024-05-13,Equity,-0.0005918074158707
2024-05-14,Equity,0.003003371699159
2024-05-15,Equity,0.0045906877292388
2024-05-16,Equity,0.0038717802793763
2024-05-17,Equity,0.0165079377309555
2024-05-21,Equity,-0.0121910727376103
2024-05-22,Equity,0.013840955457371
2024-05-23,Equity,0.0148720678414582
2024-05-24,Equity,0.0067173032450292
2024-05-27,Equity,-0.0001353470537201
2024-05-28,Equity,0.0074847348705816
2024-05-29,Equity,-0.0108140113436835
2024-05-30,Equity,-0.0180045630596017
2024-05-31,Equity,0.0135338142713824
2024-06-03,Equity,0.0319344725282956
2024-06-04,Equity,-0.057221131627417
2024-06-05,Equity,0.043802252072394
2024-06-06,Equity,0.0009324073074823
2024-06-07,Equity,0.0256038586479211
2024-06-10,Equity,-0.0057480963091159
2024-06-11,Equity,-0.0005144234109358
2024-06-12,Equity,0.0033755446372135
2024-06-13,Equity,-0.0084452754170604
2024-06-14,Equity,-0.0030801684272977
2024-06-18,Equity,0.0150420339262657
2024-06-19,Equity,0.005610916392474
2024-06-20,Equity,0.0019676195610044
2024-06-21,Equity,-0.0005513118449872
2024-06-24,Equity,-0.0004901834289825
2024-06-25,Equity,0.0189465469405393
2024-06-26,Equity,0.0049152194994845
2024-06-27,Equity,0.0095157776356235
2024-06-28,Equity,0.0080583390705396
2024-07-01,Equity,-0.0004484875296918
2024-07-02,Equity,0.0120205973196283
2024-07-03,Equity,-0.0052013846702242
2024-07-04,Equity,0.0139815440497053
2024-07-05,Equity,-0.0017885117217651
2024-07-08,Equity,-0.0017772111189756
2024-07-09,Equity,-0.01018826038345
2024-07-10,Equity,-0.0077892689367882
2024-07-11,Equity,-0.0083678948984292
2024-07-12,Equity,0.0030964028813682
2024-07-15,Equity,0.0026521819813302
2024-07-16,Equity,0.0090320487412383
2024-07-18,Equity,0.0095929565546333
2024-07-19,Equity,-0.0081232630238803
2024-07-22,Equity,-0.0093467313831492
2024-07-23,Equity,-0.0079781886885468
2024-07-24,Equity,0.0120119683209045
2024-07-25,Equity,-0.0058847352621516
2024-07-26,Equity,0.0311169957767328
2024-07-29,Equity,-0.0015941570937835
2024-07-30,Equity,0.001171946863448
2024-07-31,Equity,0.012638456292696
2024-08-01,Equity,0.012869818541182
2024-08-02,Equity,-0.0123094359741873
2024-08-05,Equity,-0.0295924023227951
2024-08-06,Equity,-0.0027683262392366
2024-08-07,Equity,0.0157138227063013
2024-08-08,Equity,1.6816813969786765e-06
2024-08-09,Equity,0.0107207029097689
2024-08-12,Equity,0.004409805886391
2024-08-13,Equity,0.0048637308585372
2024-08-14,Equity,0.0035472538979939
2024-08-16,Equity,0.0192529853383306
2024-08-19,Equity,-0.0105677281897003
2024-08-20,Equity,-0.0156100817547223
2024-08-21,Equity,0.0062957885303405
2024-08-22,Equity,0.0012087638034104
2024-08-23,Equity,-0.0033487053214912
2024-08-26,Equity,0.0097996287781618
2024-08-27,Equity,0.0001026645766618
2024-08-28,Equity,0.0107052444483364
2024-08-29,Equity,0.0049645463523947
2024-08-30,Equity,-0.0023376262069835
2024-09-02,Equity,0.0099172800249066
2024-09-03,Equity,-0.0013915402996747
2024-09-04,Equity,0.0013022114523199
2024-09-05,Equity,-0.0056463640717141
2024-09-06,Equity,-0.0165489653828814
2024-09-09,Equity,0.0043633945364982
2024-09-10,Equity,0.0046012791984731
2024-09-11,Equity,-0.0007593471666847
2024-09-12,Equity,0.0170304668007931
2024-09-13,Equity,-0.0156670418741987
2024-09-16,Equity,-0.0020875159360981
2024-09-17,Equity,0.0080215343427545
2024-09-18,Equity,-0.0036920038181644
2024-09-19,Equity,-0.0001638295702064
2024-09-20,Equity,0.022951453424989
2024-09-23,Equity,0.0003465992815949
2024-09-24,Equity,-0.0119903957242441
2024-09-25,Equity,0.0014725075595019
2024-09-26,Equity,0.0045753226314641
2024-09-27,Equity,-0.0088451937283494
2024-09-30,Equity,-0.0151639284992129
2024-10-01,Equity,0.0036916050544948
2024-10-03,Equity,-0.0209706837535299
2024-10-04,Equity,-0.0065708472986547
2024-10-07,Equity,0.0060583864195207
2024-10-08,Equity,0.0063246164110087
2024-10-09,Equity,0.0012793983491707
2024-10-10,Equity,-0.0031132300158423
2024-10-11,Equity,-0.0078389313711713
2024-10-14,Equity,0.0021780845270866
2024-10-15,Equity,-0.0063396734770704
2024-10-16,Equity,-0.0002582690292906
2024-10-17,Equity,0.0102243789707715
2024-10-18,Equity,-0.0012181735489665
2024-10-21,Equity,-0.0059681848229219
2024-10-22,Equity,-0.0126741644427593
2024-10-23,Equity,0.0019708260461862
2024-10-24,Equity,0.000931063720782
2024-10-25,Equity,0.0016135458020917
2024-10-28,Equity,-0.0125625689296734
2024-10-29,Equity,-0.0135487801135562
2024-10-30,Equity,-0.0088168506299104
2024-10-31,Equity,0.0035116278595556
2024-11-01,Equity,-0.0081351792912286
2024-11-04,Equity,-0.0364748323821951
2024-11-05,Equity,0.0139524940683609
2024-11-06,Equity,0.0134311285492522
2024-11-07,Equity,-0.020049692960543
2024-11-08,Equity,-0.0096980261182352
2024-11-11,Equity,-0.0077436206444802
2024-11-12,Equity,-0.0094966482367417
2024-11-13,Equity,-0.0182930845323854
2024-11-14,Equity,0.0031339789141147
2024-11-18,Equity,-0.0258897284663616
2024-11-19,Equity,-0.0037962335143906
2024-11-21,Equity,-0.0158772396204048
2024-11-22,Equity,0.0221187386842578
2024-11-25,Equity,0.0091569137994412
2024-11-26,Equity,0.0055515264217482
2024-11-27,Equity,-0.0112516087354743
2024-11-28,Equity,-0.0141970972438469
2024-11-29,Equity,0.0138386933262289
2024-12-02,Equity,0.0211599994974442
2024-12-03,Equity,0.0039058833758521
2024-12-04,Equity,0.0033167656494739
2024-12-05,Equity,-0.0042830767776138
2024-12-06,Equity,-0.0200740790306301
2024-12-09,Equity,0.0046754550785256
2024-12-10,Equity,-0.0001079909705745
2024-12-11,Equity,0.0110182248213505
2024-12-12,Equity,-0.0144654194914171
2024-12-13,Equity,0.0134047649248189
2024-12-16,Equity,0.0112110738026175
2024-12-17,Equity,-0.0098110851808752
2024-12-18,Equity,-0.0031230477672785
2024-12-19,Equity,-0.0098448629204662
2024-12-20,Equity,-0.0274726208078129
2024-12-23,Equity,0.0181800564586556
2024-12-24,Equity,-0.0056729698299549
2024-12-26,Equity,0.0052861846773832
2024-12-27,Equity,-0.0095431948004419
2024-12-30,Equity,-0.0162115252519301
2024-12-31,Equity,0.0117764864724995
2025-01-01,Equity,0.0016704688065908
2025-01-02,Equity,0.0307002370000058
2025-01-03,Equity,-0.0079286006000772
2025-01-06,Equity,-0.0306277781802885
2025-01-07,Equity,0.0113258282246881
2025-01-08,Equity,-0.0052184995804645
2025-01-09,Equity,-0.0009680844510111
2025-01-10,Equity,-0.0035363127621425
2025-01-13,Equity,-0.0267922211260203
2025-01-14,Equity,0.0055172326223515
2025-01-15,Equity,0.0194726655352085
2025-01-16,Equity,0.0084915423934993
2025-01-17,Equity,-0.0048187938167164
2025-01-20,Equity,0.0150032327528227
2025-01-21,Equity,-0.0117264979556686
2025-01-22,Equity,0.0076527647565188
2025-01-23,Equity,-0.0062736731510319
2025-01-24,Equity,-0.0027052634520768
2025-01-27,Equity,-0.0028076946042273
2025-01-28,Equity,-0.000777267399522
2025-01-29,Equity,0.0206626158583266
2025-01-30,Equity,0.0032964394066017
2025-01-31,Equity,0.0043335840580174
2025-02-01,Equity,0.007164434490342
2025-02-03,Equity,-0.0071514458625996
2025-02-04,Equity,0.0225654259205199
2025-02-05,Equity,-0.0038432761202122
2025-02-06,Equity,-0.0041012117828474
2025-02-07,Equity,0.0024097430088751
2025-02-10,Equity,-0.0049428572315878
2025-02-11,Equity,-0.02891393917966
2025-02-12,Equity,-0.0098207392111852
2025-02-13,Equity,0.0071343053011359
2025-02-14,Equity,-0.0051923588649187
2025-02-17,Equity,-0.0025705748244086
2025-02-18,Equity,-0.0111870384623546
2025-02-19,Equity,-0.0088783232602473
2025-02-20,Equity,-0.0167355972383194
2025-02-21,Equity,-0.0056273945484947
2025-02-24,Equity,-0.0151276059747169
2025-02-25,Equity,-0.007689819176072
2025-02-27,Equity,-0.0003558641889936
2025-02-28,Equity,-0.0154331946198731
2025-03-03,Equity,0.0168015829654411
2025-03-04,Equity,-0.0134520090016081
2025-03-05,Equity,0.0211067434156296
2025-03-06,Equity,0.0173696602649875
2025-03-07,Equity,-0.0055867279285634
2025-03-10,Equity,-0.0021623162764034
2025-03-11,Equity,-0.0016870185390948
2025-03-12,Equity,0.0005675998541182
2025-03-13,Equity,0.0091109586454977
2025-03-17,Equity,0.0101254181973187
2025-03-18,Equity,0.0188321659807029
2025-03-19,Equity,6.755708649007009e-05
2025-03-20,Equity,0.0007837422696953
2025-03-21,Equity,0.0055208062669656
2025-03-24,Equity,0.0231410424692101
2025-03-25,Equity,-0.0114819455650755
2025-03-26,Equity,-0.015821794273959
2025-03-27,Equity,0.0057849697668751
2025-03-28,Equity,-0.0106545426889326
2025-04-01,Equity,-0.0210767594421586
2025-04-02,Equity,0.0041050538048609
2025-04-03,Equity,-0.0141500878523706
2025-04-04,Equity,-0.0223595945447974
2025-04-07,Equity,-0.0265051229487568
2025-04-08,Equity,0.0067283606449665
2025-04-09,Equity,-0.0185488330840292
2025-04-11,Equity,0.0144301875729192
2025-04-15,Equity,0.0280580418021872
2025-04-16,Equity,0.0033819417370519
2025-04-17,Equity,0.0142668283130291
2025-04-21,Equity,0.0121383688441412
2025-04-22,Equity,-0.0119372338974634
2025-04-23,Equity,0.0109484858823224
2025-04-24,Equity,-1.3265841027537696e-05
2025-04-25,Equity,-0.0115261311554496
2025-04-28,Equity,0.0203756079771186
2025-04-29,Equity,-0.0084137756950503
2025-04-30,Equity,0.0092513618682966
2025-05-02,Equity,0.0020496296759267
2025-05-05,Equity,0.0023084699785875
2025-05-06,Equity,-0.0031928789428958
2025-05-07,Equity,0.000869336868984
2025-05-08,Equity,0.004303382874245
2025-05-09,Equity,-0.0192635427139745
2025-05-12,Equity,0.0323829191770471
2025-05-13,Equity,-0.0053054159399637
2025-05-14,Equity,-0.0008614834167495
2025-05-15,Equity,0.0235257027601145
2025-05-16,Equity,0.0122077271104105
2025-05-19,Equity,-0.0058860690292867
2025-05-20,Equity,-0.0047339327420643
2025-05-21,Equity,-0.0036812255418326
2025-05-22,Equity,-0.0018734063894997
2025-05-23,Equity,0.0117878806058999
2025-05-26,Equity,0.0100392857135613
2025-05-27,Equity,-0.0118623014465996
2025-05-28,Equity,-0.015959319390533
2025-05-29,Equity,0.0076044957467719
2025-05-30,Equity,-0.0195454601889499
2025-06-02,Equity,-0.0036165270104734
2025-06-03,Equity,0.0007856215511012
2025-06-04,Equity,0.0050010866949704
2025-06-05,Equity,0.0211954379204252
2025-06-06,Equity,0.0186883971751568
2025-06-09,Equity,-0.0009257383965174
2025-06-10,Equity,0.0005603654983984
2025-06-11,Equity,0.0014008790523591
2025-06-12,Equity,-0.0224284987695556
2025-06-13,Equity,-0.0140376501797945
2025-06-16,Equity,0.0050337065118696
2025-06-17,Equity,-0.0197217348153434
2025-06-18,Equity,-0.0009837927774202
2025-06-19,Equity,-0.0024503025813269
2025-06-20,Equity,-0.0002106802506548
2025-06-23,Equity,-0.002061142565051
2025-06-24,Equity,0.0089282116443639
2025-06-25,Equity,0.0101180963513444
2025-06-26,Equity,0.009759465412458
2025-06-27,Equity,0.0085072419871958
2025-06-30,Equity,0.0010319205291483
2025-07-01,Equity,0.0037291682350412
2025-07-02,Equity,-0.0097579065432476
2025-07-03,Equity,0.0006230936048649
2025-07-04,Equity,0.0120562702925964
2025-07-07,Equity,-0.0044612190581872
2025-07-08,Equity,0.0194871318446345
2025-07-09,Equity,-0.0057230664992118
2025-07-10,Equity,-0.0041843903394769
2025-07-11,Equity,-0.0131807865783266
2025-07-14,Equity,-0.0005996874697864
2025-07-15,Equity,-0.0091126703222879
2025-07-16,Equity,-0.0034233856492303
2025-07-17,Equity,-0.0124271869545168
2025-07-18,Equity,-0.0043138512641044
2025-07-21,Equity,0.0131537233069365
2025-07-22,Equity,0.0042804051086431
2025-07-23,Equity,-0.0123287302966265
2025-07-24,Equity,0.0103795625959319
2025-07-25,Equity,-0.0063194345120637
2025-07-28,Equity,-0.0121969554533315
2025-07-29,Equity,0.0072374975862976
2025-07-30,Equity,0.0030773537045449
2025-07-31,Equity,-0.0085230615013015
2025-08-01,Equity,-0.0063126104040456
2025-08-04,Equity,0.0018476367420919
2025-08-05,Equity,-0.0058957000086243
2025-08-06,Equity,-0.0082471473141619
2025-08-07,Equity,-0.010268109394963
2025-08-08,Equity,-0.0080002209736841
2025-08-11,Equity,0.0140841999639885
2025-08-12,Equity,0.0004471269778918
2025-08-13,Equity,0.012247855537794
2025-08-14,Equity,0.00338015984419
2025-08-18,Equity,0.0060112152908997
2025-08-19,Equity,0.0111858755960752
2025-08-20,Equity,-0.0077619589450737
2025-08-21,Equity,-0.005580082085821
2025-08-22,Equity,-0.0159310826314846
2025-08-25,Equity,0.0128668658240199
2025-08-26,Equity,-0.0023988717589142
2025-08-28,Equity,-0.0043459882075636
2025-08-29,Equity,0.0058530691283648
2025-09-01,Equity,0.0013798079153095
2025-09-02,Equity,0.0012430318970981
2025-09-03,Equity,0.0048093197199517
2025-09-04,Equity,0.0078539344538841
2025-09-05,Equity,-0.0003509465537059
2025-09-08,Equity,-0.0014800648879281
2025-09-09,Equity,0.0084801983267232
2025-09-10,Equity,0.011511439568417
2025-09-11,Equity,-0.0037493498985559
2025-09-12,Equity,0.0041504400391908
2025-09-15,Equity,-0.0099514217502672
2025-09-16,Equity,-0.0129072317488449
2025-09-17,Equity,0.0055151525807752
2025-09-18,Equity,0.0088565443916719
2025-09-19,Equity,-0.0014010720664446
2025-09-22,Equity,-0.0202201294606997
2025-09-23,Equity,-0.0038102298379658
2025-09-24,Equity,-0.021920435088017
2025-09-25,Equity,0.0046306606489107
2025-09-26,Equity,-0.0178758745841761
2025-09-29,Equity,0.0095401840707381
2025-09-30,Equity,0.0069008163949906
2025-10-01,Equity,0.0022456676721874
2025-10-03,Equity,-0.0064290328331603
2025-10-06,Equity,0.0104701405223779
2025-10-07,Equity,-0.0052323729049947
2025-10-08,Equity,-0.001355415442924
2025-10-09,Equity,0.0018533968454815
2025-10-10,Equity,-0.009837217148046
2025-10-13,Equity,-0.0198375625457022
2025-10-14,Equity,-0.0011310051445076
2025-10-15,Equity,0.0028883589018769
2025-10-16,Equity,0.0062115096761667
2025-10-17,Equity,0.0107348944503609
2025-10-20,Equity,0.0148723519430237
2025-10-21,Equity,-0.0008956009449917
2025-10-23,Equity,-0.0015433820184411
2025-10-24,Equity,0.0005836937389498
2025-10-27,Equity,-0.0039301930575668
2025-10-28,Equity,0.0009355862911765
2025-10-29,Equity,0.0092531918692553
2025-10-30,Equity,-0.001015333980469
2025-10-31,Equity,-0.0212126824574169
2025-11-03,Equity,-0.0041871628077793
2025-11-04,Equity,-0.013157692802348
2025-11-06,Equity,-0.0023368123692832
2025-11-07,Equity,0.0034639243902994
2025-11-10,Equity,0.0154922561466942
2025-11-11,Equity,0.0010559233276403
2025-11-12,Equity,0.003357829039376
2025-11-13,Equity,0.0096268256472336
2025-11-14,Equity,0.0038666419796907
2025-11-17,Equity,0.0144318811303697
2025-11-18,Equity,-0.0013649828779399
2025-11-19,Equity,-0.0034532922745518
2025-11-20,Equity,-0.0050104852500007
2025-11-21,Equity,-0.0168463408152517
2025-11-24,Equity,0.0014284783650997
2025-11-25,Equity,0.006931245404627
2025-11-26,Equity,0.0274766806614536
2025-11-27,Equity,0.0074359848967751
2025-11-28,Equity,0.0091220182619062
2025-12-01,Equity,-0.0053781519359696
2025-12-02,Equity,-0.0144354399308927
2025-12-03,Equity,0.0053259394689039
2025-12-04,Equity,0.0054789739175535
2025-12-05,Equity,0.007024988086387
2025-12-08,Equity,-0.0052275676148278
2025-12-09,Equity,-0.001771597249427
2025-12-10,Equity,0.0074106472878328
2025-12-11,Equity,0.0161164721950354
2025-12-12,Equity,0.0103837528383742
2025-12-15,Equity,0.0063120759997884
2025-12-16,Equity,-0.002011568418176
2025-12-17,Equity,-0.0049960348897225
2025-12-18,Equity,0.0062363218767362
2025-12-19,Equity,-0.0050125985148193
2025-12-22,Equity,0.0166644615244827
2025-12-23,Equity,-0.0090746946241367
2025-12-24,Equity,0.0012474424581892
2025-12-26,Equity,-0.0102787838004143
2025-12-29,Equity,0.0008794805544177
2025-12-30,Equity,-9.668079597612825e-05
2025-12-31,Equity,-0.0051042134408676
2007-09-18,Bond,0.0002351732350221
2007-09-19,Bond,-0.0057083884874299
2007-09-20,Bond,0.0024422528724554
2007-09-21,Bond,-0.0017717376435432
2007-09-24,Bond,-0.0006503141220353
2007-09-25,Bond,-0.0028875331510927
2007-09-26,Bond,-0.0016814033033333
2007-09-27,Bond,-0.0024713759768691
2007-09-28,Bond,0.0022741473207174
2007-10-01,Bond,0.0042041770931134
2007-10-03,Bond,-0.0050939173682771
2007-10-04,Bond,0.0033918030204536
2007-10-05,Bond,-0.005951302608932
2007-10-08,Bond,-0.0015197816185752
2007-10-09,Bond,-0.0075182849407104
2007-10-10,Bond,-0.0060812248868964
2007-10-11,Bond,-0.0061634430282099
2007-10-12,Bond,0.0031074622322868
2007-10-15,Bond,-0.0049831233224241
2007-10-16,Bond,0.0012996612001644
2007-10-17,Bond,0.0041100673953915
2007-10-18,Bond,0.0046637222044129
2007-10-19,Bond,0.0046292677626596
2007-10-22,Bond,0.0005115566484477
2007-10-23,Bond,-0.0090293326979515
2007-10-24,Bond,0.0028833048617308
2007-10-25,Bond,-0.0029719053104413
2007-10-26,Bond,-0.005081308593864
2007-10-29,Bond,-0.0039842445631736
2007-10-30,Bond,-0.0019894024160612
2007-10-31,Bond,-0.0016758464574698
2007-11-01,Bond,0.001731753972282
2007-11-02,Bond,4.0841003510384485e-05
2007-11-05,Bond,-0.0011389932156425
2007-11-06,Bond,-0.0003033232791023
2007-11-07,Bond,0.0034147159821453
2007-11-08,Bond,0.0030549809829519
2007-11-12,Bond,0.007777963748776
2007-11-13,Bond,0.0022664302863664
2007-11-14,Bond,-0.0007049429693742
2007-11-15,Bond,-0.003609111889064
2007-11-16,Bond,0.0025003819871118
2007-11-19,Bond,-5.286069601190877e-05
2007-11-20,Bond,0.0006125778024266
2007-11-21,Bond,0.0044270888241051
2007-11-22,Bond,0.0037054877519954
2007-11-23,Bond,5.456563425249635e-06
2007-11-26,Bond,-0.0047102667399896
2007-11-27,Bond,0.0029327230049838
2007-11-28,Bond,-0.0003782667102272
2007-11-29,Bond,0.0004665310337527
2007-11-30,Bond,-0.003064389110654
2007-12-03,Bond,-0.0023109252486344
2007-12-04,Bond,0.0025321117442817
2007-12-05,Bond,-0.0043943166136742
2007-12-06,Bond,0.0057081071872668
2007-12-07,Bond,-0.0056724033996167
2007-12-10,Bond,-0.001443692377734
2007-12-11,Bond,-0.0010619170950798
2007-12-12,Bond,0.0008552738013273
2007-12-13,Bond,0.001461611986245
2007-12-14,Bond,0.000119497262186
2007-12-17,Bond,0.0058277351571873
2007-12-18,Bond,2.7452729345844103e-05
2007-12-19,Bond,0.0041454226384187
2007-12-20,Bond,0.0023711424990218
2007-12-24,Bond,-0.0010523896480365
2007-12-26,Bond,-0.0042095222986677
2007-12-27,Bond,-0.0002952438878857
2007-12-28,Bond,-0.000751803096717
2007-12-31,Bond,-0.003865600292201
2008-01-01,Bond,0.0011068229869768
2008-01-02,Bond,-0.0020633768500307
2008-01-03,Bond,0.002099968450901
2008-01-04,Bond,-0.0046402910950694
2008-01-07,Bond,0.005200614608744
2008-01-08,Bond,-0.0027083491545106
2008-01-09,Bond,0.0010299820040086
2008-01-10,Bond,0.0043299179293705
2008-01-11,Bond,-0.002292753699097
2008-01-14,Bond,0.0025693478840459
2008-01-15,Bond,-0.0014319928753353
2008-01-16,Bond,0.0067564699844061
2008-01-17,Bond,0.00054234594909
2008-01-18,Bond,0.0018466350813437
2008-01-21,Bond,0.0079248895590071
2008-01-22,Bond,0.0084886256396405
2008-01-23,Bond,-0.0078403772808402
2008-01-24,Bond,0.00113805504452
2008-01-25,Bond,-0.0074961020846507
2008-01-28,Bond,-0.0013814808934074
2008-01-29,Bond,0.0054546013886555
2008-01-30,Bond,0.0005644253616759
2008-01-31,Bond,0.0031982914486794
2008-02-01,Bond,-0.0027513765664851
2008-02-04,Bond,-0.005584084073492
2008-02-05,Bond,-0.0002712493631785
2008-02-06,Bond,0.0054142593003776
2008-02-07,Bond,0.0031117783874646
2008-02-08,Bond,0.003950639716017
2008-02-11,Bond,0.0083277510888221
2008-02-12,Bond,0.0032627853298798
2008-02-13,Bond,-0.0031439534266727
2008-02-14,Bond,-0.0086485375552068
2008-02-15,Bond,-0.0036603995393438
2008-02-18,Bond,0.0011990205926314
2008-02-19,Bond,0.0016834549611181
2008-02-20,Bond,-0.0040020916183093
2008-02-21,Bond,-0.0006289485924042
2008-02-22,Bond,0.0021553795781334
2008-02-25,Bond,-0.002472652243828
2008-02-26,Bond,0.0026603547381414
2008-02-27,Bond,0.001416647371734
2008-02-28,Bond,0.0037335877274683
2008-02-29,Bond,0.0006376611253322
2008-03-03,Bond,0.0081109526268459
2008-03-04,Bond,0.0068170425108589
2008-03-05,Bond,0.0028801838613349
2008-03-07,Bond,-0.0001125793773519
2008-03-10,Bond,-0.0012445952562267
2008-03-11,Bond,-0.0022799637716383
2008-03-12,Bond,0.001462399381166
2008-03-13,Bond,0.0072775808280926
2008-03-14,Bond,-0.0050396338238385
2008-03-17,Bond,0.0054375051118867
2008-03-18,Bond,-0.0066037668445803
2008-03-19,Bond,0.0035424554605448
2008-03-24,Bond,-0.0022020001433133
2008-03-25,Bond,-0.0055184516889057
2008-03-26,Bond,0.0001884860675437
2008-03-27,Bond,0.0035290923377753
2008-03-28,Bond,-0.0107060641717673
2008-03-31,Bond,0.004268873950764
2008-04-01,Bond,-0.0003041159976488
2008-04-02,Bond,-0.0015500184923259
2008-04-03,Bond,0.0049326895307076
2008-04-04,Bond,6.929704354683786e-05
2008-04-07,Bond,-2.211513329194439e-05
2008-04-08,Bond,0.0022714747160735
2008-04-09,Bond,0.0031104456023667
2008-04-10,Bond,-0.0015855980678785
2008-04-11,Bond,-0.0030254481021356
2008-04-15,Bond,0.0012764733203266
2008-04-16,Bond,0.0012391923840632
2008-04-17,Bond,-0.0059696050852217
2008-04-21,Bond,-0.0030831058146928
2008-04-22,Bond,0.0010349588670931
2008-04-23,Bond,0.0031581179082388
2008-04-24,Bond,-0.0014607813136512
2008-04-25,Bond,-0.0108598369909537
2008-04-28,Bond,0.002121038614985
2008-04-29,Bond,-0.005620674814072
2008-04-30,Bond,-0.0053622907152939
2008-05-02,Bond,-0.0095829688732407
2008-05-05,Bond,0.0032495634437868
2008-05-06,Bond,0.0014226051588849
2008-05-07,Bond,-0.000379116372416
2008-05-08,Bond,0.0053346790607994
2008-05-09,Bond,0.003982110693251
2008-05-12,Bond,0.0043658052761097
2008-05-13,Bond,-0.00296397285292
2008-05-14,Bond,-0.0010718401295138
2008-05-15,Bond,-0.0067952870296178
2008-05-16,Bond,-0.0013980222765888
2008-05-20,Bond,0.000396895095358
2008-05-21,Bond,0.0017510685135215
2008-05-22,Bond,0.0020582941131261
2008-05-23,Bond,0.0035602377826985
2008-05-26,Bond,0.0036757723370934
2008-05-27,Bond,0.0068976033491199
2008-05-28,Bond,-0.0020306781324876
2008-05-29,Bond,-0.0010144877585964
2008-05-30,Bond,0.0001385376042798
2008-06-02,Bond,0.0003927762998299
2008-06-03,Bond,0.0050659286135249
2008-06-04,Bond,0.002033335076865
2008-06-05,Bond,-0.003568836913087
2008-06-06,Bond,-0.000243040299526
2008-06-09,Bond,0.0050162872055587
2008-06-10,Bond,0.0007831944340667
2008-06-11,Bond,-0.003463508622736
2008-06-12,Bond,0.0047678817396955
2008-06-13,Bond,-0.0019583512499566
2008-06-16,Bond,-0.000999750188298
2008-06-17,Bond,0.0003163935778487
2008-06-18,Bond,-0.003256702566234
2008-06-19,Bond,0.0032662176077708
2008-06-20,Bond,0.0004336178696567
2008-06-23,Bond,0.004454914707222
2008-06-24,Bond,-0.001003003513652
2008-06-25,Bond,0.0007297235911363
2008-06-26,Bond,0.0019513623956248
2008-06-27,Bond,0.0068564508991796
2008-06-30,Bond,0.0031970823292358
2008-07-01,Bond,0.0029850197706186
2008-07-02,Bond,-0.0066544912344577
2008-07-03,Bond,0.0086275522300182
2008-07-04,Bond,-0.0042774094330304
2008-07-07,Bond,-0.0033398037983992
2008-07-08,Bond,0.0031446415736313
2008-07-09,Bond,-0.0064942580675987
2008-07-10,Bond,-0.0028528745157906
2008-07-11,Bond,-0.001491092686549
2008-07-14,Bond,-0.0010990419701443
2008-07-15,Bond,0.0042929717358549
2008-07-16,Bond,0.0019992103144573
2008-07-17,Bond,-0.0004452654227733
2008-07-18,Bond,-0.0019740643011155
2008-07-21,Bond,-0.0020959668938602
2008-07-22,Bond,-0.0024123222775163
2008-07-23,Bond,-0.0039319360642735
2008-07-24,Bond,0.0049038023822564
2008-07-25,Bond,0.0032439147402439
2008-07-28,Bond,-0.0017570285551024
2008-07-29,Bond,0.0004250288011415
2008-07-30,Bond,-0.0071679817287255
2008-07-31,Bond,0.0016690543708053
2008-08-01,Bond,-6.219883030348077e-06
2008-08-04,Bond,0.0022644504180008
2008-08-05,Bond,-0.0027117448334549
2008-08-06,Bond,0.0040143508423268
2008-08-07,Bond,-0.0014718180960362
2008-08-08,Bond,0.0028609162536425
2008-08-11,Bond,-0.0020030705514825
2008-08-12,Bond,-0.0002300738552846
2008-08-13,Bond,0.0024072333034679
2008-08-14,Bond,0.0035204369021326
2008-08-18,Bond,0.0020406799173906
2008-08-19,Bond,0.0009283589066936
2008-08-20,Bond,-0.0010810712213423
2008-08-21,Bond,0.0102721488120767
2008-08-22,Bond,0.0026549916132306
2008-08-25,Bond,0.0021059274032964
2008-08-26,Bond,0.0004058074231651
2008-08-27,Bond,0.0041881552293116
2008-08-28,Bond,0.0034936086594386
2008-08-29,Bond,-0.0032660274122996
2008-09-01,Bond,-0.000530369635058
2008-09-02,Bond,-0.0036951273741897
2008-09-04,Bond,-0.008142387331968
2008-09-05,Bond,0.0028978358001704
2008-09-08,Bond,-0.0043323548270516
2008-09-09,Bond,0.0052014169503757
2008-09-10,Bond,0.0017098019065468
2008-09-11,Bond,-0.0009481641563947
2008-09-12,Bond,0.0014119746272516
2008-09-15,Bond,0.0006602964376991
2008-09-16,Bond,0.0014911171856835
2008-09-17,Bond,0.002628462695758
2008-09-18,Bond,0.0022475598752059
2008-09-19,Bond,-0.0073812340274278
2008-09-22,Bond,0.0007449662900388
2008-09-23,Bond,-0.0016982771220963
2008-09-24,Bond,0.0013921380696567
2008-09-25,Bond,0.0028950021339908
2008-09-26,Bond,0.0046556643397272
2008-09-29,Bond,0.0035173657490328
2008-09-30,Bond,-0.000483706715392
2008-10-01,Bond,0.0041794202322987
2008-10-03,Bond,0.002617243993966
2008-10-06,Bond,0.0061915924772576
2008-10-07,Bond,-0.0032563574361311
2008-10-08,Bond,9.244200279106368e-05
2008-10-10,Bond,0.0070646418392699
2008-10-13,Bond,-0.0029936022818108
2008-10-14,Bond,-0.0014495400853493
2008-10-15,Bond,0.0045349538637465
2008-10-16,Bond,0.0009691937613635
2008-10-17,Bond,0.0044787785991034
2008-10-20,Bond,-0.000571026876807
2008-10-21,Bond,-0.0079614953565309
2008-10-22,Bond,0.0092102763059521
2008-10-23,Bond,0.0021039625849827
2008-10-24,Bond,0.0144886193892826
2008-10-27,Bond,-0.0013757524164801
2008-10-29,Bond,-0.0047211977368718
2008-10-31,Bond,-0.0048551394775544
2008-11-03,Bond,-0.0042115216826656
2008-11-04,Bond,-0.0060911054923942
2008-11-05,Bond,0.0055518227588887
2008-11-06,Bond,-1.3417022592544531e-05
2008-11-07,Bond,-0.0034160229984443
2008-11-10,Bond,-0.0026864798360509
2008-11-11,Bond,0.0091677758409676
2008-11-12,Bond,0.0032349839141191
2008-11-14,Bond,-0.0014668552920672
2008-11-17,Bond,0.0024410586318465
2008-11-18,Bond,0.0043359599497818
2008-11-19,Bond,-0.0050464178232875
2008-11-20,Bond,0.0055741550446516
2008-11-21,Bond,-0.0054478732541503
2008-11-24,Bond,0.0031778707724284
2008-11-25,Bond,-0.0011626729984189
2008-11-26,Bond,-0.0131120707462948
2008-11-28,Bond,0.0008536963872346
2008-12-01,Bond,0.0036152925600563
2008-12-02,Bond,-0.004016465498599
2008-12-03,Bond,-0.0027647010745233
2008-12-04,Bond,0.0034335535776317
2008-12-05,Bond,0.0018430568826551
2008-12-08,Bond,-0.0002512293249334
2008-12-10,Bond,-0.007013373160266
2008-12-11,Bond,-0.0058742896354735
2008-12-12,Bond,-0.0004318752096319
2008-12-15,Bond,-0.0027255189546165
2008-12-16,Bond,-0.0031106977047296
2008-12-17,Bond,0.0026494202186801
2008-12-18,Bond,-0.0026886607807675
2008-12-19,Bond,-0.0008776023444091
2008-12-22,Bond,-0.0024307528280703
2008-12-23,Bond,0.0039031075727689
2008-12-24,Bond,-0.0039832209068647
2008-12-26,Bond,-0.0039877689568385
2008-12-29,Bond,6.437843670335395e-05
2008-12-30,Bond,-0.0003197923006144
2008-12-31,Bond,0.0006308176858233
2009-01-02,Bond,-0.0070266584604551
2009-01-05,Bond,-0.0044555241134598
2009-01-06,Bond,-0.0003911285648632
2009-01-07,Bond,0.0015132530552883
2009-01-09,Bond,-0.0004740239302136
2009-01-12,Bond,0.0055541891469264
2009-01-13,Bond,0.0054170307837569
2009-01-14,Bond,-0.0044298068086024
2009-01-15,Bond,0.0058670545934462
2009-01-16,Bond,-0.0089747581938942
2009-01-19,Bond,0.00147080151961
2009-01-20,Bond,-0.0005491759178337
2009-01-21,Bond,0.0042763282094177
2009-01-22,Bond,-0.0009059521075707
2009-01-23,Bond,0.005380158654223
2009-01-27,Bond,-0.0059678697546161
2009-01-28,Bond,-0.0008171027913284
2009-01-29,Bond,0.0001781278585092
2009-01-30,Bond,-0.0021555891986135
2009-02-02,Bond,0.003330444186929
2009-02-03,Bond,-0.0030405170674043
2009-02-04,Bond,-0.0006101860875666
2009-02-05,Bond,0.0007525900939616
2009-02-06,Bond,-0.0014242257924582
2009-02-09,Bond,-0.0023277543757855
2009-02-10,Bond,0.0020139631637327
2009-02-11,Bond,0.0031904082413308
2009-02-12,Bond,-0.0019159010387767
2009-02-13,Bond,0.0008148383398226
2009-02-16,Bond,-5.2366096192745914e-05
2009-02-17,Bond,0.0046218509714168
2009-02-18,Bond,0.001775285571082
2009-02-19,Bond,-0.0060894363575638
2009-02-20,Bond,0.0022954421091481
2009-02-24,Bond,-0.001192300126387
2009-02-25,Bond,-0.0032024239671511
2009-02-26,Bond,0.0033345514773911
2009-02-27,Bond,-0.0010512755792094
2009-03-02,Bond,0.0009230503077252
2009-03-03,Bond,0.0022987857624568
2009-03-04,Bond,0.0013073347637128
2009-03-05,Bond,0.0022846505395823
2009-03-06,Bond,0.0019328481218431
2009-03-09,Bond,0.0035067174845945
2009-03-12,Bond,-0.0081362611674565
2009-03-13,Bond,-0.0053576843812157
2009-03-16,Bond,-0.0036984673663643
2009-03-17,Bond,0.0022710200761717
2009-03-18,Bond,-0.0091053369751972
2009-03-19,Bond,0.0073215447668517
2009-03-20,Bond,0.0017166353984492
2009-03-23,Bond,-0.0041660908153261
2009-03-24,Bond,0.0037055192046244
2009-03-25,Bond,0.0055975491784508
2009-03-26,Bond,-0.000548203014957
2009-03-27,Bond,0.0021099253030818
2009-03-30,Bond,0.0047100339515902
2009-03-31,Bond,-0.0017417127378832
2009-04-01,Bond,-0.0026116166940268
2009-04-02,Bond,-0.0072826075899267
2009-04-06,Bond,-0.0033595829053013
2009-04-08,Bond,-0.006583201729737
2009-04-09,Bond,-8.069494384093778e-05
2009-04-13,Bond,-0.0061473313244793
2009-04-15,Bond,-0.0023093731070384
2009-04-16,Bond,0.0033016215408899
2009-04-17,Bond,0.000118606686264
2009-04-20,Bond,-0.0012307049305382
2009-04-21,Bond,0.0096999947638801
2009-04-22,Bond,0.0052403738346797
2009-04-23,Bond,-0.0064181766692281
2009-04-24,Bond,-0.0008477230923871
2009-04-27,Bond,-0.0013951769434998
2009-04-28,Bond,0.0001788634810809
2009-04-29,Bond,-0.0072193189324318
2009-05-04,Bond,-0.0037662124144828
2009-05-05,Bond,-0.0021403394557218
2009-05-06,Bond,0.004029782299344
2009-05-07,Bond,0.0014779248225698
2009-05-08,Bond,0.0059573150454043
2009-05-11,Bond,-0.0006115504877702
2009-05-12,Bond,-0.0020126719893002
2009-05-13,Bond,0.0032629168712164
2009-05-14,Bond,-0.0001526810399085
2009-05-15,Bond,-0.0043714962068003
2009-05-18,Bond,-0.0127955044939822
2009-05-19,Bond,0.0009111978763758
2009-05-20,Bond,0.0031428956324401
2009-05-21,Bond,-0.000955227284704
2009-05-22,Bond,-0.0041932975634349
2009-05-25,Bond,-0.0015659311257058
2009-05-26,Bond,0.0025998105046791
2009-05-27,Bond,-0.0069434692077823
2009-05-28,Bond,-0.0013372608500406
2009-05-29,Bond,-0.007524429934125
2009-06-01,Bond,-0.0050596660534151
2009-06-02,Bond,0.0022353828638838
2009-06-03,Bond,0.0018109319097094
2009-06-04,Bond,-0.0019815292791621
2009-06-05,Bond,-0.0032449284187802
2009-06-08,Bond,0.0004605804100313
2009-06-09,Bond,-0.0037323787380785
2009-06-10,Bond,-0.000238269313543
2009-06-11,Bond,0.0032817265952724
2009-06-12,Bond,-0.0001987499451753
2009-06-15,Bond,-0.0011717836343357
2009-06-16,Bond,0.0001697440115584
2009-06-17,Bond,0.0012274620528433
2009-06-18,Bond,0.0009698884419735
2009-06-19,Bond,0.0026327761769125
2009-06-22,Bond,0.0044176968022605
2009-06-23,Bond,0.000316489491267
2009-06-24,Bond,-0.0047777017952501
2009-06-25,Bond,0.0019445155932654
2009-06-26,Bond,0.0001572263423025
2009-06-29,Bond,-0.0013600079636433
2009-06-30,Bond,0.0064473397697004
2009-07-01,Bond,0.0028376988604643
2009-07-02,Bond,0.0049280522481557
2009-07-03,Bond,-0.0006980600279641
2009-07-06,Bond,0.0077260990342657
2009-07-07,Bond,0.0034875659382036
2009-07-08,Bond,0.0043952042607691
2009-07-09,Bond,-0.0014339621698294
2009-07-10,Bond,0.0006624134843153
2009-07-13,Bond,0.0015811843359252
2009-07-14,Bond,-0.0072078524526516
2009-07-15,Bond,-0.00327957050385
2009-07-16,Bond,0.003459248007726
2009-07-17,Bond,-0.0098462627654289
2009-07-20,Bond,0.0018137033596491
2009-07-21,Bond,0.004223419004463
2009-07-22,Bond,0.0003114965527798
2009-07-23,Bond,-0.0010880393517966
2009-07-24,Bond,-0.000860881321906
2009-07-27,Bond,0.0037278881652077
2009-07-28,Bond,0.0032473838416578
2009-07-29,Bond,-0.0029715577453782
2009-07-30,Bond,0.0005978569133182
2009-07-31,Bond,-0.0019187518351734
2009-08-03,Bond,-0.0012480344169914
2009-08-04,Bond,-0.0014086617532504
2009-08-05,Bond,0.0050727777847847
2009-08-06,Bond,0.0055547664723315
2009-08-07,Bond,0.0001708881797908
2009-08-10,Bond,-0.0029075743799002
2009-08-11,Bond,-0.0017964332603941
2009-08-12,Bond,0.0017332599673872
2009-08-13,Bond,-0.0024684121933436
2009-08-14,Bond,0.0044212051043264
2009-08-17,Bond,0.0066851262594307
2009-08-18,Bond,0.0014106209408344
2009-08-19,Bond,0.0025538350821988
2009-08-20,Bond,-0.0053985731514947
2009-08-21,Bond,-0.0021590334409619
2009-08-24,Bond,0.0007830460057078
2009-08-25,Bond,-0.0003910410364782
2009-08-26,Bond,0.0011678333613494
2009-08-27,Bond,-0.0009932697917152
2009-08-28,Bond,-0.0039111594589493
2009-08-31,Bond,0.0012344310988339
2009-09-01,Bond,0.0018354136924364
2009-09-02,Bond,-0.0014795234123959
2009-09-03,Bond,-0.000265971221846
2009-09-04,Bond,-0.0045890864931427
2009-09-07,Bond,0.0012877509449267
2009-09-08,Bond,-0.0012306590437103
2009-09-09,Bond,0.0042909714894444
2009-09-10,Bond,0.004599271492761
2009-09-11,Bond,-0.0003337430016354
2009-09-14,Bond,-0.0024715644192469
2009-09-15,Bond,-0.0078741657519919
2009-09-16,Bond,-0.0056513534129035
2009-09-17,Bond,-0.0041457022498768
2009-09-18,Bond,0.0040439519357622
2009-09-22,Bond,-0.0004197840503975
2009-09-23,Bond,0.0022897696705391
2009-09-24,Bond,-0.0068752625383227
2009-09-25,Bond,-0.0029204182144444
2009-09-29,Bond,0.0018153110490139
2009-09-30,Bond,-0.0005595699334904
2009-10-01,Bond,-0.000310791714112
2009-10-05,Bond,0.0033922055699568
2009-10-06,Bond,0.004543708854797
2009-10-07,Bond,0.0002853307219876
2009-10-08,Bond,-2.833780111833142e-06
2009-10-09,Bond,0.0018382736326495
2009-10-12,Bond,0.0050911642940663
2009-10-14,Bond,-0.0074433444585387
2009-10-15,Bond,0.0023523523568482
2009-10-16,Bond,-0.0008762130050432
2009-10-20,Bond,0.0023589946717082
2009-10-21,Bond,-0.0008578739854526
2009-10-22,Bond,0.0014542645281204
2009-10-23,Bond,0.0020848514139399
2009-10-26,Bond,0.009982037421471
2009-10-27,Bond,0.0050426442352127
2009-10-28,Bond,-0.0020001909315332
2009-10-29,Bond,0.0004151890327525
2009-10-30,Bond,-0.0004224504700558
2009-11-03,Bond,-0.0021300513880847
2009-11-04,Bond,-0.0040890068639591
2009-11-05,Bond,0.0011562642202897
2009-11-06,Bond,-0.0043448068987286
2009-11-09,Bond,0.0011335296002655
2009-11-10,Bond,0.0019242461389875
2009-11-11,Bond,-0.0045869504341697
2009-11-12,Bond,0.0007206070025422
2009-11-13,Bond,0.0039801064306321
2009-11-16,Bond,0.0011384030287123
2009-11-17,Bond,6.331114747857482e-05
2009-11-18,Bond,-0.0004439106415343
2009-11-19,Bond,0.0016496114275074
2009-11-20,Bond,-0.0026870925441917
2009-11-23,Bond,-0.0072056312601756
2009-11-24,Bond,0.0065012583938002
2009-11-25,Bond,0.0002402343933113
2009-11-26,Bond,0.0033229987018353
2009-11-27,Bond,0.0012208581085999
2009-11-30,Bond,-0.0039257954937405
2009-12-01,Bond,-0.0022121649468479
2009-12-02,Bond,-0.0047025888160636
2009-12-03,Bond,0.0067863213140496
2009-12-04,Bond,-0.003139233091727
2009-12-07,Bond,-0.0021498950574196
2009-12-08,Bond,-0.0028043854223437
2009-12-09,Bond,0.004682567172975
2009-12-10,Bond,-0.0002795462092493
2009-12-11,Bond,-0.0032505051360151
2009-12-14,Bond,0.0041096894968602
2009-12-15,Bond,0.0037359289588343
2009-12-16,Bond,0.0015564868517756
2009-12-17,Bond,0.0022731488108998
2009-12-18,Bond,0.0083751302237387
2009-12-21,Bond,0.0073790177941921
2009-12-22,Bond,-0.0026115105515711
2009-12-23,Bond,0.0018076442903739
2009-12-24,Bond,0.0006125088058373
2009-12-29,Bond,0.0014328618893824
2009-12-30,Bond,-0.0046002169359225
2009-12-31,Bond,-0.0010024333154916
2010-01-04,Bond,-0.0029173958302722
2010-01-05,Bond,0.0017307445168994
2010-01-06,Bond,0.0032593503244921
2010-01-07,Bond,-0.0057494186175395
2010-01-08,Bond,0.0004025510921992
2010-01-11,Bond,0.0033969262877037
2010-01-12,Bond,0.0003029051774009
2010-01-13,Bond,0.0018552046496903
2010-01-14,Bond,0.0006777005687044
2010-01-15,Bond,0.0012913657445128
2010-01-18,Bond,-0.0011251909168687
2010-01-19,Bond,-0.0025970107820929
2010-01-20,Bond,-0.0031690073644749
2010-01-21,Bond,0.0046907541402186
2010-01-22,Bond,0.0013198783237447
2010-01-25,Bond,0.0002624477311554
2010-01-27,Bond,0.0019394420698852
2010-01-28,Bond,-0.0010871307337392
2010-01-29,Bond,0.002956666254336
2010-02-01,Bond,-0.001247268717601
2010-02-02,Bond,-0.0024826970710669
2010-02-03,Bond,0.0002443737249395
2010-02-04,Bond,0.0012592757088468
2010-02-05,Bond,0.0028290697569975
2010-02-08,Bond,0.0040579479385144
2010-02-09,Bond,-0.000619145764598
2010-02-10,Bond,0.0017272192144795
2010-02-11,Bond,-0.0048808648883444
2010-02-15,Bond,-2.3146007073534617e-05
2010-02-16,Bond,0.0008282040688556
2010-02-17,Bond,-0.0057457299128453
2010-02-18,Bond,0.0012567233135351
2010-02-19,Bond,0.0012990567155815
2010-02-22,Bond,6.4993617095917015e-06
2010-02-23,Bond,0.002950406301892
2010-02-24,Bond,0.0013584200607299
2010-02-25,Bond,0.0045305483357346
2010-02-26,Bond,-0.0041478677738513
2010-03-02,Bond,-0.0013961277076479
2010-03-03,Bond,-0.0010437831699561
2010-03-04,Bond,-0.0029334800059879
2010-03-05,Bond,0.0028225507646028
2010-03-08,Bond,0.0064003299116112
2010-03-09,Bond,0.0005080918468061
2010-03-10,Bond,0.0013459326169726
2010-03-11,Bond,3.835088615596879e-05
2010-03-12,Bond,-0.0020908848727896
2010-03-15,Bond,-0.0051845993528483
2010-03-16,Bond,-0.0033465414641255
2010-03-17,Bond,-0.0047061089600673
2010-03-18,Bond,0.0049647170168506
2010-03-19,Bond,-0.0005474835768678
2010-03-22,Bond,0.0001767090553573
2010-03-23,Bond,0.002401316684138
2010-03-25,Bond,-0.0039169869691848
2010-03-26,Bond,-0.0025912091404231
2010-03-29,Bond,-7.052188320925788e-05
2010-03-30,Bond,0.0039681595931405
2010-03-31,Bond,0.0018787411023235
2010-04-01,Bond,7.627066723577079e-05
2010-04-05,Bond,-0.0011180955674466
2010-04-06,Bond,0.0013654118059702
2010-04-07,Bond,0.0005637603862086
2010-04-08,Bond,-0.0016637906894799
2010-04-09,Bond,-0.0008219837073011
2010-04-12,Bond,-0.002689823291296
2010-04-13,Bond,0.0006769356521368
2010-04-15,Bond,-0.0003948245420091
2010-04-16,Bond,0.0079467310295345
2010-04-19,Bond,0.0011204892771753
2010-04-20,Bond,-0.004601019522416
2010-04-21,Bond,-0.0005655142732834
2010-04-22,Bond,0.0012119053705912
2010-04-23,Bond,0.0044806177219919
2010-04-26,Bond,-0.001994317821192
2010-04-27,Bond,-0.0043623665036107
2010-04-28,Bond,0.0043205821606259
2010-04-29,Bond,-0.0047638165681297
2010-04-30,Bond,-0.0016423950874915
2010-05-03,Bond,0.0003939365730236
2010-05-04,Bond,0.0013327644718454
2010-05-05,Bond,0.002645881205665
2010-05-06,Bond,-0.0012665034373813
2010-05-07,Bond,0.000728834569285
2010-05-10,Bond,-0.0034211879144298
2010-05-11,Bond,0.0016749667436333
2010-05-12,Bond,1.4349871236360218e-05
2010-05-13,Bond,0.0009965356384993
2010-05-14,Bond,0.0043005154965071
2010-05-17,Bond,0.0019575685422262
2010-05-18,Bond,0.0013562423886199
2010-05-19,Bond,-0.0017339631854683
2010-05-20,Bond,-0.0002974507304646
2010-05-21,Bond,0.0018910110219619
2010-05-24,Bond,0.0020472432987423
2010-05-25,Bond,0.0008180604897736
2010-05-26,Bond,-0.0041590869793702
2010-05-27,Bond,-0.0033450969380899
2010-05-28,Bond,0.0004610338726714
2010-05-31,Bond,0.0028318315422414
2010-06-01,Bond,0.0011802143704003
2010-06-02,Bond,0.001844935180536
2010-06-03,Bond,-0.0013153894434932
2010-06-04,Bond,-0.00074204625625
2010-06-07,Bond,0.0014622858267567
2010-06-08,Bond,0.0032914968340478
2010-06-09,Bond,0.0008320564482402
2010-06-10,Bond,0.0053815643171174
2010-06-11,Bond,-0.0032390603980271
2010-06-14,Bond,0.0001438354925325
2010-06-15,Bond,-0.0019418493579546
2010-06-16,Bond,-0.0026984941011097
2010-06-17,Bond,-0.0007055925014312
2010-06-18,Bond,0.0007642915258863
2010-06-21,Bond,0.0071510435749935
2010-06-22,Bond,0.0002540550219098
2010-06-23,Bond,-0.0033946786849737
2010-06-24,Bond,0.0009869324508831
2010-06-25,Bond,-0.0051350389334003
2010-06-28,Bond,-0.0013790547492045
2010-06-29,Bond,0.0016183448570336
2010-06-30,Bond,0.0014317217998215
2010-07-01,Bond,0.0041909862335776
2010-07-02,Bond,-0.0011184042340811
2010-07-05,Bond,-0.0003089248704518
2010-07-06,Bond,-0.0031934678860348
2010-07-07,Bond,-0.0023576031397556
2010-07-08,Bond,-1.402364226723088e-05
2010-07-09,Bond,-0.0047504389405719
2010-07-12,Bond,-0.0016946436901176
2010-07-13,Bond,-0.0031934041450469
2010-07-14,Bond,0.0020375357644607
2010-07-15,Bond,0.0056616779026362
2010-07-16,Bond,-0.0040664260881961
2010-07-19,Bond,-0.0053009418914127
2010-07-20,Bond,8.78691111154869e-05
2010-07-21,Bond,-0.000416924824799
2010-07-22,Bond,-1.300773329299598e-05
2010-07-23,Bond,-0.0013503464736633
2010-07-26,Bond,7.780755274271027e-05
2010-07-27,Bond,0.0010010718180513
2010-07-28,Bond,0.0038498864313764
2010-07-29,Bond,-0.0059554287181017
2010-07-30,Bond,-0.0002232655534426
2010-08-02,Bond,-0.0004318406932606
2010-08-03,Bond,-0.0027793703523616
2010-08-04,Bond,0.0047932398659722
2010-08-05,Bond,-0.0014067386226553
2010-08-06,Bond,0.0001402371106385
2010-08-09,Bond,0.0009258168564367
2010-08-10,Bond,-0.0011899642524957
2010-08-11,Bond,-0.0046853792928081
2010-08-12,Bond,-0.0010894055932761
2010-08-13,Bond,0.0025501433211104
2010-08-16,Bond,-0.0002707354094574
2010-08-17,Bond,-0.0023427124148628
2010-08-18,Bond,0.0016964588092305
2010-08-19,Bond,-0.0019865539764964
2010-08-20,Bond,-0.0012381007104703
2010-08-23,Bond,0.000336024911823
2010-08-24,Bond,0.003124952033091
2010-08-25,Bond,0.0080416932326001
2010-08-26,Bond,0.0023170358942648
2010-08-27,Bond,0.0048627723912677
2010-08-30,Bond,-0.001522697527506
2010-08-31,Bond,-0.0027166217126202
2010-09-01,Bond,-0.0009785493497786
2010-09-02,Bond,0.0001801757466324
2010-09-03,Bond,-0.0029925011193818
2010-09-06,Bond,-0.0021861933810639
2010-09-07,Bond,0.0008329241830578
2010-09-08,Bond,0.0011324775145287
2010-09-09,Bond,0.0010586736929039
2010-09-13,Bond,-0.0011338635416347
2010-09-14,Bond,-0.0020182100869681
2010-09-15,Bond,-0.0025501606600281
2010-09-16,Bond,-0.0029266021200808
2010-09-17,Bond,0.0045092729083983
2010-09-20,Bond,-0.001462432393351
2010-09-21,Bond,-0.0010327775028104
2010-09-22,Bond,-0.0023659992251251
2010-09-23,Bond,0.0094519310648952
2010-09-24,Bond,-0.0040857968161762
2010-09-27,Bond,-0.0014548327989559
2010-09-28,Bond,0.0014694034689081
2010-09-29,Bond,0.0025541938406361
2010-09-30,Bond,0.002348687560086
2010-10-01,Bond,0.0036613886398084
2010-10-04,Bond,0.0013772122113623
2010-10-05,Bond,-0.0028264753692859
2010-10-06,Bond,-0.0013122690685682
2010-10-07,Bond,0.0021127757593566
2010-10-08,Bond,0.0065999850524901
2010-10-11,Bond,-0.0046042621259386
2010-10-12,Bond,0.0044603125253171
2010-10-13,Bond,-0.001688021627159
2010-10-14,Bond,0.0035406252711847
2010-10-15,Bond,0.0016708022309712
2010-10-18,Bond,-0.0026266787417061
2010-10-19,Bond,0.0031733225747616
2010-10-20,Bond,0.0028332094368314
2010-10-21,Bond,0.0010402179643932
2010-10-22,Bond,0.0006610939659037
2010-10-25,Bond,-0.0023347524800593
2010-10-26,Bond,-0.0041665708601278
2010-10-27,Bond,0.0037183713278685
2010-10-28,Bond,0.0018066220441067
2010-10-29,Bond,-0.0032783749878153
2010-11-01,Bond,-0.0031549862895817
2010-11-02,Bond,-0.0013039819283929
2010-11-03,Bond,-0.0050071686906195
2010-11-04,Bond,-0.0043020400424653
2010-11-08,Bond,-0.0031445938492025
2010-11-09,Bond,-0.0015693532585221
2010-11-10,Bond,-0.0016858821471188
2010-11-11,Bond,-0.003463148504213
2010-11-12,Bond,0.0081670272224627
2010-11-15,Bond,0.0030549430841815
2010-11-16,Bond,-4.6058848988317445e-05
2010-11-18,Bond,0.0007686197588553
2010-11-19,Bond,0.0031810904007002
2010-11-22,Bond,0.0016610996219141
2010-11-23,Bond,-0.0010837352130917
2010-11-24,Bond,0.0045589641027371
2010-11-25,Bond,-0.0003985401039006
2010-11-26,Bond,-0.0030634171243554
2010-11-29,Bond,0.0009354819919022
2010-11-30,Bond,0.0034313799839882
2010-12-01,Bond,0.0062087358113798
2010-12-02,Bond,-0.0043314010263767
2010-12-03,Bond,0.0025311524882305
2010-12-06,Bond,-0.0011002293103183
2010-12-07,Bond,0.0027320844808983
2010-12-08,Bond,-0.0030725444958483
2010-12-09,Bond,-0.0013443397694708
2010-12-10,Bond,-0.0037831052230978
2010-12-13,Bond,-0.0005018546315665
2010-12-14,Bond,-0.0024202437220044
2010-12-15,Bond,0.0029686203106843
2010-12-16,Bond,0.0022426505369919
2010-12-20,Bond,0.0019473133392225
2010-12-21,Bond,0.004075074054477
2010-12-22,Bond,0.0016382838890069
2010-12-23,Bond,-0.003457167264642
2010-12-24,Bond,0.0036816998139218
2010-12-27,Bond,-0.0014709028710887
2010-12-28,Bond,0.0028862682134505
2010-12-29,Bond,0.0037679855439907
2010-12-30,Bond,0.0008052851113158
2010-12-31,Bond,-0.0049035584526737
2011-01-03,Bond,-0.0030111968981967
2011-01-04,Bond,0.0042709344501159
2011-01-05,Bond,0.0006953931250961
2011-01-06,Bond,0.0008776489528154
2011-01-07,Bond,0.00477153880206
2011-01-10,Bond,0.0046096392100867
2011-01-11,Bond,0.0011082340303129
2011-01-12,Bond,-0.0024029116757875
2011-01-13,Bond,0.0010811137120716
2011-01-14,Bond,0.0043861824250224
2011-01-17,Bond,0.0017771681643555
2011-01-18,Bond,-0.001877414917411
2011-01-19,Bond,0.0039428518388493
2011-01-20,Bond,-0.0006282008012809
2011-01-21,Bond,-0.0021706105618351
2011-01-24,Bond,-0.0029775914612321
2011-01-25,Bond,-0.0018437748937941
2011-01-27,Bond,0.0007638962835421
2011-01-28,Bond,0.0054654442971932
2011-01-31,Bond,-0.0021818996571717
2011-02-01,Bond,0.0022964211006769
2011-02-02,Bond,-0.0021232682907754
2011-02-03,Bond,-0.0024052202018702
2011-02-04,Bond,-0.0020398336825473
2011-02-07,Bond,-0.0005462479636592
2011-02-08,Bond,0.001085403417896
2011-02-09,Bond,0.0028514416557341
2011-02-10,Bond,0.0013180570145263
2011-02-11,Bond,-0.0050864167296238
2011-02-14,Bond,0.0006230655419234
2011-02-15,Bond,0.0002926979769709
2011-02-16,Bond,0.0007024055960042
2011-02-17,Bond,-0.0010887499295748
2011-02-18,Bond,0.0001443132656817
2011-02-21,Bond,-0.0003192921300329
2011-02-22,Bond,0.002441918090549
2011-02-23,Bond,-0.0045383332285228
2011-02-24,Bond,0.0017157582653071
2011-02-25,Bond,-0.001421050990808
2011-02-28,Bond,0.0003285058511494
2011-03-01,Bond,0.0001551937933403
2011-03-03,Bond,-0.0024469362426898
2011-03-04,Bond,-0.0014199424856062
2011-03-07,Bond,-5.267165884103144e-05
2011-03-08,Bond,-0.0033398330082581
2011-03-09,Bond,-0.0011063188621183
2011-03-10,Bond,0.0030941332493012
2011-03-11,Bond,-0.0021506046969755
2011-03-14,Bond,-0.0001767715185812
2011-03-15,Bond,-0.003505997792717
2011-03-16,Bond,-0.0026925268498234
2011-03-17,Bond,0.0003018867647593
2011-03-18,Bond,0.0064839290474609
2011-03-21,Bond,-0.0005378513754822
2011-03-22,Bond,-0.0073989659421617
2011-03-23,Bond,-0.0071031488201249
2011-03-24,Bond,-0.0005470349550925
2011-03-25,Bond,-0.0004262381350032
2011-03-28,Bond,0.0006627357914783
2011-03-29,Bond,-0.000240626051778
2011-03-30,Bond,0.0027124853164535
2011-03-31,Bond,-0.0022952989951894
2011-04-01,Bond,0.0029367255881576
2011-04-04,Bond,-0.0061903887370454
2011-04-05,Bond,-0.0026219167468254
2011-04-06,Bond,-0.004991485428909
2011-04-07,Bond,-0.0006018532578459
2011-04-08,Bond,0.0007236971722718
2011-04-11,Bond,0.0014260121912892
2011-04-13,Bond,-0.0018686728485196
2011-04-15,Bond,-0.001191794809106
2011-04-18,Bond,0.0011880257002192
2011-04-19,Bond,-0.0045756861185604
2011-04-20,Bond,0.0022778852907017
2011-04-21,Bond,-0.0013556811976882
2011-04-25,Bond,-0.0011733242029013
2011-04-26,Bond,0.0049906612722715
2011-04-27,Bond,-0.0030188451051443
2011-04-28,Bond,-0.0024262755977007
2011-04-29,Bond,-0.0025472712106487
2011-05-02,Bond,0.0007547230200898
2011-05-03,Bond,0.0038011894067987
2011-05-04,Bond,0.0028439470755946
2011-05-05,Bond,0.0092320074807223
2011-05-06,Bond,-0.0083060008895832
2011-05-09,Bond,0.0019525131854069
2011-05-10,Bond,-0.0013739476528833
2011-05-11,Bond,-0.0020687478998582
2011-05-12,Bond,-0.0003215410707421
2011-05-13,Bond,-0.0036744551385663
2011-05-16,Bond,0.0059986793327025
2011-05-17,Bond,0.0037389051595741
2011-05-18,Bond,0.0005269710150771
2011-05-19,Bond,0.0040346861929131
2011-05-20,Bond,-0.005490706384337
2011-05-23,Bond,-0.0020530500556108
2011-05-24,Bond,-0.0065679961367723
2011-05-25,Bond,-0.0011274340239421
2011-05-26,Bond,-0.0005801819047894
2011-05-27,Bond,-0.0007492859870773
2011-05-30,Bond,0.0006228092460172
2011-06-01,Bond,-0.0062856120751577
2011-06-02,Bond,0.0032742765015142
2011-06-03,Bond,0.0014442515326205
2011-06-06,Bond,0.0020418291844079
2011-06-07,Bond,-0.0059939315198385
2011-06-08,Bond,0.0015818126446507
2011-06-09,Bond,-0.0033383481842438
2011-06-10,Bond,-0.0004335042257896
2011-06-13,Bond,0.0017777813433773
2011-06-14,Bond,7.044949274764958e-05
2011-06-15,Bond,-0.0014710711710441
2011-06-16,Bond,0.0010704394777317
2011-06-17,Bond,-0.0039122286324173
2011-06-20,Bond,0.0055926418190017
2011-06-21,Bond,-0.0008372468291366
2011-06-22,Bond,0.0034292173719131
2011-06-23,Bond,-0.0022496258828694
2011-06-24,Bond,-0.0042937730780016
2011-06-27,Bond,-0.0031842139611244
2011-06-28,Bond,0.0024101635512978
2011-06-29,Bond,-0.0030028364645641
2011-06-30,Bond,0.0012154660659443
2011-07-01,Bond,-0.0006696756514037
2011-07-04,Bond,-0.0062219466930853
2011-07-05,Bond,-0.0012653090320692
2011-07-06,Bond,-0.0032992531914373
2011-07-07,Bond,-0.0016181445768493
2011-07-08,Bond,-0.0022590275928141
2011-07-11,Bond,0.0036849339576173
2011-07-12,Bond,0.0014484211386643
2011-07-13,Bond,-0.0014858731161797
2011-07-15,Bond,0.0021655590817983
2011-07-18,Bond,0.0032634685351637
2011-07-19,Bond,-0.0007755681072123
2011-07-20,Bond,-0.0013652480449656
2011-07-21,Bond,-0.0047447599467795
2011-07-22,Bond,-0.0036046372173452
2011-07-25,Bond,-0.0025543207852086
2011-07-26,Bond,0.0022975832995443
2011-07-27,Bond,-0.000412282845852
2011-07-28,Bond,0.0032483732070381
2011-07-29,Bond,-0.001614170988246
2011-08-01,Bond,-0.000685924753523
2011-08-02,Bond,0.0047640809877447
2011-08-03,Bond,0.0020938771382746
2011-08-04,Bond,0.0012905386966851
2011-08-05,Bond,0.0005751256205809
2011-08-08,Bond,1.0912000139042499e-07
2011-08-09,Bond,-0.0015399788163189
2011-08-10,Bond,-0.0032407006124643
2011-08-11,Bond,0.0028268385414702
2011-08-12,Bond,0.0007261490517793
2011-08-16,Bond,-0.0031969960195713
2011-08-17,Bond,0.0050114594305617
2011-08-18,Bond,0.0033037256794512
2011-08-19,Bond,-0.0021085766909146
2011-08-22,Bond,-0.0023024048588617
2011-08-23,Bond,-0.0005700423223589
2011-08-24,Bond,0.0064461669360778
2011-08-25,Bond,-0.0021959345505775
2011-08-26,Bond,0.0049449791527853
2011-08-29,Bond,0.0006999349109734
2011-08-30,Bond,-0.0034205669628683
2011-09-02,Bond,-0.0014923848877744
2011-09-05,Bond,-0.0025365506649883
2011-09-06,Bond,-0.0014291462300151
2011-09-07,Bond,-0.0011814469560589
2011-09-08,Bond,0.001540861184255
2011-09-09,Bond,0.0052107571697197
2011-09-12,Bond,0.0001022460396248
2011-09-13,Bond,-0.0056637248165568
2011-09-14,Bond,-0.0013928404114525
2011-09-15,Bond,-0.0002592330592274
2011-09-16,Bond,0.0006998072455618
2011-09-19,Bond,0.0001686433776479
2011-09-20,Bond,-0.001656997107706
2011-09-21,Bond,0.0048015469663666
2011-09-22,Bond,0.0053483875778708
2011-09-23,Bond,0.0001352293538225
2011-09-26,Bond,-0.0007160133546057
2011-09-27,Bond,-0.0031990475060871
2011-09-28,Bond,0.0055401539595427
2011-09-29,Bond,-0.0018361233288053
2011-09-30,Bond,0.0015001725895797
2011-10-03,Bond,0.0005695848523557
2011-10-04,Bond,0.0050119618808886
2011-10-05,Bond,0.0064364238077138
2011-10-07,Bond,-0.0014063206315851
2011-10-10,Bond,-0.0015046223720376
2011-10-11,Bond,0.0003357786524876
2011-10-12,Bond,-0.0095468126785694
2011-10-13,Bond,0.0027780475079462
2011-10-14,Bond,-0.0005497991850911
2011-10-17,Bond,0.0016787787623551
2011-10-18,Bond,-0.0004366988960302
2011-10-19,Bond,-0.0030512347033084
2011-10-20,Bond,-0.0001936620486859
2011-10-21,Bond,0.0040087207135615
2011-10-24,Bond,-0.0019747028698787
2011-10-25,Bond,0.0045389578860417
2011-10-28,Bond,-0.0018445992456785
2011-10-31,Bond,-0.0030709352257975
2011-11-01,Bond,0.0010231738917145
2011-11-02,Bond,-0.0018445347756767
2011-11-03,Bond,-0.0066019678682714
2011-11-04,Bond,0.0045680316721193
2011-11-08,Bond,0.0021319691248356
2011-11-09,Bond,0.0030109014437625
2011-11-11,Bond,0.0016160042980282
2011-11-14,Bond,-0.003629446118293
2011-11-15,Bond,0.0002201328023291
2011-11-16,Bond,0.0033960536726306
2011-11-17,Bond,-0.0011312419836742
2011-11-18,Bond,-0.0068886481318924
2011-11-21,Bond,0.002036621397452
2011-11-22,Bond,-0.0010168153348699
2011-11-23,Bond,0.0027272762455814
2011-11-25,Bond,0.0022290734601971
2011-11-28,Bond,-0.0009660892810108
2011-11-29,Bond,0.0018486254731028
2011-11-30,Bond,0.0031457378556809
2011-12-01,Bond,-0.006605767222735
2011-12-02,Bond,-0.000661236223953
2011-12-05,Bond,0.0022174304066392
2011-12-07,Bond,-0.0040640470036412
2011-12-08,Bond,-0.0020390247953123
2011-12-09,Bond,-0.0005612900438993
2011-12-12,Bond,0.0002333084309706
2011-12-13,Bond,0.0016246860599415
2011-12-14,Bond,-0.0009455865861177
2011-12-15,Bond,-0.0020942478359804
2011-12-16,Bond,0.000281369567472
2011-12-19,Bond,0.0043035691838997
2011-12-20,Bond,0.0016527006263756
2011-12-21,Bond,-0.0036955511621871
2011-12-22,Bond,-0.001077242051634
2011-12-23,Bond,0.0044155034835557
2011-12-27,Bond,-0.0029018045306794
2011-12-28,Bond,0.0050074825680629
2011-12-29,Bond,0.0020169444443673
2011-12-30,Bond,0.0001111700555805
2012-01-03,Bond,0.0045735912294321
2012-01-04,Bond,-0.0027185046657489
2012-01-05,Bond,-0.0009473797019306
2012-01-06,Bond,-0.0036646609986867
2012-01-09,Bond,0.0032150816423803
2012-01-10,Bond,0.0029367865783849
2012-01-11,Bond,0.0048946869225532
2012-01-12,Bond,0.0044028419314599
2012-01-13,Bond,-0.0011921369531938
2012-01-16,Bond,-0.0011380719325465
2012-01-17,Bond,-0.0068098371907492
2012-01-18,Bond,0.006459134716877
2012-01-19,Bond,0.0002637658232226
2012-01-20,Bond,-0.0019576600478657
2012-01-23,Bond,0.0041507201581226
2012-01-24,Bond,-0.0044054294959079
2012-01-25,Bond,0.0007362461734301
2012-01-27,Bond,-0.0012974161697509
2012-01-30,Bond,0.0042916923841424
2012-01-31,Bond,-0.0022713024509574
2012-02-01,Bond,-0.0049338500831524
2012-02-02,Bond,-0.0003064730470387
2012-02-03,Bond,0.0022048987246201
2012-02-06,Bond,-0.0006398387090246
2012-02-07,Bond,0.0029395962107319
2012-02-08,Bond,-0.0036351277783916
2012-02-09,Bond,-0.0007821609388397
2012-02-10,Bond,-0.0011853862999027
2012-02-13,Bond,0.002201136932753
2012-02-14,Bond,-0.0002650920906683
2012-02-15,Bond,5.027780831253284e-05
2012-02-16,Bond,0.0035638993556785
2012-02-17,Bond,0.0014279236112181
2012-02-21,Bond,0.0001692656391257
2012-02-22,Bond,-0.0010591011387047
2012-02-23,Bond,0.0005121664770961
2012-02-24,Bond,-0.0004944627526808
2012-02-27,Bond,0.0018155928296221
2012-02-28,Bond,-0.0027891777230234
2012-02-29,Bond,-0.0030002286881175
2012-03-01,Bond,-0.0049080323746942
2012-03-02,Bond,-0.0022514893567207
2012-03-05,Bond,0.0021741976831254
2012-03-06,Bond,-0.0028270623275718
2012-03-07,Bond,0.0002043802546758
2012-03-09,Bond,0.0036543329354215
2012-03-12,Bond,0.0027016894517883
2012-03-13,Bond,0.0037454739482715
2012-03-14,Bond,0.0006598095937091
2012-03-15,Bond,0.0051489099633746
2012-03-16,Bond,-0.0008884317314786
2012-03-19,Bond,-0.0006687702740969
2012-03-20,Bond,-0.0084360191409692
2012-03-21,Bond,0.0019703291586373
2012-03-22,Bond,0.0072852639651202
2012-03-23,Bond,-0.0024910565309916
2012-03-26,Bond,0.0011381113814335
2012-03-27,Bond,-0.0032777179385797
2012-03-28,Bond,0.0021910680086989
2012-03-29,Bond,0.0038008740080883
2012-03-30,Bond,-0.0073617062463421
2012-04-02,Bond,0.0009262612542172
2012-04-03,Bond,-0.0014734764257803
2012-04-04,Bond,0.0011245500258814
2012-04-09,Bond,0.0031596095506025
2012-04-10,Bond,-0.0006203714055004
2012-04-11,Bond,0.0001286764618295
2012-04-12,Bond,-0.0014782245836748
2012-04-13,Bond,0.0043461252933396
2012-04-16,Bond,0.0010162188275302
2012-04-17,Bond,-0.0004332812957636
2012-04-18,Bond,-0.0038875695007099
2012-04-19,Bond,-0.0016270581417856
2012-04-20,Bond,0.0035952026923376
2012-04-23,Bond,0.0019388647523854
2012-04-24,Bond,0.0016746086326367
2012-04-25,Bond,0.0058149266818436
2012-04-26,Bond,0.0034857220907483
2012-04-27,Bond,0.000368638673607
2012-04-30,Bond,-0.0025216987479153
2012-05-02,Bond,-0.0073691597840906
2012-05-03,Bond,0.0005835138323727
2012-05-04,Bond,0.001099209575206
2012-05-07,Bond,0.0007544245282522
2012-05-08,Bond,0.0018912987831008
2012-05-09,Bond,-0.000338142355331
2012-05-10,Bond,-0.0050352827099052
2012-05-11,Bond,-0.0019588137816421
2012-05-14,Bond,0.0019780425150512
2012-05-15,Bond,0.0045545723698871
2012-05-16,Bond,0.0015379888732117
2012-05-17,Bond,0.0008574558561878
2012-05-18,Bond,0.0025411074381328
2012-05-22,Bond,-0.0016799411268667
2012-05-23,Bond,0.0017317084122604
2012-05-24,Bond,-0.0038747583305714
2012-05-25,Bond,0.0027347927371791
2012-05-28,Bond,-0.0007519025807003
2012-05-29,Bond,0.0009260953575086
2012-05-30,Bond,-0.0014392324992121
2012-05-31,Bond,0.002776369512302
2012-06-01,Bond,0.0080525649675565
2012-06-04,Bond,-0.0030390169054226
2012-06-05,Bond,-0.0012117653463012
2012-06-06,Bond,-0.0019364020206153
2012-06-07,Bond,0.0014276126312939
2012-06-08,Bond,-0.0019289654265049
2012-06-11,Bond,-0.0080979342864229
2012-06-12,Bond,0.0029748027379798
2012-06-13,Bond,0.0022930273195472
2012-06-14,Bond,-0.0038064732865012
2012-06-15,Bond,-0.0033704407773862
2012-06-18,Bond,0.0062800654783312
2012-06-19,Bond,0.0036814354091722
2012-06-20,Bond,0.0026087218409784
2012-06-21,Bond,-0.0012764119619836
2012-06-22,Bond,0.0007358585838818
2012-06-25,Bond,0.0003373974475844
2012-06-26,Bond,0.0033844784249891
2012-06-27,Bond,-0.0029195741352217
2012-06-28,Bond,-0.0024383974309334
2012-06-29,Bond,0.0006309903421618
2012-07-02,Bond,-7.405064160212119e-06
2012-07-03,Bond,0.004078269919897
2012-07-04,Bond,-0.0021706286572838
2012-07-05,Bond,-0.0005110916587316
2012-07-06,Bond,-0.0024529639980915
2012-07-09,Bond,0.0009282585260931
2012-07-10,Bond,-0.0056464123835977
2012-07-11,Bond,-0.0006123532967106
2012-07-12,Bond,-0.0028497907996412
2012-07-13,Bond,0.0023545799760648
2012-07-16,Bond,0.0028436835580421
2012-07-17,Bond,-0.0049861299136378
2012-07-18,Bond,0.0036700804224158
2012-07-19,Bond,0.0071061320112879
2012-07-20,Bond,0.0009752087048232
2012-07-23,Bond,-0.0001290252707572
2012-07-24,Bond,0.0083927162797191
2012-07-25,Bond,-0.0034742032417222
2012-07-26,Bond,0.0014837501267574
2012-07-27,Bond,-0.0004684402940663
2012-07-30,Bond,0.0021955870789846
2012-07-31,Bond,0.0006376530881307
2012-08-01,Bond,-0.0015958290157264
2012-08-02,Bond,-0.0024902557158771
2012-08-03,Bond,-0.0006749685033953
2012-08-06,Bond,-0.0041824816988348
2012-08-07,Bond,-0.0007616045912722
2012-08-08,Bond,-0.0015969445018789
2012-08-09,Bond,-0.0040801762369786
2012-08-10,Bond,0.0039333486337853
2012-08-13,Bond,-0.0018898960099676
2012-08-14,Bond,-0.0042911943096334
2012-08-16,Bond,-6.138018900756783e-05
2012-08-17,Bond,0.000262656363348
2012-08-21,Bond,-0.006138728155109
2012-08-22,Bond,0.001265282465383
2012-08-23,Bond,-0.0030676590950321
2012-08-24,Bond,0.0057821362918858
2012-08-27,Bond,0.0023685517423095
2012-08-29,Bond,8.753885612875758e-05
2012-08-30,Bond,-0.0026308405212572
2012-08-31,Bond,0.0008690531291889
2012-09-03,Bond,0.0020487021667485
2012-09-04,Bond,-0.0003419213579183
2012-09-05,Bond,0.0003843332996265
2012-09-06,Bond,5.208684588129542e-05
2012-09-07,Bond,-0.0036711926543881
2012-09-10,Bond,-0.0013092751674361
2012-09-11,Bond,-0.006632390856893
2012-09-12,Bond,0.002280510789032
2012-09-13,Bond,0.0009362957961991
2012-09-14,Bond,-0.0048184105676144
2012-09-17,Bond,0.0052362098166796
2012-09-18,Bond,0.0005584147765158
2012-09-20,Bond,-0.0021705843344672
2012-09-21,Bond,0.0002254347995196
2012-09-24,Bond,0.0016927993161115
2012-09-25,Bond,0.0012279003096797
2012-09-26,Bond,-0.0009730953056253
2012-09-27,Bond,0.0017178069027947
2012-09-28,Bond,-0.0016175680769204
2012-10-01,Bond,0.0015160518630327
2012-10-03,Bond,-0.0058125397993563
2012-10-04,Bond,-0.0021648281997336
2012-10-05,Bond,0.0059888272682993
2012-10-08,Bond,-0.0009466311083819
2012-10-09,Bond,-0.0021953925819836
2012-10-10,Bond,-0.0003044471676373
2012-10-11,Bond,-0.0045134208812303
2012-10-12,Bond,-0.0059442305419109
2012-10-15,Bond,-0.0007690829629424
2012-10-16,Bond,0.0012177184981889
2012-10-17,Bond,-0.0002544061404601
2012-10-18,Bond,-0.0013472790375065
2012-10-19,Bond,0.0008515356458613
2012-10-22,Bond,0.0026097338557615
2012-10-23,Bond,-9.393127119892096e-07
2012-10-25,Bond,-0.0018464741532713
2012-10-29,Bond,-2.753735084306467e-05
2012-10-30,Bond,0.0030529745165191
2012-10-31,Bond,0.0039666436440961
2012-11-01,Bond,-0.0022155159461225
2012-11-02,Bond,-0.0005158811208514
2012-11-05,Bond,0.0010209912092663
2012-11-06,Bond,-0.0032118539027223
2012-11-07,Bond,-0.0004423980672511
2012-11-08,Bond,-0.0039063665956494
2012-11-09,Bond,-0.0042723175415819
2012-11-12,Bond,0.0012650808097396
2012-11-15,Bond,-0.0001044079124078
2012-11-16,Bond,0.0017382103457991
2012-11-19,Bond,0.0001138550522295
2012-11-20,Bond,-0.0028118907147241
2012-11-21,Bond,-0.0007920280657882
2012-11-22,Bond,-0.0038099478518361
2012-11-23,Bond,0.0043133497930082
2012-11-26,Bond,-0.0041131938790346
2012-11-27,Bond,-0.0020917688535042
2012-11-29,Bond,-0.0047100125460681
2012-11-30,Bond,0.0008896309422926
2012-12-03,Bond,-0.0007229313716668
2012-12-04,Bond,-0.0017477010603993
2012-12-05,Bond,0.0024885786131654
2012-12-06,Bond,-0.0003069171452918
2012-12-07,Bond,0.0020661632588475
2012-12-10,Bond,-0.0028493696913412
2012-12-11,Bond,-0.0039235205770282
2012-12-12,Bond,0.00062470866684
2012-12-13,Bond,-0.0002166341751798
2012-12-14,Bond,0.0015190836011224
2012-12-17,Bond,0.0002493506837851
2012-12-18,Bond,7.11671742233814e-05
2012-12-19,Bond,-0.0053063864660812
2012-12-20,Bond,0.0060079260896047
2012-12-21,Bond,0.0007884482076584
2012-12-24,Bond,0.0020751032948841
2012-12-26,Bond,-0.0032395766826265
2012-12-27,Bond,0.0016451540532546
2012-12-28,Bond,-0.0044401415777356
2012-12-31,Bond,0.0015312104108884
2013-01-02,Bond,-0.0024406980043888
2013-01-03,Bond,-6.356685218611546e-05
2013-01-04,Bond,0.0021032655907854
2013-01-07,Bond,-0.0031163624801573
2013-01-08,Bond,-0.0021555761400991
2013-01-09,Bond,0.0019951668437884
2013-01-10,Bond,0.0064623927608461
2013-01-11,Bond,-3.5598646795104313e-06
2013-01-14,Bond,0.00067098632182
2013-01-15,Bond,-0.0007412534509861
2013-01-16,Bond,0.0068507092955328
2013-01-17,Bond,-0.0057439747395351
2013-01-18,Bond,-1.3405812479407235e-05
2013-01-21,Bond,-0.0050517957216873
2013-01-22,Bond,-0.0068440070718543
2013-01-23,Bond,0.0009164978451019
2013-01-24,Bond,0.0011157642233651
2013-01-25,Bond,-0.0016532114003387
2013-01-28,Bond,-0.0002010499406214
2013-01-29,Bond,0.009824786745361
2013-01-30,Bond,-0.0007512228429886
2013-01-31,Bond,0.0019971509395071
2013-02-01,Bond,-0.0012340334346691
2013-02-04,Bond,0.0011998983707968
2013-02-05,Bond,-8.778887591218457e-05
2013-02-06,Bond,-0.00115017105373
2013-02-07,Bond,0.0059190299696104
2013-02-08,Bond,0.0042459477946588
2013-02-11,Bond,0.0006259442251442
2013-02-12,Bond,-0.0072105830587046
2013-02-13,Bond,-0.0011394767252663
2013-02-14,Bond,0.0088358634484024
2013-02-15,Bond,-0.0004100319114168
2013-02-18,Bond,0.003246205130675
2013-02-19,Bond,0.0037422227396516
2013-02-20,Bond,0.0007204981710429
2013-02-21,Bond,-0.0008776330975959
2013-02-22,Bond,-0.0071526131402074
2013-02-25,Bond,0.0020964218094572
2013-02-26,Bond,-0.0007289837974667
2013-02-27,Bond,3.1411875594638855e-05
2013-02-28,Bond,-0.0018379845502118
2013-03-01,Bond,-0.0011438341299042
2013-03-04,Bond,0.0005918093770319
2013-03-05,Bond,-0.000579001217032
2013-03-06,Bond,-0.0038183222504567
2013-03-07,Bond,0.0029425118604621
2013-03-08,Bond,-0.0030760429981309
2013-03-11,Bond,-0.0048470635010899
2013-03-12,Bond,0.0002683308783081
2013-03-13,Bond,0.0012866842251318
2013-03-14,Bond,-0.0003852086978922
2013-03-15,Bond,0.0048215673589621
2013-03-18,Bond,4.665963758301286e-05
2013-03-19,Bond,0.0012914920919337
2013-03-20,Bond,-0.0022923944281433
2013-03-21,Bond,0.003207712471208
2013-03-22,Bond,0.0008036963964534
2013-03-25,Bond,-0.0008304226636417
2013-03-26,Bond,-0.0057315854259356
2013-03-28,Bond,0.003727383878089
2013-04-01,Bond,-0.0039475521001635
2013-04-02,Bond,-0.0024199127754028
2013-04-03,Bond,0.0025032952898937
2013-04-04,Bond,-0.0017395198252064
2013-04-05,Bond,-0.0039748618160366
2013-04-08,Bond,-0.0060663692922428
2013-04-09,Bond,0.0031462513241765
2013-04-10,Bond,-0.0026729552606476
2013-04-11,Bond,0.00826677324633
2013-04-12,Bond,-0.0016930581301693
2013-04-15,Bond,-0.0033651586895553
2013-04-16,Bond,-0.0037410789734039
2013-04-17,Bond,0.0008537984493082
2013-04-18,Bond,-0.0029500383409762
2013-04-22,Bond,0.0010699325445299
2013-04-23,Bond,-0.0028586144782383
2013-04-25,Bond,-0.0053850846291212
2013-04-26,Bond,-0.0045165756474042
2013-04-29,Bond,-0.0071068015176439
2013-04-30,Bond,-0.0018762743883237
2013-05-02,Bond,-0.0019490044774697
2013-05-03,Bond,-0.0008517095213592
2013-05-06,Bond,0.0033951399237367
2013-05-07,Bond,0.0025898987802974
2013-05-08,Bond,-0.0013104830550799
2013-05-09,Bond,-0.0049462425553009
2013-05-10,Bond,-0.0023172887558345
2013-05-13,Bond,0.000195917165925
2013-05-14,Bond,-0.0021013811686025
2013-05-15,Bond,-0.0044975937821407
2013-05-16,Bond,-0.0022170088904322
2013-05-17,Bond,-0.0013216375645793
2013-05-20,Bond,-0.0012952958466159
2013-05-21,Bond,0.0014401193939655
2013-05-22,Bond,0.001521678224442
2013-05-23,Bond,-0.0005207022594554
2013-05-24,Bond,0.003656677421279
2013-05-27,Bond,-0.0044847522706872
2013-05-28,Bond,-0.0051953351836676
2013-05-29,Bond,0.0013760620981205
2013-05-30,Bond,-0.0026557668345114
2013-05-31,Bond,0.0033389117450726
2013-06-03,Bond,-0.0063116743838465
2013-06-04,Bond,0.0046315757282046
2013-06-05,Bond,0.0020625506462284
2013-06-06,Bond,-0.0043400681128095
2013-06-07,Bond,-0.0036340619249547
2013-06-10,Bond,0.0051878094449911
2013-06-11,Bond,-0.0005746134207269
2013-06-12,Bond,-0.0018885037871468
2013-06-13,Bond,-0.0056174275649638
2013-06-14,Bond,-0.002850177834411
2013-06-17,Bond,-0.0012802221157008
2013-06-18,Bond,0.002889545900819
2013-06-19,Bond,-0.0042260226486385
2013-06-20,Bond,-0.0015837158422849
2013-06-21,Bond,0.0012651402390086
2013-06-24,Bond,0.0045058338874681
2013-06-25,Bond,-0.0049306530223398
2013-06-26,Bond,0.0037282352219161
2013-06-27,Bond,-0.0014430754269396
2013-06-28,Bond,0.0005823176528309
2013-07-01,Bond,-0.0010603283408923
2013-07-02,Bond,-0.0067466923302371
2013-07-03,Bond,0.0011433836505778
2013-07-04,Bond,0.0021558908455983
2013-07-05,Bond,-0.0030914756984101
2013-07-08,Bond,-8.358374610179268e-05
2013-07-09,Bond,-0.0012248814306689
2013-07-10,Bond,-0.0078565787673149
2013-07-11,Bond,0.0030985260524572
2013-07-12,Bond,-0.0038292602493729
2013-07-15,Bond,0.0012744203981423
2013-07-16,Bond,0.0011126293489713
2013-07-17,Bond,0.0035897665400112
2013-07-18,Bond,0.0002541779077866
2013-07-19,Bond,-0.0004382087804582
2013-07-22,Bond,-0.0026036622630747
2013-07-23,Bond,0.0017509273239895
2013-07-24,Bond,-0.0040639520751315
2013-07-25,Bond,0.0034431983453782
2013-07-26,Bond,-0.0028165789489092
2013-07-29,Bond,0.0048035998418159
2013-07-30,Bond,0.0019174222266091
2013-07-31,Bond,0.0022791252871018
2013-08-01,Bond,0.0006123945561336
2013-08-02,Bond,-0.0042650729308766
2013-08-05,Bond,-0.0025942785824735
2013-08-06,Bond,0.0046550190840444
2013-08-07,Bond,0.0010376660824868
2013-08-08,Bond,0.0028195386517247
2013-08-12,Bond,0.0004898499067089
2013-08-13,Bond,-0.0043284611680779
2013-08-14,Bond,-0.0030226710591989
2013-08-16,Bond,0.0045116059933061
2013-08-19,Bond,-0.0051318157223237
2013-08-20,Bond,0.0053859474249561
2013-08-21,Bond,0.0032762372015853
2013-08-22,Bond,0.0018039440373356
2013-08-23,Bond,-0.0057921989463093
2013-08-26,Bond,0.0037668859594319
2013-08-27,Bond,0.0102665154437104
2013-08-28,Bond,-0.003796295238389
2013-08-29,Bond,8.699999800362585e-05
2013-08-30,Bond,-0.0010367630152518
2013-09-02,Bond,-0.0059561576091216
2013-09-03,Bond,0.0053693100191902
2013-09-04,Bond,0.0006241626657612
2013-09-05,Bond,-0.0043421064629447
2013-09-06,Bond,0.0020541792807273
2013-09-10,Bond,-0.0086890026592045
2013-09-11,Bond,-0.0046423860862518
2013-09-12,Bond,0.0015859079298577
2013-09-13,Bond,0.0001978667001876
2013-09-16,Bond,-0.0018579382070254
2013-09-17,Bond,0.0023835524487034
2013-09-18,Bond,0.0008708314101231
2013-09-19,Bond,-0.0009686293800262
2013-09-20,Bond,0.0014421754301505
2013-09-23,Bond,0.0039628050189161
2013-09-24,Bond,-0.0012627965784732
2013-09-25,Bond,0.0065971158898548
2013-09-26,Bond,-0.0024606423616372
2013-09-27,Bond,0.0072697535606346
2013-09-30,Bond,0.0019029945576333
2013-10-01,Bond,-0.0047867883052716
2013-10-03,Bond,0.0019811710363709
2013-10-04,Bond,0.000538321972276
2013-10-07,Bond,0.0026928380812319
2013-10-08,Bond,0.0034148417942503
2013-10-09,Bond,-0.0001995503517831
2013-10-10,Bond,-0.0018814434985928
2013-10-11,Bond,0.001797337401562
2013-10-14,Bond,-0.0001483938803685
2013-10-15,Bond,0.0025644792400012
2013-10-17,Bond,-0.0056317262314059
2013-10-18,Bond,-0.0009125837602418
2013-10-21,Bond,-0.0020478049022264
2013-10-22,Bond,0.0051145849612589
2013-10-23,Bond,0.0023834341562796
2013-10-24,Bond,0.0010661709501849
2013-10-25,Bond,0.0018944570835468
2013-10-28,Bond,-0.0021625395127941
2013-10-29,Bond,0.0030261929663089
2013-10-30,Bond,0.0055990013281942
2013-10-31,Bond,0.0005397516878285
2013-11-01,Bond,0.0047634110328514
2013-11-05,Bond,-0.0007304828492044
2013-11-06,Bond,-0.0016636469668205
2013-11-07,Bond,0.0006916757655729
2013-11-08,Bond,0.0021763686320942
2013-11-11,Bond,-5.312243737020262e-05
2013-11-12,Bond,0.0027326794798358
2013-11-13,Bond,0.0015119080870435
2013-11-14,Bond,-0.0039860096073352
2013-11-18,Bond,-0.0005172604677768
2013-11-19,Bond,0.0024787201669529
2013-11-20,Bond,0.001931290992516
2013-11-21,Bond,0.005600680262219
2013-11-22,Bond,-0.0034722083884805
2013-11-25,Bond,-0.0004759969257801
2013-11-26,Bond,-0.0024710256066155
2013-11-27,Bond,-0.0031892358726929
2013-11-28,Bond,-0.0023464993813992
2013-11-29,Bond,-0.0040891758419629
2013-12-02,Bond,-0.0021999803860634
2013-12-03,Bond,-0.0002651272632012
2013-12-04,Bond,0.0032909425128204
2013-12-05,Bond,-0.002144411222105
2013-12-06,Bond,-0.0049381029361639
2013-12-09,Bond,0.0018788351211013
2013-12-10,Bond,-0.001903365104345
2013-12-11,Bond,0.0003378192318476
2013-12-12,Bond,0.002582805810445
2013-12-13,Bond,0.0018195103341561
2013-12-16,Bond,0.0036246336306997
2013-12-17,Bond,0.0018112929879203
2013-12-18,Bond,-0.0037361141772452
2013-12-19,Bond,0.0074679558221081
2013-12-20,Bond,-0.0010418708019651
2013-12-23,Bond,-0.0004853868192437
2013-12-24,Bond,0.0032679636771745
2013-12-26,Bond,0.0007008459753758
2013-12-27,Bond,0.0007618562826745
2013-12-30,Bond,0.0079560772853812
2013-12-31,Bond,-0.0009104143100946
2014-01-02,Bond,0.0004809637909213
2014-01-03,Bond,0.0006304775235634
2014-01-06,Bond,0.003651714633192
2014-01-07,Bond,-0.0039279808323624
2014-01-08,Bond,-0.0059770830690702
2014-01-09,Bond,-0.0015401246817281
2014-01-10,Bond,-0.0048320270111548
2014-01-13,Bond,-0.0027959203116318
2014-01-14,Bond,0.0021201044423992
2014-01-15,Bond,-0.0038186948944566
2014-01-16,Bond,-0.0041288386660826
2014-01-17,Bond,0.0012340236215111
2014-01-20,Bond,0.0020320849725672
2014-01-21,Bond,-0.0051211653534995
2014-01-22,Bond,0.0021823571872679
2014-01-23,Bond,0.0024662274979419
2014-01-24,Bond,0.0042256252300865
2014-01-27,Bond,0.0058642410969029
2014-01-28,Bond,0.0068825009035771
2014-01-29,Bond,-0.0008503369497747
2014-01-30,Bond,0.0012093013941692
2014-01-31,Bond,-0.0013894500475818
2014-02-03,Bond,0.0015661176647789
2014-02-04,Bond,0.0047336139416304
2014-02-05,Bond,-0.0042733230490171
2014-02-06,Bond,-0.0026939523933754
2014-02-07,Bond,0.0038058990957254
2014-02-10,Bond,0.0033409156904833
2014-02-11,Bond,-0.0011222003605265
2014-02-12,Bond,0.0023318806202602
2014-02-13,Bond,0.0025062363233957
2014-02-14,Bond,0.0038334681883517
2014-02-18,Bond,-0.0009584791831465
2014-02-19,Bond,0.0027782659628915
2014-02-20,Bond,0.0090423350234611
2014-02-21,Bond,0.0008636445344289
2014-02-24,Bond,-0.0002299466265987
2014-02-25,Bond,0.002061840126206
2014-02-26,Bond,-0.0016008375540181
2014-02-28,Bond,0.0066724010357358
2014-03-03,Bond,0.0015444004695759
2014-03-04,Bond,-0.0019284168120279
2014-03-05,Bond,-0.0028745225534367
2014-03-06,Bond,0.0022660765858369
2014-03-07,Bond,0.0007609770012268
2014-03-10,Bond,-0.0015344756507633
2014-03-11,Bond,0.0022371332644964
2014-03-12,Bond,-0.0044824504116639
2014-03-13,Bond,0.0010401130486115
2014-03-14,Bond,0.0013073168532868
2014-03-18,Bond,0.0050505791605831
2014-03-19,Bond,-0.0023060101889575
2014-03-20,Bond,-0.0030873847653062
2014-03-21,Bond,-0.0027220750552714
2014-03-24,Bond,-0.0052803880915214
2014-03-25,Bond,0.0040350377678163
2014-03-26,Bond,0.0045891296557197
2014-03-27,Bond,0.0004694142648071
2014-03-28,Bond,0.0029685891342098
2014-03-31,Bond,0.0003979143136249
2014-04-01,Bond,-0.0004166640932488
2014-04-02,Bond,-0.0013477896400357
2014-04-03,Bond,-0.0005675656330978
2014-04-04,Bond,-0.0039036098411375
2014-04-07,Bond,0.0009023120882774
2014-04-09,Bond,-0.0015118253029205
2014-04-10,Bond,0.0023531436621028
2014-04-11,Bond,0.0006963167365211
2014-04-15,Bond,0.0002694006388163
2014-04-16,Bond,-0.0016351291616032
2014-04-17,Bond,-0.0012230222709005
2014-04-21,Bond,0.001770502462266
2014-04-22,Bond,-0.0032762838728365
2014-04-23,Bond,9.003803881776787e-06
2014-04-25,Bond,0.0016677109845277
2014-04-28,Bond,-0.0017172137751296
2014-04-29,Bond,-0.0009632213458572
2014-04-30,Bond,0.0010925383674705
2014-05-02,Bond,-0.0032563681609111
2014-05-05,Bond,0.0011018035723852
2014-05-06,Bond,-0.0028041415434924
2014-05-07,Bond,0.0042429944152881
2014-05-08,Bond,0.007023746470818
2014-05-09,Bond,-0.0054495704811426
2014-05-12,Bond,-0.0005438107707684
2014-05-13,Bond,-0.0034074830835735
2014-05-14,Bond,0.0032428625213933
2014-05-15,Bond,-0.0038783411121686
2014-05-16,Bond,0.0004407660697564
2014-05-19,Bond,-0.0033395861521951
2014-05-20,Bond,-0.000665476564465
2014-05-21,Bond,-0.0026624429114669
2014-05-22,Bond,0.0022630430806212
2014-05-23,Bond,-0.0036374392840018
2014-05-26,Bond,0.0018851663437409
2014-05-27,Bond,-0.0003544801580304
2014-05-28,Bond,-0.0003826122827066
2014-05-29,Bond,0.0018457300669563
2014-05-30,Bond,-0.0020867014498555
2014-06-02,Bond,-0.0010822419204891
2014-06-03,Bond,0.0039863843700581
2014-06-04,Bond,-0.0020308920629242
2014-06-05,Bond,0.0026647782949132
2014-06-06,Bond,0.0031519121019806
2014-06-09,Bond,-0.0032673603995997
2014-06-10,Bond,-0.004268676535264
2014-06-11,Bond,0.0014118317766398
2014-06-12,Bond,-0.0018244417596097
2014-06-13,Bond,0.0071349758696439
2014-06-16,Bond,0.0003377901565101
2014-06-17,Bond,-0.0035894420781931
2014-06-18,Bond,-0.0023583903859778
2014-06-19,Bond,0.0036212514805349
2014-06-20,Bond,-0.001205656909291
2014-06-23,Bond,0.0004924531516128
2014-06-24,Bond,0.0018283792760016
2014-06-25,Bond,-0.0011883171914834
2014-06-26,Bond,0.000986933990544
2014-06-27,Bond,-0.0001378887687884
2014-06-30,Bond,0.0008042387215794
2014-07-01,Bond,0.0015854530350849
2014-07-02,Bond,-0.0017250597120736
2014-07-03,Bond,0.0004449264313273
2014-07-04,Bond,-0.0014723460808245
2014-07-07,Bond,-0.0047714496909533
2014-07-08,Bond,0.0029981904109709
2014-07-09,Bond,0.0062976797312055
2014-07-10,Bond,-0.0023037348775774
2014-07-11,Bond,-0.0007699998705246
2014-07-14,Bond,-0.0024191204799112
2014-07-15,Bond,0.0013211627519066
2014-07-16,Bond,0.0001667377923319
2014-07-17,Bond,-0.0005661252903327
2014-07-18,Bond,-0.002940972437707
2014-07-21,Bond,0.0001322483536587
2014-07-22,Bond,-0.0056624624651076
2014-07-23,Bond,0.0001911082182061
2014-07-24,Bond,0.0022875334551403
2014-07-25,Bond,-0.0031208665611405
2014-07-28,Bond,-0.0039416422843164
2014-07-30,Bond,0.0043072572920142
2014-07-31,Bond,-0.000815567717255
2014-08-01,Bond,0.00506514567651
2014-08-04,Bond,-0.0014080730688106
2014-08-05,Bond,-0.0011844845486054
2014-08-06,Bond,0.0023969565651409
2014-08-07,Bond,-0.0022348164779832
2014-08-08,Bond,0.0015724993765274
2014-08-11,Bond,-0.0017828749684321
2014-08-12,Bond,-0.0051672116395691
2014-08-13,Bond,0.0009706768514437
2014-08-14,Bond,-0.0013437402696889
2014-08-18,Bond,-0.0014105326602926
2014-08-19,Bond,-0.0038057490460725
2014-08-20,Bond,0.0051753051908161
2014-08-21,Bond,0.0025495115563951
2014-08-22,Bond,0.0027324040697106
2014-08-25,Bond,-0.0007091330956649
2014-08-26,Bond,-0.0050479465192649
2014-08-27,Bond,0.0055827901665393
2014-08-28,Bond,-0.0002938895265457
2014-09-01,Bond,-0.003048537548384
2014-09-02,Bond,0.0006809219571731
2014-09-03,Bond,0.0032310357703217
2014-09-04,Bond,0.0002806797728411
2014-09-05,Bond,0.0040681285872945
2014-09-08,Bond,0.0022925633336535
2014-09-09,Bond,-0.0028528435428574
2014-09-10,Bond,-0.0011795445208379
2014-09-11,Bond,0.0030963895781061
2014-09-12,Bond,-0.0082627120277191
2014-09-15,Bond,0.0004550515868427
2014-09-16,Bond,-0.002815864685995
2014-09-17,Bond,-0.0018466667640135
2014-09-18,Bond,-0.0025224323064581
2014-09-19,Bond,-0.0010373012388705
2014-09-22,Bond,-0.0018427587826864
2014-09-23,Bond,-0.0015909587948182
2014-09-24,Bond,0.0071846930550015
2014-09-25,Bond,0.0068539191249567
2014-09-26,Bond,-0.0040866357817234
2014-09-29,Bond,0.0049912138815428
2014-09-30,Bond,-0.0011525260925488
2014-10-01,Bond,0.0007492508550097
2014-10-07,Bond,0.001102531256763
2014-10-08,Bond,-0.0017357205410524
2014-10-09,Bond,0.0015688907750633
2014-10-10,Bond,0.0017613864930523
2014-10-13,Bond,-0.0016188140490923
2014-10-14,Bond,-0.003536927160713
2014-10-16,Bond,-0.0010882544627303
2014-10-17,Bond,-0.0052106863730571
2014-10-20,Bond,-0.0011248659760669
2014-10-21,Bond,-0.0040836234267947
2014-10-22,Bond,-0.001536318916935
2014-10-27,Bond,0.0042828288175319
2014-10-28,Bond,0.0032686838900502
2014-10-29,Bond,-0.0007597558017915
2014-10-30,Bond,-0.0011146239922084
2014-10-31,Bond,0.0038867352829149
2014-11-03,Bond,0.0016588347105182
2014-11-05,Bond,-0.0010333996586792
2014-11-07,Bond,-0.0041424659854121
2014-11-10,Bond,0.0012146579176584
2014-11-11,Bond,0.002387455505962
2014-11-12,Bond,-0.0020218788511078
2014-11-13,Bond,0.001297190338171
2014-11-14,Bond,-0.0013542010760559
2014-11-17,Bond,-0.0009189874760637
2014-11-18,Bond,-0.007285943302539
2014-11-19,Bond,-2.7885139521926085e-05
2014-11-20,Bond,0.0027942748734004
2014-11-21,Bond,-0.0026722094905987
2014-11-24,Bond,-0.0003452662855171
2014-11-25,Bond,-0.0013618075818259
2014-11-26,Bond,0.0010518479908084
2014-11-27,Bond,-0.0007472517483174
2014-11-28,Bond,-0.0038049484044499
2014-12-01,Bond,0.004494327291826
2014-12-02,Bond,0.0032714589502617
2014-12-03,Bond,-0.0018466340836574
2014-12-04,Bond,0.0013000468749705
2014-12-05,Bond,0.0020369927310224
2014-12-08,Bond,0.003218680369898
2014-12-09,Bond,-0.0038067246140362
2014-12-10,Bond,0.0029605757351458
2014-12-11,Bond,-0.000838108072031
2014-12-12,Bond,-0.000123849076533
2014-12-15,Bond,0.0080883624928762
2014-12-16,Bond,0.0028748526953568
2014-12-17,Bond,-0.0005704229706026
2014-12-18,Bond,-0.0081086256915558
2014-12-19,Bond,0.0034816202706208
2014-12-22,Bond,-0.005116813206627
2014-12-23,Bond,-0.0022055497715268
2014-12-24,Bond,0.0002496869317403
2014-12-26,Bond,0.0040438160954436
2014-12-29,Bond,0.0018836746432685
2014-12-30,Bond,-0.000377161867511
2014-12-31,Bond,0.0006272094699453
2015-01-02,Bond,-0.0030424281296144
2015-01-05,Bond,0.0007420449330612
2015-01-06,Bond,0.0033364090845213
2015-01-07,Bond,0.0033369890560462
2015-01-08,Bond,0.0013861619315075
2015-01-09,Bond,0.0009959477273114
2015-01-12,Bond,-0.0014317659510498
2015-01-13,Bond,0.0026290137938396
2015-01-14,Bond,0.0001073736927597
2015-01-15,Bond,-0.0057424665454214
2015-01-16,Bond,-0.0013211921509354
2015-01-19,Bond,-5.98376334331425e-05
2015-01-20,Bond,0.0011560561391314
2015-01-21,Bond,-0.0008204413653131
2015-01-22,Bond,-0.0038730281816597
2015-01-23,Bond,-0.0005566626100936
2015-01-27,Bond,-0.0003873433418292
2015-01-28,Bond,0.0006348687625008
2015-01-29,Bond,0.0024527744648374
2015-01-30,Bond,0.0047791336248225
2015-02-02,Bond,-0.0015320828380574
2015-02-03,Bond,-0.0012640819970849
2015-02-04,Bond,-0.0026254528389013
2015-02-05,Bond,0.0023540033198769
2015-02-06,Bond,0.005047866818458
2015-02-09,Bond,0.0007299951899436
2015-02-10,Bond,-0.0010640452476698
2015-02-11,Bond,0.0037982622547245
2015-02-12,Bond,0.0006612996317821
2015-02-13,Bond,0.0003502515305075
2015-02-16,Bond,-0.0034964677551024
2015-02-18,Bond,0.0014779275526998
2015-02-19,Bond,-0.002962818887992
2015-02-20,Bond,-0.0025884336237246
2015-02-23,Bond,-2.997084399776711e-05
2015-02-24,Bond,-0.0017190395607938
2015-02-25,Bond,-0.0006035794081298
2015-02-26,Bond,-0.0032516729468608
2015-02-27,Bond,0.0011453113798208
2015-03-02,Bond,0.0022350490744209
2015-03-03,Bond,-0.006163035600612
2015-03-04,Bond,0.0038734877354656
2015-03-05,Bond,-0.0024808137389709
2015-03-09,Bond,0.0047160447894608
2015-03-10,Bond,0.000425126109262
2015-03-11,Bond,0.0003452103034052
2015-03-12,Bond,-0.0013094336384997
2015-03-13,Bond,0.0052177595361279
2015-03-16,Bond,-0.0034299385121493
2015-03-17,Bond,0.000899297181527
2015-03-18,Bond,0.003852720618588
2015-03-19,Bond,0.0028590569412743
2015-03-20,Bond,0.0078324010994409
2015-03-23,Bond,-0.0012334925756995
2015-03-24,Bond,0.0030848894171931
2015-03-25,Bond,-5.604480242172856e-05
2015-03-26,Bond,0.0060316101076816
2015-03-27,Bond,0.0001059235004785
2015-03-30,Bond,-0.0028526690771424
2015-03-31,Bond,0.0040535222969697
2015-04-01,Bond,-0.0024764618151724
2015-04-06,Bond,-0.0049759486044058
2015-04-07,Bond,-0.0014351528741947
2015-04-08,Bond,0.0013524023840122
2015-04-09,Bond,0.0035628539395336
2015-04-10,Bond,0.0004300373092951
2015-04-13,Bond,0.0034635632471008
2015-04-16,Bond,-0.002513503656356
2015-04-17,Bond,-5.320761276203577e-05
2015-04-20,Bond,0.0010890456295393
2015-04-21,Bond,0.0006090487523931
2015-04-22,Bond,-0.0002478140607872
2015-04-23,Bond,0.0025652299942267
2015-04-24,Bond,-0.0001064604886552
2015-04-27,Bond,0.0016381991557391
2015-04-28,Bond,-0.0008895049586197
2015-04-29,Bond,-0.0021043046984386
2015-04-30,Bond,0.0004859388568735
2015-05-04,Bond,-0.0021498858232365
2015-05-05,Bond,-0.0002894227635779
2015-05-06,Bond,0.0029516781635175
2015-05-07,Bond,0.0008373280852525
2015-05-08,Bond,-0.0028424583540915
2015-05-11,Bond,0.0023053541146281
2015-05-12,Bond,-0.0010065337804951
2015-05-13,Bond,-0.0033779744933011
2015-05-14,Bond,0.0085964954265589
2015-05-15,Bond,-0.0034578418351642
2015-05-18,Bond,-0.0052883479229237
2015-05-19,Bond,0.0024189680187276
2015-05-20,Bond,-0.0067998847409006
2015-05-21,Bond,-0.0005591099500223
2015-05-22,Bond,0.0061068133892598
2015-05-25,Bond,-0.0034662119801692
2015-05-26,Bond,-0.0054567241895718
2015-05-27,Bond,-0.0043205847275133
2015-05-28,Bond,0.0030022455769498
2015-05-29,Bond,0.0021161550112015
2015-06-01,Bond,-0.0014148020755036
2015-06-02,Bond,0.004504996452523
2015-06-03,Bond,0.0055212730001578
2015-06-04,Bond,0.0055367428764234
2015-06-05,Bond,-0.0004228381666278
2015-06-08,Bond,-0.0059150017271201
2015-06-09,Bond,-0.0020722539391608
2015-06-10,Bond,-0.0024324794751503
2015-06-11,Bond,0.0013014711722717
2015-06-12,Bond,-0.0006639050495845
2015-06-15,Bond,0.0030883537335478
2015-06-16,Bond,0.0035265106416125
2015-06-17,Bond,-0.0009448948458593
2015-06-18,Bond,0.0023890716116332
2015-06-19,Bond,0.0005770506345891
2015-06-22,Bond,-0.0012445391032716
2015-06-23,Bond,0.0024990380016964
2015-06-24,Bond,0.0005837295063815
2015-06-25,Bond,0.0058490960254094
2015-06-26,Bond,-0.0039939904588857
2015-06-29,Bond,-0.0006774101609469
2015-06-30,Bond,-0.0008618312511422
2015-07-01,Bond,0.0004280240248005
2015-07-02,Bond,0.0040202894353635
2015-07-03,Bond,-0.0004268543376872
2015-07-06,Bond,-0.0045857041200008
2015-07-07,Bond,0.0027807309129439
2015-07-08,Bond,0.0041209058537048
2015-07-09,Bond,-0.0052930470466392
2015-07-10,Bond,-0.0002756329526141
2015-07-13,Bond,-0.0058357612445046
2015-07-14,Bond,-0.0018083385094632
2015-07-15,Bond,-0.0034128811702737
2015-07-16,Bond,0.0015593851464812
2015-07-17,Bond,0.0004495821317853
2015-07-20,Bond,-0.0036624463374267
2015-07-21,Bond,0.003620317937458
2015-07-22,Bond,-0.0054013062372379
2015-07-23,Bond,0.0016165114682739
2015-07-24,Bond,-0.0015274849689232
2015-07-27,Bond,0.0009070134199545
2015-07-28,Bond,0.001919859248062
2015-07-29,Bond,0.0012279513555389
2015-07-30,Bond,0.0035727015849971
2015-07-31,Bond,-0.0014453605345612
2015-08-03,Bond,0.0009198122737613
2015-08-04,Bond,-0.000887122050142
2015-08-05,Bond,6.657547456453516e-05
2015-08-06,Bond,0.0011968578214206
2015-08-07,Bond,0.0001051002662346
2015-08-10,Bond,-0.0048358886591667
2015-08-11,Bond,0.0018562959921969
2015-08-12,Bond,0.0025478223402594
2015-08-13,Bond,-0.001997165165078
2015-08-14,Bond,-0.005680302367557
2015-08-17,Bond,0.0050318748034764
2015-08-18,Bond,0.0017211457791139
2015-08-19,Bond,-0.0009050499514889
2015-08-20,Bond,-0.0018502720013341
2015-08-21,Bond,-0.0014759594930273
2015-08-24,Bond,0.0099428692784143
2015-08-25,Bond,-0.000385188019277
2015-08-26,Bond,-0.0004043220718102
2015-08-27,Bond,-0.0003671427786438
2015-08-28,Bond,-0.0029899492745681
2015-08-31,Bond,0.0050055655991532
2015-09-01,Bond,0.0065048692018842
2015-09-02,Bond,-0.0003954244581586
2015-09-03,Bond,-0.0031396015147092
2015-09-04,Bond,-0.0055875224988954
2015-09-07,Bond,-0.0030674023566428
2015-09-08,Bond,-0.0056109853773865
2015-09-09,Bond,-0.0011698745941321
2015-09-10,Bond,-0.0004686057046953
2015-09-11,Bond,-0.0039314108229525
2015-09-14,Bond,-0.001788417055082
2015-09-15,Bond,0.002184138120115
2015-09-16,Bond,0.0008087816967338
2015-09-18,Bond,-0.0066265919243769
2015-09-21,Bond,-0.0002046568298273
2015-09-22,Bond,-0.0019603466889511
2015-09-23,Bond,0.0023905957776407
2015-09-24,Bond,0.0021850323177627
2015-09-28,Bond,-0.001648876052901
2015-09-29,Bond,-0.0027887236003569
2015-09-30,Bond,-0.0026101744928931
2015-10-01,Bond,-0.0066635408985641
2015-10-05,Bond,-0.000990093497665
2015-10-06,Bond,-0.001112363630085
2015-10-07,Bond,0.002730018675889
2015-10-08,Bond,-0.0025876349561925
2015-10-09,Bond,-0.002479741813453
2015-10-12,Bond,-0.0038366724131049
2015-10-13,Bond,-0.0027467458714217
2015-10-14,Bond,-0.0031332606653681
2015-10-15,Bond,0.0022248304888186
2015-10-16,Bond,-0.002691826815586
2015-10-19,Bond,4.461809029343821e-05
2015-10-20,Bond,-0.0008603647322377
2015-10-21,Bond,-0.0035679574492577
2015-10-23,Bond,-0.0009150950352173
2015-10-26,Bond,0.0023380272538864
2015-10-27,Bond,-0.0031685617880888
2015-10-28,Bond,0.0032967728653256
2015-10-29,Bond,-0.0017016050753361
2015-10-30,Bond,-0.0007624871397311
2015-11-02,Bond,0.0018980197670467
2015-11-03,Bond,-0.0019932824725674
2015-11-04,Bond,0.0004870449162323
2015-11-05,Bond,0.0002300057447898
2015-11-06,Bond,0.0005225644289727
2015-11-09,Bond,-0.0065306641901474
2015-11-10,Bond,-0.0037032619606489
2015-11-13,Bond,0.0022389937660127
2015-11-16,Bond,0.002660188003784
2015-11-17,Bond,-0.0030079157589445
2015-11-18,Bond,0.0007371886659547
2015-11-19,Bond,-0.0004308276019491
2015-11-20,Bond,0.0020236966073732
2015-11-23,Bond,-0.0058701181968344
2015-11-24,Bond,-0.0023132597370971
2015-11-26,Bond,-0.0015442648566999
2015-11-27,Bond,0.0014823139669308
2015-11-30,Bond,0.0077090907275981
2015-12-01,Bond,-0.0008116451990013
2015-12-02,Bond,-0.0038048908901699
2015-12-03,Bond,0.0021740773248992
2015-12-04,Bond,0.0051288728237745
2015-12-07,Bond,0.0006560728465872
2015-12-08,Bond,-0.0017796439403496
2015-12-09,Bond,0.0041521701861058
2015-12-10,Bond,0.0011805901600929
2015-12-11,Bond,-0.0020100872968565
2015-12-14,Bond,0.0007439448307288
2015-12-15,Bond,0.0024470938715637
2015-12-16,Bond,0.0030163953593501
2015-12-17,Bond,-0.0012850158997238
2015-12-18,Bond,9.61979795500096e-05
2015-12-21,Bond,0.0028677778538049
2015-12-22,Bond,-0.0028933342114184
2015-12-23,Bond,0.0004101911079547
2015-12-24,Bond,-0.0039277811069507
2015-12-28,Bond,0.002500714854918
2015-12-29,Bond,-0.00070208886339
2015-12-30,Bond,0.0043381649007196
2015-12-31,Bond,0.0009597586406828
2016-01-04,Bond,-0.001598446723229
2016-01-05,Bond,0.0044792335550993
2016-01-06,Bond,0.0053344534024037
2016-01-07,Bond,0.0049978399107197
2016-01-08,Bond,-0.0026014573548918
2016-01-11,Bond,-0.0003047084483731
2016-01-12,Bond,0.001264258307986
2016-01-13,Bond,-0.0026848464824857
2016-01-14,Bond,0.0055355578860508
2016-01-15,Bond,0.0018665342735468
2016-01-18,Bond,-0.006823034985835
2016-01-19,Bond,-5.995922583604306e-06
2016-01-20,Bond,0.000767506280805
2016-01-21,Bond,0.0003398593650464
2016-01-22,Bond,-0.002987430141859
2016-01-25,Bond,0.0023565680277739
2016-01-27,Bond,0.003457545511554
2016-01-28,Bond,0.0011452893332517
2016-01-29,Bond,-0.0027687275270653
2016-02-01,Bond,9.646514015523486e-05
2016-02-02,Bond,0.0015075581457812
2016-02-03,Bond,-0.0010298375848256
2016-02-04,Bond,0.0012835539042008
2016-02-05,Bond,0.0003507469384067
2016-02-08,Bond,0.0061013015047534
2016-02-09,Bond,0.0050915020423104
2016-02-10,Bond,-0.0008066090640778
2016-02-11,Bond,0.005897968881826
2016-02-12,Bond,-0.0027987986069562
2016-02-15,Bond,-0.00039929864712
2016-02-16,Bond,0.0001714556423638
2016-02-17,Bond,-0.003803875164221
2016-02-18,Bond,-0.0002117059683872
2016-02-19,Bond,-0.0081678929929026
2016-02-22,Bond,-0.0054629867681139
2016-02-23,Bond,0.0013153443703045
2016-02-24,Bond,0.0016451784955471
2016-02-25,Bond,-0.0003026428433403
2016-02-26,Bond,-0.0054668714519596
2016-02-29,Bond,-0.0017262542765488
2016-03-01,Bond,-0.0020733152429113
2016-03-02,Bond,-0.0001637907933986
2016-03-03,Bond,-0.0013773350005522
2016-03-04,Bond,0.0034600770310472
2016-03-08,Bond,0.0013128629557016
2016-03-09,Bond,-0.0027435845645534
2016-03-10,Bond,-0.0001154106249374
2016-03-11,Bond,-0.0044098623159558
2016-03-14,Bond,-0.000584564023783
2016-03-15,Bond,0.0044929445682426
2016-03-16,Bond,0.0016645185954944
2016-03-17,Bond,0.0041419999105795
2016-03-18,Bond,-0.0020106149244191
2016-03-21,Bond,0.0028445789332633
2016-03-22,Bond,-0.0005981468013382
2016-03-23,Bond,0.0045140148923388
2016-03-28,Bond,0.0013684957505946
2016-03-29,Bond,0.0024793810516453
2016-03-30,Bond,0.0027261953881447
2016-03-31,Bond,-0.0005016484218701
2016-04-01,Bond,0.0011027553268442
2016-04-04,Bond,0.0033934396911095
2016-04-05,Bond,0.0017264502866795
2016-04-06,Bond,-0.0039893243388028
2016-04-07,Bond,0.0074407571815752
2016-04-08,Bond,-0.0014052419486042
2016-04-11,Bond,-0.0009417414832966
2016-04-12,Bond,0.0030985357754003
2016-04-13,Bond,-0.0035410104980579
2016-04-18,Bond,-0.0037220281408346
2016-04-20,Bond,0.0008805826221744
2016-04-21,Bond,-0.0052251132038132
2016-04-22,Bond,-0.0005825716211316
2016-04-25,Bond,0.0014152922249426
2016-04-26,Bond,-0.0020596763832996
2016-04-27,Bond,-0.004726989253506
2016-04-28,Bond,0.0065648341977776
2016-04-29,Bond,0.0003981214905837
2016-05-02,Bond,0.0049727050403349
2016-05-03,Bond,9.444745797557576e-05
2016-05-04,Bond,-0.0019978958222828
2016-05-05,Bond,0.0005518857411366
2016-05-06,Bond,-0.0005008627080842
2016-05-09,Bond,-0.0051279085847225
2016-05-10,Bond,0.0042528480434908
2016-05-11,Bond,-0.0012530138179036
2016-05-12,Bond,-0.0060575807726634
2016-05-13,Bond,0.005186721860126
2016-05-16,Bond,-0.0019795950702174
2016-05-17,Bond,-0.0020851146508456
2016-05-18,Bond,-0.0049150963522409
2016-05-19,Bond,0.0064450906310384
2016-05-20,Bond,-0.0033154727833667
2016-05-23,Bond,0.0005360079535169
2016-05-24,Bond,0.0026276167780423
2016-05-25,Bond,-0.0010158480891195
2016-05-26,Bond,-0.0017571570109919
2016-05-27,Bond,-0.006063111260745
2016-05-30,Bond,-0.0025770552906853
2016-05-31,Bond,0.0009083799508977
2016-06-01,Bond,-0.0024847802266359
2016-06-02,Bond,0.0002533028609674
2016-06-03,Bond,0.0021427260217593
2016-06-06,Bond,0.0032477529215744
2016-06-07,Bond,-0.0043560017175146
2016-06-08,Bond,0.0066301020899703
2016-06-09,Bond,0.0032619131601526
2016-06-10,Bond,0.0005238219727172
2016-06-13,Bond,0.0041162639062112
2016-06-14,Bond,0.0072378000178336
2016-06-15,Bond,-0.0054016272996193
2016-06-16,Bond,0.0002466102948027
2016-06-17,Bond,-0.0073770576588878
2016-06-20,Bond,-0.0001380078393862
2016-06-21,Bond,0.0014419472384294
2016-06-22,Bond,0.0001995987099696
2016-06-23,Bond,-0.0026572579458389
2016-06-24,Bond,-0.0038297503346318
2016-06-27,Bond,0.0011651850625167
2016-06-28,Bond,0.0040767774465339
2016-06-29,Bond,-0.0025899562872321
2016-06-30,Bond,0.0004193362960894
2016-07-01,Bond,-0.0050743078686182
2016-07-04,Bond,0.0009831280463265
2016-07-05,Bond,-0.000645008384039
2016-07-07,Bond,-0.0021906488489813
2016-07-08,Bond,-0.0019847852036972
2016-07-11,Bond,-0.0027993510849706
2016-07-12,Bond,0.0006396424214725
2016-07-13,Bond,-0.0037983016487802
2016-07-14,Bond,-0.0016054148954606
2016-07-15,Bond,0.0002711200936149
2016-07-18,Bond,-0.0027942741840386
2016-07-19,Bond,0.0052767095693279
2016-07-20,Bond,-0.0028778386928143
2016-07-21,Bond,-0.001237470456021
2016-07-22,Bond,-0.0031803788660367
2016-07-25,Bond,0.0044096214870887
2016-07-26,Bond,0.0022998113527658
2016-07-27,Bond,-0.0029825293368026
2016-07-28,Bond,0.0028525622089647
2016-07-29,Bond,0.0010428766387442
2016-08-01,Bond,0.0009143358877195
2016-08-02,Bond,-0.0007553891860332
2016-08-03,Bond,-0.001223091021625
2016-08-04,Bond,0.0010601548214361
2016-08-05,Bond,-0.0030595166663318
2016-08-08,Bond,0.005245508966987
2016-08-09,Bond,-0.0033079137129212
2016-08-10,Bond,0.0059147716501985
2016-08-11,Bond,-0.0004104579670001
2016-08-16,Bond,0.0004306821100177
2016-08-17,Bond,0.0028335304984938
2016-08-18,Bond,-0.0023412477827035
2016-08-19,Bond,0.0027859542668852
2016-08-22,Bond,-0.0075670663894532
2016-08-23,Bond,-0.0020799403071209
2016-08-24,Bond,-0.0028572274150662
2016-08-25,Bond,-0.0029688695314355
2016-08-26,Bond,-0.0002961641793014
2016-08-29,Bond,0.0008701319359108
2016-08-30,Bond,0.0006375041756429
2016-08-31,Bond,0.0003640287997132
2016-09-01,Bond,-0.0017456264734091
2016-09-02,Bond,0.0008281730227757
2016-09-06,Bond,-0.0010208194345168
2016-09-07,Bond,0.0032082736663653
2016-09-08,Bond,0.0020633914315108
2016-09-09,Bond,0.0011698185708599
2016-09-12,Bond,-0.0008676235158829
2016-09-14,Bond,-0.0019650609463274
2016-09-15,Bond,-0.0017121448307587
2016-09-16,Bond,-0.0012524457526486
2016-09-19,Bond,0.0005989659718555
2016-09-20,Bond,0.002634489141034
2016-09-21,Bond,-4.75996317798722e-05
2016-09-22,Bond,-0.0008604311217776
2016-09-23,Bond,0.0009547747623322
2016-09-26,Bond,-0.0001991659974331
2016-09-27,Bond,-0.0024653098807834
2016-09-28,Bond,-0.0055913885594023
2016-09-29,Bond,-0.0002056110931538
2016-09-30,Bond,0.001307800793093
2016-10-03,Bond,-0.0034629765813099
2016-10-04,Bond,-0.000948770474703
2016-10-05,Bond,0.0018066671445955
2016-10-06,Bond,0.0020754878232829
2016-10-07,Bond,-0.0029813905999391
2016-10-10,Bond,0.0029824046627255
2016-10-13,Bond,0.0050573758967437
2016-10-14,Bond,-0.0033867824118866
2016-10-17,Bond,-0.0016175357605776
2016-10-18,Bond,0.0018447673691503
2016-10-19,Bond,-0.0001039092955592
2016-10-20,Bond,-0.0070047492211827
2016-10-21,Bond,-0.0040060442423132
2016-10-24,Bond,-0.0008110181074008
2016-10-25,Bond,-0.0031664583956357
2016-10-26,Bond,-0.0002452605954859
2016-10-27,Bond,0.0002171886410507
2016-10-28,Bond,0.0042426971860631
2016-11-01,Bond,-0.0006153348906143
2016-11-02,Bond,0.0046388860855752
2016-11-03,Bond,0.0047474809170182
2016-11-04,Bond,0.005026352647959
2016-11-07,Bond,0.0002237102934218
2016-11-08,Bond,-0.006317116207133
2016-11-09,Bond,0.0028081356766479
2016-11-10,Bond,0.002153363800063
2016-11-11,Bond,0.0025680598080816
2016-11-15,Bond,0.0076180093371326
2016-11-16,Bond,0.0026606535278203
2016-11-17,Bond,0.0022150008844875
2016-11-18,Bond,0.0034515447786195
2016-11-21,Bond,0.0029159753251531
2016-11-22,Bond,-0.0082816094897577
2016-11-23,Bond,-0.0017648054896361
2016-11-24,Bond,0.0045554885754871
2016-11-25,Bond,-0.0041708275597776
2016-11-28,Bond,-0.0007057001397145
2016-11-29,Bond,-0.0032021573707934
2016-11-30,Bond,0.0044603629521896
2016-12-01,Bond,0.0055486905083109
2016-12-02,Bond,-0.001236575855328
2016-12-05,Bond,4.314497404055509e-05
2016-12-06,Bond,-0.0020986299500736
2016-12-07,Bond,0.0024695538123329
2016-12-08,Bond,-0.0001381504051318
2016-12-09,Bond,0.0023744369240011
2016-12-12,Bond,0.0022166140632798
2016-12-13,Bond,0.0083020447167434
2016-12-14,Bond,-0.002485170376623
2016-12-15,Bond,-0.0046592249944413
2016-12-16,Bond,-0.0008857288270077
2016-12-19,Bond,-0.0041527305386658
2016-12-20,Bond,-0.0040865422012831
2016-12-21,Bond,-0.0026228816802125
2016-12-22,Bond,-0.0016268836748149
2016-12-23,Bond,-0.0028271958138192
2016-12-26,Bond,0.0026451355164584
2016-12-27,Bond,-0.0029741382344525
2016-12-28,Bond,-0.0004434414878731
2016-12-29,Bond,0.0019470507486954
2016-12-30,Bond,-0.0031933279332053
2017-01-02,Bond,-0.0005966775353746
2017-01-03,Bond,0.0010614024596541
2017-01-04,Bond,-0.005683341749079
2017-01-05,Bond,-0.008051746069462
2017-01-06,Bond,0.0015209423403802
2017-01-09,Bond,0.0016900528878397
2017-01-10,Bond,0.0056746141817479
2017-01-11,Bond,-0.0005162863444354
2017-01-12,Bond,0.002262420294287
2017-01-13,Bond,-0.0003849331822286
2017-01-16,Bond,0.000863471222435
2017-01-17,Bond,0.0052976906116775
2017-01-18,Bond,-0.0064782227982683
2017-01-19,Bond,0.0011458124251446
2017-01-20,Bond,0.0075433456956918
2017-01-23,Bond,0.000461268238218
2017-01-24,Bond,0.0040671332412745
2017-01-25,Bond,-0.0032654325060446
2017-01-27,Bond,-0.0004236737951527
2017-01-30,Bond,0.0003189395056902
2017-01-31,Bond,-0.0057051088748954
2017-02-01,Bond,-0.005196181124398
2017-02-02,Bond,-0.003375407127178
2017-02-03,Bond,0.0025094864922479
2017-02-06,Bond,0.0020488955164114
2017-02-07,Bond,0.0014642240272382
2017-02-08,Bond,0.0025837551509219
2017-02-09,Bond,-0.0004790799274106
2017-02-10,Bond,0.0035532189880639
2017-02-13,Bond,1.5587652720373856e-05
2017-02-14,Bond,0.0004383954117996
2017-02-15,Bond,9.207224041112851e-05
2017-02-16,Bond,0.0015624444275758
2017-02-17,Bond,-0.001641434172697
2017-02-20,Bond,0.0023974923391171
2017-02-21,Bond,-0.0035991050200432
2017-02-22,Bond,-0.0033906138616593
2017-02-23,Bond,0.0020411382247644
2017-02-27,Bond,0.0003331391520728
2017-02-28,Bond,-0.001049461567779
2017-03-01,Bond,0.0020446418871789
2017-03-02,Bond,-0.0011870197081428
2017-03-03,Bond,-0.0004558817728171
2017-03-06,Bond,0.003577026117786
2017-03-07,Bond,0.0049220635816965
2017-03-08,Bond,0.0050898026285616
2017-03-09,Bond,-0.0007566339937511
2017-03-10,Bond,0.0037275360176586
2017-03-14,Bond,-0.0044331581698612
2017-03-15,Bond,-0.0025764960643279
2017-03-16,Bond,-0.0076897815252282
2017-03-17,Bond,0.0050692380190746
2017-03-20,Bond,-0.002109493970835
2017-03-21,Bond,-0.0002009837639489
2017-03-22,Bond,-0.0016127840800248
2017-03-23,Bond,0.0015870369952373
2017-03-24,Bond,-0.0012457242191016
2017-03-27,Bond,-0.0031049490827228
2017-03-28,Bond,0.000830301359758
2017-03-29,Bond,-0.0046536760198731
2017-03-30,Bond,-0.0027197636659423
2017-03-31,Bond,-0.0062006673438782
2017-04-03,Bond,-0.0048506028759033
2017-04-05,Bond,0.0003600557306153
2017-04-06,Bond,-0.0057390679808238
2017-04-07,Bond,-0.00363621267705
2017-04-10,Bond,0.0002960750322868
2017-04-11,Bond,-0.0021158428090315
2017-04-12,Bond,0.0064593209578671
2017-04-13,Bond,0.0061937619534295
2017-04-17,Bond,-0.002358095313184
2017-04-18,Bond,0.0021650674544936
2017-04-19,Bond,0.0023859735725092
2017-04-20,Bond,-0.0020338403267507
2017-04-21,Bond,-0.0041805557062814
2017-04-24,Bond,-0.0009975563614356
2017-04-25,Bond,-0.0013602412231434
2017-04-26,Bond,-0.0016735075959477
2017-04-27,Bond,0.0015506650476799
2017-04-28,Bond,-0.0017243535331612
2017-05-02,Bond,-0.0034407857189211
2017-05-03,Bond,0.0004671077164112
2017-05-04,Bond,0.0007629784502507
2017-05-05,Bond,-0.002612911542732
2017-05-08,Bond,0.0025946426276191
2017-05-09,Bond,-0.0052215034274596
2017-05-10,Bond,-0.0025851641964808
2017-05-11,Bond,-0.0008145454841258
2017-05-12,Bond,-0.0015604914904278
2017-05-15,Bond,-0.0020485403347037
2017-05-16,Bond,0.0050254756902347
2017-05-17,Bond,-0.0025745745252575
2017-05-18,Bond,0.0084546071372081
2017-05-19,Bond,0.001447816129779
2017-05-22,Bond,0.0002863890147935
2017-05-23,Bond,0.0021007260332777
2017-05-24,Bond,0.0079825317641558
2017-05-25,Bond,-0.004454704565588
2017-05-26,Bond,-0.0041387495834607
2017-05-29,Bond,-0.0022467422010277
2017-05-30,Bond,1.1852472227989831e-05
2017-05-31,Bond,-0.0050230280857284
2017-06-01,Bond,0.0002405491262967
2017-06-02,Bond,0.004811706258715
2017-06-05,Bond,0.0003504731753963
2017-06-06,Bond,-0.0003658204281276
2017-06-07,Bond,-0.0020120530235253
2017-06-08,Bond,0.0029878298388895
2017-06-09,Bond,-0.0025751769327904
2017-06-12,Bond,0.0061954751910119
2017-06-13,Bond,0.0060188688069518
2017-06-14,Bond,0.0007731490687667
2017-06-15,Bond,0.0005023809046162
2017-06-16,Bond,0.0031075740373659
2017-06-19,Bond,0.0026795348581064
2017-06-20,Bond,-0.0022560411129052
2017-06-21,Bond,-0.0012535185032066
2017-06-22,Bond,-0.0038096771495805
2017-06-23,Bond,0.0019188438771776
2017-06-27,Bond,0.0027835926346598
2017-06-28,Bond,-0.0037179217734631
2017-06-29,Bond,-0.0013809804560525
2017-06-30,Bond,-0.0040985357970041
2017-07-03,Bond,-0.0035647472288836
2017-07-04,Bond,0.0017907339192384
2017-07-05,Bond,-0.0023332189750569
2017-07-06,Bond,-0.0011658741162306
2017-07-07,Bond,-0.0046714916988566
2017-07-10,Bond,-0.0004079201209629
2017-07-11,Bond,-0.0001663346821055
2017-07-12,Bond,-0.0023739455178632
2017-07-13,Bond,-0.0012172121959882
2017-07-14,Bond,0.000714976312627
2017-07-17,Bond,-0.0026240130971102
2017-07-18,Bond,-0.0034132627156995
2017-07-19,Bond,0.0047994880277107
2017-07-20,Bond,-0.0015141527768923
2017-07-21,Bond,-0.0005951655671984
2017-07-24,Bond,0.0026366432500925
2017-07-25,Bond,0.0107257338106742
2017-07-26,Bond,-0.0041764610611047
2017-07-27,Bond,0.0014704854276961
2017-07-28,Bond,-0.001942282876356
2017-07-31,Bond,-0.0021214606273953
2017-08-01,Bond,-0.0024132708756708
2017-08-02,Bond,-0.0029292186210811
2017-08-03,Bond,0.0006691369683086
2017-08-04,Bond,-0.0048302889846068
2017-08-07,Bond,0.003049829037956
2017-08-08,Bond,0.0010690144444969
2017-08-09,Bond,0.0020938204082284
2017-08-10,Bond,-0.0003924196575467
2017-08-11,Bond,0.000132923930289
2017-08-14,Bond,0.0001243629721036
2017-08-16,Bond,-0.0044253255768991
2017-08-17,Bond,-0.0010231880196443
2017-08-18,Bond,-0.0017848806625206
2017-08-21,Bond,-0.0017074713904795
2017-08-22,Bond,-0.006324337296021
2017-08-23,Bond,0.0032476029125382
2017-08-24,Bond,-0.0019857954493877
2017-08-28,Bond,0.0030445431161639
2017-08-29,Bond,0.0045041471431467
2017-08-30,Bond,-0.004639899249694
2017-08-31,Bond,-0.0034841515844425
2017-09-01,Bond,0.0072318318519355
2017-09-04,Bond,0.0059898653582595
2017-09-05,Bond,-0.0003715209685759
2017-09-06,Bond,0.0012538483770834
2017-09-07,Bond,-0.0019106989377967
2017-09-08,Bond,0.0013677181304179
2017-09-11,Bond,-0.0027487217037047
2017-09-12,Bond,-0.006846535278116
2017-09-13,Bond,-0.0037084349989872
2017-09-14,Bond,0.0001108545154262
2017-09-15,Bond,-0.0032613124792513
2017-09-18,Bond,-0.0007530919989991
2017-09-19,Bond,-0.0030493219320498
2017-09-20,Bond,-0.0021639981296261
2017-09-21,Bond,0.0028693165930143
2017-09-22,Bond,0.002418473553152
2017-09-25,Bond,0.0010122942962865
2017-09-26,Bond,0.0027680299114177
2017-09-27,Bond,0.0029369967267066
2017-09-28,Bond,0.004118676646088
2017-09-29,Bond,-0.0014607192982608
2017-10-03,Bond,-0.0018932209098215
2017-10-04,Bond,-0.0043452263804915
2017-10-05,Bond,-0.0009026914357179
2017-10-06,Bond,0.0020940674043201
2017-10-09,Bond,0.0039292799869589
2017-10-10,Bond,0.002718595941627
2017-10-11,Bond,-0.0049416157266517
2017-10-12,Bond,0.0022517308454924
2017-10-13,Bond,-0.0060992700841759
2017-10-16,Bond,0.0021907992345161
2017-10-17,Bond,-0.0010185470003475
2017-10-18,Bond,0.0024581993925498
2017-10-19,Bond,-0.0032476246271919
2017-10-23,Bond,0.0032560366122898
2017-10-24,Bond,-0.0044992828377432
2017-10-25,Bond,-0.0027440244931856
2017-10-26,Bond,-0.0033448866034748
2017-10-27,Bond,-0.0049422512947558
2017-10-30,Bond,1.02824019273431e-05
2017-10-31,Bond,0.0058118252686171
2017-11-01,Bond,0.0071028429656302
2017-11-02,Bond,0.0005714232571689
2017-11-03,Bond,0.0031947104933057
2017-11-06,Bond,0.0008229827448069
2017-11-07,Bond,0.0025892037468605
2017-11-08,Bond,-0.0004523462714817
2017-11-09,Bond,0.0006489392104106
2017-11-10,Bond,0.0016082740561412
2017-11-13,Bond,-0.0006775556132281
2017-11-14,Bond,0.0002625857823678
2017-11-15,Bond,0.0006176506372173
2017-11-16,Bond,0.0016434902512672
2017-11-17,Bond,-0.0037521179972981
2017-11-20,Bond,-0.0001819523794548
2017-11-21,Bond,0.005582678471729
2017-11-22,Bond,0.0034630610368279
2017-11-23,Bond,0.0041051700190996
2017-11-24,Bond,-0.0002024063305348
2017-11-27,Bond,0.0009881910202702
2017-11-28,Bond,0.0034084495873459
2017-11-29,Bond,0.0048870730451632
2017-11-30,Bond,-0.004434296230179
2017-12-01,Bond,-0.0028020292958792
2017-12-04,Bond,0.0039895463627023
2017-12-05,Bond,-0.000616866383813
2017-12-06,Bond,-0.0011623242720066
2017-12-07,Bond,-0.0048631059207896
2017-12-08,Bond,-0.0025183275044923
2017-12-11,Bond,-0.0046384573237221
2017-12-12,Bond,0.007188648260567
2017-12-13,Bond,0.0005136244818807
2017-12-14,Bond,-0.0006341489183103
2017-12-15,Bond,0.0010926810383009
2017-12-18,Bond,0.0024699344021456
2017-12-19,Bond,0.0022410219928259
2017-12-20,Bond,0.0035224546348167
2017-12-21,Bond,-0.0017351916134795
2017-12-22,Bond,-0.0012783770620779
2017-12-26,Bond,0.002060183692144
2017-12-27,Bond,-0.0010752327501279
2017-12-28,Bond,0.0002271652396331
2017-12-29,Bond,0.0008123754063211
2018-01-02,Bond,0.0033159552047553
2018-01-03,Bond,-0.0052226194129509
2018-01-04,Bond,0.0016743831862328
2018-01-05,Bond,-0.001095697016412
2018-01-08,Bond,0.0016291434494796
2018-01-09,Bond,0.0023246571283679
2018-01-10,Bond,0.0049888688525076
2018-01-11,Bond,0.0040016585139121
2018-01-12,Bond,0.0038775889913565
2018-01-15,Bond,0.0038864721189966
2018-01-16,Bond,0.0013767596683234
2018-01-17,Bond,-0.0006067709332732
2018-01-18,Bond,0.0024747439317994
2018-01-19,Bond,0.0015979272833228
2018-01-22,Bond,-0.0014634811109986
2018-01-23,Bond,0.0002629960794342
2018-01-24,Bond,-6.0388310220153455e-06
2018-01-25,Bond,-0.0022943189366827
2018-01-29,Bond,0.0034425844043582
2018-01-30,Bond,0.0010110882505369
2018-01-31,Bond,0.0064647753596447
2018-02-01,Bond,-0.0046585433838992
2018-02-02,Bond,0.000776096454413
2018-02-05,Bond,0.0010919366214199
2018-02-06,Bond,0.0051099712482162
2018-02-07,Bond,0.0015236785646667
2018-02-08,Bond,9.549309340065168e-05
2018-02-09,Bond,-0.0021092798211546
2018-02-12,Bond,-0.0041619213571777
2018-02-14,Bond,0.0014561148430818
2018-02-15,Bond,-0.0043970397454555
2018-02-16,Bond,-0.000591842104763
2018-02-19,Bond,0.0023297678157679
2018-02-20,Bond,-0.0026535356846855
2018-02-21,Bond,0.0045784581105267
2018-02-22,Bond,0.0039336707365249
2018-02-23,Bond,-0.0056378190628565
2018-02-26,Bond,-0.0035497604750279
2018-02-27,Bond,-0.006469913464514
2018-02-28,Bond,-0.0016455450771968
2018-03-01,Bond,0.0027479607644866
2018-03-05,Bond,-0.0001702918851427
2018-03-06,Bond,0.0025604205034232
2018-03-07,Bond,-0.0035196199298677
2018-03-08,Bond,0.0016428557275913
2018-03-09,Bond,-0.0013910631072603
2018-03-12,Bond,-0.0017458439619571
2018-03-13,Bond,-0.0002109122422157
2018-03-14,Bond,-0.0035416825935393
2018-03-15,Bond,-0.0028517831501932
2018-03-16,Bond,0.0046160243801501
2018-03-19,Bond,0.0023066665384582
2018-03-20,Bond,0.0029719614310723
2018-03-21,Bond,0.000788766057881
2018-03-22,Bond,0.0009477804024951
2018-03-23,Bond,-0.0039042693278854
2018-03-26,Bond,-0.0020173645971409
2018-03-27,Bond,-0.0004902533095315
2018-03-28,Bond,0.0066710847032784
2018-04-02,Bond,0.001210902352464
2018-04-03,Bond,0.0044030675425874
2018-04-04,Bond,0.0030507254590702
2018-04-05,Bond,-0.003956467166847
2018-04-06,Bond,0.0004089113911698
2018-04-09,Bond,0.0003664966211132
2018-04-10,Bond,-0.0029181008673937
2018-04-11,Bond,-0.0011764041267025
2018-04-12,Bond,-0.0008956824811906
2018-04-13,Bond,0.0047269928520937
2018-04-16,Bond,-0.0065778252799656
2018-04-17,Bond,0.0035441620424835
2018-04-18,Bond,-0.0024770892836754
2018-04-19,Bond,-0.0043676879299332
2018-04-20,Bond,0.003671657573547
2018-04-23,Bond,0.0021202162328091
2018-04-24,Bond,0.003603440340845
2018-04-25,Bond,0.0029347529317133
2018-04-26,Bond,0.005852538388451
2018-04-27,Bond,0.0010945195549629
2018-04-30,Bond,-0.0007894665975383
2018-05-02,Bond,0.0013471133464392
2018-05-03,Bond,0.0042086760510941
2018-05-04,Bond,-0.0016431971309288
2018-05-07,Bond,-0.0027515417158563
2018-05-08,Bond,-0.000828342455137
2018-05-09,Bond,-0.0064167455697881
2018-05-10,Bond,0.0007683731193262
2018-05-11,Bond,-0.0063777438991248
2018-05-14,Bond,0.0002782561845295
2018-05-15,Bond,0.0027598238903191
2018-05-16,Bond,-0.0007482256992578
2018-05-17,Bond,0.0056950481271402
2018-05-18,Bond,-0.0034536563381622
2018-05-21,Bond,0.0044459260973514
2018-05-22,Bond,0.0019552374490559
2018-05-23,Bond,-0.0040187649060722
2018-05-24,Bond,0.0074518344675181
2018-05-25,Bond,-0.0009396216965432
2018-05-28,Bond,-0.0032998053516576
2018-05-29,Bond,-0.0035834171052581
2018-05-30,Bond,-0.0003618385180972
2018-05-31,Bond,-0.0014097311640471
2018-06-01,Bond,0.0008000457109474
2018-06-04,Bond,-0.0001404515931806
2018-06-05,Bond,0.0023522685762972
2018-06-06,Bond,-0.0019066552015426
2018-06-07,Bond,-0.006468251803739
2018-06-08,Bond,-0.0003215912101204
2018-06-11,Bond,-0.0071616717354083
2018-06-12,Bond,0.0006630985603572
2018-06-13,Bond,-0.0029456400438453
2018-06-14,Bond,0.0010581950381442
2018-06-15,Bond,0.0039729360275222
2018-06-18,Bond,-0.0025612333232462
2018-06-19,Bond,0.0041315526549053
2018-06-20,Bond,-0.0017553042756102
2018-06-21,Bond,0.0056669038660365
2018-06-22,Bond,-0.0017272430658439
2018-06-25,Bond,-0.0018525948359068
2018-06-26,Bond,0.0021194600543816
2018-06-27,Bond,-0.000279683842726
2018-06-28,Bond,-0.0016331209786428
2018-06-29,Bond,-0.0024958693262286
2018-07-02,Bond,0.0005181797038165
2018-07-03,Bond,0.0037468088790148
2018-07-04,Bond,-0.0063364749341
2018-07-05,Bond,0.0003763411132791
2018-07-06,Bond,0.0017816789401983
2018-07-09,Bond,-4.459630033937711e-05
2018-07-10,Bond,0.0031802462470054
2018-07-11,Bond,-0.0001126256550592
2018-07-12,Bond,-0.0011177823826139
2018-07-13,Bond,0.0019359955048483
2018-07-16,Bond,0.0011625781902756
2018-07-17,Bond,-0.0017022381410863
2018-07-18,Bond,0.0019191541800205
2018-07-19,Bond,-0.0016249288817431
2018-07-20,Bond,-0.0021981541010147
2018-07-23,Bond,-0.0021410796962666
2018-07-24,Bond,0.0037321987100037
2018-07-25,Bond,-0.0095223939326738
2018-07-26,Bond,0.000989694414031
2018-07-27,Bond,-0.0007716040377547
2018-07-30,Bond,-0.0052879147841476
2018-07-31,Bond,0.0007227522024551
2018-08-01,Bond,0.0016379512133539
2018-08-02,Bond,0.00278349031092
2018-08-03,Bond,-0.0088679671131651
2018-08-06,Bond,0.0039876721689162
2018-08-07,Bond,-0.0021138526483093
2018-08-08,Bond,0.0016480726202633
2018-08-09,Bond,0.0021624336100599
2018-08-10,Bond,-0.0021509135727498
2018-08-13,Bond,0.0027466399296737
2018-08-14,Bond,-0.0017352412257201
2018-08-16,Bond,-0.0056564457600395
2018-08-17,Bond,0.002870482514299
2018-08-20,Bond,-0.0029112787767631
2018-08-21,Bond,-0.0026092595179996
2018-08-23,Bond,-0.0011916063102174
2018-08-24,Bond,0.0011581635495333
2018-08-27,Bond,-0.001218631546346
2018-08-28,Bond,0.0013660652714047
2018-08-29,Bond,-0.0035014871448217
2018-08-30,Bond,-0.0019780048640527
2018-08-31,Bond,-0.0002596796536457
2018-09-03,Bond,0.0066539545933992
2018-09-04,Bond,0.0003142896489165
2018-09-05,Bond,0.0037519556906658
2018-09-06,Bond,-0.0002866875081001
2018-09-07,Bond,-0.0017834303583302
2018-09-10,Bond,0.0006827752317652
2018-09-11,Bond,0.000931389734951
2018-09-12,Bond,0.0012009226819984
2018-09-14,Bond,0.0029658999625413
2018-09-17,Bond,0.0023926839299316
2018-09-18,Bond,0.0045500305522104
2018-09-19,Bond,-0.002379376973335
2018-09-21,Bond,-0.000311650469569
2018-09-24,Bond,-0.0004761540519127
2018-09-25,Bond,0.0001510865570216
2018-09-26,Bond,-0.0008335369847391
2018-09-27,Bond,0.0029991268531087
2018-09-28,Bond,-0.0022439512001578
2018-10-01,Bond,-0.0004631340055875
2018-10-03,Bond,0.0035436343995313
2018-10-04,Bond,-0.0036906252454358
2018-10-05,Bond,0.0091530053891934
2018-10-08,Bond,-0.0010357587800049
2018-10-09,Bond,-0.0055009278798846
2018-10-10,Bond,-0.0009497337949541
2018-10-11,Bond,0.002375656138561
2018-10-12,Bond,-0.002449647322124
2018-10-15,Bond,0.0027116206054307
2018-10-16,Bond,0.0016750578631515
2018-10-17,Bond,0.0022578733149171
2018-10-19,Bond,0.0029006715100008
2018-10-22,Bond,0.0003727471671548
2018-10-23,Bond,0.0064074075694375
2018-10-24,Bond,-0.0050858124885196
2018-10-25,Bond,0.0015155031961971
2018-10-26,Bond,0.0012523709233017
2018-10-29,Bond,0.0003579507957112
2018-10-30,Bond,-0.0018999043477698
2018-10-31,Bond,-0.0069563975877579
2018-11-01,Bond,0.0006496743155983
2018-11-02,Bond,-0.0006985659538111
2018-11-05,Bond,0.0048636016017912
2018-11-06,Bond,-0.0037480986817346
2018-11-07,Bond,0.0029345049409383
2018-11-09,Bond,0.007346792031789
2018-11-12,Bond,-4.023795981737883e-05
2018-11-13,Bond,-0.0047096849784758
2018-11-14,Bond,-0.0010423339631645
2018-11-15,Bond,-0.0002199749371592
2018-11-16,Bond,0.0011944110993299
2018-11-19,Bond,-0.0024143290457033
2018-11-20,Bond,0.0057815651977557
2018-11-21,Bond,-0.0026966699954939
2018-11-22,Bond,-0.0044061111141983
2018-11-26,Bond,0.0024725998944688
2018-11-27,Bond,-0.0072401519942722
2018-11-28,Bond,-0.0008971396395995
2018-11-29,Bond,0.0082627497339221
2018-11-30,Bond,-8.235501688621162e-05
2018-12-03,Bond,-0.0033066604118078
2018-12-04,Bond,7.87367461152182e-05
2018-12-05,Bond,0.0007643188207185
2018-12-06,Bond,0.0022874889006748
2018-12-07,Bond,0.0012337723277414
2018-12-10,Bond,-0.0010779791539313
2018-12-11,Bond,0.0046039104711972
2018-12-12,Bond,-0.0009310495270445
2018-12-13,Bond,0.0017979402781269
2018-12-14,Bond,-0.0018932563026124
2018-12-17,Bond,0.0032119464094682
2018-12-18,Bond,-0.000838059619066
2018-12-19,Bond,0.0004154752151272
2018-12-20,Bond,-0.0025370807651584
2018-12-21,Bond,-0.001065593935182
2018-12-24,Bond,0.0030261632505842
2018-12-26,Bond,-0.0018330327977914
2018-12-27,Bond,-0.0029069948489002
2018-12-28,Bond,-0.0025526119325059
2018-12-31,Bond,0.0021924629134625
2019-01-02,Bond,-0.0011222391669497
2019-01-03,Bond,0.0008812348808942
2019-01-04,Bond,-0.0003512053422189
2019-01-07,Bond,-0.0060464099157889
2019-01-08,Bond,-0.0045751388708468
2019-01-09,Bond,0.0006381906190586
2019-01-10,Bond,-0.0017820110090494
2019-01-11,Bond,0.0035364360540199
2019-01-14,Bond,0.0035516936660266
2019-01-15,Bond,0.000887994369463
2019-01-16,Bond,0.0055471663368542
2019-01-17,Bond,-0.0002660905766588
2019-01-18,Bond,0.002050598387763
2019-01-21,Bond,-0.0021365463308251
2019-01-22,Bond,0.0078337978046562
2019-01-23,Bond,0.0069063132847896
2019-01-24,Bond,-1.3308562000804093e-05
2019-01-25,Bond,0.001918019314304
2019-01-28,Bond,0.0053017326036325
2019-01-29,Bond,-0.0002337238589158
2019-01-30,Bond,-0.0018461134525405
2019-01-31,Bond,0.0010600901911726
2019-02-01,Bond,-0.0002235806426097
2019-02-04,Bond,0.0004982452702564
2019-02-05,Bond,-0.0025853351350711
2019-02-06,Bond,-0.0062045592484012
2019-02-07,Bond,0.0007656003224893
2019-02-08,Bond,0.0039713594365921
2019-02-11,Bond,-5.66727176807626e-05
2019-02-12,Bond,0.0049564303474143
2019-02-14,Bond,-0.0012037568158665
2019-02-15,Bond,-0.002842649436701
2019-02-18,Bond,0.0006964429812212
2019-02-19,Bond,0.0002161820262774
2019-02-20,Bond,0.0011936155136079
2019-02-21,Bond,-0.002711615373
2019-02-22,Bond,0.0042075931242577
2019-02-25,Bond,0.0052011429911566
2019-02-26,Bond,0.0004143270600581
2019-02-27,Bond,0.0041335393948816
2019-02-28,Bond,-0.0029185497072142
2019-03-01,Bond,0.0026878003659594
2019-03-05,Bond,0.0021208507628211
2019-03-06,Bond,0.0021137238831974
2019-03-07,Bond,2.6262915488992605e-05
2019-03-08,Bond,-0.0085365667556788
2019-03-11,Bond,-0.0030072167841565
2019-03-12,Bond,-0.0029499919358587
2019-03-13,Bond,-0.0031731338307465
2019-03-14,Bond,0.0004730643543678
2019-03-15,Bond,-0.0018738890748001
2019-03-18,Bond,-0.0026632002648101
2019-03-19,Bond,-0.0036688500104141
2019-03-20,Bond,-0.0019281155098787
2019-03-22,Bond,0.0040412994474506
2019-03-25,Bond,-0.0009671051621794
2019-03-26,Bond,-0.0025609545696598
2019-03-27,Bond,-0.0009174327069337
2019-03-28,Bond,4.524046650673797e-05
2019-04-01,Bond,0.0006317874403046
2019-04-02,Bond,-0.0093914590082414
2019-04-03,Bond,0.0037761189635919
2019-04-04,Bond,0.0048237313086342
2019-04-05,Bond,-0.0036164381714271
2019-04-08,Bond,-0.0022701464258053
2019-04-09,Bond,-0.0018120018826032
2019-04-10,Bond,-0.0013970630810498
2019-04-11,Bond,0.0006847358212556
2019-04-12,Bond,-0.0061227077777485
2019-04-15,Bond,-0.0036365793601522
2019-04-16,Bond,0.0039095515120369
2019-04-18,Bond,-0.0023732358954001
2019-04-22,Bond,0.0051976200395918
2019-04-23,Bond,0.0013455736834792
2019-04-24,Bond,-0.0066053225074306
2019-04-25,Bond,0.0027453249907439
2019-04-26,Bond,-0.0012023587743376
2019-04-30,Bond,-0.0011911039052492
2019-05-02,Bond,0.0010540548943569
2019-05-03,Bond,0.0016505125379814
2019-05-06,Bond,0.0032161153451101
2019-05-07,Bond,0.0045199719099623
2019-05-08,Bond,0.0025485423247277
2019-05-09,Bond,-0.0034993918707521
2019-05-10,Bond,-0.0010983189628221
2019-05-13,Bond,0.0101079476442362
2019-05-14,Bond,0.0016310379173251
2019-05-15,Bond,0.007807522533243
2019-05-16,Bond,0.0034091111614044
2019-05-17,Bond,-0.0004875373183635
2019-05-20,Bond,-0.0026673195782759
2019-05-21,Bond,0.0010175973193397
2019-05-22,Bond,-0.0053393830698607
2019-05-23,Bond,0.0008629411444064
2019-05-24,Bond,0.0021474169361876
2019-05-27,Bond,-0.0023598530505884
2019-05-28,Bond,0.0013223153170244
2019-05-29,Bond,0.0032418936710548
2019-05-30,Bond,-0.0033239900498659
2019-05-31,Bond,-0.0010405319099671
2019-06-03,Bond,-0.0043239280728944
2019-06-04,Bond,-0.0017930854089115
2019-06-06,Bond,-0.0022629825099086
2019-06-07,Bond,-0.0028084726928412
2019-06-10,Bond,0.0039398922918557
2019-06-11,Bond,-0.0029862439934057
2019-06-12,Bond,0.0009957958560323
2019-06-13,Bond,-0.0014545350144877
2019-06-14,Bond,0.0044183035407972
2019-06-17,Bond,0.005331889844649
2019-06-18,Bond,0.0025464340719855
2019-06-19,Bond,0.0010388296498783
2019-06-20,Bond,-0.0017731991583906
2019-06-21,Bond,-0.002545780762055
2019-06-24,Bond,0.0061591247790409
2019-06-25,Bond,-0.0029863925341359
2019-06-26,Bond,0.0016777611907371
2019-06-27,Bond,0.0033493401006701
2019-06-28,Bond,-0.0011007967441943
2019-07-01,Bond,0.0025829986549692
2019-07-02,Bond,0.0020359186959113
2019-07-03,Bond,0.0052497350582113
2019-07-04,Bond,-0.0015397858905634
2019-07-05,Bond,-0.0026025585960875
2019-07-08,Bond,0.000741771065027
2019-07-09,Bond,0.0007699130997122
2019-07-10,Bond,0.0007878926925716
2019-07-11,Bond,-0.0017908183209751
2019-07-12,Bond,-0.0053451331516965
2019-07-15,Bond,0.0012211299286599
2019-07-16,Bond,0.0053963037172877
2019-07-17,Bond,0.0012992473653644
2019-07-18,Bond,0.0027225903806899
2019-07-19,Bond,0.0033692141328251
2019-07-22,Bond,0.0019508475621353
2019-07-23,Bond,0.0030485262216651
2019-07-24,Bond,0.0018334331728822
2019-07-25,Bond,-0.0006481361606475
2019-07-26,Bond,-0.0025536846856739
2019-07-29,Bond,0.0002158394271022
2019-07-30,Bond,0.0019900669907249
2019-07-31,Bond,-0.0011223258515095
2019-08-01,Bond,0.0023042464865232
2019-08-02,Bond,0.0012794393867569
2019-08-05,Bond,0.0038448335220819
2019-08-06,Bond,0.0031798960207526
2019-08-07,Bond,0.00120118961095
2019-08-08,Bond,-0.0054333807784193
2019-08-09,Bond,-0.0016150679562053
2019-08-13,Bond,0.0019066122321321
2019-08-14,Bond,-0.0063350658016768
2019-08-16,Bond,0.004119172034106
2019-08-19,Bond,0.0004919138200333
2019-08-20,Bond,0.0015978808589368
2019-08-21,Bond,0.0051088350351008
2019-08-22,Bond,-0.0001461455376481
2019-08-23,Bond,0.0010228618900676
2019-08-26,Bond,-0.0023195990478434
2019-08-27,Bond,-0.0008618197077273
2019-08-28,Bond,-0.0016630505110871
2019-08-29,Bond,0.0060021882647006
2019-08-30,Bond,-0.0016910830842446
2019-09-03,Bond,0.0042627046212577
2019-09-04,Bond,-0.0059379767027317
2019-09-05,Bond,0.0036299968959078
2019-09-06,Bond,0.0023704691305543
2019-09-09,Bond,-0.0001070524073792
2019-09-11,Bond,-0.0008575668588776
2019-09-12,Bond,0.0017993569193367
2019-09-13,Bond,0.0061386775186321
2019-09-16,Bond,-0.004516035108027
2019-09-17,Bond,0.004155548156497
2019-09-18,Bond,-0.0028279378227681
2019-09-19,Bond,0.0013134038102599
2019-09-20,Bond,-0.0059427532880137
2019-09-23,Bond,-0.0040565124391471
2019-09-24,Bond,0.0001920511034019
2019-09-25,Bond,-0.0020053522071218
2019-09-26,Bond,0.0020624564517947
2019-09-27,Bond,-0.0047542740442515
2019-09-30,Bond,0.0020689397810132
2019-10-01,Bond,0.0001386956529004
2019-10-03,Bond,-0.0029887184041078
2019-10-04,Bond,0.0019579261414938
2019-10-07,Bond,-0.0041181848838694
2019-10-09,Bond,-0.0014406418205475
2019-10-10,Bond,-0.0034525473405177
2019-10-11,Bond,0.0008762877696084
2019-10-14,Bond,-0.0029724035081484
2019-10-15,Bond,-0.0020014174483871
2019-10-16,Bond,0.0006894640303833
2019-10-17,Bond,-0.0032648769406819
2019-10-18,Bond,-0.0007055208773438
2019-10-22,Bond,-0.0037912312751948
2019-10-23,Bond,0.0018767144459487
2019-10-24,Bond,0.0056000207638119
2019-10-25,Bond,0.0084853961261698
2019-10-29,Bond,-0.0013584893781989
2019-10-30,Bond,0.0019989016353932
2019-10-31,Bond,-0.0055034567676052
2019-11-01,Bond,0.004517493913871
2019-11-04,Bond,0.0020222966273366
2019-11-05,Bond,-0.0011299830304632
2019-11-06,Bond,0.0034216339611798
2019-11-07,Bond,-0.0010278491604086
2019-11-08,Bond,-0.0003891156483449
2019-11-11,Bond,0.0015014990846876
2019-11-13,Bond,-0.0024573106965395
2019-11-14,Bond,0.0029175752163874
2019-11-15,Bond,-0.0032446539878462
2019-11-18,Bond,-0.0029381107259948
2019-11-19,Bond,-0.0030769023356907
2019-11-20,Bond,0.0019043668814179
2019-11-21,Bond,-0.0014744800648626
2019-11-22,Bond,-0.0034727992390883
2019-11-25,Bond,-0.0030344938720172
2019-11-26,Bond,0.0003224529040057
2019-11-27,Bond,-0.0039462732330596
2019-11-28,Bond,-0.0037519629639687
2019-11-29,Bond,0.0072365357713723
2019-12-02,Bond,-0.0023965869136022
2019-12-03,Bond,-0.0004009273825045
2019-12-04,Bond,-0.0013902417856271
2019-12-05,Bond,-0.0009381467129577
2019-12-06,Bond,0.0027903071728754
2019-12-09,Bond,0.0028302175525024
2019-12-10,Bond,-0.0001218407160607
2019-12-11,Bond,-0.0040393925786921
2019-12-12,Bond,0.0034256998975738
2019-12-13,Bond,-0.0011257819773733
2019-12-16,Bond,0.0055819244281715
2019-12-17,Bond,-0.0075380308263001
2019-12-18,Bond,0.0002405262226251
2019-12-19,Bond,0.0055644878518136
2019-12-20,Bond,-0.0010384865765
2019-12-23,Bond,-0.0004827355477012
2019-12-24,Bond,0.001399596951695
2019-12-26,Bond,-0.0008359351976102
2019-12-27,Bond,-0.0017995952562739
2019-12-30,Bond,-0.0009755126432022
2019-12-31,Bond,-0.0010491381290766
2020-01-01,Bond,0.0036911087294326
2020-01-02,Bond,0.0006848454630908
2020-01-03,Bond,0.0013241636349702
2020-01-06,Bond,0.0044562983279644
2020-01-07,Bond,-0.0011725266997346
2020-01-08,Bond,-0.0019736170139447
2020-01-09,Bond,-0.0032724487261048
2020-01-10,Bond,-0.0002094556209511
2020-01-13,Bond,-0.0036511832058516
2020-01-14,Bond,-0.0016464050758582
2020-01-15,Bond,-0.0012746568401837
2020-01-16,Bond,0.0063948280593026
2020-01-17,Bond,-0.0081759469393031
2020-01-20,Bond,0.0006157602298982
2020-01-21,Bond,0.0057445432170105
2020-01-22,Bond,0.0010027889113275
2020-01-23,Bond,0.0017735800567334
2020-01-24,Bond,-0.000137979525127
2020-01-27,Bond,-0.0008267473524343
2020-01-28,Bond,-0.0060842510190354
2020-01-29,Bond,0.000125041421114
2020-01-30,Bond,-0.0014343213982706
2020-01-31,Bond,-0.0016686647330235
2020-02-03,Bond,0.0007480767039942
2020-02-04,Bond,0.0030335019512034
2020-02-05,Bond,0.0064204625799784
2020-02-06,Bond,0.0003679576895684
2020-02-07,Bond,-0.0009480473594313
2020-02-10,Bond,-0.0028591277760498
2020-02-11,Bond,0.0008906174457403
2020-02-12,Bond,0.0046981471582471
2020-02-13,Bond,-0.0004044212179346
2020-02-14,Bond,-0.0065143026787447
2020-02-17,Bond,0.0026886223614729
2020-02-18,Bond,0.0035186753962149
2020-02-19,Bond,-0.0057499020712513
2020-02-20,Bond,0.0010209777969395
2020-02-24,Bond,0.0035550649283084
2020-02-25,Bond,0.0001669637801434
2020-02-26,Bond,-0.001240264963397
2020-02-27,Bond,0.0035548493494379
2020-02-28,Bond,0.0026194686285877
2020-03-02,Bond,-0.0037195833056506
2020-03-03,Bond,-0.0075603881978637
2020-03-04,Bond,0.0043652435746502
2020-03-05,Bond,0.0018100061503714
2020-03-06,Bond,0.0028646181716697
2020-03-09,Bond,0.0036947804230427
2020-03-11,Bond,-0.0015334950601717
2020-03-12,Bond,0.0051947288557398
2020-03-13,Bond,-0.004980874546369
2020-03-16,Bond,0.0013718384613185
2020-03-17,Bond,0.0004163274486472
2020-03-18,Bond,0.0047436414782182
2020-03-19,Bond,0.0043744183168841
2020-03-20,Bond,-0.0058326940759666
2020-03-23,Bond,0.0154852354120979
2020-03-24,Bond,0.0016602629128239
2020-03-25,Bond,-0.0033302366131951
2020-03-26,Bond,-0.0023589061009032
2020-03-27,Bond,-6.196577880316446e-05
2020-03-30,Bond,0.0015556896178412
2020-03-31,Bond,-0.0014839401171981
2020-04-01,Bond,0.0091597096563328
2020-04-03,Bond,0.0032059755376283
2020-04-07,Bond,-0.0028914330218366
2020-04-08,Bond,-0.0039625248834325
2020-04-09,Bond,-0.0074933733162188
2020-04-13,Bond,0.0039811715969527
2020-04-15,Bond,0.0016750559867286
2020-04-16,Bond,0.0033050694132363
2020-04-17,Bond,-0.0029727431098677
2020-04-20,Bond,-0.002431044829918
2020-04-21,Bond,0.0025066869877944
2020-04-22,Bond,-0.0067699936916437
2020-04-23,Bond,-0.0046437676069925
2020-04-24,Bond,0.0047498261509875
2020-04-27,Bond,0.0013412263458629
2020-04-28,Bond,0.0001467697895292
2020-04-29,Bond,-0.006881533915301
2020-04-30,Bond,-0.0041640410717525
2020-05-04,Bond,0.0021894842353333
2020-05-05,Bond,0.0045954263135234
2020-05-06,Bond,-0.0023405257473999
2020-05-07,Bond,-0.0023622311819395
2020-05-08,Bond,-0.000360781211574
2020-05-11,Bond,-0.0016675140683636
2020-05-12,Bond,0.0050328560024462
2020-05-13,Bond,-0.0041178039456423
2020-05-14,Bond,-0.0015114938403464
2020-05-15,Bond,-0.006274204268527
2020-05-18,Bond,0.0034598914630857
2020-05-19,Bond,-0.0021987726255961
2020-05-20,Bond,-0.0062778535021509
2020-05-21,Bond,0.0032498039386672
2020-05-22,Bond,0.0028574938499747
2020-05-26,Bond,0.000148189744138
2020-05-27,Bond,0.0010465282553364
2020-05-28,Bond,0.0002273037465489
2020-05-29,Bond,-0.0032990339696658
2020-06-01,Bond,-0.0055638702239183
2020-06-02,Bond,0.0010173918362872
2020-06-03,Bond,0.0004828720658029
2020-06-04,Bond,0.0009517601720129
2020-06-05,Bond,-0.0035467210327527
2020-06-08,Bond,0.001694390625145
2020-06-09,Bond,-0.000958393414402
2020-06-10,Bond,-0.0008777328164011
2020-06-11,Bond,0.0065777482851675
2020-06-12,Bond,-0.0025785236186099
2020-06-15,Bond,-0.0030026398317341
2020-06-16,Bond,-0.0040596801817561
2020-06-17,Bond,0.0034342421465446
2020-06-18,Bond,-0.0012461253430492
2020-06-19,Bond,-0.0017802596804954
2020-06-22,Bond,-0.002059343050978
2020-06-23,Bond,2.6310523530400547e-05
2020-06-24,Bond,-0.0008448468296156
2020-06-25,Bond,0.001196132435827
2020-06-26,Bond,-0.0029883377211775
2020-06-29,Bond,-0.0018930242949468
2020-06-30,Bond,-0.0016925749760178
2020-07-01,Bond,-0.0022482040729236
2020-07-02,Bond,-0.0011928347592909
2020-07-03,Bond,0.0002989697808485
2020-07-06,Bond,-0.0124186098717108
2020-07-07,Bond,-0.0026374106968384
2020-07-08,Bond,-0.0001852337247039
2020-07-09,Bond,0.0036291828436348
2020-07-10,Bond,-0.0027001567156024
2020-07-13,Bond,0.0002866009393755
2020-07-14,Bond,0.0064134405307475
2020-07-15,Bond,-0.0039211986822455
2020-07-16,Bond,0.0001553095113831
2020-07-17,Bond,-0.0037928746273905
2020-07-20,Bond,-0.0024992334029608
2020-07-21,Bond,-0.0035599481884363
2020-07-22,Bond,-0.0018099409760662
2020-07-23,Bond,0.0075415204578348
2020-07-24,Bond,0.0028432824597261
2020-07-27,Bond,0.0039822061552433
2020-07-28,Bond,8.005309062504833e-05
2020-07-29,Bond,-0.0038342089323455
2020-07-30,Bond,0.0022037453790447
2020-07-31,Bond,0.0035972990807526
2020-08-03,Bond,-0.0007979768675879
2020-08-04,Bond,0.0011461867853454
2020-08-05,Bond,0.0021753227673689
2020-08-06,Bond,0.0047888646676035
2020-08-07,Bond,-0.001257449282428
2020-08-10,Bond,-0.0036731034727708
2020-08-11,Bond,-0.0014293822057905
2020-08-12,Bond,0.0045512403310033
2020-08-13,Bond,-0.0052949141951957
2020-08-14,Bond,-0.0050050834084062
2020-08-17,Bond,-0.00022638526774
2020-08-18,Bond,-0.00243697367183
2020-08-19,Bond,-5.927634182370487e-05
2020-08-20,Bond,0.003799175312468
2020-08-21,Bond,-0.0020627996477422
2020-08-24,Bond,-0.0063331181399805
2020-08-25,Bond,0.0062028640246802
2020-08-26,Bond,-0.0035459171129646
2020-08-27,Bond,-0.003140667428163
2020-08-28,Bond,0.0026668404756682
2020-08-31,Bond,0.00119960741707
2020-09-01,Bond,-0.0007968435407366
2020-09-02,Bond,0.0010038665470681
2020-09-03,Bond,0.0034362005853377
2020-09-04,Bond,0.0007990924153106
2020-09-07,Bond,0.0044928039917925
2020-09-08,Bond,-0.0059553869530325
2020-09-09,Bond,0.0027470545076108
2020-09-10,Bond,-0.003917025660398
2020-09-11,Bond,0.0041040524561671
2020-09-14,Bond,0.0007589686811767
2020-09-15,Bond,-0.0026133107870972
2020-09-16,Bond,0.0013903195140043
2020-09-17,Bond,0.0035617677707338
2020-09-18,Bond,0.0021424982562521
2020-09-21,Bond,-0.0007578632350317
2020-09-22,Bond,-0.0004707653382305
2020-09-23,Bond,0.0003032401993401
2020-09-24,Bond,0.0029274482517014
2020-09-25,Bond,0.0001046575780795
2020-09-28,Bond,-0.0075291905162569
2020-09-29,Bond,0.0011688452582499
2020-09-30,Bond,-0.0009740441950741
2020-10-01,Bond,-0.0039016111224302
2020-10-05,Bond,-0.0028642247282167
2020-10-06,Bond,-0.0019062605410158
2020-10-07,Bond,-0.011338774041851
2020-10-08,Bond,-0.0027995363730586
2020-10-09,Bond,-0.003180053506478
2020-10-12,Bond,0.0015777610888682
2020-10-13,Bond,-0.0023263329559704
2020-10-14,Bond,-0.0008315947390468
2020-10-15,Bond,0.0071751899688192
2020-10-16,Bond,0.0024001596232227
2020-10-19,Bond,0.0018865372376454
2020-10-20,Bond,-0.0015796501420222
2020-10-21,Bond,0.0014057222614437
2020-10-22,Bond,-0.0002365652231653
2020-10-23,Bond,-0.0007532336603833
2020-10-26,Bond,0.0027119633616939
2020-10-27,Bond,-0.0027047415999593
2020-10-28,Bond,0.0059430702079059
2020-10-29,Bond,0.0001409037996422
2020-10-30,Bond,0.0022184190410157
2020-11-02,Bond,0.0042570378228601
2020-11-03,Bond,0.0019779423074056
2020-11-04,Bond,-0.0049109220348671
2020-11-05,Bond,-0.0003238722065394
2020-11-06,Bond,0.0014902567262529
2020-11-09,Bond,0.0011851255127361
2020-11-10,Bond,-0.0045845352127802
2020-11-11,Bond,-0.002785709861924
2020-11-12,Bond,0.003561356859758
2020-11-13,Bond,-0.002394978145124
2020-11-17,Bond,-0.0019917501508302
2020-11-18,Bond,0.0043501223119486
2020-11-19,Bond,0.001263869110187
2020-11-20,Bond,-0.0027442533548734
2020-11-23,Bond,-0.0030369995904189
2020-11-24,Bond,0.0001225235077658
2020-11-25,Bond,-0.0023723759786223
2020-11-26,Bond,-0.0016221292556869
2020-11-27,Bond,0.0012586752400474
2020-12-01,Bond,0.0029371799929111
2020-12-02,Bond,0.0020867896568149
2020-12-03,Bond,-0.0021758538469405
2020-12-04,Bond,0.0027061917168038
2020-12-07,Bond,-0.0015116584375864
2020-12-08,Bond,-0.0038656422470815
2020-12-09,Bond,-0.0014126993063831
2020-12-10,Bond,0.0048099930840251
2020-12-11,Bond,0.0003519642966921
2020-12-14,Bond,-0.0001702520350776
2020-12-15,Bond,0.0049600970143292
2020-12-16,Bond,-0.0050205552470901
2020-12-17,Bond,-0.0041606902812133
2020-12-18,Bond,-0.0048719979127793
2020-12-21,Bond,0.0043784398172334
2020-12-22,Bond,-0.0004151490063154
2020-12-23,Bond,0.0037471931832677
2020-12-24,Bond,-0.0002388278060638
2020-12-28,Bond,-0.0019939766173545
2020-12-29,Bond,-0.0003027748054801
2020-12-30,Bond,0.0001189127946854
2020-12-31,Bond,-0.0048938520074712
2021-01-01,Bond,0.0079881522988565
2021-01-04,Bond,0.0008635457815946
2021-01-05,Bond,0.0002787868375163
2021-01-06,Bond,0.002340505157526
2021-01-07,Bond,0.0023111499029686
2021-01-08,Bond,-0.0017863828155399
2021-01-11,Bond,-0.0027320952221358
2021-01-12,Bond,0.0013750206565418
2021-01-13,Bond,0.0012675234382814
2021-01-14,Bond,-0.0025207950313005
2021-01-15,Bond,0.0054863412499219
2021-01-18,Bond,0.0020559211232256
2021-01-19,Bond,0.0006299850050966
2021-01-20,Bond,0.0034449361006534
2021-01-21,Bond,0.0005567944839567
2021-01-22,Bond,0.0025680731857119
2021-01-25,Bond,0.0034754986498491
2021-01-27,Bond,-0.0001485344472123
2021-01-28,Bond,0.0013557200167284
2021-01-29,Bond,0.0018206879953607
2021-02-01,Bond,-0.007490526765184
2021-02-02,Bond,0.0045055532178258
2021-02-03,Bond,-0.0050719925976495
2021-02-04,Bond,-0.0044889875139996
2021-02-05,Bond,0.0038706799914496
2021-02-08,Bond,0.0009763184790928
2021-02-09,Bond,-0.0029148930890742
2021-02-10,Bond,0.0019603973857158
2021-02-11,Bond,0.0040813588702416
2021-02-12,Bond,9.51160695012396e-05
2021-02-15,Bond,0.0069180027160703
2021-02-16,Bond,-0.0050440233400782
2021-02-17,Bond,0.0028842022303203
2021-02-18,Bond,0.0042110162956214
2021-02-19,Bond,0.0037015034111187
2021-02-22,Bond,0.0015497502792216
2021-02-23,Bond,-0.0009700507006434
2021-02-24,Bond,-0.0004118827325244
2021-02-25,Bond,0.0017973421585611
2021-02-26,Bond,0.0056909896336056
2021-03-01,Bond,0.0016406347605078
2021-03-02,Bond,-0.0040039084053789
2021-03-03,Bond,-0.0027517828085341
2021-03-04,Bond,-0.0016187547439574
2021-03-05,Bond,-9.2427875363176e-05
2021-03-08,Bond,0.0030444920686667
2021-03-09,Bond,-0.0005068257980034
2021-03-10,Bond,0.0074345675010671
2021-03-12,Bond,0.0016481697251455
2021-03-15,Bond,0.0009740176380485
2021-03-16,Bond,0.0005661471687664
2021-03-17,Bond,-0.0005248500922929
2021-03-18,Bond,0.0010567874700415
2021-03-19,Bond,0.002224669798732
2021-03-22,Bond,0.000513455746753
2021-03-23,Bond,-0.0027920531893935
2021-03-24,Bond,-0.0008641361620147
2021-03-25,Bond,0.0003124132396833
2021-03-26,Bond,-0.0009317128897296
2021-03-30,Bond,0.0013722780196737
2021-03-31,Bond,-0.002861396014666
2021-04-01,Bond,-0.0020419362503581
2021-04-05,Bond,0.0020969161131078
2021-04-06,Bond,-0.0056933240274116
2021-04-07,Bond,-0.0033039385454804
2021-04-08,Bond,-0.0022891225055919
2021-04-09,Bond,-0.0020060399398496
2021-04-12,Bond,0.0042282275654657
2021-04-13,Bond,-0.0017172983791083
2021-04-15,Bond,-0.0020743067638805
2021-04-16,Bond,0.0011542596631571
2021-04-19,Bond,0.0070569220084207
2021-04-20,Bond,0.0054768518537251
2021-04-22,Bond,-0.0064159910737292
2021-04-23,Bond,0.0023010298568848
2021-04-26,Bond,-0.0014157216989085
2021-04-27,Bond,-0.0005746983116697
2021-04-28,Bond,-0.0025182346266383
2021-04-29,Bond,0.0002685848930199
2021-04-30,Bond,0.0023453033927338
2021-05-03,Bond,-0.0016377066183669
2021-05-04,Bond,-0.0016284919011315
2021-05-05,Bond,-0.0020631829632518
2021-05-06,Bond,9.113669587323664e-05
2021-05-07,Bond,0.0012490642502372
2021-05-10,Bond,0.0018759046572082
2021-05-11,Bond,-0.0007495499500788
2021-05-12,Bond,0.0020102017826448
2021-05-14,Bond,0.0031347502847055
2021-05-17,Bond,0.0019452086372351
2021-05-18,Bond,-0.001295842895922
2021-05-19,Bond,-2.685193400494884e-05
2021-05-20,Bond,0.0015190503076022
2021-05-21,Bond,-0.0051354359861896
2021-05-24,Bond,-0.0006084393936055
2021-05-25,Bond,0.0022830248088882
2021-05-26,Bond,0.0014343392378446
2021-05-27,Bond,-0.0009286849327462
2021-05-28,Bond,0.00013551123251
2021-05-31,Bond,-0.0033072598244445
2021-06-01,Bond,0.0022814954875437
2021-06-02,Bond,-0.0001221358909374
2021-06-03,Bond,-0.0014406994176271
2021-06-04,Bond,-0.0008370697777553
2021-06-07,Bond,-0.0005881397498994
2021-06-08,Bond,-0.0011503023252181
2021-06-09,Bond,0.0027599268024289
2021-06-10,Bond,-0.0017207793356564
2021-06-11,Bond,0.0045074792247471
2021-06-14,Bond,0.0044365143296167
2021-06-15,Bond,-0.0029176518240732
2021-06-16,Bond,0.0009699760835686
2021-06-17,Bond,-0.0013490196592794
2021-06-18,Bond,-0.0008086357249254
2021-06-21,Bond,0.0057246235819689
2021-06-22,Bond,-0.0009694179632833
2021-06-23,Bond,0.0017446530343591
2021-06-24,Bond,0.0010841798021918
2021-06-25,Bond,-0.0033245570293421
2021-06-28,Bond,-0.0021574654407978
2021-06-29,Bond,-0.0030791530710758
2021-06-30,Bond,-0.0023667830113395
2021-07-01,Bond,-0.0081661206049607
2021-07-02,Bond,0.0014846133037042
2021-07-05,Bond,0.0055692626964457
2021-07-06,Bond,0.0006651374344198
2021-07-07,Bond,-0.0045169682939195
2021-07-08,Bond,-0.0008527035759253
2021-07-09,Bond,-0.0010143821421476
2021-07-12,Bond,-0.0029505990761388
2021-07-13,Bond,0.0019374493656726
2021-07-14,Bond,0.0022876909214326
2021-07-15,Bond,-0.0037894626142533
2021-07-16,Bond,0.0023002657070208
2021-07-19,Bond,0.0057743292187679
2021-07-20,Bond,0.0065913727078321
2021-07-22,Bond,0.0074877127569129
2021-07-23,Bond,-0.0027882017810081
2021-07-26,Bond,0.0087919518324081
2021-07-27,Bond,-0.0004497110452612
2021-07-28,Bond,-0.0014221064803072
2021-07-29,Bond,0.0006616726291688
2021-07-30,Bond,-0.0015285800523703
2021-08-02,Bond,0.0005425324082975
2021-08-03,Bond,-0.0053863271514535
2021-08-04,Bond,-0.0013900820529705
2021-08-05,Bond,0.0037565594499202
2021-08-06,Bond,0.0002949394758626
2021-08-09,Bond,0.0004213142877957
2021-08-10,Bond,0.0014113849087654
2021-08-11,Bond,0.0036187761811477
2021-08-12,Bond,-0.0053502136850029
2021-08-13,Bond,0.0008671239214275
2021-08-16,Bond,-0.0008898198454276
2021-08-17,Bond,0.0003086858281826
2021-08-18,Bond,0.003575210741105
2021-08-20,Bond,-0.002748270114173
2021-08-23,Bond,-0.0031972513921691
2021-08-24,Bond,-0.0064631260875015
2021-08-25,Bond,-0.0015879341083908
2021-08-26,Bond,0.0040977710500399
2021-08-27,Bond,-0.0006522877242684
2021-08-30,Bond,-0.0052523583391347
2021-08-31,Bond,-0.0025250808512674
2021-09-01,Bond,-0.0040170116330354
2021-09-02,Bond,-0.0041802366779333
2021-09-03,Bond,0.0007674336474214
2021-09-06,Bond,-0.0037144947456938
2021-09-07,Bond,0.0035482548080768
2021-09-08,Bond,-4.382994265832173e-05
2021-09-09,Bond,0.000286024322742
2021-09-13,Bond,-0.0006348090520817
2021-09-14,Bond,0.0022962283863152
2021-09-15,Bond,0.0016671251250686
2021-09-16,Bond,0.0004969995793857
2021-09-17,Bond,0.0020659320777842
2021-09-20,Bond,0.000554236478212
2021-09-21,Bond,0.0007975916344807
2021-09-22,Bond,-0.0008062309270648
2021-09-23,Bond,-0.0014479579702309
2021-09-24,Bond,-0.0008736562449483
2021-09-27,Bond,-0.0012623001562373
2021-09-28,Bond,-0.0013508671441499
2021-09-29,Bond,0.0017332211344353
2021-09-30,Bond,0.0045777553405142
2021-10-01,Bond,0.0041220042599882
2021-10-04,Bond,-0.00455774276595
2021-10-05,Bond,0.0032468430622259
2021-10-06,Bond,0.0001547389821751
2021-10-07,Bond,0.001104168843833
2021-10-08,Bond,-0.0031880082721912
2021-10-11,Bond,0.000262344128186
2021-10-12,Bond,0.0008048442942319
2021-10-13,Bond,-0.0052775741606801
2021-10-14,Bond,0.0009713227249606
2021-10-18,Bond,0.0034025654102429
2021-10-19,Bond,-8.841306354524434e-05
2021-10-20,Bond,0.005026566913692
2021-10-21,Bond,3.5410349313002936e-05
2021-10-22,Bond,0.0030164204015965
2021-10-25,Bond,-0.0065936732306543
2021-10-26,Bond,0.0065873852489703
2021-10-27,Bond,0.0049208586021131
2021-10-28,Bond,0.0012083573296453
2021-10-29,Bond,-0.0047569155035409
2021-11-01,Bond,-0.0004758804008343
2021-11-02,Bond,-0.0039847718140871
2021-11-03,Bond,0.0017885656974282
2021-11-04,Bond,0.0008633595408943
2021-11-08,Bond,-0.0035511799112247
2021-11-09,Bond,0.0036173932143703
2021-11-10,Bond,0.002686637688922
2021-11-11,Bond,0.0038444840628928
2021-11-12,Bond,-0.0011354875574263
2021-11-15,Bond,-0.0041635788364732
2021-11-16,Bond,0.003662415011809
2021-11-17,Bond,-0.0001324847444911
2021-11-18,Bond,-0.0033015208652319
2021-11-22,Bond,0.0061364553079386
2021-11-23,Bond,0.0059198527682276
2021-11-24,Bond,0.0005007237868438
2021-11-25,Bond,0.0059014182135066
2021-11-26,Bond,0.0033010696046094
2021-11-29,Bond,-0.0011828811299279
2021-11-30,Bond,-0.0013565154430592
2021-12-01,Bond,0.003949583106936
2021-12-02,Bond,-0.0035878887544066
2021-12-03,Bond,0.0035035765166643
2021-12-06,Bond,9.660045242234292e-05
2021-12-07,Bond,-0.002824575145888
2021-12-08,Bond,0.0015046542291205
2021-12-09,Bond,-0.0012897171982363
2021-12-10,Bond,-0.0010627090487799
2021-12-13,Bond,0.0043353196032107
2021-12-14,Bond,0.005161782997797
2021-12-15,Bond,0.0026514754420167
2021-12-16,Bond,-0.0020010910019248
2021-12-17,Bond,0.0001141198994442
2021-12-20,Bond,0.0025440004191578
2021-12-21,Bond,0.000139919641356
2021-12-22,Bond,-0.0039443148298786
2021-12-23,Bond,0.0015981831974768
2021-12-24,Bond,0.0007798154768368
2021-12-27,Bond,-0.0055123120469972
2021-12-28,Bond,-0.0035271203647865
2021-12-29,Bond,-0.0012783599920573
2021-12-30,Bond,-4.251047157501776e-05
2021-12-31,Bond,0.0049153532107513
2022-01-03,Bond,-0.0007308176628019
2022-01-04,Bond,-0.0034210030932222
2022-01-05,Bond,0.0001079338894522
2022-01-06,Bond,6.427850391805016e-05
2022-01-07,Bond,0.0007178563534874
2022-01-10,Bond,0.0007916711689196
2022-01-11,Bond,0.0034563608164115
2022-01-12,Bond,-0.0008201710601931
2022-01-13,Bond,0.0047873192097402
2022-01-14,Bond,0.0028553003439836
2022-01-17,Bond,-0.0022890754610528
2022-01-18,Bond,0.0078149360540377
2022-01-19,Bond,0.0020652075832044
2022-01-20,Bond,-0.001374132895837
2022-01-21,Bond,0.0058663136841581
2022-01-24,Bond,0.0090101232743336
2022-01-25,Bond,-0.0007304249133281
2022-01-27,Bond,-0.000419777489664
2022-01-28,Bond,-0.00034919325465
2022-01-31,Bond,0.0008731233954601
2022-02-01,Bond,0.0025867761039045
2022-02-02,Bond,0.0006756781340507
2022-02-03,Bond,0.0016613944918382
2022-02-04,Bond,0.0048640235767248
2022-02-07,Bond,0.0009096018736077
2022-02-08,Bond,0.0029039882526388
2022-02-09,Bond,-0.0018854036280884
2022-02-10,Bond,0.0005996787655202
2022-02-11,Bond,0.00109194199691
2022-02-14,Bond,0.0030140657415709
2022-02-15,Bond,-0.0040380721907843
2022-02-16,Bond,0.0043288890696286
2022-02-17,Bond,-0.0019771766424065
2022-02-18,Bond,-0.001937163195681
2022-02-21,Bond,0.006886136393346
2022-02-22,Bond,0.003718699300721
2022-02-23,Bond,-0.0068659701545197
2022-02-24,Bond,0.0032023276294524
2022-02-25,Bond,-0.0078421340236511
2022-02-28,Bond,-0.0035454755092824
2022-03-02,Bond,-0.0081763806864085
2022-03-03,Bond,0.0003587889897598
2022-03-04,Bond,-0.0017741222567507
2022-03-07,Bond,0.002652384244384
2022-03-08,Bond,-0.0057028414275959
2022-03-09,Bond,-0.0017038934493133
2022-03-10,Bond,-0.0026514875534084
2022-03-11,Bond,0.0044116435204311
2022-03-14,Bond,0.002905814080966
2022-03-15,Bond,0.003710682459362
2022-03-16,Bond,-0.0027343513904443
2022-03-17,Bond,0.00423994235013
2022-03-21,Bond,-0.003558885586473
2022-03-22,Bond,-0.0052467982139065
2022-03-23,Bond,0.0002720442458556
2022-03-24,Bond,0.0070149036974527
2022-03-25,Bond,-8.20291315202514e-05
2022-03-28,Bond,-0.0008319977246141
2022-03-29,Bond,-0.0048055497958351
2022-03-30,Bond,0.0019595421975916
2022-03-31,Bond,0.0031709764791882
2022-04-01,Bond,0.0013094290783404
2022-04-04,Bond,-0.0039348461525405
2022-04-05,Bond,-0.0014683645254718
2022-04-06,Bond,-0.0029254487188577
2022-04-07,Bond,0.001315591615778
2022-04-08,Bond,-0.003942097926915
2022-04-11,Bond,-0.0027970997181565
2022-04-12,Bond,-0.0003326910866067
2022-04-13,Bond,-0.0010357203627176
2022-04-18,Bond,0.0002341832145488
2022-04-19,Bond,0.0027712516711675
2022-04-20,Bond,-0.0006918810532039
2022-04-21,Bond,-0.0022386359167479
2022-04-22,Bond,0.0019376840454512
2022-04-25,Bond,-0.0015850688668837
2022-04-26,Bond,-0.0010201762898916
2022-04-27,Bond,0.0015159518395454
2022-04-28,Bond,-0.0056019914671659
2022-04-29,Bond,0.0039334053012805
2022-05-02,Bond,-0.0023287094036442
2022-05-04,Bond,0.0026845477428129
2022-05-05,Bond,0.0035829504002388
2022-05-06,Bond,0.0045238724371272
2022-05-09,Bond,0.0008896184344246
2022-05-10,Bond,-0.0005884001198369
2022-05-11,Bond,0.0034117350581785
2022-05-12,Bond,0.0043652601476044
2022-05-13,Bond,-0.0015715727336205
2022-05-16,Bond,-0.0026458039982167
2022-05-17,Bond,-0.0087292591352927
2022-05-18,Bond,0.0006989517256758
2022-05-19,Bond,0.0025251792983627
2022-05-20,Bond,0.0006394702444986
2022-05-23,Bond,0.0015134675036281
2022-05-24,Bond,0.0046749630091916
2022-05-25,Bond,-0.0013559707653119
2022-05-26,Bond,0.0026337122610033
2022-05-27,Bond,-0.0025941338572061
2022-05-30,Bond,0.0005634676760805
2022-05-31,Bond,-0.0037950317792385
2022-06-01,Bond,0.0011980465687151
2022-06-02,Bond,-0.0064710643236492
2022-06-03,Bond,-0.0004186074376785
2022-06-06,Bond,0.0015300015166467
2022-06-07,Bond,-0.0005183110530456
2022-06-08,Bond,-0.0026652168246886
2022-06-09,Bond,0.0019133826337189
2022-06-10,Bond,0.0014863814718692
2022-06-13,Bond,0.0012892629704288
2022-06-14,Bond,0.0005138487090613
2022-06-15,Bond,0.0082839418639723
2022-06-16,Bond,0.0056933533347736
2022-06-17,Bond,0.0040445503672275
2022-06-20,Bond,0.0010562175974125
2022-06-21,Bond,-0.0012609779677172
2022-06-22,Bond,-0.0056263203564595
2022-06-23,Bond,-0.0028469857913503
2022-06-24,Bond,-0.0022383704984603
2022-06-27,Bond,-0.0063505752299151
2022-06-28,Bond,-0.0034668907102574
2022-06-29,Bond,-0.0055001123117356
2022-06-30,Bond,0.0001243366170481
2022-07-01,Bond,0.0027550035433983
2022-07-04,Bond,0.0029115047308924
2022-07-05,Bond,0.0015190705260822
2022-07-06,Bond,-0.0039020079943257
2022-07-07,Bond,-0.0065711446787109
2022-07-08,Bond,-0.0056942108848612
2022-07-11,Bond,-0.0036585911390001
2022-07-12,Bond,-0.0015740815897132
2022-07-13,Bond,0.0002114837561775
2022-07-14,Bond,-0.0027471271311498
2022-07-15,Bond,0.000443331912366
2022-07-18,Bond,-0.002005550924226
2022-07-19,Bond,-0.0002295392918893
2022-07-20,Bond,0.0024373628073166
2022-07-21,Bond,-0.0039315671772307
2022-07-22,Bond,0.0006883841388156
2022-07-25,Bond,0.0006071002457475
2022-07-26,Bond,4.33696386742074e-06
2022-07-27,Bond,0.0018175512184541
2022-07-28,Bond,0.0010276693513017
2022-07-29,Bond,-0.0040700677706132
2022-08-01,Bond,-0.0014860349184177
2022-08-02,Bond,0.0009325022813716
2022-08-03,Bond,-0.0009452010799543
2022-08-04,Bond,0.0019104351576069
2022-08-05,Bond,0.0008744033463323
2022-08-08,Bond,0.0048842472539032
2022-08-10,Bond,-0.0045259035177693
2022-08-11,Bond,-0.0009559009061246
2022-08-12,Bond,-0.0028272097295929
2022-08-16,Bond,0.0012141704319639
2022-08-17,Bond,-0.0053991079900199
2022-08-18,Bond,0.0010906711370694
2022-08-19,Bond,-0.0006671977193506
2022-08-22,Bond,-0.0005747525936291
2022-08-23,Bond,-0.0047157628281725
2022-08-24,Bond,-0.0014313889465535
2022-08-25,Bond,0.0038421198127994
2022-08-26,Bond,-0.0001635916035231
2022-08-29,Bond,0.0034040401460788
2022-08-30,Bond,0.0025354990869962
2022-09-01,Bond,0.0021303462816784
2022-09-02,Bond,-0.0015372936568422
2022-09-05,Bond,0.0008013716384471
2022-09-06,Bond,-0.0014551431263962
2022-09-07,Bond,-0.001216558000727
2022-09-08,Bond,-0.0054289296954159
2022-09-09,Bond,0.0027043789940762
2022-09-12,Bond,-0.0016155772932728
2022-09-13,Bond,-7.91254555504282e-05
2022-09-14,Bond,-0.0026209760186443
2022-09-15,Bond,0.002129638955938
2022-09-16,Bond,-0.0002273383995507
2022-09-19,Bond,-0.0008264950243541
2022-09-20,Bond,0.0016525971051943
2022-09-21,Bond,0.0030417784804427
2022-09-22,Bond,0.0005536675481394
2022-09-23,Bond,-0.0034688253748781
2022-09-26,Bond,0.0108935638864075
2022-09-27,Bond,0.0054098819960398
2022-09-28,Bond,0.0031629423212043
2022-09-29,Bond,-0.0018993778678625
2022-09-30,Bond,-0.0018633520817327
2022-10-03,Bond,-0.0002993348444505
2022-10-04,Bond,0.0016202007240172
2022-10-06,Bond,0.0005746442589497
2022-10-07,Bond,-0.0021335382646793
2022-10-10,Bond,-0.0008669007132596
2022-10-11,Bond,0.0049768027477027
2022-10-12,Bond,0.0040956790064994
2022-10-13,Bond,0.0053430030677405
2022-10-14,Bond,0.0013840073947731
2022-10-17,Bond,-0.0013716333024894
2022-10-18,Bond,-0.0106162700634009
2022-10-19,Bond,0.0008667962793377
2022-10-20,Bond,-0.0001807037314567
2022-10-21,Bond,0.0004696229103994
2022-10-24,Bond,-0.0005970435965765
2022-10-25,Bond,-0.0034391742831769
2022-10-27,Bond,0.0013357348830569
2022-10-28,Bond,0.001735588417621
2022-10-31,Bond,0.0008997933066225
2022-11-01,Bond,0.0022202256884808
2022-11-02,Bond,0.0022768746979193
2022-11-03,Bond,-0.0009433535037733
2022-11-04,Bond,-0.0004495273593171
2022-11-07,Bond,-7.938402075106287e-05
2022-11-09,Bond,0.0006947122709154
2022-11-10,Bond,0.0038240255583761
2022-11-11,Bond,0.0002676889343641
2022-11-14,Bond,0.0064640148688653
2022-11-15,Bond,0.0063343145135589
2022-11-16,Bond,0.0003249876326818
2022-11-17,Bond,-0.0110328170058961
2022-11-18,Bond,0.0040281107697372
2022-11-21,Bond,-0.0006943560629034
2022-11-22,Bond,-0.0027483847808618
2022-11-23,Bond,-0.0012016816347984
2022-11-24,Bond,-0.0024070241294268
2022-11-25,Bond,0.0018018092343073
2022-11-28,Bond,-0.0048283914685855
2022-11-29,Bond,-0.0034110748917498
2022-11-30,Bond,0.0003959122000503
2022-12-01,Bond,0.0017001585578394
2022-12-02,Bond,0.0026633645527482
2022-12-05,Bond,-0.0022675912153625
2022-12-06,Bond,-0.002503045581889
2022-12-07,Bond,-0.0009587142263238
2022-12-08,Bond,0.0005764270207614
2022-12-09,Bond,0.0051823103484155
2022-12-12,Bond,-0.0060252893005819
2022-12-13,Bond,-0.001141465657343
2022-12-14,Bond,-0.004159101430395
2022-12-15,Bond,-0.0035216345965271
2022-12-16,Bond,0.0038131652378286
2022-12-19,Bond,0.0009248780546053
2022-12-20,Bond,0.0016591126017857
2022-12-21,Bond,0.0038958494835488
2022-12-22,Bond,-0.0009249064167132
2022-12-23,Bond,0.0005904034764112
2022-12-26,Bond,0.005510228560817
2022-12-27,Bond,-0.0012730786242777
2022-12-28,Bond,0.0023794478429854
2022-12-29,Bond,-0.0002388385472024
2022-12-30,Bond,-0.004953667796546
2023-01-02,Bond,-0.0065228453469395
2023-01-03,Bond,-0.0018098454223055
2023-01-04,Bond,0.0043282107037128
2023-01-05,Bond,0.0027664188988362
2023-01-06,Bond,0.0035997818632167
2023-01-09,Bond,-0.0041947637076579
2023-01-10,Bond,0.0060009679454627
2023-01-11,Bond,-0.00267168215033
2023-01-12,Bond,0.0009680207500988
2023-01-13,Bond,-0.000462066461562
2023-01-16,Bond,-5.773675368682277e-05
2023-01-17,Bond,0.0032503195637043
2023-01-18,Bond,-0.0026159871928538
2023-01-19,Bond,-0.0036122790572101
2023-01-20,Bond,0.0006228839891381
2023-01-23,Bond,-0.0015837078124224
2023-01-24,Bond,0.0102535285585522
2023-01-25,Bond,0.0033988203918211
2023-01-27,Bond,0.000499402964962
2023-01-30,Bond,-0.0033016789682958
2023-01-31,Bond,-0.0055956638597231
2023-02-01,Bond,-0.0026960648046458
2023-02-02,Bond,0.0004983192405813
2023-02-03,Bond,0.0030184263239952
2023-02-06,Bond,0.0039860807432507
2023-02-07,Bond,0.0010498996414817
2023-02-08,Bond,-0.0016970566395756
2023-02-09,Bond,0.0008047362743999
2023-02-10,Bond,-0.0012294182056532
2023-02-13,Bond,0.0057544670572941
2023-02-14,Bond,-0.0013420059143248
2023-02-15,Bond,-0.0006186606541837
2023-02-16,Bond,-0.0066384806351513
2023-02-17,Bond,4.185222936683921e-05
2023-02-20,Bond,0.0031845042619088
2023-02-21,Bond,-0.0029828550818164
2023-02-22,Bond,-0.0006041246903201
2023-02-23,Bond,0.0027433765509994
2023-02-24,Bond,-0.0040504286981792
2023-02-27,Bond,0.0037119441672062
2023-02-28,Bond,-0.0009661600968907
2023-03-01,Bond,-0.0018949395385372
2023-03-02,Bond,-0.0025124183433963
2023-03-03,Bond,-0.0003187210816991
2023-03-06,Bond,0.0068340635932514
2023-03-08,Bond,0.0022219865944673
2023-03-09,Bond,-0.001544630795824
2023-03-10,Bond,0.0045314282200329
2023-03-13,Bond,0.0006550649553598
2023-03-14,Bond,0.0048905229968687
2023-03-15,Bond,0.0029574975803615
2023-03-16,Bond,-0.0087886675645282
2023-03-17,Bond,-0.0035660518610629
2023-03-20,Bond,0.0036060799905053
2023-03-21,Bond,-0.0001260924782393
2023-03-22,Bond,-0.0032108054180176
2023-03-23,Bond,-0.001343499216017
2023-03-24,Bond,-0.004826616527409
2023-03-27,Bond,-0.000385003696654
2023-03-28,Bond,0.0069522375641827
2023-03-29,Bond,0.0017738145132648
2023-03-31,Bond,0.0050575311091028
2023-04-03,Bond,0.0025465614719938
2023-04-05,Bond,0.0022885425483219
2023-04-06,Bond,0.0058024485846913
2023-04-10,Bond,0.0011103034558331
2023-04-11,Bond,-0.000999158796717
2023-04-12,Bond,0.0027095757537213
2023-04-13,Bond,0.0043939434672385
2023-04-17,Bond,-0.0006403427130536
2023-04-18,Bond,-0.0017809719141956
2023-04-19,Bond,0.0007709963989167
2023-04-20,Bond,0.0025821491371554
2023-04-21,Bond,0.0025165338549297
2023-04-24,Bond,-0.0048297001762193
2023-04-25,Bond,0.0057091324318001
2023-04-26,Bond,-0.0020530810643417
2023-04-27,Bond,-0.0012447102716851
2023-04-28,Bond,-0.0034249644403332
2023-05-02,Bond,0.00775746981462
2023-05-03,Bond,0.0011647148473515
2023-05-04,Bond,-0.003350297002775
2023-05-05,Bond,0.0037350113364413
2023-05-08,Bond,0.0013459950260976
2023-05-09,Bond,-0.0004516611089115
2023-05-10,Bond,0.0023727380882667
2023-05-11,Bond,-0.0022570524539498
2023-05-12,Bond,-0.001456042802385
2023-05-15,Bond,-0.0063695620159168
2023-05-16,Bond,-0.0032412193719526
2023-05-17,Bond,0.0061157193658541
2023-05-18,Bond,0.005329191248437
2023-05-19,Bond,-8.777127197226171e-05
2023-05-22,Bond,0.0044990181589988
2023-05-23,Bond,-0.000543683516711
2023-05-24,Bond,-0.0002690514365079
2023-05-25,Bond,9.4020776725022e-05
2023-05-26,Bond,-0.0012274068687581
2023-05-29,Bond,-0.0010623688215768
2023-05-30,Bond,0.0033609374774803
2023-05-31,Bond,0.0011041089120011
2023-06-01,Bond,0.0025091415426637
2023-06-02,Bond,0.0029634371397865
2023-06-05,Bond,0.0009621786296504
2023-06-06,Bond,-0.0028185134091668
2023-06-07,Bond,-0.004623582830745
2023-06-08,Bond,0.0010568238307881
2023-06-09,Bond,-1.194918906134647e-05
2023-06-12,Bond,0.0001769338212568
2023-06-13,Bond,-0.0005445123616776
2023-06-14,Bond,0.0076583375620596
2023-06-15,Bond,-0.0035091883567707
2023-06-16,Bond,-0.0065877436446656
2023-06-19,Bond,0.0014918823397705
2023-06-20,Bond,-0.0013358394205144
2023-06-21,Bond,0.0008548272345226
2023-06-22,Bond,0.0023255934485924
2023-06-23,Bond,0.0045356756091432
2023-06-26,Bond,-0.0045393604524994
2023-06-27,Bond,-0.0022253440352826
2023-06-28,Bond,0.0005841764954098
2023-06-30,Bond,0.0012878633107047
2023-07-03,Bond,0.0060046394074957
2023-07-04,Bond,0.002643217261428
2023-07-05,Bond,-9.936264154504974e-05
2023-07-06,Bond,-0.0030606290169536
2023-07-07,Bond,-0.0007240341123852
2023-07-10,Bond,-0.0017827715028416
2023-07-11,Bond,0.0016543078822974
2023-07-12,Bond,0.001174435283905
2023-07-13,Bond,-0.004002871751084
2023-07-14,Bond,-0.001964215900414
2023-07-17,Bond,0.0020015413352501
2023-07-18,Bond,0.0009832163796189
2023-07-19,Bond,0.00140110561089
2023-07-20,Bond,0.0005326238862218
2023-07-21,Bond,0.006171265916657
2023-07-24,Bond,0.0011960724207716
2023-07-25,Bond,-0.0010800054278953
2023-07-26,Bond,-0.0031236990421541
2023-07-27,Bond,0.0014674662047163
2023-07-28,Bond,-0.0071316660649468
2023-07-31,Bond,-0.000981323289154
2023-08-01,Bond,-0.0003950076620614
2023-08-02,Bond,-0.0029244376333558
2023-08-03,Bond,-0.0019227289742768
2023-08-04,Bond,0.0018506336634332
2023-08-07,Bond,0.0004006950604646
2023-08-08,Bond,0.0005603385475825
2023-08-09,Bond,0.0007237718133196
2023-08-10,Bond,0.0008535096096483
2023-08-11,Bond,0.004436001304734
2023-08-14,Bond,0.0004581179793297
2023-08-16,Bond,-0.0044113150428538
2023-08-17,Bond,0.0055228481530357
2023-08-18,Bond,0.0015155490645961
2023-08-21,Bond,-0.0020799132837045
2023-08-22,Bond,-0.003654898710658
2023-08-23,Bond,0.0010625906728695
2023-08-24,Bond,6.31804531390014e-05
2023-08-25,Bond,0.0054660557355054
2023-08-28,Bond,-0.0011266412658905
2023-08-29,Bond,-0.0025817182164835
2023-08-30,Bond,0.0027825790860701
2023-08-31,Bond,0.0033798807384893
2023-09-01,Bond,-0.0003167169160611
2023-09-04,Bond,0.0016679877728604
2023-09-05,Bond,-0.0002291209641007
2023-09-06,Bond,0.0006369180382468
2023-09-07,Bond,0.0030234694116137
2023-09-08,Bond,0.001525035965407
2023-09-11,Bond,-0.0012778376570029
2023-09-12,Bond,0.0041928424664674
2023-09-13,Bond,-0.0073587006453689
2023-09-14,Bond,0.0061112991102747
2023-09-15,Bond,-0.0054418386723896
2023-09-18,Bond,-0.001468846789707
2023-09-20,Bond,0.0011490723889579
2023-09-21,Bond,0.0004797519044653
2023-09-22,Bond,0.0034841748859911
2023-09-25,Bond,-0.0030550386625196
2023-09-26,Bond,0.0009523730696567
2023-09-27,Bond,-0.0018777982145255
2023-09-28,Bond,0.0019837859046896
2023-09-29,Bond,-0.0006620684711105
2023-10-03,Bond,0.0009566494234958
2023-10-04,Bond,-0.0010553437702599
2023-10-05,Bond,-0.0019743502608168
2023-10-06,Bond,0.0004305468054771
2023-10-09,Bond,0.0036693411931528
2023-10-10,Bond,-0.0025845183002175
2023-10-11,Bond,-0.0031033718465894
2023-10-12,Bond,0.0020479545882161
2023-10-13,Bond,0.0002394693188566
2023-10-16,Bond,0.0027092146775207
2023-10-17,Bond,-0.0030015625828833
2023-10-18,Bond,-0.0045096355021365
2023-10-19,Bond,-0.0012431312243545
2023-10-20,Bond,-0.0017609682193356
2023-10-23,Bond,0.0012186655423146
2023-10-25,Bond,-0.000962811969519
2023-10-26,Bond,0.003728357345244
2023-10-27,Bond,-0.0017520208200135
2023-10-30,Bond,7.974941935521673e-05
2023-10-31,Bond,0.0009131643736127
2023-11-01,Bond,0.0011789277345302
2023-11-02,Bond,-0.0007112396570916
2023-11-03,Bond,0.0011430039873978
2023-11-06,Bond,-0.0032089557413765
2023-11-07,Bond,0.0043442729758095
2023-11-08,Bond,-0.0007792414159338
2023-11-09,Bond,-0.0035667536767145
2023-11-10,Bond,0.0005292916763919
2023-11-13,Bond,-0.0025272394874859
2023-11-15,Bond,0.0009233282526661
2023-11-16,Bond,0.0062926645000271
2023-11-17,Bond,-0.0020707403026615
2023-11-20,Bond,0.0013086898909101
2023-11-21,Bond,-0.0056004641136562
2023-11-22,Bond,0.0013379122056655
2023-11-23,Bond,-0.0024874256506466
2023-11-24,Bond,-0.0017176349468598
2023-11-28,Bond,-0.0036637859334185
2023-11-29,Bond,0.0012762147668087
2023-11-30,Bond,0.0029600376210476
2023-12-01,Bond,-0.0004791385170751
2023-12-04,Bond,-0.004540097016384
2023-12-05,Bond,0.0040750125322868
2023-12-06,Bond,-0.002527294707684
2023-12-07,Bond,-0.0061915369935426
2023-12-08,Bond,0.0011686299794004
2023-12-11,Bond,-0.0033264175392608
2023-12-12,Bond,0.003517787081915
2023-12-13,Bond,-0.001118834675646
2023-12-14,Bond,0.0007061309926368
2023-12-15,Bond,0.0030312231195672
2023-12-18,Bond,-0.0033294753254526
2023-12-19,Bond,-0.0017386488783344
2023-12-20,Bond,0.0013051333914521
2023-12-21,Bond,0.0042366745494506
2023-12-22,Bond,-0.0022990408094824
2023-12-26,Bond,-0.0020941986812577
2023-12-27,Bond,0.0005591467345946
2023-12-28,Bond,-0.0021840743079113
2023-12-29,Bond,0.0007947569560973
2024-01-01,Bond,-0.0045829294436256
2024-01-02,Bond,0.0071130034327721
2024-01-03,Bond,-0.0032379410533612
2024-01-04,Bond,-0.0015017051306055
2024-01-05,Bond,-0.0002184613303868
2024-01-08,Bond,0.0067691352716346
2024-01-09,Bond,-0.0040025855433048
2024-01-10,Bond,0.0057283408823181
2024-01-11,Bond,0.0022597001449708
2024-01-12,Bond,0.0002286367094991
2024-01-15,Bond,-0.0037606085305387
2024-01-16,Bond,0.0021282470645686
2024-01-17,Bond,3.897948394884472e-05
2024-01-18,Bond,0.0044285109104687
2024-01-19,Bond,-0.0035393818059687
2024-01-23,Bond,0.0015546088109051
2024-01-24,Bond,-0.0025588163711546
2024-01-25,Bond,-0.0023701635117409
2024-01-29,Bond,0.0005409003054992
2024-01-30,Bond,0.0027177460524772
2024-01-31,Bond,0.0028010280548026
2024-02-01,Bond,-0.005089594987209
2024-02-02,Bond,0.0025919132895138
2024-02-05,Bond,0.0080120322241514
2024-02-06,Bond,-0.0019592634776839
2024-02-07,Bond,0.005800431520589
2024-02-08,Bond,0.0002997178949078
2024-02-09,Bond,-0.0042944524016684
2024-02-12,Bond,-3.275538414681601e-05
2024-02-13,Bond,0.002676163901875
2024-02-14,Bond,-0.0028397286754907
2024-02-15,Bond,-0.002004729595903
2024-02-16,Bond,0.0013075339946535
2024-02-19,Bond,-0.0002408205306121
2024-02-20,Bond,0.0015362033001593
2024-02-21,Bond,0.001472758623308
2024-02-22,Bond,0.0008225437728405
2024-02-23,Bond,-0.0011555239654096
2024-02-26,Bond,0.0012232856769748
2024-02-27,Bond,-0.0030070184519524
2024-02-28,Bond,0.005098893648505
2024-02-29,Bond,-0.001927009717321
2024-03-01,Bond,0.0018873255926413
2024-03-04,Bond,-0.0008800749118221
2024-03-05,Bond,0.0009460260829757
2024-03-06,Bond,-0.0018915908068755
2024-03-07,Bond,-0.0030147530281252
2024-03-11,Bond,-0.0043989632826387
2024-03-12,Bond,-0.0030596243624619
2024-03-13,Bond,0.0006615459673938
2024-03-14,Bond,7.851594120616848e-05
2024-03-15,Bond,0.0037078848025816
2024-03-18,Bond,-0.0013641601596273
2024-03-19,Bond,-0.0014456626287726
2024-03-20,Bond,-0.0043073786470761
2024-03-21,Bond,0.0007687222837315
2024-03-22,Bond,0.0038843346958872
2024-03-26,Bond,0.0043355714378987
2024-03-27,Bond,0.0017092265661265
2024-03-28,Bond,0.0011169298439483
2024-04-01,Bond,0.0046077734213188
2024-04-02,Bond,0.0011549729870017
2024-04-03,Bond,0.0021414520521093
2024-04-04,Bond,-0.0011989428343923
2024-04-05,Bond,-0.0039619054328179
2024-04-08,Bond,-0.0026093631767801
2024-04-09,Bond,0.0001964250671001
2024-04-10,Bond,-0.0001880912939191
2024-04-12,Bond,0.0069290168459911
2024-04-15,Bond,0.0014602212216033
2024-04-16,Bond,0.0042159628581741
2024-04-18,Bond,-0.0004987071396971
2024-04-19,Bond,-0.0015022045261563
2024-04-22,Bond,-0.004722219509968
2024-04-23,Bond,-0.0022484553984834
2024-04-24,Bond,0.0015471512975488
2024-04-25,Bond,-0.0006070124194892
2024-04-26,Bond,0.00361517855778
2024-04-29,Bond,-0.000332900411845
2024-04-30,Bond,-0.0007671094633492
2024-05-02,Bond,0.0063731193116394
2024-05-03,Bond,0.0005992752235162
2024-05-06,Bond,0.0037564962906838
2024-05-07,Bond,-0.0004589290600558
2024-05-08,Bond,0.0022487984381506
2024-05-09,Bond,0.0044509587586455
2024-05-10,Bond,0.0003005289972328
2024-05-13,Bond,-0.0071649455771436
2024-05-14,Bond,-0.0003400750762022
2024-05-15,Bond,0.0038892401901752
2024-05-16,Bond,0.0007867047314567
2024-05-17,Bond,0.0011796625912902
2024-05-21,Bond,-0.0053269759686329
2024-05-22,Bond,-0.0023465267595201
2024-05-23,Bond,-0.0002825890673939
2024-05-24,Bond,0.0013970874037325
2024-05-27,Bond,0.0038713762330177
2024-05-28,Bond,-0.000121429323676
2024-05-29,Bond,0.0021389838227475
2024-05-30,Bond,0.0011206826916118
2024-05-31,Bond,-0.003027806206826
2024-06-03,Bond,-0.0099016057628195
2024-06-04,Bond,0.0073423890180313
2024-06-05,Bond,-0.0027205820507651
2024-06-06,Bond,-0.0026233300507242
2024-06-07,Bond,-0.0067915123162283
2024-06-10,Bond,0.0021421123689675
2024-06-11,Bond,-0.0007020533660085
2024-06-12,Bond,0.0015408928756905
2024-06-13,Bond,0.0053864956437837
2024-06-14,Bond,-0.0065893454324856
2024-06-18,Bond,-0.0023721475048031
2024-06-19,Bond,-0.0003302655283153
2024-06-20,Bond,0.0042676049044777
2024-06-21,Bond,-0.0045095791063104
2024-06-24,Bond,0.0057712074154309
2024-06-25,Bond,-0.0002518202806926
2024-06-26,Bond,-0.0007898059973853
2024-06-27,Bond,-0.0012102833795111
2024-06-28,Bond,-0.0010477988882804
2024-07-01,Bond,0.0027173018428999
2024-07-02,Bond,-0.0030105906466126
2024-07-03,Bond,0.0004820118841592
2024-07-04,Bond,-0.0010969856972012
2024-07-05,Bond,-0.0022556896405273
2024-07-08,Bond,0.007891487640689
2024-07-09,Bond,0.000913970105659
2024-07-10,Bond,0.0024048877537601
2024-07-11,Bond,0.0035682746070274
2024-07-12,Bond,-0.0049098072003912
2024-07-15,Bond,0.0050318087566019
2024-07-16,Bond,-0.0075138431180307
2024-07-18,Bond,-0.0029495122044583
2024-07-19,Bond,-0.0001686273944277
2024-07-22,Bond,0.0019534277221499
2024-07-23,Bond,0.0008993703955969
2024-07-24,Bond,-0.0001126610395045
2024-07-25,Bond,0.0001143206645213
2024-07-26,Bond,-0.0045708020465951
2024-07-29,Bond,-0.0043767304331788
2024-07-30,Bond,0.0022141705295781
2024-07-31,Bond,0.0018235648365228
2024-08-01,Bond,0.0046340152089038
2024-08-02,Bond,-0.0010777577412501
2024-08-05,Bond,0.004877091420365
2024-08-06,Bond,-0.0004690239199883
2024-08-07,Bond,0.002420408707536
2024-08-08,Bond,0.0039287631113905
2024-08-09,Bond,-0.0002850582061082
2024-08-12,Bond,-0.0008144620202185
2024-08-13,Bond,0.0038571112357878
2024-08-14,Bond,0.0020410358697821
2024-08-16,Bond,-0.0035792974552877
2024-08-19,Bond,-0.0039917518615403
2024-08-20,Bond,-0.0012591746360364
2024-08-21,Bond,0.0043773631763947
2024-08-22,Bond,0.0033927257108333
2024-08-23,Bond,-0.0032639380167944
2024-08-26,Bond,-0.0041384109621668
2024-08-27,Bond,0.0039154621080147
2024-08-28,Bond,-0.0034252079586
2024-08-29,Bond,0.0012503200302937
2024-08-30,Bond,-0.0020619896533667
2024-09-02,Bond,0.0048015397622418
2024-09-03,Bond,-0.0021958252274031
2024-09-04,Bond,0.0038710927923233
2024-09-05,Bond,0.0008872838043982
2024-09-06,Bond,0.002041619592593
2024-09-09,Bond,-0.0061299306135554
2024-09-10,Bond,-0.0069086050646295
2024-09-11,Bond,-5.190147583999602e-05
2024-09-12,Bond,-0.0010272450924772
2024-09-13,Bond,-0.0031279771228096
2024-09-16,Bond,-0.0032535477446899
2024-09-17,Bond,0.001667319228918
2024-09-18,Bond,0.0019698629597933
2024-09-19,Bond,-0.0004439469461547
2024-09-20,Bond,0.000984561025784
2024-09-23,Bond,-0.003976845397127
2024-09-24,Bond,-0.0009530077534308
2024-09-25,Bond,0.0048178771657804
2024-09-26,Bond,-0.0004899050343259
2024-09-27,Bond,0.0006404598607933
2024-09-30,Bond,0.0084439298431055
2024-10-01,Bond,-0.0040239824851983
2024-10-03,Bond,0.004628928626025
2024-10-04,Bond,0.0060446284274387
2024-10-07,Bond,2.031373736462931e-05
2024-10-08,Bond,0.0018221276302176
2024-10-09,Bond,-0.002701319418834
2024-10-10,Bond,-0.0020062448751971
2024-10-11,Bond,0.0014117046093504
2024-10-14,Bond,0.0018599654438888
2024-10-15,Bond,0.0037637700277084
2024-10-16,Bond,0.0051722933017852
2024-10-17,Bond,0.0008044830566179
2024-10-18,Bond,0.0032798178713937
2024-10-21,Bond,-0.0006133962925476
2024-10-22,Bond,0.0040731919685517
2024-10-23,Bond,0.0008920228679057
2024-10-24,Bond,0.0016047679987313
2024-10-25,Bond,0.0022864456770154
2024-10-28,Bond,-0.0053489717928542
2024-10-29,Bond,-0.0037770314613832
2024-10-30,Bond,0.0009426068448354
2024-10-31,Bond,-0.004385159874844
2024-11-01,Bond,0.0022046328134376
2024-11-04,Bond,0.0040060452653289
2024-11-05,Bond,0.0001932057767726
2024-11-06,Bond,-0.0043615891142368
2024-11-07,Bond,0.0054232193872203
2024-11-08,Bond,0.0064430028504018
2024-11-11,Bond,0.0005897975710782
2024-11-12,Bond,0.002719699213007
2024-11-13,Bond,0.0020834721966802
2024-11-14,Bond,0.0018229608107653
2024-11-18,Bond,9.659524643346384e-05
2024-11-19,Bond,-0.0002595508601945
2024-11-21,Bond,0.0035540335948037
2024-11-22,Bond,0.0047699260745655
2024-11-25,Bond,-0.0053963432899414
2024-11-26,Bond,-7.831507146710807e-05
2024-11-27,Bond,-0.0037536899994768
2024-11-28,Bond,0.0063821776011775
2024-11-29,Bond,-0.0025504141020132
2024-12-02,Bond,-0.0048102843818522
2024-12-03,Bond,0.0012885598820857
2024-12-04,Bond,0.0053108236627639
2024-12-05,Bond,0.0011260110493937
2024-12-06,Bond,0.0008582365714583
2024-12-09,Bond,0.0015856967611007
2024-12-10,Bond,0.0044008728506156
2024-12-11,Bond,-0.0026316101403387
2024-12-12,Bond,0.0001622783257069
2024-12-13,Bond,-0.0021326252263874
2024-12-16,Bond,-0.0029796490297018
2024-12-17,Bond,0.0004817472265229
2024-12-18,Bond,0.004006733269148
2024-12-19,Bond,0.0028411376018842
2024-12-20,Bond,0.0035734884154051
2024-12-23,Bond,-0.0001441204623373
2024-12-24,Bond,0.0017985822193372
2024-12-26,Bond,-0.0023768028896762
2024-12-27,Bond,-0.0010746376229944
2024-12-30,Bond,0.0014035975044928
2024-12-31,Bond,0.0009529688487735
2025-01-01,Bond,0.0006656748529402
2025-01-02,Bond,-0.0021724091652156
2025-01-03,Bond,-0.00025199467063
2025-01-06,Bond,0.0112125734487954
2025-01-07,Bond,0.0024514330761137
2025-01-08,Bond,0.0014393785316998
2025-01-09,Bond,0.0001061340012955
2025-01-10,Bond,-0.0008298565105853
2025-01-13,Bond,0.0012023257490668
2025-01-14,Bond,0.0006081990808213
2025-01-15,Bond,-0.0056815946719878
2025-01-16,Bond,-0.0050129338586624
2025-01-17,Bond,-0.0013247819875495
2025-01-20,Bond,0.0001313697566189
2025-01-21,Bond,0.0007733651262738
2025-01-22,Bond,0.0039867145868568
2025-01-23,Bond,-0.0045431231836113
2025-01-24,Bond,-0.0016464316429707
2025-01-27,Bond,0.0058193994165296
2025-01-28,Bond,-4.7765007702372446e-05
2025-01-29,Bond,0.0018778628195683
2025-01-30,Bond,0.0059007320698321
2025-01-31,Bond,-0.003074987268738
2025-02-01,Bond,-6.628080087410115e-05
2025-02-03,Bond,-0.0001815715051232
2025-02-04,Bond,-0.0073627096955129
2025-02-05,Bond,-0.0006302697050535
2025-02-06,Bond,0.0031554468256028
2025-02-07,Bond,0.0019256424880166
2025-02-10,Bond,0.0027342528773948
2025-02-11,Bond,0.0003184415516861
2025-02-12,Bond,-0.0017332127789739
2025-02-13,Bond,0.0039878644734149
2025-02-14,Bond,-0.0009284248237023
2025-02-17,Bond,0.0008703185566033
2025-02-18,Bond,0.000671848676062
2025-02-19,Bond,0.0045591943177754
2025-02-20,Bond,0.0031203578848794
2025-02-21,Bond,-0.0032540609821131
2025-02-24,Bond,-0.0023786489673182
2025-02-25,Bond,0.0018824410590263
2025-02-27,Bond,-6.192526337250127e-05
2025-02-28,Bond,0.0006189806148082
2025-03-03,Bond,0.0031912837012072
2025-03-04,Bond,0.0008480723107769
2025-03-05,Bond,-0.0008757973462542
2025-03-06,Bond,0.0015310011445784
2025-03-07,Bond,-0.0010399283834757
2025-03-10,Bond,0.0052343773477268
2025-03-11,Bond,-0.0024115476152596
2025-03-12,Bond,0.0022125780779494
2025-03-13,Bond,0.0047477074621534
2025-03-17,Bond,-0.0045099433014431
2025-03-18,Bond,-0.0023563354270408
2025-03-19,Bond,0.0032256190140439
2025-03-20,Bond,0.002356114084284
2025-03-21,Bond,-0.0010833419962936
2025-03-24,Bond,-0.0034028310040604
2025-03-25,Bond,0.0029442677382281
2025-03-26,Bond,0.0044387552405993
2025-03-27,Bond,-0.0038214728332374
2025-03-28,Bond,-0.0031840105058836
2025-04-01,Bond,0.0022994272324744
2025-04-02,Bond,0.001288697654418
2025-04-03,Bond,-0.0004246923938052
2025-04-04,Bond,0.0036445434374537
2025-04-07,Bond,0.0012328448077933
2025-04-08,Bond,-0.0079128126875026
2025-04-09,Bond,-0.0005451176161907
2025-04-11,Bond,-0.0016073423013797
2025-04-15,Bond,-0.0028977596579002
2025-04-16,Bond,-0.0038215414110811
2025-04-17,Bond,-0.0070952946214318
2025-04-21,Bond,-0.0025706162595053
2025-04-22,Bond,0.0026401247584078
2025-04-23,Bond,0.0032195082530288
2025-04-24,Bond,0.004021214761641
2025-04-25,Bond,-0.0014725622691772
2025-04-28,Bond,-0.0045439401591658
2025-04-29,Bond,0.0015792845352822
2025-04-30,Bond,0.0020324910425669
2025-05-02,Bond,0.001269140780485
2025-05-05,Bond,-0.0063922788924745
2025-05-06,Bond,-0.0021472647686554
2025-05-07,Bond,-0.000111811870405
2025-05-08,Bond,0.0021575426136009
2025-05-09,Bond,0.0035169330572281
2025-05-12,Bond,-0.0032655467421758
2025-05-13,Bond,0.002501935327269
2025-05-14,Bond,1.4316768611176609e-05
2025-05-15,Bond,0.0005747143085092
2025-05-16,Bond,0.0012273730298386
2025-05-19,Bond,0.0006143838615172
2025-05-20,Bond,0.0003633767380545
2025-05-21,Bond,-0.0001609569957611
2025-05-22,Bond,0.002394901413922
2025-05-23,Bond,-6.682270510640167e-05
2025-05-26,Bond,0.0006669813094077
2025-05-27,Bond,0.0048479380710852
2025-05-28,Bond,0.0012125569748393
2025-05-29,Bond,-0.002154843484297
2025-05-30,Bond,0.0031046438548939
2025-06-02,Bond,-0.0038408227057534
2025-06-03,Bond,-0.002419856804192
2025-06-04,Bond,0.0008109513133615
2025-06-05,Bond,0.001138320327149
2025-06-06,Bond,-0.0046339060659622
2025-06-09,Bond,-0.0014289973139689
2025-06-10,Bond,-0.0017024373426176
2025-06-11,Bond,-0.0014880134359162
2025-06-12,Bond,0.0039579017950974
2025-06-13,Bond,0.0029209622754337
2025-06-16,Bond,-0.0008593459163319
2025-06-17,Bond,-0.0011446887020951
2025-06-18,Bond,-0.003762574958317
2025-06-19,Bond,0.0044563275987561
2025-06-20,Bond,0.0006090946048709
2025-06-23,Bond,-0.0014405227634924
2025-06-24,Bond,0.001988675524191
2025-06-25,Bond,-0.0008908529137664
2025-06-26,Bond,-0.001946529596
2025-06-27,Bond,0.0010780641075507
2025-06-30,Bond,-0.0016335105142716
2025-07-01,Bond,-0.0010082635262587
2025-07-02,Bond,0.0008304840465755
2025-07-03,Bond,-0.0011893823267331
2025-07-04,Bond,0.0019080131222033
2025-07-07,Bond,0.0057260181699641
2025-07-08,Bond,-0.0023832561109789
2025-07-09,Bond,-0.0046935739861792
2025-07-10,Bond,-0.0054108558578089
2025-07-11,Bond,0.0004786857565426
2025-07-14,Bond,-0.0016009083546636
2025-07-15,Bond,0.0002910711813218
2025-07-16,Bond,0.0004532981419479
2025-07-17,Bond,-0.0042906288046694
2025-07-18,Bond,-0.0047549956837199
2025-07-21,Bond,0.0005179852907517
2025-07-22,Bond,0.0006450509429871
2025-07-23,Bond,-0.0017919084541241
2025-07-24,Bond,-0.0042257312926478
2025-07-25,Bond,0.002432341191998
2025-07-28,Bond,0.0045641948692105
2025-07-29,Bond,0.0003858998972197
2025-07-30,Bond,-0.0025592051841475
2025-07-31,Bond,0.0006024836732823
2025-08-01,Bond,-0.0031587478685228
2025-08-04,Bond,0.0026531406372109
2025-08-05,Bond,0.000661613410299
2025-08-06,Bond,-0.0048787793124475
2025-08-07,Bond,-0.0008713491736264
2025-08-08,Bond,0.0024565958042434
2025-08-11,Bond,-0.0017893233101123
2025-08-12,Bond,-0.0003104929852486
2025-08-13,Bond,-0.004092051972813
2025-08-14,Bond,0.0017710791448378
2025-08-18,Bond,-0.0028227095277209
2025-08-19,Bond,-0.0067661925990776
2025-08-20,Bond,-0.0012735902493773
2025-08-21,Bond,0.0029309202492831
2025-08-22,Bond,-0.0001890401337899
2025-08-25,Bond,0.00494131322028
2025-08-26,Bond,0.002431021832849
2025-08-28,Bond,0.0019907174972334
2025-08-29,Bond,3.7042181580121695e-05
2025-09-01,Bond,-0.0008962656407534
2025-09-02,Bond,-0.0004856979991795
2025-09-03,Bond,-0.0013378796909492
2025-09-04,Bond,0.0016347137239209
2025-09-05,Bond,-0.0027145784200428
2025-09-08,Bond,-0.003237629308108
2025-09-09,Bond,-0.0036348781704496
2025-09-10,Bond,0.0058367550199427
2025-09-11,Bond,0.0015812875389898
2025-09-12,Bond,0.0005995720640394
2025-09-15,Bond,-0.0028741543427668
2025-09-16,Bond,0.0013123012629146
2025-09-17,Bond,-0.0005908615923065
2025-09-18,Bond,0.0003939766692317
2025-09-19,Bond,-0.0024301002936768
2025-09-22,Bond,0.0010931701441192
2025-09-23,Bond,-0.001021157174884
2025-09-24,Bond,-0.0017294681703297
2025-09-25,Bond,0.002985013828654
2025-09-26,Bond,-0.0035443796328668
2025-09-29,Bond,0.0018946332734365
2025-09-30,Bond,0.0022700724761072
2025-10-01,Bond,-0.0034339700759013
2025-10-03,Bond,-0.0025743100610955
2025-10-06,Bond,-0.0012857949229279
2025-10-07,Bond,0.0008438866921396
2025-10-08,Bond,-9.103571742370172e-05
2025-10-09,Bond,0.0008790856233819
2025-10-10,Bond,0.0049977339408442
2025-10-13,Bond,-0.0011737684681784
2025-10-14,Bond,-0.0047010919988638
2025-10-15,Bond,0.0018896886618397
2025-10-16,Bond,0.0041363209066346
2025-10-17,Bond,0.0008115067153923
2025-10-20,Bond,-0.0036617273990574
2025-10-21,Bond,-0.0003501527722958
2025-10-23,Bond,-0.0033237112163186
2025-10-24,Bond,0.0024203115344849
2025-10-27,Bond,-0.0045964003580982
2025-10-28,Bond,-0.000665422545804
2025-10-29,Bond,-0.0033468238883495
2025-10-30,Bond,0.0011761916201858
2025-10-31,Bond,-0.0003771589476735
2025-11-03,Bond,0.0004899183746815
2025-11-04,Bond,0.0008302103428751
2025-11-06,Bond,-0.0024963862827166
2025-11-07,Bond,0.0020688344153715
2025-11-10,Bond,-0.0003481542442419
2025-11-11,Bond,-0.0033171517406561
2025-11-12,Bond,0.0061389387660324
2025-11-13,Bond,0.001536345550531
2025-11-14,Bond,-0.0004591843073427
2025-11-17,Bond,0.0039665466760188
2025-11-18,Bond,0.0060429275183616
2025-11-19,Bond,-0.000866412334457
2025-11-20,Bond,0.0006267383004821
2025-11-21,Bond,-0.0023705841717307
2025-11-24,Bond,9.521537899277349e-05
2025-11-25,Bond,-0.0001894347432727
2025-11-26,Bond,-0.0005636972521712
2025-11-27,Bond,0.0010791672120921
2025-11-28,Bond,0.0018475543823215
2025-12-01,Bond,0.0009367300963738
2025-12-02,Bond,-0.0029638165401933
2025-12-03,Bond,-0.0025179317981796
2025-12-04,Bond,-0.0017029756483548
2025-12-05,Bond,-0.0013132650849356
2025-12-08,Bond,0.0041349768174055
2025-12-09,Bond,-0.0029031088496494
2025-12-10,Bond,-0.0006362563854125
2025-12-11,Bond,0.0024333697429921
2025-12-12,Bond,-0.0013526314254549
2025-12-15,Bond,0.0015766816475999
2025-12-16,Bond,0.0003437807549737
2025-12-17,Bond,0.0010510174753187
2025-12-18,Bond,-0.0005537980791717
2025-12-19,Bond,0.0015368602145795
2025-12-22,Bond,-0.0053085021328308
2025-12-23,Bond,-0.0009880849145647
2025-12-24,Bond,0.0011436164136997
2025-12-26,Bond,0.002102840957319
2025-12-29,Bond,0.0049836209992792
2025-12-30,Bond,-0.0010405461017414
2025-12-31,Bond,0.0038230618631387
2007-09-18,Commodity,-0.0014602916438913
2007-09-19,Commodity,0.0163611307831314
2007-09-20,Commodity,0.0057471773401596
2007-09-21,Commodity,-0.0014893220583004
2007-09-24,Commodity,0.0059553895799099
2007-09-25,Commodity,0.0001622375589011
2007-09-26,Commodity,0.0040203207801524
2007-09-27,Commodity,0.001291290606532
2007-09-28,Commodity,-0.0008115571139499
2007-10-01,Commodity,0.0103104758371832
2007-10-03,Commodity,0.0052044788593629
2007-10-04,Commodity,0.0050760167721893
2007-10-05,Commodity,-0.0020275681987553
2007-10-08,Commodity,0.0063144063859619
2007-10-09,Commodity,0.0056538913682873
2007-10-10,Commodity,0.0008025364496654
2007-10-11,Commodity,0.0124124588043897
2007-10-12,Commodity,-0.0059666093371184
2007-10-15,Commodity,0.0187282862954674
2007-10-16,Commodity,0.0054681534628706
2007-10-17,Commodity,-0.0045651969134191
2007-10-18,Commodity,-0.0181735032818936
2007-10-19,Commodity,-0.0049878662940481
2007-10-22,Commodity,-0.0003905266931485
2007-10-23,Commodity,0.0183800114658949
2007-10-24,Commodity,0.0105509584189036
2007-10-25,Commodity,-0.0012607852506664
2007-10-26,Commodity,0.0097961299790827
2007-10-29,Commodity,0.0119333948076009
2007-10-30,Commodity,0.005382415530806
2007-10-31,Commodity,0.0042792500958164
2007-11-01,Commodity,-0.0126141705609539
2007-11-02,Commodity,0.0015158338332894
2007-11-05,Commodity,-0.0096032394167702
2007-11-06,Commodity,-0.0030952203169962
2007-11-07,Commodity,0.0059365914811341
2007-11-08,Commodity,-0.0008606562442503
2007-11-12,Commodity,0.0042230079369237
2007-11-13,Commodity,0.0050384319939974
2007-11-14,Commodity,0.0009256887120947
2007-11-15,Commodity,-0.015794069564043
2007-11-16,Commodity,0.0009152507056543
2007-11-19,Commodity,-0.0010564782162646
2007-11-20,Commodity,-0.009952720862374
2007-11-21,Commodity,-0.0176098491029233
2007-11-22,Commodity,-0.0057081655771582
2007-11-23,Commodity,0.0022671275099861
2007-11-26,Commodity,0.0085849576141652
2007-11-27,Commodity,0.0001610939609958
2007-11-28,Commodity,0.0070194116510349
2007-11-29,Commodity,-0.005406587689992
2007-11-30,Commodity,0.0100350311687899
2007-12-03,Commodity,0.0040324454456275
2007-12-04,Commodity,0.0041412491063909
2007-12-05,Commodity,0.0003683817288598
2007-12-06,Commodity,0.0071250383144714
2007-12-07,Commodity,0.0026296389335378
2007-12-10,Commodity,-0.0043352912535676
2007-12-11,Commodity,0.0047129613563309
2007-12-12,Commodity,0.0007980022423345
2007-12-13,Commodity,-0.0001510081920935
2007-12-14,Commodity,-0.0072219992386284
2007-12-17,Commodity,-0.0089282800151032
2007-12-18,Commodity,0.0013705211924582
2007-12-19,Commodity,0.0007063821139301
2007-12-20,Commodity,0.0088154571536799
2007-12-24,Commodity,0.0124258620465332
2007-12-26,Commodity,0.0030172194766686
2007-12-27,Commodity,0.0018542918143234
2007-12-28,Commodity,0.0019148038100019
2007-12-31,Commodity,0.0045573899552662
2008-01-01,Commodity,-0.0105666088442666
2008-01-02,Commodity,-0.0004682786212335
2008-01-03,Commodity,-0.0087341483318612
2008-01-04,Commodity,0.0109691184975297
2008-01-07,Commodity,-1.2082660454660672e-05
2008-01-08,Commodity,-0.0006813433406088
2008-01-09,Commodity,0.0050766340073847
2008-01-10,Commodity,-0.0009347312117133
2008-01-11,Commodity,-0.0051701422692818
2008-01-14,Commodity,-9.31608265847684e-06
2008-01-15,Commodity,-0.00608211767549
2008-01-16,Commodity,-0.0148274311053532
2008-01-17,Commodity,-0.0047014537078088
2008-01-18,Commodity,-0.0079329805425996
2008-01-21,Commodity,-0.0178945753415299
2008-01-22,Commodity,-0.0205771242049885
2008-01-23,Commodity,0.0195240163088626
2008-01-24,Commodity,-0.0069448745789253
2008-01-25,Commodity,0.0143283030437624
2008-01-28,Commodity,-0.0014549610597659
2008-01-29,Commodity,-0.0042743968530821
2008-01-30,Commodity,-0.0013490824318441
2008-01-31,Commodity,-0.0031693300563855
2008-02-01,Commodity,0.0018200603909737
2008-02-04,Commodity,0.0091416488042247
2008-02-05,Commodity,0.0098968136238916
2008-02-06,Commodity,-0.0013355256839757
2008-02-07,Commodity,-0.0013752593946046
2008-02-08,Commodity,-0.0034263853963016
2008-02-11,Commodity,-0.0196721281959639
2008-02-12,Commodity,0.0083687436007892
2008-02-13,Commodity,0.016297055556136
2008-02-14,Commodity,0.0205148610663429
2008-02-15,Commodity,0.0020645578126324
2008-02-18,Commodity,-0.0077084015736356
2008-02-19,Commodity,-0.0060462858279595
2008-02-20,Commodity,-0.0146876405976283
2008-02-21,Commodity,0.0010049462646776
2008-02-22,Commodity,0.0067118439441668
2008-02-25,Commodity,0.0028700631585293
2008-02-26,Commodity,0.0046808709599019
2008-02-27,Commodity,0.0083909674878623
2008-02-28,Commodity,-0.0015905958774457
2008-02-29,Commodity,0.0100821033675516
2008-03-03,Commodity,0.0017955261463343
2008-03-04,Commodity,-0.0041703546866356
2008-03-05,Commodity,-0.0009154126111492
2008-03-07,Commodity,-0.0017042625275265
2008-03-10,Commodity,-0.0006780156079139
2008-03-11,Commodity,-0.0040103919918261
2008-03-12,Commodity,0.0081381603692636
2008-03-13,Commodity,-0.0026983560024356
2008-03-14,Commodity,0.0064189812261041
2008-03-17,Commodity,-0.0176051676626409
2008-03-18,Commodity,-0.0058491878110805
2008-03-19,Commodity,0.0026501348442365
2008-03-24,Commodity,-0.0012294713644636
2008-03-25,Commodity,0.0097655294240288
2008-03-26,Commodity,0.0043369085113441
2008-03-27,Commodity,0.004657056679065
2008-03-28,Commodity,0.013095945778136
2008-03-31,Commodity,-0.0141411492957471
2008-04-01,Commodity,-0.0016458299618087
2008-04-02,Commodity,0.0053721088318624
2008-04-03,Commodity,0.0036204502584758
2008-04-04,Commodity,0.0041717114552974
2008-04-07,Commodity,0.0076382275654222
2008-04-08,Commodity,0.0091232219247227
2008-04-09,Commodity,0.0050283311208183
2008-04-10,Commodity,0.0059810663126239
2008-04-11,Commodity,0.0001519931288221
2008-04-15,Commodity,0.004549196075515
2008-04-16,Commodity,0.0059792095048909
2008-04-17,Commodity,0.0127874551139412
2008-04-21,Commodity,0.0077458032384705
2008-04-22,Commodity,0.0001893475572943
2008-04-23,Commodity,0.0074143596899718
2008-04-24,Commodity,-0.0138656932295345
2008-04-25,Commodity,-0.0038592689660354
2008-04-28,Commodity,0.0034270672264623
2008-04-29,Commodity,0.004444075625999
2008-04-30,Commodity,0.0026936305485985
2008-05-02,Commodity,0.0029984273311682
2008-05-05,Commodity,0.0022504324412359
2008-05-06,Commodity,-0.0065199225412993
2008-05-07,Commodity,0.0032672109770368
2008-05-08,Commodity,0.0040712752254231
2008-05-09,Commodity,0.0036230303352236
2008-05-12,Commodity,0.0134875154720041
2008-05-13,Commodity,-0.0005238764661474
2008-05-14,Commodity,0.0040198430363869
2008-05-15,Commodity,-0.0048087409754955
2008-05-16,Commodity,-0.0013287178447856
2008-05-20,Commodity,-0.0030039777573559
2008-05-21,Commodity,0.0069994621101934
2008-05-22,Commodity,-0.0070692116839387
2008-05-23,Commodity,0.0018380073827753
2008-05-26,Commodity,-0.0027006341771337
2008-05-27,Commodity,-0.0014886433246296
2008-05-28,Commodity,0.0041029401480581
2008-05-29,Commodity,-0.0055240989203224
2008-05-30,Commodity,-0.0009347970052172
2008-06-02,Commodity,-0.0153879481972378
2008-06-03,Commodity,-0.0022878178603979
2008-06-04,Commodity,-0.0082057872642937
2008-06-05,Commodity,0.0010883296828357
2008-06-06,Commodity,0.0005994246476856
2008-06-09,Commodity,-0.0013302781535445
2008-06-10,Commodity,-0.0006797037396684
2008-06-11,Commodity,0.0094895074673866
2008-06-12,Commodity,0.0043497195813322
2008-06-13,Commodity,-0.002550653682891
2008-06-16,Commodity,-0.0001242408934921
2008-06-17,Commodity,0.0055979831745649
2008-06-18,Commodity,0.000607997129377
2008-06-19,Commodity,0.0051761936350828
2008-06-20,Commodity,0.0003891564774443
2008-06-23,Commodity,-0.0067819707684831
2008-06-24,Commodity,-0.0039419367249733
2008-06-25,Commodity,0.007163273838327
2008-06-26,Commodity,0.0095802602748723
2008-06-27,Commodity,-0.0024704658323337
2008-06-30,Commodity,-0.004829531766031
2008-07-01,Commodity,-0.0144419811133866
2008-07-02,Commodity,0.0042968467534329
2008-07-03,Commodity,-0.0063530952292173
2008-07-04,Commodity,0.0068512010216011
2008-07-07,Commodity,-0.0056948650852278
2008-07-08,Commodity,-0.0015896518717301
2008-07-09,Commodity,0.0124390414579091
2008-07-10,Commodity,-0.0064619918982582
2008-07-11,Commodity,0.0013905430109059
2008-07-14,Commodity,-0.0025245619878333
2008-07-15,Commodity,-0.001096554939629
2008-07-16,Commodity,-0.0053005849376059
2008-07-17,Commodity,0.0008786154140384
2008-07-18,Commodity,0.0048006942051754
2008-07-21,Commodity,0.0029158117319374
2008-07-22,Commodity,0.0017445910561255
2008-07-23,Commodity,0.0100688084125994
2008-07-24,Commodity,0.0002716071111156
2008-07-25,Commodity,-0.0063170205023671
2008-07-28,Commodity,0.0007425976212304
2008-07-29,Commodity,-0.0166226120040119
2008-07-30,Commodity,0.0084549199670405
2008-07-31,Commodity,0.0005642895045004
2008-08-01,Commodity,0.0135820687907952
2008-08-04,Commodity,-0.0062621106888854
2008-08-05,Commodity,-0.0057582389821995
2008-08-06,Commodity,0.0045613177542771
2008-08-07,Commodity,0.0025580873344416
2008-08-08,Commodity,-0.0056008152072287
2008-08-11,Commodity,-0.0049648099969966
2008-08-12,Commodity,0.006474423506599
2008-08-13,Commodity,0.0076653775806114
2008-08-14,Commodity,-0.0190677976443981
2008-08-18,Commodity,-0.0042488614547187
2008-08-19,Commodity,0.0090561050476533
2008-08-20,Commodity,-0.0004815913942835
2008-08-21,Commodity,-0.0087177390710907
2008-08-22,Commodity,0.0005390006789394
2008-08-25,Commodity,-0.0061602752792887
2008-08-26,Commodity,-0.0099294743624782
2008-08-27,Commodity,0.0044219166093652
2008-08-28,Commodity,-0.0144968700980146
2008-08-29,Commodity,0.0086129120538959
2008-09-01,Commodity,0.0049988302750665
2008-09-02,Commodity,-0.0013626070710035
2008-09-04,Commodity,-0.0078433901669025
2008-09-05,Commodity,0.0031870085657944
2008-09-08,Commodity,0.0093712034948034
2008-09-09,Commodity,-0.0041105281523275
2008-09-10,Commodity,0.0043499546319439
2008-09-11,Commodity,0.0024417621363056
2008-09-12,Commodity,-0.0010689140211778
2008-09-15,Commodity,-0.0125582807530153
2008-09-16,Commodity,-0.002182482097923
2008-09-17,Commodity,-0.0013529207417468
2008-09-18,Commodity,0.0005603490613528
2008-09-19,Commodity,0.0160909203740975
2008-09-22,Commodity,-0.0100245284833649
2008-09-23,Commodity,-0.0133191577027644
2008-09-24,Commodity,0.0029499192211293
2008-09-25,Commodity,-0.0051860436681823
2008-09-26,Commodity,-0.0096587902414755
2008-09-29,Commodity,-0.0171933576249704
2008-09-30,Commodity,0.0040133258443059
2008-10-01,Commodity,0.0013906635372495
2008-10-03,Commodity,-0.0025841796384736
2008-10-06,Commodity,-0.010697877053529
2008-10-07,Commodity,-0.000359667392269
2008-10-08,Commodity,0.0021075540455699
2008-10-10,Commodity,-0.0209772077406713
2008-10-13,Commodity,0.0162691411569186
2008-10-14,Commodity,-0.0082254877635828
2008-10-15,Commodity,-0.0150755781833706
2008-10-16,Commodity,-0.0112156417854932
2008-10-17,Commodity,-0.0070344420105613
2008-10-20,Commodity,0.0029594210862946
2008-10-21,Commodity,0.007298425374432
2008-10-22,Commodity,-0.0169353130782806
2008-10-23,Commodity,-0.0095586199343395
2008-10-24,Commodity,-0.028786609685791
2008-10-27,Commodity,-0.0021277566622775
2008-10-29,Commodity,0.0079488894450313
2008-10-31,Commodity,0.0221607127932262
2008-11-03,Commodity,0.0011147730996221
2008-11-04,Commodity,0.0018165208592503
2008-11-05,Commodity,0.0008968466796076
2008-11-06,Commodity,-0.0092423355509934
2008-11-07,Commodity,-0.0021338055201149
2008-11-10,Commodity,0.0133038676530598
2008-11-11,Commodity,-0.015967693572798
2008-11-12,Commodity,-0.0109540917067056
2008-11-14,Commodity,-0.0090503537361948
2008-11-17,Commodity,0.0160416506431077
2008-11-18,Commodity,-0.0096249438744802
2008-11-19,Commodity,-0.0149424621048047
2008-11-20,Commodity,0.002949727422629
2008-11-21,Commodity,0.0148567749357459
2008-11-24,Commodity,-0.0032998326430771
2008-11-25,Commodity,-0.0094049916483358
2008-11-26,Commodity,0.011644755390363
2008-11-28,Commodity,-0.0010743995893349
2008-12-01,Commodity,-0.0165970699706915
2008-12-02,Commodity,0.0090523410191873
2008-12-03,Commodity,-0.0025055378994486
2008-12-04,Commodity,0.0190776297259503
2008-12-05,Commodity,0.0025908322975611
2008-12-08,Commodity,-0.0006778447587727
2008-12-10,Commodity,0.0167619265425007
2008-12-11,Commodity,-0.004261893421354
2008-12-12,Commodity,-0.010918002582335
2008-12-15,Commodity,0.0017498215513836
2008-12-16,Commodity,0.0066479509881066
2008-12-17,Commodity,-0.0083231053383766
2008-12-18,Commodity,0.0055606411458582
2008-12-19,Commodity,0.0081558992508671
2008-12-22,Commodity,-0.0016435674698029
2008-12-23,Commodity,-0.0095088962638758
2008-12-24,Commodity,0.0009223932237988
2008-12-26,Commodity,-0.0027005534283025
2008-12-29,Commodity,-0.0103833027139695
2008-12-30,Commodity,0.0066918237166696
2008-12-31,Commodity,0.0011849646842056
2009-01-02,Commodity,0.006241352669865
2009-01-05,Commodity,0.0104537860692926
2009-01-06,Commodity,-0.0043885848623516
2009-01-07,Commodity,-0.0101428711890959
2009-01-09,Commodity,-0.0124478803147161
2009-01-12,Commodity,-0.0043118539643999
2009-01-13,Commodity,0.0098881287914607
2009-01-14,Commodity,0.0008138669864482
2009-01-15,Commodity,-0.0113139918529225
2009-01-16,Commodity,0.0026450633069142
2009-01-19,Commodity,0.002235093762271
2009-01-20,Commodity,-0.0096635562898197
2009-01-21,Commodity,-0.0037410984464418
2009-01-22,Commodity,0.0058464293785182
2009-01-23,Commodity,0.0008082500309796
2009-01-27,Commodity,-0.0034813669346356
2009-01-28,Commodity,0.0118108493589794
2009-01-29,Commodity,0.0040309039887243
2009-01-30,Commodity,0.0087823137632468
2009-02-02,Commodity,-0.0050869582408783
2009-02-03,Commodity,0.0027681313930749
2009-02-04,Commodity,0.0077701147684517
2009-02-05,Commodity,0.0101000114049665
2009-02-06,Commodity,-0.0009823497048322
2009-02-09,Commodity,0.0120712920004969
2009-02-10,Commodity,0.0006827383821632
2009-02-11,Commodity,-0.0011778030985491
2009-02-12,Commodity,-0.0112511219957055
2009-02-13,Commodity,0.002314221866807
2009-02-16,Commodity,-0.0125568761180841
2009-02-17,Commodity,-0.008059693191043
2009-02-18,Commodity,-0.0059812567366158
2009-02-19,Commodity,-0.0015424789587254
2009-02-20,Commodity,-0.0060296708812602
2009-02-24,Commodity,0.0005941530832449
2009-02-25,Commodity,-0.0073962427870579
2009-02-26,Commodity,-0.0067970978570601
2009-02-27,Commodity,0.0007919619389774
2009-03-02,Commodity,-0.0110289908925793
2009-03-03,Commodity,0.0027437768564964
2009-03-04,Commodity,0.0032904872824549
2009-03-05,Commodity,-0.0013386196939869
2009-03-06,Commodity,0.0120366809528545
2009-03-09,Commodity,-0.005245845868244
2009-03-12,Commodity,0.0001963341840269
2009-03-13,Commodity,0.0132087824949823
2009-03-16,Commodity,0.0075229635201966
2009-03-17,Commodity,-0.0023498562906948
2009-03-18,Commodity,0.0112505194138854
2009-03-19,Commodity,-0.0001824971404367
2009-03-20,Commodity,0.0003895275978015
2009-03-23,Commodity,0.0097927783591638
2009-03-24,Commodity,-0.0054891954801248
2009-03-25,Commodity,0.0037723382968923
2009-03-26,Commodity,0.0151414469618354
2009-03-27,Commodity,0.0045828378649231
2009-03-30,Commodity,-0.0080095471980006
2009-03-31,Commodity,0.0021036672685708
2009-04-01,Commodity,0.0047936628944624
2009-04-02,Commodity,0.0145471430005014
2009-04-06,Commodity,0.0066925141977443
2009-04-08,Commodity,0.0035118785024843
2009-04-09,Commodity,0.0020948507482324
2009-04-13,Commodity,0.00550629563249
2009-04-15,Commodity,0.0001610754337773
2009-04-16,Commodity,-0.0053718434829318
2009-04-17,Commodity,-0.0118834249000221
2009-04-20,Commodity,0.0026638226998835
2009-04-21,Commodity,0.0034632310206987
2009-04-22,Commodity,0.002605224486441
2009-04-23,Commodity,0.0034388172249306
2009-04-24,Commodity,0.0053869357194798
2009-04-27,Commodity,0.0081260401026228
2009-04-28,Commodity,0.0024780125673412
2009-04-29,Commodity,0.0066631692427606
2009-05-04,Commodity,0.0114016427578985
2009-05-05,Commodity,0.0072978643694328
2009-05-06,Commodity,-0.0108174205461099
2009-05-07,Commodity,0.0015083891859807
2009-05-08,Commodity,0.0047822789536804
2009-05-11,Commodity,0.0023999836292045
2009-05-12,Commodity,0.0095331203086519
2009-05-13,Commodity,-0.0113261028745627
2009-05-14,Commodity,-0.0023991683690536
2009-05-15,Commodity,0.0010128682917437
2009-05-18,Commodity,0.0376743663995236
2009-05-19,Commodity,-0.0048735006071286
2009-05-20,Commodity,-0.0081843251304576
2009-05-21,Commodity,-0.0149711931676613
2009-05-22,Commodity,0.0088417164375969
2009-05-25,Commodity,-0.0022434594641992
2009-05-26,Commodity,-0.0045608746314831
2009-05-27,Commodity,0.0079281896758155
2009-05-28,Commodity,-0.003349150749584
2009-05-29,Commodity,-0.0021965607288501
2009-06-01,Commodity,-0.0021928431839723
2009-06-02,Commodity,-0.0043443088710828
2009-06-03,Commodity,0.0026405167843313
2009-06-04,Commodity,-0.0027225080151204
2009-06-05,Commodity,0.0113022147726664
2009-06-08,Commodity,-0.0004826759138599
2009-06-09,Commodity,0.0105153052985034
2009-06-10,Commodity,0.0040656961621188
2009-06-11,Commodity,0.0085317053718439
2009-06-12,Commodity,-0.0034497243092677
2009-06-15,Commodity,-0.0043249557721626
2009-06-16,Commodity,0.0027274210425768
2009-06-17,Commodity,-0.0027451956861817
2009-06-18,Commodity,-0.0007878442430963
2009-06-19,Commodity,0.0002753525181295
2009-06-22,Commodity,-0.0066306633496821
2009-06-23,Commodity,0.004594284633887
2009-06-24,Commodity,0.0066553090871712
2009-06-25,Commodity,-0.0045407585306442
2009-06-26,Commodity,-0.0030216373579507
2009-06-29,Commodity,-0.000337682643356
2009-06-30,Commodity,-0.0006068402065255
2009-07-01,Commodity,0.0133535750946993
2009-07-02,Commodity,-0.0066214552774946
2009-07-03,Commodity,0.001108151298133
2009-07-06,Commodity,-0.0138242692388476
2009-07-07,Commodity,0.0100848238901681
2009-07-08,Commodity,-0.0058756939018762
2009-07-09,Commodity,-0.005143439663316
2009-07-10,Commodity,-0.000223912290267
2009-07-13,Commodity,-0.0037188700694537
2009-07-14,Commodity,-0.0002339872665216
2009-07-15,Commodity,0.0007829476718579
2009-07-16,Commodity,0.010505038420465
2009-07-17,Commodity,0.009290257753763
2009-07-20,Commodity,0.0066660462241841
2009-07-21,Commodity,-0.0027719551115794
2009-07-22,Commodity,-0.0011886877478298
2009-07-23,Commodity,0.007557839346839
2009-07-24,Commodity,0.003933661974494
2009-07-27,Commodity,0.0010532364218831
2009-07-28,Commodity,0.0050541212031372
2009-07-29,Commodity,-0.0018786827723372
2009-07-30,Commodity,-0.0030997723591671
2009-07-31,Commodity,-0.0006308007969178
2009-08-03,Commodity,-0.0084410479038467
2009-08-04,Commodity,0.0110491947969364
2009-08-05,Commodity,0.0059597943968715
2009-08-06,Commodity,-0.0094095849960231
2009-08-07,Commodity,-0.006031472439802
2009-08-10,Commodity,-0.0055737737268995
2009-08-11,Commodity,0.0109741140031659
2009-08-12,Commodity,-0.0089387670438521
2009-08-13,Commodity,0.0075049158032772
2009-08-14,Commodity,-0.0015347803154325
2009-08-17,Commodity,-0.0032297024015217
2009-08-18,Commodity,0.0028121169065004
2009-08-19,Commodity,-0.0132557910206676
2009-08-20,Commodity,0.0013946469138689
2009-08-21,Commodity,-0.0022490976126175
2009-08-24,Commodity,0.0057119237073755
2009-08-25,Commodity,0.0095180067209305
2009-08-26,Commodity,-0.00931367597635
2009-08-27,Commodity,-0.0042872867204457
2009-08-28,Commodity,-0.0012327098960534
2009-08-31,Commodity,-0.0050587131544239
2009-09-01,Commodity,0.0030642112579544
2009-09-02,Commodity,-0.0015763459973451
2009-09-03,Commodity,0.0020524913288747
2009-09-04,Commodity,0.0002267552719789
2009-09-07,Commodity,0.0059595136880386
2009-09-08,Commodity,0.0058013693271588
2009-09-09,Commodity,-0.0038192070065542
2009-09-10,Commodity,0.0051020928365625
2009-09-11,Commodity,0.0009354468273058
2009-09-14,Commodity,0.0056051978861033
2009-09-15,Commodity,0.0024644248371219
2009-09-16,Commodity,0.0051979523186188
2009-09-17,Commodity,0.0002447581602905
2009-09-18,Commodity,4.564032100104048e-05
2009-09-22,Commodity,0.0035280981935108
2009-09-23,Commodity,0.001418932618823
2009-09-24,Commodity,-0.0066293904485093
2009-09-25,Commodity,0.0076948395064926
2009-09-29,Commodity,-0.009026121682649
2009-09-30,Commodity,-0.0008290881171569
2009-10-01,Commodity,-0.0003872626684788
2009-10-05,Commodity,-0.0004812211737973
2009-10-06,Commodity,0.010624404293669
2009-10-07,Commodity,-0.0126066651545482
2009-10-08,Commodity,-0.0021842783941661
2009-10-09,Commodity,-0.0148419666797067
2009-10-12,Commodity,0.0048000610669726
2009-10-14,Commodity,0.0043606528375635
2009-10-15,Commodity,0.0093794078280638
2009-10-16,Commodity,0.0022274210828928
2009-10-20,Commodity,0.0053867917903429
2009-10-21,Commodity,0.0017145351361712
2009-10-22,Commodity,-0.0053738084234227
2009-10-23,Commodity,-0.0079150038318391
2009-10-26,Commodity,0.0008034001530718
2009-10-27,Commodity,-0.0137496834368851
2009-10-28,Commodity,0.0071232307109012
2009-10-29,Commodity,-0.0039053087698622
2009-10-30,Commodity,0.005735480758877
2009-11-03,Commodity,-0.0089550428644049
2009-11-04,Commodity,0.0082505772961156
2009-11-05,Commodity,0.003780539194359
2009-11-06,Commodity,0.001213956374931
2009-11-09,Commodity,0.0018678796253928
2009-11-10,Commodity,0.001872892759354
2009-11-11,Commodity,-0.0003484786443859
2009-11-12,Commodity,-0.0091070038028659
2009-11-13,Commodity,0.0095266793445428
2009-11-16,Commodity,0.006927488756963
2009-11-17,Commodity,0.0007614292860451
2009-11-18,Commodity,0.0098925756765654
2009-11-19,Commodity,-0.004006161544654
2009-11-20,Commodity,0.0106798230606634
2009-11-23,Commodity,0.0032762099955921
2009-11-24,Commodity,-0.0064579538248505
2009-11-25,Commodity,0.0119797223591987
2009-11-26,Commodity,0.002127151266809
2009-11-27,Commodity,-0.0030752889025187
2009-11-30,Commodity,0.0082439177403372
2009-12-01,Commodity,0.0013265624040159
2009-12-02,Commodity,0.0052237032693185
2009-12-03,Commodity,-0.0138165950314832
2009-12-04,Commodity,-0.0068074138092479
2009-12-07,Commodity,0.0044235508774779
2009-12-08,Commodity,0.0019092823890555
2009-12-09,Commodity,4.857377249663686e-05
2009-12-10,Commodity,-0.0069945675586178
2009-12-11,Commodity,0.0106113974700601
2009-12-14,Commodity,0.0068898290331295
2009-12-15,Commodity,-0.0038499654672077
2009-12-16,Commodity,-0.0018705391014325
2009-12-17,Commodity,0.0063657339937434
2009-12-18,Commodity,0.0099507336570308
2009-12-21,Commodity,0.0045150953167005
2009-12-22,Commodity,0.0145735450495021
2009-12-23,Commodity,0.0010339134017474
2009-12-24,Commodity,-0.0034023294561139
2009-12-29,Commodity,-0.0065647955902584
2009-12-30,Commodity,0.002137372779882
2009-12-31,Commodity,0.0024761733374803
2010-01-04,Commodity,0.0004861433776931
2010-01-05,Commodity,0.0068024156243006
2010-01-06,Commodity,0.0077417539847205
2010-01-07,Commodity,-0.0096620553267398
2010-01-08,Commodity,-0.0040791435358308
2010-01-11,Commodity,0.0052981780180964
2010-01-12,Commodity,-0.0040923162318339
2010-01-13,Commodity,-0.0036852638875154
2010-01-14,Commodity,0.007302816234256
2010-01-15,Commodity,-0.0078297705156538
2010-01-18,Commodity,-0.0007469868814188
2010-01-19,Commodity,0.0003064008942004
2010-01-20,Commodity,-0.0033940856390609
2010-01-21,Commodity,1.35407423736255e-05
2010-01-22,Commodity,-0.0054962689655604
2010-01-25,Commodity,0.0075357480307211
2010-01-27,Commodity,-0.0067367021786791
2010-01-28,Commodity,0.004810749214826
2010-01-29,Commodity,0.0052842819761535
2010-02-01,Commodity,-0.0028421670724705
2010-02-02,Commodity,-0.0149619134296107
2010-02-03,Commodity,0.0065776977313449
2010-02-04,Commodity,-0.0028740813181328
2010-02-05,Commodity,-0.0016948081553477
2010-02-08,Commodity,0.0006104091270711
2010-02-09,Commodity,-0.0010276380077112
2010-02-10,Commodity,0.0107715016756433
2010-02-11,Commodity,-0.0057059355401657
2010-02-15,Commodity,0.0035719781702267
2010-02-16,Commodity,-0.00100686301556
2010-02-17,Commodity,0.0005845457162007
2010-02-18,Commodity,-0.0027709930638198
2010-02-19,Commodity,-0.0063739726403219
2010-02-22,Commodity,0.0041020712715228
2010-02-23,Commodity,0.0091060023638651
2010-02-24,Commodity,0.0025498729351111
2010-02-25,Commodity,0.000867626695942
2010-02-26,Commodity,-0.0031444445404569
2010-03-02,Commodity,0.0071487544135526
2010-03-03,Commodity,0.0159724648486277
2010-03-04,Commodity,-0.002392734693325
2010-03-05,Commodity,-0.0017232329927688
2010-03-08,Commodity,-0.0017791547739915
2010-03-09,Commodity,-0.0036147055474817
2010-03-10,Commodity,-0.0156935360263369
2010-03-11,Commodity,0.0033006213977143
2010-03-12,Commodity,-0.0047330513319915
2010-03-15,Commodity,-0.0097769416738662
2010-03-16,Commodity,0.0074175817280741
2010-03-17,Commodity,-0.0049916390758272
2010-03-18,Commodity,-0.001296835888649
2010-03-19,Commodity,0.0096429633373277
2010-03-22,Commodity,-0.0104442288731448
2010-03-23,Commodity,-0.0082232998271358
2010-03-25,Commodity,0.0031593044586084
2010-03-26,Commodity,0.0079181582368811
2010-03-29,Commodity,-0.0084565729244815
2010-03-30,Commodity,0.0011224331832828
2010-03-31,Commodity,0.0031786253061358
2010-04-01,Commodity,-0.0105775533815301
2010-04-05,Commodity,0.0079359055737527
2010-04-06,Commodity,0.0053702268002733
2010-04-07,Commodity,-0.0013483167811779
2010-04-08,Commodity,0.0051018259040862
2010-04-09,Commodity,0.0091791761903501
2010-04-12,Commodity,-3.7778166111096263e-06
2010-04-13,Commodity,-0.0031360483888184
2010-04-15,Commodity,-0.0074912059204089
2010-04-16,Commodity,-0.000442553378569
2010-04-19,Commodity,0.0013782086613641
2010-04-20,Commodity,-0.0007284595189813
2010-04-21,Commodity,-0.0124190587490667
2010-04-22,Commodity,0.0087446251001042
2010-04-23,Commodity,0.0026602875640006
2010-04-26,Commodity,-0.0013858257373092
2010-04-27,Commodity,0.0048131154936194
2010-04-28,Commodity,0.0058476893262306
2010-04-29,Commodity,-0.0151274285160658
2010-04-30,Commodity,0.0037134394254705
2010-05-03,Commodity,-0.0104534913239753
2010-05-04,Commodity,0.0003513333773021
2010-05-05,Commodity,5.078754536332443e-05
2010-05-06,Commodity,0.0026855603396876
2010-05-07,Commodity,-0.0056555303385386
2010-05-10,Commodity,-0.0040426869597515
2010-05-11,Commodity,-0.0047145548896939
2010-05-12,Commodity,0.0034393491166135
2010-05-13,Commodity,0.0071553173463881
2010-05-14,Commodity,-0.0101289817379989
2010-05-17,Commodity,0.0050430301706913
2010-05-18,Commodity,-0.0034382053740637
2010-05-19,Commodity,-0.003410713339975
2010-05-20,Commodity,-0.0017230960612703
2010-05-21,Commodity,0.0006280470103584
2010-05-24,Commodity,0.0060704263773595
2010-05-25,Commodity,-0.0127123100886812
2010-05-26,Commodity,0.0007245029289276
2010-05-27,Commodity,0.0047953653485308
2010-05-28,Commodity,0.0171459176201872
2010-05-31,Commodity,-0.0041995150279387
2010-06-01,Commodity,0.0078756139314311
2010-06-02,Commodity,0.0142244433427412
2010-06-03,Commodity,0.0032277908377646
2010-06-04,Commodity,-0.0006105373076738
2010-06-07,Commodity,-0.0079052682244095
2010-06-08,Commodity,-0.0020725406624787
2010-06-09,Commodity,-0.0077109625911153
2010-06-10,Commodity,0.0028743898277274
2010-06-11,Commodity,0.0107860545811754
2010-06-14,Commodity,-0.0004055711477454
2010-06-15,Commodity,-0.0002958531668941
2010-06-16,Commodity,-0.0095855765653157
2010-06-17,Commodity,0.0040303547094389
2010-06-18,Commodity,0.0013224219343778
2010-06-21,Commodity,0.004029168338968
2010-06-22,Commodity,-0.0024739472392517
2010-06-23,Commodity,-0.0013082625195954
2010-06-24,Commodity,0.0031156008054041
2010-06-25,Commodity,-0.0019106619680092
2010-06-28,Commodity,0.0045362000321154
2010-06-29,Commodity,-0.0014106411155689
2010-06-30,Commodity,0.0090847224206026
2010-07-01,Commodity,0.001961725613662
2010-07-02,Commodity,0.0008125618136171
2010-07-05,Commodity,0.0092646978370371
2010-07-06,Commodity,0.0047518219627449
2010-07-07,Commodity,0.0062166070834076
2010-07-08,Commodity,0.005969071611138
2010-07-09,Commodity,-0.0087521498840249
2010-07-12,Commodity,0.0091705345567201
2010-07-13,Commodity,0.0016668219787545
2010-07-14,Commodity,-0.0006487010365845
2010-07-15,Commodity,0.0016133148752638
2010-07-16,Commodity,-0.00130657469217
2010-07-19,Commodity,0.0012859460477736
2010-07-20,Commodity,-0.0040363159323899
2010-07-21,Commodity,0.0090136699777508
2010-07-22,Commodity,0.0010964426254034
2010-07-23,Commodity,-0.0018327332004138
2010-07-26,Commodity,-0.0064690057927536
2010-07-27,Commodity,0.0022555735620328
2010-07-28,Commodity,0.0001054550938665
2010-07-29,Commodity,0.0029511124963588
2010-07-30,Commodity,-0.0074906168523341
2010-08-02,Commodity,-0.0070205530427017
2010-08-03,Commodity,0.0042444318920981
2010-08-04,Commodity,0.0101483892299183
2010-08-05,Commodity,-0.0067171037704011
2010-08-06,Commodity,0.0094484173580494
2010-08-09,Commodity,0.0036279652205986
2010-08-10,Commodity,-0.0007701576551247
2010-08-11,Commodity,-0.0036539718804848
2010-08-12,Commodity,-0.0082602240914968
2010-08-13,Commodity,0.007442727788889
2010-08-16,Commodity,-0.0056935381104216
2010-08-17,Commodity,-0.0046320210334537
2010-08-18,Commodity,0.008552673497877
2010-08-19,Commodity,-0.0088694421031757
2010-08-20,Commodity,-0.0092863503249695
2010-08-23,Commodity,0.0005558812532851
2010-08-24,Commodity,0.0005743037655597
2010-08-25,Commodity,0.0015553026130084
2010-08-26,Commodity,-0.0010414461029626
2010-08-27,Commodity,0.0128557130276447
2010-08-30,Commodity,-0.00091775749151
2010-08-31,Commodity,-0.0016666821231927
2010-09-01,Commodity,-0.0020108332156111
2010-09-02,Commodity,0.0014661088974191
2010-09-03,Commodity,0.0036436931828567
2010-09-06,Commodity,0.0109820879099044
2010-09-07,Commodity,-0.0077656483424422
2010-09-08,Commodity,-0.0011385666890831
2010-09-09,Commodity,0.0040286013993526
2010-09-13,Commodity,0.0079758606716614
2010-09-14,Commodity,0.0014736601651432
2010-09-15,Commodity,0.0057114613773558
2010-09-16,Commodity,-0.0057542875053564
2010-09-17,Commodity,0.011477537012224
2010-09-20,Commodity,0.0094013355922944
2010-09-21,Commodity,-0.0069131300515391
2010-09-22,Commodity,-0.0068513723271649
2010-09-23,Commodity,-0.0071314452164651
2010-09-24,Commodity,0.0062394452643943
2010-09-27,Commodity,-0.0069317885542293
2010-09-28,Commodity,-0.0019899319253483
2010-09-29,Commodity,0.0016611164916941
2010-09-30,Commodity,0.0010932216038434
2010-10-01,Commodity,0.0055161988612748
2010-10-04,Commodity,-0.0056722947580529
2010-10-05,Commodity,0.0033258921791554
2010-10-06,Commodity,-0.0021564039684502
2010-10-07,Commodity,-0.0038862753300176
2010-10-08,Commodity,0.0010757765114906
2010-10-11,Commodity,0.0018801607105166
2010-10-12,Commodity,-0.0011212859051894
2010-10-13,Commodity,0.000391768539736
2010-10-14,Commodity,-0.0034115637981877
2010-10-15,Commodity,-0.0035004712167358
2010-10-18,Commodity,-0.0076117496963481
2010-10-19,Commodity,-0.0041766062709955
2010-10-20,Commodity,0.0010262465631679
2010-10-21,Commodity,-0.0034727137574202
2010-10-22,Commodity,0.0059774741654861
2010-10-25,Commodity,0.0091282523957985
2010-10-26,Commodity,-0.0080504837056478
2010-10-27,Commodity,0.0060652147514001
2010-10-28,Commodity,-0.0014913967258223
2010-10-29,Commodity,0.0037131415333892
2010-11-01,Commodity,0.0005386242266142
2010-11-02,Commodity,0.0057856799484379
2010-11-03,Commodity,0.0039929949024366
2010-11-04,Commodity,-0.0007469338342857
2010-11-08,Commodity,-0.0070650064422247
2010-11-09,Commodity,-0.0076579821655386
2010-11-10,Commodity,0.0005072299628568
2010-11-11,Commodity,0.001039095953904
2010-11-12,Commodity,0.0001472810111679
2010-11-15,Commodity,0.0011374716501679
2010-11-16,Commodity,-0.0110839775651294
2010-11-18,Commodity,-0.0035551599259316
2010-11-19,Commodity,0.0034967015712988
2010-11-22,Commodity,0.0013565444972121
2010-11-23,Commodity,-0.0014436539496881
2010-11-24,Commodity,-0.008579190403029
2010-11-25,Commodity,-3.085334468601753e-05
2010-11-26,Commodity,-0.0041944475463751
2010-11-29,Commodity,0.0091941316547371
2010-11-30,Commodity,0.005963136813999
2010-12-01,Commodity,0.0005757465389749
2010-12-02,Commodity,0.0011444662981261
2010-12-03,Commodity,-0.0037354843062201
2010-12-06,Commodity,-0.0083349480213945
2010-12-07,Commodity,-0.0054686712759357
2010-12-08,Commodity,-0.0010485443493659
2010-12-09,Commodity,-0.0024963821258721
2010-12-10,Commodity,0.0042422489287525
2010-12-13,Commodity,0.0001070952133897
2010-12-14,Commodity,0.0070323994791047
2010-12-15,Commodity,-0.0011616631305226
2010-12-16,Commodity,0.0063355896041393
2010-12-20,Commodity,-0.010499812224188
2010-12-21,Commodity,-0.0215318237806988
2010-12-22,Commodity,0.0013611201657467
2010-12-23,Commodity,-0.0084956396550857
2010-12-24,Commodity,-1.785076289206422e-05
2010-12-27,Commodity,-0.002061713917606
2010-12-28,Commodity,0.0096543781857055
2010-12-29,Commodity,0.0047464135290108
2010-12-30,Commodity,0.0025647120025427
2010-12-31,Commodity,0.0062921109541615
2011-01-03,Commodity,0.0031641063183689
2011-01-04,Commodity,-0.0029114640568516
2011-01-05,Commodity,0.0044633332174782
2011-01-06,Commodity,-0.0074963574633075
2011-01-07,Commodity,-0.002610647981937
2011-01-10,Commodity,-0.0138867600125093
2011-01-11,Commodity,0.0011199939587827
2011-01-12,Commodity,0.0051517509748899
2011-01-13,Commodity,0.0064604916729504
2011-01-14,Commodity,-0.0125748152589475
2011-01-17,Commodity,-0.0033982421974272
2011-01-18,Commodity,0.0075871243905602
2011-01-19,Commodity,0.0010588737386439
2011-01-20,Commodity,0.0020040272198082
2011-01-21,Commodity,-0.0060655661400872
2011-01-24,Commodity,-0.0017035513595044
2011-01-25,Commodity,0.0057253508190692
2011-01-27,Commodity,-0.00303130782923
2011-01-28,Commodity,-0.0008363847475025
2011-01-31,Commodity,-0.0007179017444984
2011-02-01,Commodity,-0.0101205007267439
2011-02-02,Commodity,0.0063492630642364
2011-02-03,Commodity,0.0067079804633069
2011-02-04,Commodity,0.0092932411173862
2011-02-07,Commodity,-0.005884221725524
2011-02-08,Commodity,0.0020423984125809
2011-02-09,Commodity,-0.009890419443476
2011-02-10,Commodity,8.765085651791659e-05
2011-02-11,Commodity,0.0092815202439145
2011-02-14,Commodity,-0.0067337523161645
2011-02-15,Commodity,-0.0001131725580596
2011-02-16,Commodity,-0.0031537084931993
2011-02-17,Commodity,-0.0016493380509319
2011-02-18,Commodity,-0.0006438953011407
2011-02-21,Commodity,0.0091095125370938
2011-02-22,Commodity,-0.0023899778569015
2011-02-23,Commodity,0.0002682108743325
2011-02-24,Commodity,-0.0055382290363353
2011-02-25,Commodity,0.0017632411973329
2011-02-28,Commodity,-0.0052160438944058
2011-03-01,Commodity,0.0139401460592193
2011-03-03,Commodity,0.002474599806752
2011-03-04,Commodity,0.0026614028303209
2011-03-07,Commodity,-0.0073689191203507
2011-03-08,Commodity,-0.0004448219120463
2011-03-09,Commodity,-0.0004872864327014
2011-03-10,Commodity,-0.0103282013393678
2011-03-11,Commodity,-0.011710009529421
2011-03-14,Commodity,-0.0002440581757515
2011-03-15,Commodity,0.0003757068039783
2011-03-16,Commodity,-0.001461798618586
2011-03-17,Commodity,-0.0082535405163708
2011-03-18,Commodity,-0.0073668139768634
2011-03-21,Commodity,-0.0028651656164235
2011-03-22,Commodity,-9.268273330255752e-05
2011-03-23,Commodity,0.0156460929123218
2011-03-24,Commodity,0.008065971199189
2011-03-25,Commodity,0.0111237460784362
2011-03-28,Commodity,0.008378745748447
2011-03-29,Commodity,-0.0040662524776421
2011-03-30,Commodity,-0.0053456007377964
2011-03-31,Commodity,-0.0048481710832481
2011-04-01,Commodity,0.0079430489598727
2011-04-04,Commodity,-0.0002544625693625
2011-04-05,Commodity,-0.0072539905974131
2011-04-06,Commodity,-0.0030052547130916
2011-04-07,Commodity,-0.0014369984786146
2011-04-08,Commodity,0.0003255179940255
2011-04-11,Commodity,-0.0002217093049471
2011-04-13,Commodity,-0.0004204375688789
2011-04-15,Commodity,0.001372207988424
2011-04-18,Commodity,-0.0069126576694187
2011-04-19,Commodity,-0.0003309657947439
2011-04-20,Commodity,0.00818424769241
2011-04-21,Commodity,-0.0025213224656776
2011-04-25,Commodity,-0.0035627768499462
2011-04-26,Commodity,0.0035423277242801
2011-04-27,Commodity,-0.0061221880506367
2011-04-28,Commodity,-0.0037697236304148
2011-04-29,Commodity,0.0022916735403434
2011-05-02,Commodity,0.0108478803182393
2011-05-03,Commodity,-0.0009401620071954
2011-05-04,Commodity,0.0020259972354577
2011-05-05,Commodity,0.0005927664455613
2011-05-06,Commodity,-0.0028837345904404
2011-05-09,Commodity,0.000880967596012
2011-05-10,Commodity,-0.0003334870596851
2011-05-11,Commodity,0.0029885121486204
2011-05-12,Commodity,-0.0019365023131837
2011-05-13,Commodity,0.0046144903167874
2011-05-16,Commodity,-0.0033190128271796
2011-05-17,Commodity,-0.0016323728528341
2011-05-18,Commodity,-0.0078417375551519
2011-05-19,Commodity,-0.0014427215389217
2011-05-20,Commodity,0.0106912402659406
2011-05-23,Commodity,-0.0015252806389943
2011-05-24,Commodity,0.0003826596560781
2011-05-25,Commodity,0.0098751204646706
2011-05-26,Commodity,-0.0055944548999991
2011-05-27,Commodity,-0.0041010098909285
2011-05-30,Commodity,0.0103667014419824
2011-06-01,Commodity,0.0048206487802125
2011-06-02,Commodity,-0.0027451227650831
2011-06-03,Commodity,-0.0082059639063809
2011-06-06,Commodity,0.0034408449183501
2011-06-07,Commodity,0.0043380491913016
2011-06-08,Commodity,-0.007421646301524
2011-06-09,Commodity,-0.0008515485843199
2011-06-10,Commodity,-0.0030900260559273
2011-06-13,Commodity,0.0016264895835762
2011-06-14,Commodity,-0.0058698388012836
2011-06-15,Commodity,0.0057845871904913
2011-06-16,Commodity,0.0038317026712285
2011-06-17,Commodity,-0.003103807979024
2011-06-20,Commodity,-0.005142191532444
2011-06-21,Commodity,6.42566396300069e-05
2011-06-22,Commodity,-0.0043769863963332
2011-06-23,Commodity,-0.0008805148662475
2011-06-24,Commodity,0.0042644680195162
2011-06-27,Commodity,0.0119005174266645
2011-06-28,Commodity,0.0065564263375453
2011-06-29,Commodity,0.0077970142291771
2011-06-30,Commodity,0.0040961941406286
2011-07-01,Commodity,-0.0072193251367955
2011-07-04,Commodity,0.0007791669593567
2011-07-05,Commodity,0.0053716644150999
2011-07-06,Commodity,-0.007585730679506
2011-07-07,Commodity,0.0076990247370323
2011-07-08,Commodity,0.011751264123158
2011-07-11,Commodity,0.0049968825649913
2011-07-12,Commodity,0.0054808773739249
2011-07-13,Commodity,0.0036562027664599
2011-07-15,Commodity,0.0058518263557187
2011-07-18,Commodity,-0.0046106147519966
2011-07-19,Commodity,0.0066457265778542
2011-07-20,Commodity,0.0024696230970001
2011-07-21,Commodity,0.0010251692411123
2011-07-22,Commodity,0.0114290204107904
2011-07-25,Commodity,-0.0013873409365547
2011-07-26,Commodity,-0.0046351669799768
2011-07-27,Commodity,-0.0002335433469742
2011-07-28,Commodity,-0.0081068144083041
2011-07-29,Commodity,0.0013520340116694
2011-08-01,Commodity,-0.0088439799717945
2011-08-02,Commodity,0.004297489890261
2011-08-03,Commodity,-0.0014169787934237
2011-08-04,Commodity,-0.0056266600669243
2011-08-05,Commodity,-0.0093281595665437
2011-08-08,Commodity,-0.0047670807980077
2011-08-09,Commodity,0.0025458363795607
2011-08-10,Commodity,0.0069617939026567
2011-08-11,Commodity,-0.0049129097341454
2011-08-12,Commodity,-0.0074198657670781
2011-08-16,Commodity,0.0026767458607731
2011-08-17,Commodity,-0.0033079875304549
2011-08-18,Commodity,-0.0038882015675544
2011-08-19,Commodity,-0.0030419791661041
2011-08-22,Commodity,0.004266088944639
2011-08-23,Commodity,0.0073950255227795
2011-08-24,Commodity,-0.0098025589335753
2011-08-25,Commodity,-0.013283761599961
2011-08-26,Commodity,-0.0069983976768052
2011-08-29,Commodity,0.0182462191868802
2011-08-30,Commodity,0.0156422526958135
2011-09-02,Commodity,0.0127467508757828
2011-09-05,Commodity,-0.00186264236083
2011-09-06,Commodity,-0.0086151648783604
2011-09-07,Commodity,-0.0114748805438508
2011-09-08,Commodity,-0.0023680513493123
2011-09-09,Commodity,-0.0046288552942129
2011-09-12,Commodity,0.0035506839393561
2011-09-13,Commodity,0.0051703320050125
2011-09-14,Commodity,0.0044626426211972
2011-09-15,Commodity,-0.00261937732738
2011-09-16,Commodity,-0.0052277857144828
2011-09-19,Commodity,-0.0003325601179214
2011-09-20,Commodity,0.008684812686434
2011-09-21,Commodity,0.0022808624908536
2011-09-22,Commodity,-0.0141739578996065
2011-09-23,Commodity,0.0018333365150889
2011-09-26,Commodity,0.0014263056092439
2011-09-27,Commodity,-0.000605017571033
2011-09-28,Commodity,-0.0055257939699031
2011-09-29,Commodity,0.0071434182478228
2011-09-30,Commodity,-0.004086156457159
2011-10-03,Commodity,0.0059418326794895
2011-10-04,Commodity,1.675203926197657e-05
2011-10-05,Commodity,-0.0035936112160952
2011-10-07,Commodity,0.005895085957413
2011-10-10,Commodity,0.0043261825226142
2011-10-11,Commodity,-0.00438120218538
2011-10-12,Commodity,-0.0002477445646413
2011-10-13,Commodity,0.0035631495326734
2011-10-14,Commodity,0.0074162366484098
2011-10-17,Commodity,0.0032751835965717
2011-10-18,Commodity,0.006136533193501
2011-10-19,Commodity,0.0009850887166847
2011-10-20,Commodity,0.0084067990747796
2011-10-21,Commodity,-0.0068532302340096
2011-10-24,Commodity,-0.0039592666600719
2011-10-25,Commodity,-0.0067017071323202
2011-10-28,Commodity,0.0040396011224865
2011-10-31,Commodity,-0.0040945595293559
2011-11-01,Commodity,0.000777998138587
2011-11-02,Commodity,0.0016823644681377
2011-11-03,Commodity,-0.006680199308492
2011-11-04,Commodity,-0.0014555951341109
2011-11-08,Commodity,-0.0018338551228774
2011-11-09,Commodity,-0.0130384524619006
2011-11-11,Commodity,-0.0076852669963385
2011-11-14,Commodity,-0.0052180949592531
2011-11-15,Commodity,0.0056997816769348
2011-11-16,Commodity,-0.000152718400813
2011-11-17,Commodity,0.0003681763123385
2011-11-18,Commodity,-0.0099651326166153
2011-11-21,Commodity,0.0021694080564943
2011-11-22,Commodity,0.0094296977237192
2011-11-23,Commodity,-0.0161912417955424
2011-11-25,Commodity,-0.0038789354028022
2011-11-28,Commodity,0.009172406873502
2011-11-29,Commodity,0.0021616986064869
2011-11-30,Commodity,-0.0027492557657649
2011-12-01,Commodity,0.0027047189822683
2011-12-02,Commodity,0.0012056769684995
2011-12-05,Commodity,0.0004268776484198
2011-12-07,Commodity,0.0083137914795726
2011-12-08,Commodity,-0.0091254270043168
2011-12-09,Commodity,0.0030918503155555
2011-12-12,Commodity,-0.0086858979511144
2011-12-13,Commodity,-0.0033746186138497
2011-12-14,Commodity,0.0035555081801482
2011-12-15,Commodity,0.0050220228303193
2011-12-16,Commodity,0.0013159180654644
2011-12-19,Commodity,-0.0093501288121829
2011-12-20,Commodity,-0.0055828468749218
2011-12-21,Commodity,0.0116935277242527
2011-12-22,Commodity,0.0021837021544452
2011-12-23,Commodity,-0.0070808020383371
2011-12-27,Commodity,0.0044984863364921
2011-12-28,Commodity,-0.005970758944434
2011-12-29,Commodity,0.0084362379951476
2011-12-30,Commodity,0.0085241923714963
2012-01-03,Commodity,0.0099228050868747
2012-01-04,Commodity,0.0077092126213249
2012-01-05,Commodity,0.0006013929471994
2012-01-06,Commodity,0.0049673595286396
2012-01-09,Commodity,0.0085909303102687
2012-01-10,Commodity,0.006174552535906
2012-01-11,Commodity,-0.0008609601857644
2012-01-12,Commodity,-0.0112497230931065
2012-01-13,Commodity,0.0011397499452829
2012-01-16,Commodity,0.0054652371075279
2012-01-17,Commodity,0.0097064563119399
2012-01-18,Commodity,0.0027631621716471
2012-01-19,Commodity,-0.000521457747328
2012-01-20,Commodity,-0.0104573507471709
2012-01-23,Commodity,-0.0028643895703518
2012-01-24,Commodity,0.0015882026649321
2012-01-25,Commodity,-0.0004703339446643
2012-01-27,Commodity,0.0057103956756244
2012-01-30,Commodity,0.0076027365370859
2012-01-31,Commodity,0.0053423388778447
2012-02-01,Commodity,0.0003017420846986
2012-02-02,Commodity,-4.8926547926769195e-05
2012-02-03,Commodity,0.003069696003458
2012-02-06,Commodity,-0.003425383579165
2012-02-07,Commodity,-6.731033945308056e-05
2012-02-08,Commodity,0.0041419526607297
2012-02-09,Commodity,0.0031048734995073
2012-02-10,Commodity,0.0018089614733028
2012-02-13,Commodity,0.0031220968312134
2012-02-14,Commodity,-0.0094722465385699
2012-02-15,Commodity,0.008301107391767
2012-02-16,Commodity,-0.0041876252283845
2012-02-17,Commodity,-0.0048411707497317
2012-02-21,Commodity,-0.0048865316396195
2012-02-22,Commodity,-0.0008298216108237
2012-02-23,Commodity,-0.0019364991815427
2012-02-24,Commodity,-0.0118614296106457
2012-02-27,Commodity,-0.002387342508316
2012-02-28,Commodity,-0.0048664982432475
2012-02-29,Commodity,0.0013998320786508
2012-03-01,Commodity,-5.697323137705975e-05
2012-03-02,Commodity,0.0062475829136451
2012-03-05,Commodity,0.0079419900640952
2012-03-06,Commodity,-0.0101829955728245
2012-03-07,Commodity,-0.0001895102269002
2012-03-09,Commodity,0.0028749329047573
2012-03-12,Commodity,0.0037774585437024
2012-03-13,Commodity,0.0041043137837818
2012-03-14,Commodity,-0.0006481293822416
2012-03-15,Commodity,-0.0054981741204956
2012-03-16,Commodity,-0.0088256300509537
2012-03-19,Commodity,0.0038386684405011
2012-03-20,Commodity,0.0036324221347109
2012-03-21,Commodity,0.0091228237137498
2012-03-22,Commodity,-0.0067509608701743
2012-03-23,Commodity,-0.0018379632222669
2012-03-26,Commodity,-0.0098298234010259
2012-03-27,Commodity,0.0046257686974577
2012-03-28,Commodity,-0.0078849740557023
2012-03-29,Commodity,0.010679825669442
2012-03-30,Commodity,-0.0031390748371626
2012-04-02,Commodity,0.002686069390694
2012-04-03,Commodity,0.0111280504645286
2012-04-04,Commodity,0.0024658048556201
2012-04-09,Commodity,-0.0020712128162086
2012-04-10,Commodity,-0.0052593737034073
2012-04-11,Commodity,-0.0087294891754999
2012-04-12,Commodity,0.0067334988155274
2012-04-13,Commodity,0.0066065300687
2012-04-16,Commodity,-0.0017129778371644
2012-04-17,Commodity,-0.0042043052277465
2012-04-18,Commodity,-0.0141595879084279
2012-04-19,Commodity,-0.0044619512376827
2012-04-20,Commodity,-0.0020403314776344
2012-04-23,Commodity,0.006383189378993
2012-04-24,Commodity,0.0050867737056591
2012-04-25,Commodity,0.001239729866519
2012-04-26,Commodity,-0.0027005257340505
2012-04-27,Commodity,-0.0032373216245513
2012-04-30,Commodity,0.010851348059704
2012-05-02,Commodity,0.0010614532363962
2012-05-03,Commodity,-0.0143529413511087
2012-05-04,Commodity,-0.0077557320126966
2012-05-07,Commodity,-0.003875948080762
2012-05-08,Commodity,-0.0075436129831145
2012-05-09,Commodity,0.0025714383157519
2012-05-10,Commodity,-0.0008104974539983
2012-05-11,Commodity,-0.001743371853638
2012-05-14,Commodity,0.0072246601826522
2012-05-15,Commodity,-0.0025524654916981
2012-05-16,Commodity,0.0079640671064268
2012-05-17,Commodity,-0.0033358908191574
2012-05-18,Commodity,0.0016078432451265
2012-05-22,Commodity,-0.0027527029358846
2012-05-23,Commodity,-8.201776380238677e-05
2012-05-24,Commodity,0.0064141279935887
2012-05-25,Commodity,0.002762372597121
2012-05-28,Commodity,-0.0016664805346123
2012-05-29,Commodity,-0.006358967895814
2012-05-30,Commodity,0.013641904159347
2012-05-31,Commodity,-0.0037744509045426
2012-06-01,Commodity,0.0010384222243048
2012-06-04,Commodity,-0.009175284224863
2012-06-05,Commodity,-0.0008526996727106
2012-06-06,Commodity,0.0049392525823445
2012-06-07,Commodity,0.005140102428954
2012-06-08,Commodity,-0.0153940717046786
2012-06-11,Commodity,0.0006345305104593
2012-06-12,Commodity,-0.0042529172431828
2012-06-13,Commodity,0.0023630563455799
2012-06-14,Commodity,-0.0086227137909464
2012-06-15,Commodity,-0.0015974273714583
2012-06-18,Commodity,-0.0043528020418581
2012-06-19,Commodity,-0.0045500691252165
2012-06-20,Commodity,-0.0019988102262953
2012-06-21,Commodity,-0.0052241052910517
2012-06-22,Commodity,-0.011532815365081
2012-06-25,Commodity,0.0050873925886505
2012-06-26,Commodity,-0.0073358103073087
2012-06-27,Commodity,-4.7991494175107026e-05
2012-06-28,Commodity,0.0049993434215243
2012-06-29,Commodity,0.0015500022215961
2012-07-02,Commodity,-0.0047623540032221
2012-07-03,Commodity,0.0019116928249333
2012-07-04,Commodity,0.0074597870090473
2012-07-05,Commodity,-0.0058823784350885
2012-07-06,Commodity,-0.0010894369049852
2012-07-09,Commodity,-0.0117673085334489
2012-07-10,Commodity,0.0005023371231096
2012-07-11,Commodity,-0.00105586582508
2012-07-12,Commodity,-0.0076056894408165
2012-07-13,Commodity,-0.0028475715559335
2012-07-16,Commodity,-0.0093971916873711
2012-07-17,Commodity,0.0004931551126585
2012-07-18,Commodity,0.0074373191214706
2012-07-19,Commodity,-0.0053706364826795
2012-07-20,Commodity,-0.0049704096885427
2012-07-23,Commodity,-0.0001333575411083
2012-07-24,Commodity,0.0078730953025164
2012-07-25,Commodity,-0.0094845433796241
2012-07-26,Commodity,-0.003419569876796
2012-07-27,Commodity,0.0041533991578413
2012-07-30,Commodity,0.003507373220972
2012-07-31,Commodity,-0.0135376247267633
2012-08-01,Commodity,0.0036463947125747
2012-08-02,Commodity,0.0088294233159704
2012-08-03,Commodity,0.0004389765923309
2012-08-06,Commodity,-0.0034232370877667
2012-08-07,Commodity,-0.000828602376933
2012-08-08,Commodity,0.0108681903305285
2012-08-09,Commodity,0.0050959009593821
2012-08-10,Commodity,0.0039443371729846
2012-08-13,Commodity,0.0033722323805673
2012-08-14,Commodity,-0.0025532548837308
2012-08-16,Commodity,-0.0016502215128447
2012-08-17,Commodity,-0.0001426197449613
2012-08-21,Commodity,0.0055361018531305
2012-08-22,Commodity,0.0089528344375899
2012-08-23,Commodity,0.0070024015986815
2012-08-24,Commodity,-0.0093744058634032
2012-08-27,Commodity,0.0001906294012475
2012-08-29,Commodity,0.0022861024180939
2012-08-30,Commodity,0.0049438364014781
2012-08-31,Commodity,-0.0057033150840841
2012-09-03,Commodity,0.0175039954106128
2012-09-04,Commodity,-0.0066916294296612
2012-09-05,Commodity,-0.0081307501220706
2012-09-06,Commodity,0.0020876185407142
2012-09-07,Commodity,0.0168600500511376
2012-09-10,Commodity,-0.0040178543304109
2012-09-11,Commodity,-0.0004049431135259
2012-09-12,Commodity,0.0081850978451442
2012-09-13,Commodity,0.0002530221602059
2012-09-14,Commodity,0.0034284629438465
2012-09-17,Commodity,0.0047537876660925
2012-09-18,Commodity,0.0014803772707001
2012-09-20,Commodity,0.0047469399509041
2012-09-21,Commodity,0.0128783682641756
2012-09-24,Commodity,0.0012847090268647
2012-09-25,Commodity,0.0021020756458157
2012-09-26,Commodity,0.0011163228770578
2012-09-27,Commodity,0.0026421438769744
2012-09-28,Commodity,0.0024356102397431
2012-10-01,Commodity,0.0007398940898758
2012-10-03,Commodity,0.0078151755996122
2012-10-04,Commodity,0.0112631127037224
2012-10-05,Commodity,-0.0102500416175499
2012-10-08,Commodity,-0.0022090156051945
2012-10-09,Commodity,-0.0029244112216632
2012-10-10,Commodity,-0.0035047024943416
2012-10-11,Commodity,0.0045931022055408
2012-10-12,Commodity,0.003095406655707
2012-10-15,Commodity,-7.811112692477176e-05
2012-10-16,Commodity,-0.0126603224602248
2012-10-17,Commodity,-0.0051564916137687
2012-10-18,Commodity,0.0076442847245268
2012-10-19,Commodity,-0.01744738459883
2012-10-22,Commodity,0.0084821440278735
2012-10-23,Commodity,0.0024265814537159
2012-10-25,Commodity,0.0085855093331992
2012-10-29,Commodity,-0.0023830933289281
2012-10-30,Commodity,-0.0145583010186351
2012-10-31,Commodity,0.0035610498321061
2012-11-01,Commodity,0.0087500882014599
2012-11-02,Commodity,0.0076136957969566
2012-11-05,Commodity,-0.0035479866678452
2012-11-06,Commodity,0.0014288062178475
2012-11-07,Commodity,-0.0017497184748997
2012-11-08,Commodity,-0.0054569087378899
2012-11-09,Commodity,0.0041026646878066
2012-11-12,Commodity,-0.0070748770397167
2012-11-15,Commodity,-0.0070173312066587
2012-11-16,Commodity,-0.0084468920467053
2012-11-19,Commodity,-0.0088365651063034
2012-11-20,Commodity,0.0010838668885211
2012-11-21,Commodity,0.0087215486106823
2012-11-22,Commodity,-0.0004479726638883
2012-11-23,Commodity,-0.008875352241393
2012-11-26,Commodity,0.0055702329273616
2012-11-27,Commodity,0.0135630366054068
2012-11-29,Commodity,-0.0002710583810268
2012-11-30,Commodity,-0.0007880604447269
2012-12-03,Commodity,0.0029912382961449
2012-12-04,Commodity,0.0105546442897816
2012-12-05,Commodity,-0.0025369528303729
2012-12-06,Commodity,-0.0067642808453401
2012-12-07,Commodity,0.003196051795555
2012-12-10,Commodity,0.0050451922024315
2012-12-11,Commodity,-0.0001050718068971
2012-12-12,Commodity,-0.0035149691193839
2012-12-13,Commodity,0.0049264626033435
2012-12-14,Commodity,0.0043286568597666
2012-12-17,Commodity,-0.0051487651849665
2012-12-18,Commodity,0.001822686074795
2012-12-19,Commodity,-0.0067977674396328
2012-12-20,Commodity,0.0038701121971035
2012-12-21,Commodity,-0.0036957497418061
2012-12-24,Commodity,-0.0021389497620414
2012-12-26,Commodity,0.0017053564330208
2012-12-27,Commodity,-0.0007604024972237
2012-12-28,Commodity,0.0068727949437162
2012-12-31,Commodity,0.0036365293957324
2013-01-02,Commodity,0.0022470958297058
2013-01-03,Commodity,0.0053242856262996
2013-01-04,Commodity,0.0028257365213592
2013-01-07,Commodity,-0.0032821147247231
2013-01-08,Commodity,-0.0001041070528974
2013-01-09,Commodity,-0.001695725334115
2013-01-10,Commodity,0.0031361113846334
2013-01-11,Commodity,-0.0025835099669397
2013-01-14,Commodity,0.0003023889453736
2013-01-15,Commodity,0.013093221939425
2013-01-16,Commodity,0.0040304678679546
2013-01-17,Commodity,-0.0031189845092721
2013-01-18,Commodity,0.0044601838566281
2013-01-21,Commodity,0.0015004276359334
2013-01-22,Commodity,0.0014378917720489
2013-01-23,Commodity,0.0012158245758935
2013-01-24,Commodity,0.0061833142030657
2013-01-25,Commodity,0.0041111232421328
2013-01-28,Commodity,-0.0001675968482814
2013-01-29,Commodity,0.0056333665756034
2013-01-30,Commodity,0.0017931051043159
2013-01-31,Commodity,0.0002353157644604
2013-02-01,Commodity,0.0008960135665716
2013-02-04,Commodity,-0.0007500554315482
2013-02-05,Commodity,-0.0007584623405365
2013-02-06,Commodity,-0.0032429363214896
2013-02-07,Commodity,-0.0049916720637621
2013-02-08,Commodity,-0.0069802081291062
2013-02-11,Commodity,-0.0083433082866755
2013-02-12,Commodity,-0.0042424096665618
2013-02-13,Commodity,-0.0004927040957842
2013-02-14,Commodity,-0.0003948560157006
2013-02-15,Commodity,-0.0017516855558904
2013-02-18,Commodity,-0.0135673257697923
2013-02-19,Commodity,0.0110547270789863
2013-02-20,Commodity,0.0068316678903922
2013-02-21,Commodity,-0.0001811044887143
2013-02-22,Commodity,0.0115782963250372
2013-02-25,Commodity,-0.005512049072163
2013-02-26,Commodity,0.0083351823017482
2013-02-27,Commodity,-0.0043572055003664
2013-02-28,Commodity,-0.0019505253853644
2013-03-01,Commodity,-0.0065067809338178
2013-03-04,Commodity,-0.0004531398513913
2013-03-05,Commodity,0.0055265629083202
2013-03-06,Commodity,0.0004595693899917
2013-03-07,Commodity,0.0060197066361846
2013-03-08,Commodity,0.0036048039847935
2013-03-11,Commodity,-0.0030471781308046
2013-03-12,Commodity,-0.0041516821832111
2013-03-13,Commodity,0.0029383660395893
2013-03-14,Commodity,-0.0017484981840267
2013-03-15,Commodity,0.0044620775270957
2013-03-18,Commodity,0.0062642584614104
2013-03-19,Commodity,-0.0128729851041569
2013-03-20,Commodity,0.0052032408926943
2013-03-21,Commodity,0.0113104322655793
2013-03-22,Commodity,0.0014504841587733
2013-03-25,Commodity,0.0031751840752874
2013-03-26,Commodity,0.0066971546372934
2013-03-28,Commodity,-1.1884769217959494e-06
2013-04-01,Commodity,0.0020627057548179
2013-04-02,Commodity,-0.0061530396831511
2013-04-03,Commodity,-0.0015847133421486
2013-04-04,Commodity,-0.00027163594742
2013-04-05,Commodity,0.0025256431001131
2013-04-08,Commodity,0.0062216014298671
2013-04-09,Commodity,-0.0061753339997324
2013-04-10,Commodity,-0.0006808474871036
2013-04-11,Commodity,0.0128431181381279
2013-04-12,Commodity,-0.0030419843760288
2013-04-15,Commodity,0.0028418139624111
2013-04-16,Commodity,0.0041277398747442
2013-04-17,Commodity,-0.0047388739256156
2013-04-18,Commodity,0.0132600319145915
2013-04-22,Commodity,-0.0011920802765684
2013-04-23,Commodity,-0.0064780145256967
2013-04-25,Commodity,0.0002161772836445
2013-04-26,Commodity,-0.0133263731519992
2013-04-29,Commodity,-0.0025955667622344
2013-04-30,Commodity,-0.0047246369273167
2013-05-02,Commodity,0.006236698866144
2013-05-03,Commodity,-0.0056856885595398
2013-05-06,Commodity,0.0064369785491224
2013-05-07,Commodity,0.0110192876554698
2013-05-08,Commodity,0.0057392002032184
2013-05-09,Commodity,-0.0017233713017104
2013-05-10,Commodity,0.0025210338435723
2013-05-13,Commodity,-0.0127006723362169
2013-05-14,Commodity,-0.0001027236715907
2013-05-15,Commodity,8.624333249105786e-05
2013-05-16,Commodity,0.0051191986934114
2013-05-17,Commodity,0.0162005397692389
2013-05-20,Commodity,0.0022162749161814
2013-05-21,Commodity,-0.0131371446299055
2013-05-22,Commodity,-0.002608525310941
2013-05-23,Commodity,-0.0032475204519373
2013-05-24,Commodity,0.0012771816650456
2013-05-27,Commodity,-0.0008557480233217
2013-05-28,Commodity,0.0025956171402649
2013-05-29,Commodity,-0.007482460789567
2013-05-30,Commodity,-0.0048223674735735
2013-05-31,Commodity,-0.0004352888159787
2013-06-03,Commodity,-0.007452642224189
2013-06-04,Commodity,0.0027608538254425
2013-06-05,Commodity,-0.0078681234921507
2013-06-06,Commodity,0.0107062322333915
2013-06-07,Commodity,-0.0058101584275924
2013-06-10,Commodity,-0.0012440228962177
2013-06-11,Commodity,-0.0008513730129914
2013-06-12,Commodity,-0.0041802012331085
2013-06-13,Commodity,-0.0010610216685402
2013-06-14,Commodity,0.0074878267823335
2013-06-17,Commodity,0.007397805937408
2013-06-18,Commodity,0.0037028513948164
2013-06-19,Commodity,-0.0005332880546458
2013-06-20,Commodity,-0.0063940797131353
2013-06-21,Commodity,0.0147101466787917
2013-06-24,Commodity,0.0031680470619218
2013-06-25,Commodity,-0.0046565499999489
2013-06-26,Commodity,7.254305655950285e-05
2013-06-27,Commodity,0.001540543070131
2013-06-28,Commodity,0.0050141913252472
2013-07-01,Commodity,-0.0052376364335694
2013-07-02,Commodity,-0.003671822250769
2013-07-03,Commodity,0.0081107630441116
2013-07-04,Commodity,0.0059635390260839
2013-07-05,Commodity,-0.0136864931665908
2013-07-08,Commodity,0.0055797186337465
2013-07-09,Commodity,0.0083707389774869
2013-07-10,Commodity,-0.0033996375704194
2013-07-11,Commodity,0.0085746146104095
2013-07-12,Commodity,-0.0024661288455404
2013-07-15,Commodity,-0.0018959624990459
2013-07-16,Commodity,0.0066858126491871
2013-07-17,Commodity,-0.0008241989810846
2013-07-18,Commodity,-0.0088504090527347
2013-07-19,Commodity,-0.0004729474048973
2013-07-22,Commodity,-0.0001852963864522
2013-07-23,Commodity,0.0089154609765544
2013-07-24,Commodity,-0.0025867251404099
2013-07-25,Commodity,-0.0051005480377428
2013-07-26,Commodity,0.0057492262598764
2013-07-29,Commodity,-0.0009287563168853
2013-07-30,Commodity,-0.0069271832866365
2013-07-31,Commodity,0.0066764773961467
2013-08-01,Commodity,0.0008691143577817
2013-08-02,Commodity,-0.0015265609090159
2013-08-05,Commodity,0.001531632533045
2013-08-06,Commodity,-0.0112597123709201
2013-08-07,Commodity,-0.0038013199178846
2013-08-08,Commodity,0.0019083577393812
2013-08-12,Commodity,0.000711965394657
2013-08-13,Commodity,0.0109312812888394
2013-08-14,Commodity,0.0030133924084361
2013-08-16,Commodity,-0.0028362841076545
2013-08-19,Commodity,-0.0031242608238979
2013-08-20,Commodity,0.0060464873663024
2013-08-21,Commodity,-0.0010768274454663
2013-08-22,Commodity,0.0042748424199527
2013-08-23,Commodity,0.0024610757140095
2013-08-26,Commodity,-0.005353012714478
2013-08-27,Commodity,-0.0036625431004365
2013-08-28,Commodity,-0.0001339080627041
2013-08-29,Commodity,0.0018824590123281
2013-08-30,Commodity,0.0091589563234999
2013-09-02,Commodity,-0.0044155840266149
2013-09-03,Commodity,-0.0098762915798638
2013-09-04,Commodity,0.0103596063901787
2013-09-05,Commodity,0.0074105912553978
2013-09-06,Commodity,0.00303998699416
2013-09-10,Commodity,0.0093234461365748
2013-09-11,Commodity,0.0018327203200989
2013-09-12,Commodity,-0.0110122067638984
2013-09-13,Commodity,-0.0018989930446294
2013-09-16,Commodity,0.0095555654105886
2013-09-17,Commodity,-0.0034254830902386
2013-09-18,Commodity,-2.610301957665733e-05
2013-09-19,Commodity,0.0042763686058015
2013-09-20,Commodity,-0.0037052608123234
2013-09-23,Commodity,-0.0073688654179081
2013-09-24,Commodity,0.0032121403517148
2013-09-25,Commodity,0.0007525608345515
2013-09-26,Commodity,0.0051272957931846
2013-09-27,Commodity,-0.0077733695416532
2013-09-30,Commodity,-0.0051987043300276
2013-10-01,Commodity,0.000406175483458
2013-10-03,Commodity,0.0074200154907212
2013-10-04,Commodity,-0.0046405627974245
2013-10-07,Commodity,0.0056549912533675
2013-10-08,Commodity,0.0080719454658606
2013-10-09,Commodity,-0.0030664000573769
2013-10-10,Commodity,-0.0022957954410526
2013-10-11,Commodity,-0.0004919835868611
2013-10-14,Commodity,0.0165356380335295
2013-10-15,Commodity,-0.0031532121995992
2013-10-17,Commodity,0.0088468216729998
2013-10-18,Commodity,-0.0026527341480968
2013-10-21,Commodity,-0.0052338109434034
2013-10-22,Commodity,-0.003988939290536
2013-10-23,Commodity,-0.0056624800939037
2013-10-24,Commodity,-0.0018605878302251
2013-10-25,Commodity,-0.0046837234233213
2013-10-28,Commodity,-0.0061416156480794
2013-10-29,Commodity,0.0110779861893903
2013-10-30,Commodity,0.0085329815891919
2013-10-31,Commodity,0.007413756677884
2013-11-01,Commodity,0.0035995930792448
2013-11-05,Commodity,-0.0009574650989489
2013-11-06,Commodity,-0.0039975716077041
2013-11-07,Commodity,-0.0064167480673029
2013-11-08,Commodity,0.0008748831866149
2013-11-11,Commodity,-0.0088594575679991
2013-11-12,Commodity,-0.0077622753925131
2013-11-13,Commodity,0.0061720002555821
2013-11-14,Commodity,0.0138260728132566
2013-11-18,Commodity,0.0069470498692629
2013-11-19,Commodity,0.007302472034991
2013-11-20,Commodity,-0.0038688559841536
2013-11-21,Commodity,-0.0118715170213939
2013-11-22,Commodity,0.0037530237276909
2013-11-25,Commodity,0.0076154323239717
2013-11-26,Commodity,-0.001209621701868
2013-11-27,Commodity,-0.0013202691526433
2013-11-28,Commodity,0.0071206772318583
2013-11-29,Commodity,-0.0029484076180843
2013-12-02,Commodity,-0.0030906976136638
2013-12-03,Commodity,-0.0063632863784271
2013-12-04,Commodity,-0.0006091203318376
2013-12-05,Commodity,-0.0037254898606796
2013-12-06,Commodity,-0.0033030014513812
2013-12-09,Commodity,-0.0007117965365948
2013-12-10,Commodity,-0.0023394605870039
2013-12-11,Commodity,-0.009512207704747
2013-12-12,Commodity,-0.0015231626270221
2013-12-13,Commodity,0.0054824637460924
2013-12-16,Commodity,0.0005687582576299
2013-12-17,Commodity,0.0089393597533237
2013-12-18,Commodity,0.0107483599915693
2013-12-19,Commodity,0.0032418716832207
2013-12-20,Commodity,0.004137857439781
2013-12-23,Commodity,0.000661734608231
2013-12-24,Commodity,0.0042704238181639
2013-12-26,Commodity,-0.0018150099321954
2013-12-27,Commodity,-0.0099834679165178
2013-12-30,Commodity,0.0024329737454594
2013-12-31,Commodity,-0.0061763117289507
2014-01-02,Commodity,-0.0082013403150893
2014-01-03,Commodity,-0.0001201402870772
2014-01-06,Commodity,-0.0010050829182186
2014-01-07,Commodity,-0.0092156961543112
2014-01-08,Commodity,0.0015937801740803
2014-01-09,Commodity,0.0057943957049016
2014-01-10,Commodity,-0.0064695331536407
2014-01-13,Commodity,0.0111177525232023
2014-01-14,Commodity,-0.0101462356588024
2014-01-15,Commodity,0.0154368414738255
2014-01-16,Commodity,-0.0023308447114237
2014-01-17,Commodity,-0.0007383222917689
2014-01-20,Commodity,-0.0098011104723574
2014-01-21,Commodity,0.0001396736770836
2014-01-22,Commodity,0.0023675730816092
2014-01-23,Commodity,-0.0001055903980508
2014-01-24,Commodity,-0.0056652263095474
2014-01-27,Commodity,-0.0096569880157426
2014-01-28,Commodity,0.0066702414580272
2014-01-29,Commodity,0.0001889644178228
2014-01-30,Commodity,0.0079233409512292
2014-01-31,Commodity,-0.0024386246330939
2014-02-03,Commodity,-0.0052891424212563
2014-02-04,Commodity,0.0050635777181339
2014-02-05,Commodity,-0.0088212905775711
2014-02-06,Commodity,-0.0066191734071601
2014-02-07,Commodity,0.0076761972556954
2014-02-10,Commodity,-0.0071532159148933
2014-02-11,Commodity,-0.0104086952516645
2014-02-12,Commodity,0.0121138138946422
2014-02-13,Commodity,-0.0108880834790844
2014-02-14,Commodity,0.0028794276672714
2014-02-18,Commodity,0.0032185270855993
2014-02-19,Commodity,-0.0158265091422561
2014-02-20,Commodity,-0.0033965007229733
2014-02-21,Commodity,0.0049917853583015
2014-02-24,Commodity,0.0033217185370796
2014-02-25,Commodity,0.0060721257617348
2014-02-26,Commodity,-0.0008749579306195
2014-02-28,Commodity,0.0056980308142295
2014-03-03,Commodity,-0.0057043491214563
2014-03-04,Commodity,-0.0058035707957737
2014-03-05,Commodity,-0.0066114591773342
2014-03-06,Commodity,-0.0062814947532077
2014-03-07,Commodity,0.0101786862818598
2014-03-10,Commodity,-0.0085626159813091
2014-03-11,Commodity,0.0010686745856373
2014-03-12,Commodity,-0.0012419801503839
2014-03-13,Commodity,-0.001146294087488
2014-03-14,Commodity,0.0087235481770845
2014-03-18,Commodity,-0.0020477436671026
2014-03-19,Commodity,0.0040967169308409
2014-03-20,Commodity,-0.0008299661339148
2014-03-21,Commodity,-0.0004005310888035
2014-03-24,Commodity,0.0167811799274721
2014-03-25,Commodity,-0.0082581818633709
2014-03-26,Commodity,0.0082883674713294
2014-03-27,Commodity,0.0053609103310184
2014-03-28,Commodity,-0.0010465585620994
2014-03-31,Commodity,0.0102238327608812
2014-04-01,Commodity,-0.0103860023740381
2014-04-02,Commodity,-0.0019932463780454
2014-04-03,Commodity,-0.007538107907684
2014-04-04,Commodity,0.0014329111336496
2014-04-07,Commodity,-0.0064574802020339
2014-04-09,Commodity,0.0058200308250047
2014-04-10,Commodity,-0.0009127414746676
2014-04-11,Commodity,-0.0032676161503472
2014-04-15,Commodity,0.0012568599891526
2014-04-16,Commodity,-0.0031286296004675
2014-04-17,Commodity,-0.0032128450956225
2014-04-21,Commodity,0.0181366563981746
2014-04-22,Commodity,-0.0027904692990048
2014-04-23,Commodity,-0.0123588195665912
2014-04-25,Commodity,-0.0065497563982069
2014-04-28,Commodity,-0.0080376212816867
2014-04-29,Commodity,0.0037961785585096
2014-04-30,Commodity,0.0015685043152056
2014-05-02,Commodity,0.0025444870228087
2014-05-05,Commodity,-0.0018841996482976
2014-05-06,Commodity,-0.0009999446373117
2014-05-07,Commodity,-0.0038944532940229
2014-05-08,Commodity,-6.768557411917034e-05
2014-05-09,Commodity,0.0111866007642634
2014-05-12,Commodity,0.006749321190817
2014-05-13,Commodity,0.0058951917155802
2014-05-14,Commodity,0.0031973534494952
2014-05-15,Commodity,0.0059117863941163
2014-05-16,Commodity,0.0041708886602948
2014-05-19,Commodity,0.0040343269391277
2014-05-20,Commodity,0.0076618830414987
2014-05-21,Commodity,-0.0044115413359686
2014-05-22,Commodity,-0.004286438815577
2014-05-23,Commodity,-0.0044225331537549
2014-05-26,Commodity,0.0010789402502305
2014-05-27,Commodity,-0.0120380213008278
2014-05-28,Commodity,0.0032913149109781
2014-05-29,Commodity,-0.0030200832565152
2014-05-30,Commodity,0.0068502930686843
2014-06-02,Commodity,-0.0001648173405663
2014-06-03,Commodity,0.0004293289335051
2014-06-04,Commodity,0.0065664354106124
2014-06-05,Commodity,0.0104401181504855
2014-06-06,Commodity,-0.0009561525975455
2014-06-09,Commodity,0.0031684782605541
2014-06-10,Commodity,0.002013539306089
2014-06-11,Commodity,0.0016700222814777
2014-06-12,Commodity,-0.0007710155732753
2014-06-13,Commodity,0.0050699679644319
2014-06-16,Commodity,-0.0113649559717506
2014-06-17,Commodity,0.0002789062993687
2014-06-18,Commodity,0.0009614081025231
2014-06-19,Commodity,0.0024802756651712
2014-06-20,Commodity,0.0075407641577654
2014-06-23,Commodity,0.0069074188527446
2014-06-24,Commodity,0.0008048081668281
2014-06-25,Commodity,0.0077103117325654
2014-06-26,Commodity,-0.0060936914161938
2014-06-27,Commodity,0.0062016913753927
2014-06-30,Commodity,0.0137946044964635
2014-07-01,Commodity,0.0081032245840219
2014-07-02,Commodity,0.0032040593377629
2014-07-03,Commodity,-0.0020586311243083
2014-07-04,Commodity,-0.0080175296850476
2014-07-07,Commodity,0.0029804627678752
2014-07-08,Commodity,-0.0107020790453787
2014-07-09,Commodity,-0.0055610168790962
2014-07-10,Commodity,-0.0073993198934114
2014-07-11,Commodity,-0.0054205325125069
2014-07-14,Commodity,-0.0001139421569618
2014-07-15,Commodity,0.0037869126555196
2014-07-16,Commodity,-0.0008056026719689
2014-07-17,Commodity,0.0070367266645378
2014-07-18,Commodity,-0.0004354010423594
2014-07-21,Commodity,-0.003996570557071
2014-07-22,Commodity,0.003734945769661
2014-07-23,Commodity,0.0126996599659956
2014-07-24,Commodity,0.0031050428054577
2014-07-25,Commodity,-0.0030025954617625
2014-07-28,Commodity,-0.0100365932290572
2014-07-30,Commodity,-1.4361159691838371e-05
2014-07-31,Commodity,-0.0001898536519887
2014-08-01,Commodity,-0.0052000896248906
2014-08-04,Commodity,-0.0076601476830117
2014-08-05,Commodity,-0.0032661521414577
2014-08-06,Commodity,0.0070037938320244
2014-08-07,Commodity,0.0082096458378706
2014-08-08,Commodity,-0.0072298509073085
2014-08-11,Commodity,0.0057533541711162
2014-08-12,Commodity,-0.004219974089913
2014-08-13,Commodity,0.0089494364374406
2014-08-14,Commodity,0.0030190487854757
2014-08-18,Commodity,0.0080167653416163
2014-08-19,Commodity,-0.009500027651435
2014-08-20,Commodity,0.0037036144364939
2014-08-21,Commodity,0.0005552176234193
2014-08-22,Commodity,0.0058717015903557
2014-08-25,Commodity,0.0055148047652669
2014-08-26,Commodity,0.0005555038383577
2014-08-27,Commodity,-0.0026130538727171
2014-08-28,Commodity,0.0053393710981332
2014-09-01,Commodity,0.001683349324217
2014-09-02,Commodity,-0.0036577441886134
2014-09-03,Commodity,-0.0045402602013698
2014-09-04,Commodity,-0.0091226493800694
2014-09-05,Commodity,-0.0030865531243313
2014-09-08,Commodity,0.0089690252402403
2014-09-09,Commodity,0.0007543787595352
2014-09-10,Commodity,-0.0044222578278191
2014-09-11,Commodity,0.0048215794525468
2014-09-12,Commodity,-0.0043051110577645
2014-09-15,Commodity,-0.0007947356866786
2014-09-16,Commodity,-0.0035910400741111
2014-09-17,Commodity,0.005948794472956
2014-09-18,Commodity,-0.0057714261467758
2014-09-19,Commodity,-0.0047360502645918
2014-09-22,Commodity,-0.0090175239018698
2014-09-23,Commodity,-0.004518524638992
2014-09-24,Commodity,0.0070906465127036
2014-09-25,Commodity,-0.0050957494828665
2014-09-26,Commodity,-0.0014232269872646
2014-09-29,Commodity,0.0051806192898405
2014-09-30,Commodity,0.0067595565929924
2014-10-01,Commodity,-0.000814803273642
2014-10-07,Commodity,0.0019635828513918
2014-10-08,Commodity,-0.0065087780106866
2014-10-09,Commodity,0.0114731785150626
2014-10-10,Commodity,0.0105647839609776
2014-10-13,Commodity,0.0039456143060016
2014-10-14,Commodity,-0.0128196720694335
2014-10-16,Commodity,-0.0060944427312407
2014-10-17,Commodity,0.0046900439825175
2014-10-20,Commodity,0.0002341752596268
2014-10-21,Commodity,0.0090604446253836
2014-10-22,Commodity,0.0054482183453739
2014-10-27,Commodity,-0.0041438995179964
2014-10-28,Commodity,0.0012920185220565
2014-10-29,Commodity,-0.003597149084867
2014-10-30,Commodity,0.0010512303570834
2014-10-31,Commodity,0.0006182172881008
2014-11-03,Commodity,0.007295438102514
2014-11-05,Commodity,0.0132360328990853
2014-11-07,Commodity,-0.008418306731313
2014-11-10,Commodity,-0.0111653742435869
2014-11-11,Commodity,-0.0008300029075351
2014-11-12,Commodity,-0.0084166456378382
2014-11-13,Commodity,-0.0001298945234884
2014-11-14,Commodity,0.0054605790654572
2014-11-17,Commodity,0.0101386319405345
2014-11-18,Commodity,0.0012933216119957
2014-11-19,Commodity,-0.0019938494923504
2014-11-20,Commodity,-0.011202643431791
2014-11-21,Commodity,0.002153114542913
2014-11-24,Commodity,0.0018734143436229
2014-11-25,Commodity,0.0024616518087769
2014-11-26,Commodity,-0.0037519745330347
2014-11-27,Commodity,-0.0019749512899972
2014-11-28,Commodity,-0.0064535659670172
2014-12-01,Commodity,-0.0143011026189657
2014-12-02,Commodity,-0.0071803083641108
2014-12-03,Commodity,-0.0089181273017721
2014-12-04,Commodity,0.0028469098790893
2014-12-05,Commodity,-0.0035183177851238
2014-12-08,Commodity,-0.0053729761101777
2014-12-09,Commodity,-0.0080185644249492
2014-12-10,Commodity,-0.0188369048191705
2014-12-11,Commodity,0.0077478868589929
2014-12-12,Commodity,-0.0074608925842421
2014-12-15,Commodity,-0.0023839548912906
2014-12-16,Commodity,-0.0122278180981234
2014-12-17,Commodity,0.0050944931491661
2014-12-18,Commodity,0.0042860587688001
2014-12-19,Commodity,-0.0031428474491588
2014-12-22,Commodity,0.0002489907203382
2014-12-23,Commodity,0.0088995456548059
2014-12-24,Commodity,-0.0024853042492954
2014-12-26,Commodity,-0.000239562666381
2014-12-29,Commodity,-0.004336198283378
2014-12-30,Commodity,-0.0111201882268532
2014-12-31,Commodity,7.510140046617666e-05
2015-01-02,Commodity,0.0048754527759499
2015-01-05,Commodity,0.0063913390572355
2015-01-06,Commodity,-0.0192837769073719
2015-01-07,Commodity,-0.0071719367001426
2015-01-08,Commodity,-1.370167172007634e-05
2015-01-09,Commodity,0.0013910837471717
2015-01-12,Commodity,0.0002592444076524
2015-01-13,Commodity,-0.001097225935462
2015-01-14,Commodity,0.0021220181686819
2015-01-15,Commodity,1.3688213889364968e-05
2015-01-16,Commodity,0.0062675062038073
2015-01-19,Commodity,0.0036675518197691
2015-01-20,Commodity,0.0016701888389571
2015-01-21,Commodity,0.0105851616490168
2015-01-22,Commodity,0.0102693603093123
2015-01-23,Commodity,0.007491147451131
2015-01-27,Commodity,-0.016215917699409
2015-01-28,Commodity,0.0097589588047226
2015-01-29,Commodity,0.0058222313008832
2015-01-30,Commodity,0.0090337240171719
2015-02-02,Commodity,0.0073636879922262
2015-02-03,Commodity,0.00874135931086
2015-02-04,Commodity,0.004721642513152
2015-02-05,Commodity,0.0080170465738019
2015-02-06,Commodity,0.0110019294575168
2015-02-09,Commodity,-0.0016111535170715
2015-02-10,Commodity,-0.0083138761574789
2015-02-11,Commodity,-0.000200594568146
2015-02-12,Commodity,0.0044904214520264
2015-02-13,Commodity,0.0028062366740205
2015-02-16,Commodity,-0.0071919353225939
2015-02-18,Commodity,-0.0082298924408929
2015-02-19,Commodity,-0.0036561562788835
2015-02-20,Commodity,0.0036591834677444
2015-02-23,Commodity,0.007901350852333
2015-02-24,Commodity,0.0058627284635616
2015-02-25,Commodity,0.0066621243726342
2015-02-26,Commodity,-0.0021874373524091
2015-02-27,Commodity,-0.0065502196670714
2015-03-02,Commodity,4.696132960392042e-06
2015-03-03,Commodity,-0.0004705701148549
2015-03-04,Commodity,-0.0044185435579461
2015-03-05,Commodity,0.0008666248912599
2015-03-09,Commodity,-0.0012017177976672
2015-03-10,Commodity,0.0042971599549384
2015-03-11,Commodity,-0.0017464864085224
2015-03-12,Commodity,-0.0094742750533954
2015-03-13,Commodity,-0.0056200101626018
2015-03-16,Commodity,0.0001246113311005
2015-03-17,Commodity,0.0096252952021563
2015-03-18,Commodity,-0.0040643073009434
2015-03-19,Commodity,0.0020951883710901
2015-03-20,Commodity,0.0004639186848711
2015-03-23,Commodity,-3.292226208862197e-06
2015-03-24,Commodity,0.0055972500171224
2015-03-25,Commodity,-0.0040495013877205
2015-03-26,Commodity,-0.0076739024551083
2015-03-27,Commodity,0.0001106140861493
2015-03-30,Commodity,-2.2795567452142933e-05
2015-03-31,Commodity,0.0032174623756178
2015-04-01,Commodity,-0.0018356018299654
2015-04-06,Commodity,0.0032733679018791
2015-04-07,Commodity,-0.0003918121633739
2015-04-08,Commodity,0.0027389487001669
2015-04-09,Commodity,-0.001091923739923
2015-04-10,Commodity,-0.0017878281339721
2015-04-13,Commodity,0.0019981115171847
2015-04-16,Commodity,-0.0014695951791856
2015-04-17,Commodity,-0.0021383770557302
2015-04-20,Commodity,0.0067626321770752
2015-04-21,Commodity,-0.007409875582069
2015-04-22,Commodity,0.0010549716813594
2015-04-23,Commodity,-0.0099867683768023
2015-04-24,Commodity,0.0002165688202918
2015-04-27,Commodity,-0.0086937054080203
2015-04-28,Commodity,0.0002784110400357
2015-04-29,Commodity,-0.0031391159784575
2015-04-30,Commodity,0.0004714689113713
2015-05-04,Commodity,0.0005610689618192
2015-05-05,Commodity,-0.0035434720490263
2015-05-06,Commodity,0.003342339196969
2015-05-07,Commodity,0.0009267858160224
2015-05-08,Commodity,0.0001648405214054
2015-05-11,Commodity,0.0019605781437038
2015-05-12,Commodity,0.0053083134993966
2015-05-13,Commodity,0.0014591390662763
2015-05-14,Commodity,-0.0042088688466909
2015-05-15,Commodity,-0.0029822413603651
2015-05-18,Commodity,-0.0004005910883484
2015-05-19,Commodity,-0.0035580619020083
2015-05-20,Commodity,-0.0061008367309374
2015-05-21,Commodity,-0.0065986241414717
2015-05-22,Commodity,-0.003874599474229
2015-05-25,Commodity,0.0016522345381366
2015-05-26,Commodity,-0.0028257622589259
2015-05-27,Commodity,-0.0011568878912837
2015-05-28,Commodity,0.0074461944077115
2015-05-29,Commodity,0.0107263931971422
2015-06-01,Commodity,-0.0014986782896901
2015-06-02,Commodity,-0.0082558995451402
2015-06-03,Commodity,-0.0074475959172849
2015-06-04,Commodity,0.0042472473519815
2015-06-05,Commodity,-0.001420578754957
2015-06-08,Commodity,-0.0038577961937162
2015-06-09,Commodity,-0.0052227531069616
2015-06-10,Commodity,-0.0018738646733791
2015-06-11,Commodity,-0.0017962259750543
2015-06-12,Commodity,-0.0072519759022068
2015-06-15,Commodity,0.0069458722832158
2015-06-16,Commodity,-0.0021695185859891
2015-06-17,Commodity,0.0004019321026592
2015-06-18,Commodity,-0.0057691017157988
2015-06-19,Commodity,0.0013576713011541
2015-06-22,Commodity,0.0013461883875753
2015-06-23,Commodity,0.0005807053461279
2015-06-24,Commodity,0.0085363066668356
2015-06-25,Commodity,0.0021548632865092
2015-06-26,Commodity,-0.0049704411878707
2015-06-29,Commodity,-0.0055641245359375
2015-06-30,Commodity,0.0049753362360433
2015-07-01,Commodity,0.0100128278391074
2015-07-02,Commodity,0.0016986921763976
2015-07-03,Commodity,0.0052795937392861
2015-07-06,Commodity,0.0047364566829847
2015-07-07,Commodity,0.0084480080329873
2015-07-08,Commodity,-0.0149696001469141
2015-07-09,Commodity,0.0033782557728293
2015-07-10,Commodity,0.0068708573666249
2015-07-13,Commodity,-0.0054616707318859
2015-07-14,Commodity,-0.0052452386701243
2015-07-15,Commodity,-0.0032557877129982
2015-07-16,Commodity,-0.0021959232817748
2015-07-17,Commodity,-0.0026484855241507
2015-07-20,Commodity,0.001506963548647
2015-07-21,Commodity,0.003673807809832
2015-07-22,Commodity,0.0091276792775166
2015-07-23,Commodity,-0.0058392785607288
2015-07-24,Commodity,-0.0064573120701207
2015-07-27,Commodity,0.0043268417050051
2015-07-28,Commodity,0.003506369604618
2015-07-29,Commodity,0.0016099827344933
2015-07-30,Commodity,0.0041564313246713
2015-07-31,Commodity,0.0026583761799851
2015-08-03,Commodity,0.0035865887285429
2015-08-04,Commodity,-0.0024285800131763
2015-08-05,Commodity,0.0030116179532431
2015-08-06,Commodity,-0.0083800756570072
2015-08-07,Commodity,-0.0044867653861481
2015-08-10,Commodity,-0.0047727926469635
2015-08-11,Commodity,-0.0035301068056499
2015-08-12,Commodity,-0.0080273553450646
2015-08-13,Commodity,-0.0028479722828701
2015-08-14,Commodity,-0.0049922018557097
2015-08-17,Commodity,0.0025237281544403
2015-08-18,Commodity,-0.0005486996063298
2015-08-19,Commodity,-0.0093556319292085
2015-08-20,Commodity,-0.0076906327594966
2015-08-21,Commodity,0.0004806385808995
2015-08-24,Commodity,-0.014888327854426
2015-08-25,Commodity,-0.0021453010770662
2015-08-26,Commodity,-0.0025024343204321
2015-08-27,Commodity,0.0062940061557048
2015-08-28,Commodity,-0.0070846053177765
2015-08-31,Commodity,0.002734697870683
2015-09-01,Commodity,-0.0092546948840324
2015-09-02,Commodity,-0.0016761633203981
2015-09-03,Commodity,0.0027346607030843
2015-09-04,Commodity,-0.0072561509038014
2015-09-07,Commodity,-0.0084566383928068
2015-09-08,Commodity,0.001911032816473
2015-09-09,Commodity,0.0133428730886397
2015-09-10,Commodity,-0.0087502410000392
2015-09-11,Commodity,0.0103846868360428
2015-09-14,Commodity,0.0007715228289175
2015-09-15,Commodity,-0.0006840248518141
2015-09-16,Commodity,-0.0045307921622825
2015-09-18,Commodity,-0.0023324543364642
2015-09-21,Commodity,-0.0029377251234763
2015-09-22,Commodity,-0.0102135211091947
2015-09-23,Commodity,-0.000184327116665
2015-09-24,Commodity,-0.001667281488245
2015-09-28,Commodity,0.0094542756024697
2015-09-29,Commodity,-0.0055746691277711
2015-09-30,Commodity,0.0035088897832879
2015-10-01,Commodity,0.0017373991201513
2015-10-05,Commodity,-0.0019859272559375
2015-10-06,Commodity,0.0051486249548463
2015-10-07,Commodity,-0.0015889489336607
2015-10-08,Commodity,-0.0159295233048886
2015-10-09,Commodity,0.0056438436100338
2015-10-12,Commodity,-0.0076274520266388
2015-10-13,Commodity,-0.0063789013149565
2015-10-14,Commodity,0.0037420418516813
2015-10-15,Commodity,-0.0001167877990693
2015-10-16,Commodity,0.0071407154419727
2015-10-19,Commodity,0.0083568145000727
2015-10-20,Commodity,-0.0039934217206291
2015-10-21,Commodity,0.0047186982781688
2015-10-23,Commodity,-0.0032723772769524
2015-10-26,Commodity,0.0127572609862017
2015-10-27,Commodity,-0.0046271748062696
2015-10-28,Commodity,0.004857655659497
2015-10-29,Commodity,0.0038076247770955
2015-10-30,Commodity,0.0009635976556788
2015-11-02,Commodity,-0.0041951997645333
2015-11-03,Commodity,-0.0004624369498304
2015-11-04,Commodity,-0.0132301693541167
2015-11-05,Commodity,-0.0005616362320147
2015-11-06,Commodity,0.0022687711684477
2015-11-09,Commodity,1.7890261522218384e-05
2015-11-10,Commodity,-0.0209714039977059
2015-11-13,Commodity,-0.0079360041662832
2015-11-16,Commodity,-0.0031458334707658
2015-11-17,Commodity,0.0027428648958341
2015-11-18,Commodity,-0.0007625140110783
2015-11-19,Commodity,0.002048627969485
2015-11-20,Commodity,0.0043633856148295
2015-11-23,Commodity,-0.0061432814881736
2015-11-24,Commodity,0.003411688026488
2015-11-26,Commodity,0.00438150606334
2015-11-27,Commodity,0.003959541646582
2015-11-30,Commodity,-0.0010798411393812
2015-12-01,Commodity,0.0116797189861319
2015-12-02,Commodity,0.0025670911386551
2015-12-03,Commodity,-0.0073045613661121
2015-12-04,Commodity,-0.000401938055889
2015-12-07,Commodity,0.0042908392951478
2015-12-08,Commodity,-0.0049692549837723
2015-12-09,Commodity,0.004419256758255
2015-12-10,Commodity,0.0043522956251006
2015-12-11,Commodity,-0.0157511804974526
2015-12-14,Commodity,0.003038695907776
2015-12-15,Commodity,-0.0009067692636506
2015-12-16,Commodity,0.0047216284239034
2015-12-17,Commodity,0.0082766269891017
2015-12-18,Commodity,-0.000729900353325
2015-12-21,Commodity,0.0120596006285458
2015-12-22,Commodity,-0.0021065359024293
2015-12-23,Commodity,0.0060000004679398
2015-12-24,Commodity,0.004905057891539
2015-12-28,Commodity,0.0012467521103651
2015-12-29,Commodity,0.0049685504809797
2015-12-30,Commodity,-0.0041928683105275
2015-12-31,Commodity,-0.0010664512573598
2016-01-04,Commodity,-0.0115773600759313
2016-01-05,Commodity,0.0014777539804851
2016-01-06,Commodity,0.0010300748488849
2016-01-07,Commodity,0.0028136180856311
2016-01-08,Commodity,0.0058202275457015
2016-01-11,Commodity,-0.0024954401692827
2016-01-12,Commodity,-0.0082850314355432
2016-01-13,Commodity,0.0041845329841027
2016-01-14,Commodity,0.0061874826971654
2016-01-15,Commodity,0.0021040001260861
2016-01-18,Commodity,0.0043728468381696
2016-01-19,Commodity,0.001216789534515
2016-01-20,Commodity,-0.0059836707515678
2016-01-21,Commodity,-0.0051106861801943
2016-01-22,Commodity,0.0038677652893223
2016-01-25,Commodity,9.759766827922447e-05
2016-01-27,Commodity,0.0014831014194468
2016-01-28,Commodity,-0.0009280444351645
2016-01-29,Commodity,0.003139821552941
2016-02-01,Commodity,-0.0046611178269983
2016-02-02,Commodity,0.0031921954892121
2016-02-03,Commodity,-0.0018557966960755
2016-02-04,Commodity,0.000299800477314
2016-02-05,Commodity,-0.0019858154531459
2016-02-08,Commodity,-0.0105114342331933
2016-02-09,Commodity,0.0056368797524059
2016-02-10,Commodity,0.0012670008714058
2016-02-11,Commodity,-0.016177654572018
2016-02-12,Commodity,0.0049107307196035
2016-02-15,Commodity,0.0109490769212838
2016-02-16,Commodity,-0.0022563397434828
2016-02-17,Commodity,0.0114968963626991
2016-02-18,Commodity,0.0038440018456962
2016-02-19,Commodity,-0.0077725579508146
2016-02-22,Commodity,0.0030511340960864
2016-02-23,Commodity,-0.0017862562329785
2016-02-24,Commodity,-0.005975487483954
2016-02-25,Commodity,0.0022707260869961
2016-02-26,Commodity,-0.0081088664855313
2016-02-29,Commodity,0.0049285584649234
2016-03-01,Commodity,0.0016651562276144
2016-03-02,Commodity,-0.0016514045401347
2016-03-03,Commodity,0.0024143826616839
2016-03-04,Commodity,0.0030586861923891
2016-03-08,Commodity,0.0011822006109127
2016-03-09,Commodity,-0.0030135197892766
2016-03-10,Commodity,-0.0040487268177461
2016-03-11,Commodity,-0.0059557263956001
2016-03-14,Commodity,-0.0003877853045616
2016-03-15,Commodity,0.0045768418659081
2016-03-16,Commodity,0.0011971256914137
2016-03-17,Commodity,0.0057245416629124
2016-03-18,Commodity,0.0113763264124015
2016-03-21,Commodity,-0.000700670213663
2016-03-22,Commodity,-0.0006429712743434
2016-03-23,Commodity,0.0132686378771166
2016-03-28,Commodity,0.0062379284860376
2016-03-29,Commodity,-0.010309801015339
2016-03-30,Commodity,0.006161173305935
2016-03-31,Commodity,0.0002860910262911
2016-04-01,Commodity,0.0045035419367291
2016-04-04,Commodity,-0.0030835714358916
2016-04-05,Commodity,-0.0088485697891836
2016-04-06,Commodity,-0.003563129309193
2016-04-07,Commodity,-0.0050150433128315
2016-04-08,Commodity,0.0053238421120398
2016-04-11,Commodity,-0.0038111877666748
2016-04-12,Commodity,-0.0025567149338497
2016-04-13,Commodity,-0.0068630167692798
2016-04-18,Commodity,0.0078795557428108
2016-04-20,Commodity,0.0078274391328869
2016-04-21,Commodity,-0.0018306725650304
2016-04-22,Commodity,-0.0019099894078235
2016-04-25,Commodity,0.0017989789497045
2016-04-26,Commodity,0.0117865334299177
2016-04-27,Commodity,0.0030849373332811
2016-04-28,Commodity,-0.007309852313182
2016-04-29,Commodity,-0.009447949489391
2016-05-02,Commodity,-0.0076092549500804
2016-05-03,Commodity,-0.000869795715159
2016-05-04,Commodity,-0.0047762453847837
2016-05-05,Commodity,0.0021211202752022
2016-05-06,Commodity,-0.0031705414392182
2016-05-09,Commodity,-0.0027196301662695
2016-05-10,Commodity,-0.0063091803229751
2016-05-11,Commodity,0.0085865333546826
2016-05-12,Commodity,0.0068474897316552
2016-05-13,Commodity,0.0084186603144597
2016-05-16,Commodity,0.0046131074500897
2016-05-17,Commodity,-0.0016166625056915
2016-05-18,Commodity,0.0076179127172416
2016-05-19,Commodity,-0.0022029403506655
2016-05-20,Commodity,0.0006591126652174
2016-05-23,Commodity,-0.000538265297253
2016-05-24,Commodity,-0.0170209369365461
2016-05-25,Commodity,0.0146304078500268
2016-05-26,Commodity,0.0065424118257772
2016-05-27,Commodity,0.0043351657369767
2016-05-30,Commodity,0.0003651051931437
2016-05-31,Commodity,0.0007306090487764
2016-06-01,Commodity,-0.0028971575817275
2016-06-02,Commodity,0.0048530271519012
2016-06-03,Commodity,-0.0075975816570226
2016-06-06,Commodity,0.000835922066475
2016-06-07,Commodity,0.0051643681115798
2016-06-08,Commodity,-0.0008323426530043
2016-06-09,Commodity,0.0007462565018456
2016-06-10,Commodity,-0.0065659352208543
2016-06-13,Commodity,-0.0070502689393383
2016-06-14,Commodity,0.0015771493224908
2016-06-15,Commodity,0.0066822319206238
2016-06-16,Commodity,-0.0126539903775638
2016-06-17,Commodity,0.0040556491692003
2016-06-20,Commodity,-0.0013872841275974
2016-06-21,Commodity,-0.0014083655491524
2016-06-22,Commodity,-0.0082312776539861
2016-06-23,Commodity,-0.0032823889754321
2016-06-24,Commodity,0.0015991655253156
2016-06-27,Commodity,0.0005480122193183
2016-06-28,Commodity,-0.0012776183998333
2016-06-29,Commodity,0.0013748717242774
2016-06-30,Commodity,0.0051769579299458
2016-07-01,Commodity,0.0038227168336962
2016-07-04,Commodity,0.0007668602871212
2016-07-05,Commodity,0.00592747764699
2016-07-07,Commodity,0.0060695658157851
2016-07-08,Commodity,0.0023276207348801
2016-07-11,Commodity,0.0040047033752035
2016-07-12,Commodity,0.0053992416219273
2016-07-13,Commodity,0.0020492286211944
2016-07-14,Commodity,0.0076329382323498
2016-07-15,Commodity,0.0050462974052051
2016-07-18,Commodity,-0.0066752103876202
2016-07-19,Commodity,-0.0058492069530559
2016-07-20,Commodity,-0.0031327927611637
2016-07-21,Commodity,0.0047551515706426
2016-07-22,Commodity,-0.0085269439474889
2016-07-25,Commodity,0.0047801818832991
2016-07-26,Commodity,0.0013330672126229
2016-07-27,Commodity,0.0077613949882606
2016-07-28,Commodity,0.0024542970792136
2016-07-29,Commodity,-0.0085008174552586
2016-08-01,Commodity,-0.0056012810126587
2016-08-02,Commodity,-0.0072080580118352
2016-08-03,Commodity,-0.0048379776764905
2016-08-04,Commodity,-0.0007511224530881
2016-08-05,Commodity,-0.0037041392046361
2016-08-08,Commodity,0.0096734877873902
2016-08-09,Commodity,-0.0085116074373307
2016-08-10,Commodity,0.0059040178799075
2016-08-11,Commodity,0.0077039810298495
2016-08-16,Commodity,0.0067629654822252
2016-08-17,Commodity,-0.0043907140421915
2016-08-18,Commodity,0.0033957050704419
2016-08-19,Commodity,-0.0076106450268823
2016-08-22,Commodity,0.0047943118568218
2016-08-23,Commodity,-0.0001639652743074
2016-08-24,Commodity,-0.001845843301434
2016-08-25,Commodity,-0.008485766091297
2016-08-26,Commodity,-0.0151224373816449
2016-08-29,Commodity,-0.005217009204946
2016-08-30,Commodity,0.0100577408133872
2016-08-31,Commodity,-0.0012597976270728
2016-09-01,Commodity,-0.0010788809852332
2016-09-02,Commodity,0.0049310787311302
2016-09-06,Commodity,0.0140613663068364
2016-09-07,Commodity,0.0075898176045592
2016-09-08,Commodity,-0.0048591726683297
2016-09-09,Commodity,-0.0133722020868204
2016-09-12,Commodity,0.0109494145493989
2016-09-14,Commodity,0.014066370627619
2016-09-15,Commodity,0.0016962750822649
2016-09-16,Commodity,-0.0065696359716912
2016-09-19,Commodity,0.0066297298251909
2016-09-20,Commodity,-0.0011858340573754
2016-09-21,Commodity,-0.0004493996331721
2016-09-22,Commodity,0.0076243640295889
2016-09-23,Commodity,0.0013965367865752
2016-09-26,Commodity,-0.0093719893500174
2016-09-27,Commodity,-0.0021301853947825
2016-09-28,Commodity,0.0050570673069084
2016-09-29,Commodity,-0.0002581606277234
2016-09-30,Commodity,0.0022353705795714
2016-10-03,Commodity,0.0087490222612377
2016-10-04,Commodity,-0.001259603202053
2016-10-05,Commodity,0.0006972720865972
2016-10-06,Commodity,-0.0208403132690955
2016-10-07,Commodity,-0.0027723170761748
2016-10-10,Commodity,0.0050409642647246
2016-10-13,Commodity,-0.0052530180600573
2016-10-14,Commodity,-0.0023628986698407
2016-10-17,Commodity,-0.0075166674073404
2016-10-18,Commodity,0.0099172047169513
2016-10-19,Commodity,0.0030574771048301
2016-10-20,Commodity,0.0060833183445929
2016-10-21,Commodity,-0.0103032843155168
2016-10-24,Commodity,-0.0003968817958269
2016-10-25,Commodity,-0.0018860051569361
2016-10-26,Commodity,-0.003233451672438
2016-10-27,Commodity,-0.0034961652623077
2016-10-28,Commodity,-0.001348492378598
2016-11-01,Commodity,0.0050258149801019
2016-11-02,Commodity,-0.0138796294938009
2016-11-03,Commodity,0.0101813677463668
2016-11-04,Commodity,0.001896199470353
2016-11-07,Commodity,0.0014471155995084
2016-11-08,Commodity,0.0067355024054698
2016-11-09,Commodity,-0.0111223306318833
2016-11-10,Commodity,-0.0015645337041508
2016-11-11,Commodity,-0.0059089748431191
2016-11-15,Commodity,0.0038648467687792
2016-11-16,Commodity,-1.2851735952580673e-06
2016-11-17,Commodity,0.0021199665210525
2016-11-18,Commodity,-0.0034822792656207
2016-11-21,Commodity,-0.000470679128936
2016-11-22,Commodity,0.01210979354099
2016-11-23,Commodity,0.0069479374204948
2016-11-24,Commodity,-0.0019767049141545
2016-11-25,Commodity,0.0079890521625583
2016-11-28,Commodity,0.0039756669756507
2016-11-29,Commodity,0.0036148228883522
2016-11-30,Commodity,0.0088945298319936
2016-12-01,Commodity,0.006058439950911
2016-12-02,Commodity,-0.0031530132414376
2016-12-05,Commodity,0.00508877242312
2016-12-06,Commodity,-0.0017442739133957
2016-12-07,Commodity,-0.0063478741683711
2016-12-08,Commodity,0.0021574367394938
2016-12-09,Commodity,0.0001036906712398
2016-12-12,Commodity,-0.0119712033753802
2016-12-13,Commodity,0.0066103431613441
2016-12-14,Commodity,-0.0173611543724327
2016-12-15,Commodity,0.0157837314991814
2016-12-16,Commodity,0.0088641912525847
2016-12-19,Commodity,-0.0022285208610637
2016-12-20,Commodity,-0.000285131054087
2016-12-21,Commodity,0.0014957066767609
2016-12-22,Commodity,-0.0053743284108934
2016-12-23,Commodity,0.0015223979014598
2016-12-26,Commodity,-0.0026049571964544
2016-12-27,Commodity,0.0027855057990072
2016-12-28,Commodity,0.0013385619073952
2016-12-29,Commodity,-0.0059698716405092
2016-12-30,Commodity,0.0024661390625239
2017-01-02,Commodity,0.0010267661582259
2017-01-03,Commodity,0.0012848527253846
2017-01-04,Commodity,-0.0011377078381801
2017-01-05,Commodity,0.0090612057410369
2017-01-06,Commodity,-0.0026470960372634
2017-01-09,Commodity,0.0013759353486609
2017-01-10,Commodity,0.0092598776491718
2017-01-11,Commodity,0.0019448851039499
2017-01-12,Commodity,0.0021203773197797
2017-01-13,Commodity,-0.0005412773149478
2017-01-16,Commodity,0.007920639646022
2017-01-17,Commodity,-0.0016981875423756
2017-01-18,Commodity,0.008352616151512
2017-01-19,Commodity,8.545327258382605e-06
2017-01-20,Commodity,-0.0069899293516076
2017-01-23,Commodity,0.0052859078622647
2017-01-24,Commodity,0.000381164294314
2017-01-25,Commodity,0.0069185975095076
2017-01-27,Commodity,-0.0152813636842191
2017-01-30,Commodity,3.4500774320651e-05
2017-01-31,Commodity,-0.0042129605189067
2017-02-01,Commodity,-0.0025562568374927
2017-02-02,Commodity,-0.0027098822329865
2017-02-03,Commodity,-0.0030887953820566
2017-02-06,Commodity,0.0012872128321778
2017-02-07,Commodity,-0.0087481881659471
2017-02-08,Commodity,0.0021147497608485
2017-02-09,Commodity,0.0086105520897253
2017-02-10,Commodity,0.0022307230227963
2017-02-13,Commodity,0.0053154870057257
2017-02-14,Commodity,0.0064777681886439
2017-02-15,Commodity,0.0060812367927083
2017-02-16,Commodity,0.0126426461675946
2017-02-17,Commodity,-0.001799536543939
2017-02-20,Commodity,-0.0028073003260125
2017-02-21,Commodity,0.0055461090857387
2017-02-22,Commodity,0.004877327512894
2017-02-23,Commodity,0.0051363358789242
2017-02-27,Commodity,0.0105781511338576
2017-02-28,Commodity,-0.0001162059085696
2017-03-01,Commodity,0.0042480019783719
2017-03-02,Commodity,-0.0067118585771317
2017-03-03,Commodity,0.0129624827636877
2017-03-06,Commodity,-0.0003379540623997
2017-03-07,Commodity,-0.0020185686574941
2017-03-08,Commodity,-0.0023857153415506
2017-03-09,Commodity,-0.0036088618259671
2017-03-10,Commodity,-0.0040074768984964
2017-03-14,Commodity,0.0004703736757732
2017-03-15,Commodity,-0.0080432006879821
2017-03-16,Commodity,-0.0029950795868691
2017-03-17,Commodity,0.0120325118419275
2017-03-20,Commodity,0.0038890397090619
2017-03-21,Commodity,0.0056381971097817
2017-03-22,Commodity,0.0052668748329814
2017-03-23,Commodity,0.0124417248856804
2017-03-24,Commodity,-0.0099508888347638
2017-03-27,Commodity,-0.0085583018688712
2017-03-28,Commodity,-0.0033929692997677
2017-03-29,Commodity,-0.0016734068880527
2017-03-30,Commodity,-0.0009483233635198
2017-03-31,Commodity,-0.0024818653168362
2017-04-03,Commodity,0.0029133105574133
2017-04-05,Commodity,0.0010028359015635
2017-04-06,Commodity,-0.0042060890380393
2017-04-07,Commodity,-0.0142277416555555
2017-04-10,Commodity,-0.0061235757936428
2017-04-11,Commodity,-0.0018853876783707
2017-04-12,Commodity,-0.0020088987208246
2017-04-13,Commodity,-0.007722149386576
2017-04-17,Commodity,-0.0029961829491173
2017-04-18,Commodity,-0.00733323352948
2017-04-19,Commodity,-0.0005911679130317
2017-04-20,Commodity,-0.0055157404648205
2017-04-21,Commodity,-0.0052655657446491
2017-04-24,Commodity,-0.0054907827589118
2017-04-25,Commodity,0.0012024042239835
2017-04-26,Commodity,-0.0040262584096425
2017-04-27,Commodity,0.0054332767136796
2017-04-28,Commodity,0.0018194310244463
2017-05-02,Commodity,-9.52505673437775e-06
2017-05-03,Commodity,-0.0046246305947863
2017-05-04,Commodity,0.0035129854868094
2017-05-05,Commodity,0.0027501587581555
2017-05-08,Commodity,0.001675388883918
2017-05-09,Commodity,0.0098823311610645
2017-05-10,Commodity,0.0048994715491167
2017-05-11,Commodity,0.0060026830564742
2017-05-12,Commodity,0.0005450331981599
2017-05-15,Commodity,0.0052007045476421
2017-05-16,Commodity,-0.0031651918826358
2017-05-17,Commodity,-0.0022665456629951
2017-05-18,Commodity,0.0002742973813094
2017-05-19,Commodity,0.0022197253081725
2017-05-22,Commodity,0.0034652237319442
2017-05-23,Commodity,0.0056983474074429
2017-05-24,Commodity,-0.0088953240636924
2017-05-25,Commodity,-0.0024588641780743
2017-05-26,Commodity,0.0033724274997487
2017-05-29,Commodity,-0.0039418945681967
2017-05-30,Commodity,0.0208757633850675
2017-05-31,Commodity,0.0032257471376023
2017-06-01,Commodity,-0.0003770479102627
2017-06-02,Commodity,-0.0021149453554512
2017-06-05,Commodity,-0.0022334757062023
2017-06-06,Commodity,-0.0004036279297052
2017-06-07,Commodity,0.0014270349506765
2017-06-08,Commodity,-0.0028847843186308
2017-06-09,Commodity,-0.0010035562529668
2017-06-12,Commodity,0.0071931325929792
2017-06-13,Commodity,0.0083094506482887
2017-06-14,Commodity,0.0019464105340464
2017-06-15,Commodity,-0.0086814107011128
2017-06-16,Commodity,0.0036398297145517
2017-06-19,Commodity,0.0109754159468171
2017-06-20,Commodity,0.0083348184512283
2017-06-21,Commodity,0.004194261324451
2017-06-22,Commodity,0.0086598074227762
2017-06-23,Commodity,-0.0006229924894768
2017-06-27,Commodity,0.0026411998504239
2017-06-28,Commodity,-0.0043083636781924
2017-06-29,Commodity,0.0022243602201424
2017-06-30,Commodity,0.0085307535523433
2017-07-03,Commodity,-0.001359844872617
2017-07-04,Commodity,-0.0050040260539048
2017-07-05,Commodity,0.0012904791841863
2017-07-06,Commodity,-0.0003931807260764
2017-07-07,Commodity,0.0039139993564518
2017-07-10,Commodity,-0.0003417756554082
2017-07-11,Commodity,0.0108176671387595
2017-07-12,Commodity,-0.0069239210522388
2017-07-13,Commodity,0.0092627473232
2017-07-14,Commodity,-0.004497278712082
2017-07-17,Commodity,-0.0099770791067396
2017-07-18,Commodity,-0.0001637988945184
2017-07-19,Commodity,0.0001468226246161
2017-07-20,Commodity,-0.006988986881895
2017-07-21,Commodity,-0.0090384908350159
2017-07-24,Commodity,0.0011815871863079
2017-07-25,Commodity,0.0060178848538172
2017-07-26,Commodity,0.004835724381395
2017-07-27,Commodity,0.0005382323200023
2017-07-28,Commodity,0.0029523374802539
2017-07-31,Commodity,0.0012868946330632
2017-08-01,Commodity,-0.0076330758328812
2017-08-02,Commodity,-0.0089808564759818
2017-08-03,Commodity,-0.0023650332812333
2017-08-04,Commodity,0.0002896421287277
2017-08-07,Commodity,0.0051270833941996
2017-08-08,Commodity,0.0031758140698547
2017-08-09,Commodity,0.0024177671155053
2017-08-10,Commodity,-0.0032539886350469
2017-08-11,Commodity,-0.0103129844865094
2017-08-14,Commodity,0.0043890843091927
2017-08-16,Commodity,0.0054573632389363
2017-08-17,Commodity,-0.0139927553420573
2017-08-18,Commodity,-0.0061539488777254
2017-08-21,Commodity,-0.0056347963469503
2017-08-22,Commodity,0.0011397463550288
2017-08-23,Commodity,-0.0028394088847905
2017-08-24,Commodity,6.355096690499878e-05
2017-08-28,Commodity,6.796045653546736e-05
2017-08-29,Commodity,-0.0031104371871541
2017-08-30,Commodity,-0.0022945655019154
2017-08-31,Commodity,-0.0029560745695519
2017-09-01,Commodity,-0.005142248306421
2017-09-04,Commodity,0.0012462295784866
2017-09-05,Commodity,0.0044205466287314
2017-09-06,Commodity,-0.0051471658164148
2017-09-07,Commodity,0.0096001600340126
2017-09-08,Commodity,-0.0015889286602861
2017-09-11,Commodity,0.0108154657458541
2017-09-12,Commodity,-0.0019138150725479
2017-09-13,Commodity,-0.0122319313806884
2017-09-14,Commodity,0.002758034405725
2017-09-15,Commodity,0.0016674921762011
2017-09-18,Commodity,0.0017488819803626
2017-09-19,Commodity,-0.0037627172431614
2017-09-20,Commodity,-0.0001335606286744
2017-09-21,Commodity,-0.0032471980947667
2017-09-22,Commodity,-0.004726161218454
2017-09-25,Commodity,0.0034072184141372
2017-09-26,Commodity,0.001283027392769
2017-09-27,Commodity,0.0011093664306625
2017-09-28,Commodity,-0.0005091845844225
2017-09-29,Commodity,-0.0014498210521978
2017-10-03,Commodity,-0.0052722632368538
2017-10-04,Commodity,-0.0008964225127741
2017-10-05,Commodity,-0.0202551887663333
2017-10-06,Commodity,-0.0015008472406594
2017-10-09,Commodity,-0.0001098808034902
2017-10-10,Commodity,0.0041466810508868
2017-10-11,Commodity,-0.0020539870111427
2017-10-12,Commodity,0.0045214508384495
2017-10-13,Commodity,-0.011471303539622
2017-10-16,Commodity,0.0011060843624601
2017-10-17,Commodity,-0.0098066299162116
2017-10-18,Commodity,-0.0075110199954526
2017-10-19,Commodity,-0.0021824341201666
2017-10-23,Commodity,0.0086125164988984
2017-10-24,Commodity,0.0028759577796775
2017-10-25,Commodity,0.0020267055040748
2017-10-26,Commodity,0.0010240231035329
2017-10-27,Commodity,-0.00448297988665
2017-10-30,Commodity,-0.0022772998785599
2017-10-31,Commodity,0.0022171404426121
2017-11-01,Commodity,-0.0060764177080074
2017-11-02,Commodity,0.0034384125098778
2017-11-03,Commodity,-0.0015803757389194
2017-11-06,Commodity,0.0051399447871748
2017-11-07,Commodity,0.0040214524182806
2017-11-08,Commodity,-0.0107467034388344
2017-11-09,Commodity,-0.0031769014476489
2017-11-10,Commodity,-0.0046848420122877
2017-11-13,Commodity,-0.0125520149372405
2017-11-14,Commodity,-0.00674533702135
2017-11-15,Commodity,0.0135016530831724
2017-11-16,Commodity,0.0057684987787233
2017-11-17,Commodity,0.0130517707764647
2017-11-20,Commodity,0.0054692421473738
2017-11-21,Commodity,-0.0037043830951927
2017-11-22,Commodity,-0.0017923883381845
2017-11-23,Commodity,0.0038553513365748
2017-11-24,Commodity,0.0036164409229761
2017-11-27,Commodity,-0.0030744487526743
2017-11-28,Commodity,-0.0094234411979496
2017-11-29,Commodity,0.0197539542111914
2017-11-30,Commodity,-0.003247923050996
2017-12-01,Commodity,-0.0038030226096362
2017-12-04,Commodity,0.000997578666443
2017-12-05,Commodity,-0.0014439749028529
2017-12-06,Commodity,-0.0005293027453022
2017-12-07,Commodity,0.0103629296363042
2017-12-08,Commodity,0.0013992639216014
2017-12-11,Commodity,-0.0056735636890651
2017-12-12,Commodity,-0.0023605936516109
2017-12-13,Commodity,-0.0035082759641044
2017-12-14,Commodity,0.0099039882095255
2017-12-15,Commodity,0.0088098123628304
2017-12-18,Commodity,0.0019193522138929
2017-12-19,Commodity,-0.0060391301752396
2017-12-20,Commodity,-0.0075185311868277
2017-12-21,Commodity,0.0002160494917213
2017-12-22,Commodity,0.0032274911103424
2017-12-26,Commodity,-0.0013139143675907
2017-12-27,Commodity,-0.0034548863748251
2017-12-28,Commodity,-0.0036017656705014
2017-12-29,Commodity,0.0010674680124428
2018-01-02,Commodity,-0.0157773740280868
2018-01-03,Commodity,-0.0063888067209376
2018-01-04,Commodity,-0.002382597545816
2018-01-05,Commodity,0.0084740688554253
2018-01-08,Commodity,-0.0034564224853466
2018-01-09,Commodity,0.0015350847483803
2018-01-10,Commodity,0.0014690091672857
2018-01-11,Commodity,0.0083449038918674
2018-01-12,Commodity,0.0083397164347335
2018-01-15,Commodity,0.0009840598642345
2018-01-16,Commodity,-0.0034181538748879
2018-01-17,Commodity,-0.0021363462281865
2018-01-18,Commodity,-0.0007189646993236
2018-01-19,Commodity,-0.0009675689839891
2018-01-22,Commodity,0.0048343292577171
2018-01-23,Commodity,0.0048648071988922
2018-01-24,Commodity,0.0037923060082065
2018-01-25,Commodity,0.007460742691222
2018-01-29,Commodity,0.0124748103679426
2018-01-30,Commodity,-0.0005030006854479
2018-01-31,Commodity,0.0063994814552775
2018-02-01,Commodity,-0.0021058279564057
2018-02-02,Commodity,0.0026571763556118
2018-02-05,Commodity,0.0048210147203604
2018-02-06,Commodity,0.003094839908999
2018-02-07,Commodity,0.0003538781534287
2018-02-08,Commodity,-0.0018982986456621
2018-02-09,Commodity,-0.0104721937402085
2018-02-12,Commodity,0.001581971085852
2018-02-14,Commodity,0.0086608735290709
2018-02-15,Commodity,-0.0008096258801833
2018-02-16,Commodity,0.0031431772205503
2018-02-19,Commodity,0.0038496767460928
2018-02-20,Commodity,-0.0018489915898525
2018-02-21,Commodity,0.0088132885782345
2018-02-22,Commodity,-0.0175356878745055
2018-02-23,Commodity,-0.0050493835367456
2018-02-26,Commodity,-0.0035485002871867
2018-02-27,Commodity,-0.0052531266751459
2018-02-28,Commodity,0.0010531196862202
2018-03-01,Commodity,0.0012826361487844
2018-03-05,Commodity,0.0006611575496864
2018-03-06,Commodity,0.0016604314196441
2018-03-07,Commodity,-0.0073553934648287
2018-03-08,Commodity,-0.005366916328535
2018-03-09,Commodity,0.0022693889389978
2018-03-12,Commodity,0.0002233135757331
2018-03-13,Commodity,-0.0091182727961346
2018-03-14,Commodity,0.0057221397689739
2018-03-15,Commodity,0.0075956717489616
2018-03-16,Commodity,0.0063576833919122
2018-03-19,Commodity,-0.0006573338030579
2018-03-20,Commodity,0.0045519639630132
2018-03-21,Commodity,0.0090296266374245
2018-03-22,Commodity,-0.0044461117362756
2018-03-23,Commodity,0.0045565410480947
2018-03-26,Commodity,0.0045049064185741
2018-03-27,Commodity,0.006738470610696
2018-03-28,Commodity,-6.696809166578188e-05
2018-04-02,Commodity,0.0099174753461519
2018-04-03,Commodity,0.0021913745803314
2018-04-04,Commodity,-0.0109800990395765
2018-04-05,Commodity,0.0127966747658855
2018-04-06,Commodity,-0.0053602619312733
2018-04-09,Commodity,0.0086426978968223
2018-04-10,Commodity,9.981102752144682e-05
2018-04-11,Commodity,0.0075425499050337
2018-04-12,Commodity,0.0078053746895187
2018-04-13,Commodity,0.0032005911370953
2018-04-16,Commodity,0.0041624193133482
2018-04-17,Commodity,0.0031223581424844
2018-04-18,Commodity,-0.0123095413800918
2018-04-19,Commodity,0.001652882049638
2018-04-20,Commodity,-0.0065200474232947
2018-04-23,Commodity,0.001618078812262
2018-04-24,Commodity,-0.0060974237457022
2018-04-25,Commodity,-0.0077350058255096
2018-04-26,Commodity,0.0107236002440456
2018-04-27,Commodity,0.008019988240486
2018-04-30,Commodity,0.0010552134286728
2018-05-02,Commodity,0.0009119434725437
2018-05-03,Commodity,-0.0020040334865705
2018-05-04,Commodity,0.0024694005661741
2018-05-07,Commodity,-0.0020245742627684
2018-05-08,Commodity,0.0062053663998944
2018-05-09,Commodity,-0.0008725266991003
2018-05-10,Commodity,-0.0027873577631344
2018-05-11,Commodity,0.0020089936854525
2018-05-14,Commodity,-0.0033450374710171
2018-05-15,Commodity,0.002084184853152
2018-05-16,Commodity,-0.0041489829012278
2018-05-17,Commodity,0.0019237405837538
2018-05-18,Commodity,0.0058803465132824
2018-05-21,Commodity,-0.0056202182257608
2018-05-22,Commodity,-0.0002031053034414
2018-05-23,Commodity,0.0009493146004928
2018-05-24,Commodity,-0.0008140472706815
2018-05-25,Commodity,0.0047226950450226
2018-05-28,Commodity,0.0051070997342918
2018-05-29,Commodity,0.005663881699578
2018-05-30,Commodity,-0.003792371406273
2018-05-31,Commodity,-0.0031616303476283
2018-06-01,Commodity,-0.0023896825880393
2018-06-04,Commodity,-0.0068723877882651
2018-06-05,Commodity,0.0029218039323811
2018-06-06,Commodity,-0.0050429763939526
2018-06-07,Commodity,0.0157648174135514
2018-06-08,Commodity,0.0079625806157854
2018-06-11,Commodity,0.0006339321681788
2018-06-12,Commodity,0.0064407936226217
2018-06-13,Commodity,-0.0093653324798698
2018-06-14,Commodity,0.0144440120416036
2018-06-15,Commodity,-0.0031627098390997
2018-06-18,Commodity,-0.0008530100085116
2018-06-19,Commodity,-0.0125911674818685
2018-06-20,Commodity,0.0042679949795489
2018-06-21,Commodity,-0.0070127038621422
2018-06-22,Commodity,0.0023135050218947
2018-06-25,Commodity,-0.0041634148387736
2018-06-26,Commodity,-0.0061419530159735
2018-06-27,Commodity,-0.0064415397028653
2018-06-28,Commodity,1.2273077024853436e-05
2018-06-29,Commodity,-0.0051242462889783
2018-07-02,Commodity,-0.0053568686268724
2018-07-03,Commodity,0.0049791033170263
2018-07-04,Commodity,0.0171233026446885
2018-07-05,Commodity,0.0026913346444623
2018-07-06,Commodity,-0.0048775061655361
2018-07-09,Commodity,-0.0005128009698043
2018-07-10,Commodity,0.0021282325595058
2018-07-11,Commodity,-0.0018773703722469
2018-07-12,Commodity,0.0069866051125337
2018-07-13,Commodity,0.0014268271704687
2018-07-16,Commodity,0.0041578408186159
2018-07-17,Commodity,-0.0003846388892959
2018-07-18,Commodity,0.0076515571958046
2018-07-19,Commodity,-0.0012242255015028
2018-07-20,Commodity,-0.0046578939249144
2018-07-23,Commodity,0.014618117548193
2018-07-24,Commodity,-0.0098558489407756
2018-07-25,Commodity,-0.004273742622396
2018-07-26,Commodity,-0.0029279629304667
2018-07-27,Commodity,0.0172386765990501
2018-07-30,Commodity,0.0117717601177455
2018-07-31,Commodity,0.0098164251317588
2018-08-01,Commodity,-0.0019653424499767
2018-08-02,Commodity,0.012967922789355
2018-08-03,Commodity,0.0044750778711063
2018-08-06,Commodity,0.0065265723551128
2018-08-07,Commodity,0.0013194573551469
2018-08-08,Commodity,0.0009664618120529
2018-08-09,Commodity,-0.0009490965795844
2018-08-10,Commodity,-0.001776195328731
2018-08-13,Commodity,0.0025604297468302
2018-08-14,Commodity,0.0038007217986184
2018-08-16,Commodity,-0.0008641997771719
2018-08-17,Commodity,0.0107626304807617
2018-08-20,Commodity,-0.0161882306370155
2018-08-21,Commodity,0.0035908817470982
2018-08-23,Commodity,0.0047112496521684
2018-08-24,Commodity,0.0066388704624286
2018-08-27,Commodity,0.0021444119814392
2018-08-28,Commodity,0.0022437914097372
2018-08-29,Commodity,0.0053217283903598
2018-08-30,Commodity,0.0088886899312021
2018-08-31,Commodity,-0.0015398390377102
2018-09-03,Commodity,0.000121269267919
2018-09-04,Commodity,0.0091999892577768
2018-09-05,Commodity,-0.0132967402546349
2018-09-06,Commodity,-0.0028953695699812
2018-09-07,Commodity,0.0098999247636528
2018-09-10,Commodity,0.0041493299934327
2018-09-11,Commodity,0.0007013735234848
2018-09-12,Commodity,-0.0010315521688872
2018-09-14,Commodity,-0.0025350433135359
2018-09-17,Commodity,-0.0057345764891997
2018-09-18,Commodity,0.0077504542929418
2018-09-19,Commodity,-0.0043606406140401
2018-09-21,Commodity,-0.0008159443283081
2018-09-24,Commodity,-0.0074757529705909
2018-09-25,Commodity,0.0070811386118
2018-09-26,Commodity,-0.0032790340236768
2018-09-27,Commodity,-0.0017651794249388
2018-09-28,Commodity,-0.0107584006677359
2018-10-01,Commodity,-0.0080557555661268
2018-10-03,Commodity,-0.0024800821730602
2018-10-04,Commodity,-0.0125215090905584
2018-10-05,Commodity,0.0074942969016012
2018-10-08,Commodity,-0.0115565324219428
2018-10-09,Commodity,-0.0055094355142722
2018-10-10,Commodity,0.0033882361849743
2018-10-11,Commodity,-0.0063014490960578
2018-10-12,Commodity,-0.0017769443731704
2018-10-15,Commodity,-0.0047836615702731
2018-10-16,Commodity,-0.0043693703627362
2018-10-17,Commodity,-0.0040088196526115
2018-10-19,Commodity,0.0090511653207826
2018-10-22,Commodity,-0.000464021251589
2018-10-23,Commodity,0.0053755328928903
2018-10-24,Commodity,0.0047783069418616
2018-10-25,Commodity,0.0049300780407943
2018-10-26,Commodity,-0.0184743798750323
2018-10-29,Commodity,0.0027770327180757
2018-10-30,Commodity,0.0070194979698946
2018-10-31,Commodity,0.0004603446246407
2018-11-01,Commodity,0.0106564284546101
2018-11-02,Commodity,0.0124278557835404
2018-11-05,Commodity,-0.0031643910436613
2018-11-06,Commodity,-0.0027049560287593
2018-11-07,Commodity,-0.0045824823357032
2018-11-09,Commodity,-0.0038266632705981
2018-11-12,Commodity,-0.0091416477905135
2018-11-13,Commodity,0.0046865837225903
2018-11-14,Commodity,-0.0086534572319897
2018-11-15,Commodity,0.0045863777756881
2018-11-16,Commodity,0.005202377232783
2018-11-19,Commodity,-0.0082469367187251
2018-11-20,Commodity,0.0075069724473426
2018-11-21,Commodity,0.0022278018674307
2018-11-22,Commodity,0.0033151794440291
2018-11-26,Commodity,-0.0024169284524703
2018-11-27,Commodity,0.005006852512146
2018-11-28,Commodity,0.007767861364295
2018-11-29,Commodity,0.0020289369133759
2018-11-30,Commodity,0.012543983471503
2018-12-03,Commodity,0.0005931027289158
2018-12-04,Commodity,0.0067828565277636
2018-12-05,Commodity,0.0003646104703976
2018-12-06,Commodity,0.0003420510379101
2018-12-07,Commodity,-0.0080819603683338
2018-12-10,Commodity,-0.0014123862730514
2018-12-11,Commodity,-0.0030523832185173
2018-12-12,Commodity,-0.0013056050743412
2018-12-13,Commodity,0.0116695028289528
2018-12-14,Commodity,-0.0008250052816831
2018-12-17,Commodity,-0.0042854109828163
2018-12-18,Commodity,-0.0015809849833995
2018-12-19,Commodity,-0.0065283367228248
2018-12-20,Commodity,0.0085188318763717
2018-12-21,Commodity,-0.0075844863530478
2018-12-24,Commodity,0.0016927049412108
2018-12-26,Commodity,0.0095810648996005
2018-12-27,Commodity,-0.0018698649145141
2018-12-28,Commodity,0.0048782584064865
2018-12-31,Commodity,-0.0059317237260471
2019-01-02,Commodity,0.0135848685813599
2019-01-03,Commodity,0.0035898814562982
2019-01-04,Commodity,7.693855359555224e-05
2019-01-07,Commodity,-0.0036082758698177
2019-01-08,Commodity,7.953999241492883e-05
2019-01-09,Commodity,-0.0008586162367409
2019-01-10,Commodity,0.0112995131751797
2019-01-11,Commodity,-0.0076457309736468
2019-01-14,Commodity,-5.3736166808763175e-05
2019-01-15,Commodity,0.0028689948594042
2019-01-16,Commodity,-0.0004401637519022
2019-01-17,Commodity,-0.0001780547427714
2019-01-18,Commodity,-0.000464330080826
2019-01-21,Commodity,0.0064450832000666
2019-01-22,Commodity,0.0031405305468544
2019-01-23,Commodity,0.0010426450132734
2019-01-24,Commodity,-0.0176660364417632
2019-01-25,Commodity,0.0007222479958019
2019-01-28,Commodity,-0.0119415157720966
2019-01-29,Commodity,0.003902531667762
2019-01-30,Commodity,0.0090394666857058
2019-01-31,Commodity,-0.0019936765518353
2019-02-01,Commodity,-0.0002128875723347
2019-02-04,Commodity,-0.0030546580729592
2019-02-05,Commodity,0.0080176328662753
2019-02-06,Commodity,0.0031132529182544
2019-02-07,Commodity,0.0106956300976939
2019-02-08,Commodity,0.0004095785934652
2019-02-11,Commodity,0.0006532060247201
2019-02-12,Commodity,-0.0004450428818584
2019-02-14,Commodity,0.0035319682747839
2019-02-15,Commodity,-0.0106290450458655
2019-02-18,Commodity,-0.0008442040724961
2019-02-19,Commodity,-0.0009081981670305
2019-02-20,Commodity,0.0070250943237421
2019-02-21,Commodity,8.72441663719055e-05
2019-02-22,Commodity,-0.005999027432602
2019-02-25,Commodity,0.0018833198422543
2019-02-26,Commodity,-0.0071205614551364
2019-02-27,Commodity,-0.0118803895441823
2019-02-28,Commodity,0.0043008518795898
2019-03-01,Commodity,0.0049900979513406
2019-03-05,Commodity,0.005284502589676
2019-03-06,Commodity,0.0092107464464192
2019-03-07,Commodity,-0.0036960957060233
2019-03-08,Commodity,-0.008799044992722
2019-03-11,Commodity,0.002183892045552
2019-03-12,Commodity,0.0004994859673745
2019-03-13,Commodity,-0.0041370362674901
2019-03-14,Commodity,-0.0002517656023799
2019-03-15,Commodity,-0.0019956334007546
2019-03-18,Commodity,-0.0101973032291108
2019-03-19,Commodity,-0.0012221610134211
2019-03-20,Commodity,-0.0068150978933769
2019-03-22,Commodity,0.0004762848058638
2019-03-25,Commodity,-0.00552814855285
2019-03-26,Commodity,0.0091420657455663
2019-03-27,Commodity,0.0091578761273352
2019-03-28,Commodity,0.0064597683879144
2019-04-01,Commodity,-0.0073922350413381
2019-04-02,Commodity,0.0099861547742982
2019-04-03,Commodity,0.0084718960580243
2019-04-04,Commodity,-0.0004765113439583
2019-04-05,Commodity,0.0093093140806974
2019-04-08,Commodity,-0.0041635474450784
2019-04-09,Commodity,-0.0098349921705607
2019-04-10,Commodity,-0.0058636045863695
2019-04-11,Commodity,0.0107898947974368
2019-04-12,Commodity,-0.0079402157043248
2019-04-15,Commodity,0.001002720763673
2019-04-16,Commodity,0.0020609435370168
2019-04-18,Commodity,-0.0034606934770946
2019-04-22,Commodity,-0.0051558000095889
2019-04-23,Commodity,0.0003143766119994
2019-04-24,Commodity,-0.0005779353242765
2019-04-25,Commodity,-0.0097710257931982
2019-04-26,Commodity,0.0034289053931788
2019-04-30,Commodity,0.0065296049676699
2019-05-02,Commodity,0.0050190678822385
2019-05-03,Commodity,-0.0048716369669009
2019-05-06,Commodity,-0.0092540472506386
2019-05-07,Commodity,-0.0032355540275653
2019-05-08,Commodity,0.0071984798859885
2019-05-09,Commodity,0.0030585676825434
2019-05-10,Commodity,0.0040185532405024
2019-05-13,Commodity,0.0032215364338521
2019-05-14,Commodity,0.0040494699027515
2019-05-15,Commodity,-0.0002356699759356
2019-05-16,Commodity,0.0059682235502741
2019-05-17,Commodity,-0.0004111095592465
2019-05-20,Commodity,-0.0009036964929592
2019-05-21,Commodity,0.0025233067298054
2019-05-22,Commodity,0.0081183670791378
2019-05-23,Commodity,-0.0078869904101396
2019-05-24,Commodity,0.0083407423373732
2019-05-27,Commodity,0.0116464604125788
2019-05-28,Commodity,0.0002536101497793
2019-05-29,Commodity,-0.0058422541752009
2019-05-30,Commodity,0.0023680095050174
2019-05-31,Commodity,-0.0034899571753318
2019-06-03,Commodity,-0.0007199934568125
2019-06-04,Commodity,0.0016922815813158
2019-06-06,Commodity,-0.0123820435322804
2019-06-07,Commodity,-0.0080093189175391
2019-06-10,Commodity,0.0011926947833191
2019-06-11,Commodity,0.0007857745787951
2019-06-12,Commodity,0.0012684910645389
2019-06-13,Commodity,0.0115832098378501
2019-06-14,Commodity,-0.0006963272429179
2019-06-17,Commodity,0.0012322269923324
2019-06-18,Commodity,-0.0053216458648251
2019-06-19,Commodity,0.004806773999959
2019-06-20,Commodity,-0.0005583040949281
2019-06-21,Commodity,-0.0011911617055509
2019-06-24,Commodity,-0.0008701680217637
2019-06-25,Commodity,0.0080525923712406
2019-06-26,Commodity,-0.0067935036255273
2019-06-27,Commodity,-0.01360071857329
2019-06-28,Commodity,-0.0019706856755707
2019-07-01,Commodity,0.004313265395388
2019-07-02,Commodity,0.0018670580830553
2019-07-03,Commodity,0.0077015383203513
2019-07-04,Commodity,0.0033277290276445
2019-07-05,Commodity,-0.0054531569026622
2019-07-08,Commodity,-0.0180290015875592
2019-07-09,Commodity,-0.0012705783493898
2019-07-10,Commodity,0.0053812449909137
2019-07-11,Commodity,-0.0006912774316997
2019-07-12,Commodity,-0.0001549968684038
2019-07-15,Commodity,0.0033487996452949
2019-07-16,Commodity,-0.0046102948055812
2019-07-17,Commodity,0.004366428077842
2019-07-18,Commodity,0.0084723630929514
2019-07-19,Commodity,-0.0039006365400802
2019-07-22,Commodity,-0.00785380163597
2019-07-23,Commodity,-0.0004666628042534
2019-07-24,Commodity,-0.0142009289103036
2019-07-25,Commodity,0.001881628887235
2019-07-26,Commodity,0.0034850821771868
2019-07-29,Commodity,0.0085682969771847
2019-07-30,Commodity,-0.0028193257581457
2019-07-31,Commodity,0.00323906596516
2019-08-01,Commodity,-0.0074501894885733
2019-08-02,Commodity,-0.0016225406944619
2019-08-05,Commodity,-0.011401703076516
2019-08-06,Commodity,0.0006082400438292
2019-08-07,Commodity,-0.0033261896321382
2019-08-08,Commodity,0.0052553007624861
2019-08-09,Commodity,-0.0021420699505003
2019-08-13,Commodity,-0.002608776953974
2019-08-14,Commodity,9.52387326451354e-05
2019-08-16,Commodity,-0.0014553532773943
2019-08-19,Commodity,0.0007926137907743
2019-08-20,Commodity,-0.0002245070564898
2019-08-21,Commodity,0.0029825329392658
2019-08-22,Commodity,-0.0037724241103368
2019-08-23,Commodity,-0.0002607842895692
2019-08-26,Commodity,0.0033351686865518
2019-08-27,Commodity,-0.0032288664876868
2019-08-28,Commodity,-0.003026519866052
2019-08-29,Commodity,0.0106161950311573
2019-08-30,Commodity,-0.0039069066361393
2019-09-03,Commodity,-0.005560561764417
2019-09-04,Commodity,-0.0012590228989863
2019-09-05,Commodity,-0.0012230922871434
2019-09-06,Commodity,2.4892821363330748e-05
2019-09-09,Commodity,0.0029141500838682
2019-09-11,Commodity,-0.009467571687423
2019-09-12,Commodity,0.0054643150301999
2019-09-13,Commodity,0.0056908857258706
2019-09-16,Commodity,-0.0085645794937455
2019-09-17,Commodity,-0.0167933956252638
2019-09-18,Commodity,-0.0052362610442355
2019-09-19,Commodity,-0.003762316766881
2019-09-20,Commodity,0.0263199772537
2019-09-23,Commodity,0.0092426571213534
2019-09-24,Commodity,-0.010852430876209
2019-09-25,Commodity,-0.0064922554868286
2019-09-26,Commodity,0.0021708950955403
2019-09-27,Commodity,0.0007057883470999
2019-09-30,Commodity,-0.0083477856469189
2019-10-01,Commodity,-0.0026065477888705
2019-10-03,Commodity,-0.0049139473802923
2019-10-04,Commodity,-0.0088841034350093
2019-10-07,Commodity,0.0008922371276936
2019-10-09,Commodity,0.0082028296120698
2019-10-10,Commodity,0.0038540808959359
2019-10-11,Commodity,0.0049013750734933
2019-10-14,Commodity,-0.0021455541843269
2019-10-15,Commodity,0.0060241693633794
2019-10-16,Commodity,0.002679094895518
2019-10-17,Commodity,0.0031381525080226
2019-10-18,Commodity,-0.0021669009735328
2019-10-22,Commodity,-0.0040417772211285
2019-10-23,Commodity,0.0009151463464268
2019-10-24,Commodity,0.0144686881075937
2019-10-25,Commodity,0.0020299158356684
2019-10-29,Commodity,3.6856622894894994e-05
2019-10-30,Commodity,-0.00382291509582
2019-10-31,Commodity,-0.0021874401781717
2019-11-01,Commodity,0.0134851788153858
2019-11-04,Commodity,-0.0013427621020044
2019-11-05,Commodity,0.0052375885988808
2019-11-06,Commodity,-0.0012357525934538
2019-11-07,Commodity,0.002535949108623
2019-11-08,Commodity,0.0032205518426549
2019-11-11,Commodity,-0.0031424057156699
2019-11-13,Commodity,-0.0048721755308194
2019-11-14,Commodity,0.0106878163203567
2019-11-15,Commodity,0.0065009264735063
2019-11-18,Commodity,0.004759926625195
2019-11-19,Commodity,0.0058593236996689
2019-11-20,Commodity,0.0039457193921273
2019-11-21,Commodity,0.0117949628396574
2019-11-22,Commodity,-0.0004389264167633
2019-11-25,Commodity,0.0063384819476252
2019-11-26,Commodity,-0.0091026376036584
2019-11-27,Commodity,-0.0037030525554144
2019-11-28,Commodity,-0.0061710747252788
2019-11-29,Commodity,0.0062790879629497
2019-12-02,Commodity,-0.0152454595078032
2019-12-03,Commodity,-0.0031102595841451
2019-12-04,Commodity,-0.0169451780495051
2019-12-05,Commodity,-0.0051995747935985
2019-12-06,Commodity,-0.0043582276043274
2019-12-09,Commodity,0.0087776491605917
2019-12-10,Commodity,0.0012277224782606
2019-12-11,Commodity,-0.0038989337021436
2019-12-12,Commodity,0.0076310238903366
2019-12-13,Commodity,0.0022265109347451
2019-12-16,Commodity,-0.0001165168149565
2019-12-17,Commodity,-0.0051734827794226
2019-12-18,Commodity,-0.0048087154009691
2019-12-19,Commodity,-0.0041279215000431
2019-12-20,Commodity,0.0006761559792962
2019-12-23,Commodity,0.0005198249172788
2019-12-24,Commodity,0.0086784322272962
2019-12-26,Commodity,0.0010694264895377
2019-12-27,Commodity,-0.0140786352418011
2019-12-30,Commodity,0.0019399866484862
2019-12-31,Commodity,-0.0099263462854101
2020-01-01,Commodity,-0.0053649037053312
2020-01-02,Commodity,-0.003036239562761
2020-01-03,Commodity,-0.0046845878183945
2020-01-06,Commodity,-0.01187206696683
2020-01-07,Commodity,0.0024198104209622
2020-01-08,Commodity,-0.0087228025927736
2020-01-09,Commodity,0.0055091572680214
2020-01-10,Commodity,0.0142914359508998
2020-01-13,Commodity,-0.0065890581921385
2020-01-14,Commodity,-0.0009758177738389
2020-01-15,Commodity,-0.0152481303459359
2020-01-16,Commodity,-0.001407930497452
2020-01-17,Commodity,0.0040053071547917
2020-01-20,Commodity,0.0024545965999133
2020-01-21,Commodity,-0.0002307412954278
2020-01-22,Commodity,0.0045010695106934
2020-01-23,Commodity,0.0166896719427163
2020-01-24,Commodity,0.0115887450654782
2020-01-27,Commodity,-0.0050456311588879
2020-01-28,Commodity,-0.009549617487783
2020-01-29,Commodity,-0.0010142572194531
2020-01-30,Commodity,-0.007026893424777
2020-01-31,Commodity,0.0016834023162431
2020-02-03,Commodity,-0.0111372381804402
2020-02-04,Commodity,0.004405229941792
2020-02-05,Commodity,0.0070561844207847
2020-02-06,Commodity,0.0004031570091304
2020-02-07,Commodity,-0.0061303915610944
2020-02-10,Commodity,0.0061437813929064
2020-02-11,Commodity,-0.0098038795907271
2020-02-12,Commodity,-0.0002256310513681
2020-02-13,Commodity,-0.0004851600265696
2020-02-14,Commodity,-0.0007099189366319
2020-02-17,Commodity,0.0001660296444157
2020-02-18,Commodity,0.0029776863951273
2020-02-19,Commodity,0.0022122856659155
2020-02-20,Commodity,-0.0027514001847633
2020-02-24,Commodity,-0.0064083098277584
2020-02-25,Commodity,-0.0040016661845705
2020-02-26,Commodity,0.0029011643582432
2020-02-27,Commodity,-0.0044532462343536
2020-02-28,Commodity,-0.0021385890789382
2020-03-02,Commodity,-0.0009179558713391
2020-03-03,Commodity,0.0001364006405725
2020-03-04,Commodity,0.00298505326516
2020-03-05,Commodity,-0.0038447519902549
2020-03-06,Commodity,-0.0009322908161951
2020-03-09,Commodity,-0.0083148519400396
2020-03-11,Commodity,-0.0032449484994268
2020-03-12,Commodity,-0.013232068710122
2020-03-13,Commodity,0.0110925535795105
2020-03-16,Commodity,-0.0080790825784984
2020-03-17,Commodity,0.0009878452563501
2020-03-18,Commodity,-0.0079652639301853
2020-03-19,Commodity,-0.0114151020578782
2020-03-20,Commodity,0.0265573513007374
2020-03-23,Commodity,-0.0341826294073733
2020-03-24,Commodity,0.0109098638507265
2020-03-25,Commodity,0.0160371966906527
2020-03-26,Commodity,0.0009360170511912
2020-03-27,Commodity,-0.0001106980005799
2020-03-30,Commodity,-0.0090286246036316
2020-03-31,Commodity,0.0156810408375352
2020-04-01,Commodity,-0.0120808004210177
2020-04-03,Commodity,-0.0054909848759002
2020-04-07,Commodity,0.0037100033041024
2020-04-08,Commodity,0.00962019627724
2020-04-09,Commodity,0.00207895686564
2020-04-13,Commodity,-0.0004296689619807
2020-04-15,Commodity,-0.0019328176908688
2020-04-16,Commodity,0.001124548432258
2020-04-17,Commodity,0.0111518282846002
2020-04-20,Commodity,0.0101218118864879
2020-04-21,Commodity,-0.0043459714091671
2020-04-22,Commodity,0.0087143516635283
2020-04-23,Commodity,0.0049293403957652
2020-04-24,Commodity,0.0028802002291167
2020-04-27,Commodity,0.0002167735181737
2020-04-28,Commodity,0.0087768294562765
2020-04-29,Commodity,0.0105396018987235
2020-04-30,Commodity,0.0131128827425252
2020-05-04,Commodity,-0.0152498550066458
2020-05-05,Commodity,-0.0027016789097433
2020-05-06,Commodity,0.0030555206261069
2020-05-07,Commodity,-0.0095750761697843
2020-05-08,Commodity,0.0109098606623927
2020-05-11,Commodity,-0.0001395578052934
2020-05-12,Commodity,0.000980318781958
2020-05-13,Commodity,0.0008047158677163
2020-05-14,Commodity,-0.012893647230857
2020-05-15,Commodity,-0.0035532518703395
2020-05-18,Commodity,-0.0053492768148504
2020-05-19,Commodity,0.0055065374445668
2020-05-20,Commodity,0.0053930286088479
2020-05-21,Commodity,0.0031560949876519
2020-05-22,Commodity,-0.0032936750634623
2020-05-26,Commodity,0.002951804635573
2020-05-27,Commodity,0.0154298981526677
2020-05-28,Commodity,0.0081893453619276
2020-05-29,Commodity,0.0069581838597387
2020-06-01,Commodity,0.0070965178597318
2020-06-02,Commodity,-0.005705824823449
2020-06-03,Commodity,-0.0044155415765892
2020-06-04,Commodity,0.002284221067781
2020-06-05,Commodity,0.0023888209365315
2020-06-08,Commodity,0.0033379614705814
2020-06-09,Commodity,0.0078823340370648
2020-06-10,Commodity,0.0059397617006162
2020-06-11,Commodity,0.0035194855424437
2020-06-12,Commodity,0.0022001301591834
2020-06-15,Commodity,-0.0078359499438755
2020-06-16,Commodity,0.0018968802570055
2020-06-17,Commodity,-0.0052912022152783
2020-06-18,Commodity,0.0138104072510143
2020-06-19,Commodity,0.0079696015480712
2020-06-22,Commodity,0.0046271982498564
2020-06-23,Commodity,0.0107151976116269
2020-06-24,Commodity,-0.0150852739338493
2020-06-25,Commodity,0.0034105562482573
2020-06-26,Commodity,-0.0058347266763489
2020-06-29,Commodity,-0.0012034419125506
2020-06-30,Commodity,-0.0018700202117175
2020-07-01,Commodity,0.0066543831395251
2020-07-02,Commodity,0.0039018142367454
2020-07-03,Commodity,0.0093254982506404
2020-07-06,Commodity,-0.0004643549707446
2020-07-07,Commodity,0.0051236043849959
2020-07-08,Commodity,-0.0005656131133354
2020-07-09,Commodity,-0.0075997350760489
2020-07-10,Commodity,-0.006151400970226
2020-07-13,Commodity,-5.569037128464718e-05
2020-07-14,Commodity,0.0032570554962702
2020-07-15,Commodity,0.00318692453015
2020-07-16,Commodity,-0.0045117726108641
2020-07-17,Commodity,0.0023702208828909
2020-07-20,Commodity,0.0145175030449445
2020-07-21,Commodity,0.003408571382198
2020-07-22,Commodity,-0.0022952153487971
2020-07-23,Commodity,0.0046388698163065
2020-07-24,Commodity,0.0044005287904694
2020-07-27,Commodity,-0.0036509952246497
2020-07-28,Commodity,0.0062473033859975
2020-07-29,Commodity,-0.0035024598457455
2020-07-30,Commodity,0.002718222674827
2020-07-31,Commodity,0.0007011384733665
2020-08-03,Commodity,-0.0001926361467414
2020-08-04,Commodity,-0.0006155148447291
2020-08-05,Commodity,-0.0046123465800505
2020-08-06,Commodity,0.0076474947616312
2020-08-07,Commodity,-2.817779853855418e-05
2020-08-10,Commodity,0.0029107495044835
2020-08-11,Commodity,-0.0007093768071732
2020-08-12,Commodity,0.0053433059410569
2020-08-13,Commodity,-0.0035874667748381
2020-08-14,Commodity,-0.002773694915179
2020-08-17,Commodity,0.0061450990852886
2020-08-18,Commodity,0.0096962177820006
2020-08-19,Commodity,-0.0025376357034585
2020-08-20,Commodity,0.0102716238942142
2020-08-21,Commodity,0.0031296333809331
2020-08-24,Commodity,-0.0043893682764751
2020-08-25,Commodity,0.0025154735853789
2020-08-26,Commodity,-0.0007495307856041
2020-08-27,Commodity,0.0029715230473525
2020-08-28,Commodity,0.0014715016450369
2020-08-31,Commodity,-0.0038205074192483
2020-09-01,Commodity,-0.0038162122902523
2020-09-02,Commodity,0.0072693750345237
2020-09-03,Commodity,-0.0068676667549217
2020-09-04,Commodity,-0.0098115383621419
2020-09-07,Commodity,0.0027782661467855
2020-09-08,Commodity,0.009153040296724
2020-09-09,Commodity,-0.0026109441758897
2020-09-10,Commodity,0.0074427199089139
2020-09-11,Commodity,0.0069055640484948
2020-09-14,Commodity,0.0046624361343941
2020-09-15,Commodity,-0.000238060152904
2020-09-16,Commodity,-0.0049098727730434
2020-09-17,Commodity,-0.0145696908522523
2020-09-18,Commodity,-0.0015706747721269
2020-09-21,Commodity,0.0028460732436382
2020-09-22,Commodity,-0.008267567973843
2020-09-23,Commodity,0.0040103416637036
2020-09-24,Commodity,-0.0113633695996145
2020-09-25,Commodity,0.0053655931547919
2020-09-28,Commodity,0.0076557233224043
2020-09-29,Commodity,-0.0038487008102094
2020-09-30,Commodity,0.0016711083477099
2020-10-01,Commodity,0.0007216705262047
2020-10-05,Commodity,0.005944420743445
2020-10-06,Commodity,0.0043771981058317
2020-10-07,Commodity,0.0018500835035206
2020-10-08,Commodity,0.0111814350822198
2020-10-09,Commodity,0.0055190549192881
2020-10-12,Commodity,-0.0036609341185584
2020-10-13,Commodity,-0.0002556775879088
2020-10-14,Commodity,0.0003571139665927
2020-10-15,Commodity,-0.0041748027359194
2020-10-16,Commodity,0.0167528455320919
2020-10-19,Commodity,0.0043056652806358
2020-10-20,Commodity,-0.0116153497190491
2020-10-21,Commodity,-0.0023700446774514
2020-10-22,Commodity,-0.0120844888813656
2020-10-23,Commodity,-0.0012088814855698
2020-10-26,Commodity,-0.0144496760392672
2020-10-27,Commodity,-0.0029620211570175
2020-10-28,Commodity,-0.0116124509669574
2020-10-29,Commodity,0.0015023726309326
2020-10-30,Commodity,-0.0002834385087002
2020-11-02,Commodity,0.0024773010748159
2020-11-03,Commodity,0.0020467297012286
2020-11-04,Commodity,-0.0065574570476352
2020-11-05,Commodity,0.0068382479986665
2020-11-06,Commodity,0.0140971502758746
2020-11-09,Commodity,0.0058762025791315
2020-11-10,Commodity,0.0003737538249673
2020-11-11,Commodity,-0.0064991947548886
2020-11-12,Commodity,-0.006163766129626
2020-11-13,Commodity,0.0033776320055846
2020-11-17,Commodity,0.0090640321224709
2020-11-18,Commodity,0.0027602072814462
2020-11-19,Commodity,0.0024247900155531
2020-11-20,Commodity,0.0058139313469072
2020-11-23,Commodity,0.0042875013879759
2020-11-24,Commodity,-0.001759572609588
2020-11-25,Commodity,-0.0017705950217675
2020-11-26,Commodity,-0.0028900240952974
2020-11-27,Commodity,2.660644759384435e-05
2020-12-01,Commodity,0.0043457201238651
2020-12-02,Commodity,0.0103444120129112
2020-12-03,Commodity,-0.0073510748602177
2020-12-04,Commodity,0.0049871782577225
2020-12-07,Commodity,0.0105536461996295
2020-12-08,Commodity,0.0053101529568994
2020-12-09,Commodity,0.0072308231141236
2020-12-10,Commodity,0.0029751984500307
2020-12-11,Commodity,0.0085175186456577
2020-12-14,Commodity,-0.0056692337525401
2020-12-15,Commodity,-0.0079724841562629
2020-12-16,Commodity,0.0018549765690622
2020-12-17,Commodity,-0.0119191867433201
2020-12-18,Commodity,0.0078727918248257
2020-12-21,Commodity,0.0012433006573859
2020-12-22,Commodity,-0.0003308465551855
2020-12-23,Commodity,-2.2591742819810193e-05
2020-12-24,Commodity,0.0019444212240442
2020-12-28,Commodity,0.002315134180471
2020-12-29,Commodity,0.0018193623633947
2020-12-30,Commodity,0.0042578115626647
2020-12-31,Commodity,-0.0008386217430774
2021-01-01,Commodity,0.0063848450891629
2021-01-04,Commodity,0.0045078212081739
2021-01-05,Commodity,-0.0024993045021329
2021-01-06,Commodity,0.0074606495974439
2021-01-07,Commodity,-0.0080753758391525
2021-01-08,Commodity,0.0026164498531363
2021-01-11,Commodity,0.0079182480332802
2021-01-12,Commodity,-0.0030517758246263
2021-01-13,Commodity,0.0020765520472286
2021-01-14,Commodity,0.0038822870500589
2021-01-15,Commodity,-0.0071816120395277
2021-01-18,Commodity,-0.0023465963460775
2021-01-19,Commodity,0.0026199231821573
2021-01-20,Commodity,-0.0014087739862211
2021-01-21,Commodity,0.01326779307138
2021-01-22,Commodity,-0.007373072450192
2021-01-25,Commodity,0.0043787478957456
2021-01-27,Commodity,-0.0059689037096624
2021-01-28,Commodity,-0.0084669471896925
2021-01-29,Commodity,-0.0018311990118841
2021-02-01,Commodity,0.0135792625265926
2021-02-02,Commodity,0.0108577717467855
2021-02-03,Commodity,0.011513815198275
2021-02-04,Commodity,0.0193008293454868
2021-02-05,Commodity,0.0020870846938557
2021-02-08,Commodity,-0.0012115924963587
2021-02-09,Commodity,0.0028312432340332
2021-02-10,Commodity,-0.0014343383832605
2021-02-11,Commodity,0.0066401817086139
2021-02-12,Commodity,-0.0077147962627787
2021-02-15,Commodity,0.0164069392227093
2021-02-16,Commodity,0.0053199643836013
2021-02-17,Commodity,-0.0112694878442631
2021-02-18,Commodity,-0.0052370359878066
2021-02-19,Commodity,0.0032815428520776
2021-02-22,Commodity,0.0031724294187114
2021-02-23,Commodity,-0.0069959732541717
2021-02-24,Commodity,0.0082067915941701
2021-02-25,Commodity,-0.0099441966331815
2021-02-26,Commodity,-0.0078631538423434
2021-03-01,Commodity,0.0100713588763639
2021-03-02,Commodity,-0.0009744973122603
2021-03-03,Commodity,-0.0044645940525016
2021-03-04,Commodity,-0.0010852973265622
2021-03-05,Commodity,-0.0053201341056033
2021-03-08,Commodity,0.0042196914099472
2021-03-09,Commodity,-0.00321040347295
2021-03-10,Commodity,-0.0034238013611542
2021-03-12,Commodity,-0.0138219151724101
2021-03-15,Commodity,-0.0001302157263097
2021-03-16,Commodity,-0.0010206264505511
2021-03-17,Commodity,-0.0094674599970141
2021-03-18,Commodity,-0.000857802331746
2021-03-19,Commodity,0.0089198103690705
2021-03-22,Commodity,-0.0011964951452532
2021-03-23,Commodity,0.0028723496984181
2021-03-24,Commodity,-0.0017423679013313
2021-03-25,Commodity,-0.0101120167924355
2021-03-26,Commodity,0.0150861213101702
2021-03-30,Commodity,0.0020318641927763
2021-03-31,Commodity,0.0020565573922951
2021-04-01,Commodity,0.0072202064967579
2021-04-05,Commodity,-0.0037255428722997
2021-04-06,Commodity,0.0044651835994044
2021-04-07,Commodity,0.0035212027240607
2021-04-08,Commodity,-0.0075669247705977
2021-04-09,Commodity,-0.0023173785709041
2021-04-12,Commodity,-0.0105404232749259
2021-04-13,Commodity,0.0001407688531292
2021-04-15,Commodity,-0.0065671221548648
2021-04-16,Commodity,0.0074578587334776
2021-04-19,Commodity,0.0062765602167165
2021-04-20,Commodity,0.0051898532489906
2021-04-22,Commodity,0.0093585268599672
2021-04-23,Commodity,-0.0027674356328077
2021-04-26,Commodity,-0.0016142373524822
2021-04-27,Commodity,-0.0021511936003386
2021-04-28,Commodity,0.0069511605897647
2021-04-29,Commodity,0.0019707403121481
2021-04-30,Commodity,-0.003805492678626
2021-05-03,Commodity,0.0080125939578124
2021-05-04,Commodity,0.000748426638204
2021-05-05,Commodity,-0.0031577539943367
2021-05-06,Commodity,-0.00242217077982
2021-05-07,Commodity,0.0056278093451559
2021-05-10,Commodity,0.0080586816655519
2021-05-11,Commodity,0.002284041155292
2021-05-12,Commodity,0.0095039963257591
2021-05-14,Commodity,0.0097555579766972
2021-05-17,Commodity,0.006189367105499
2021-05-18,Commodity,-0.002352795289834
2021-05-19,Commodity,-0.0086918115520183
2021-05-20,Commodity,-0.0037756456822744
2021-05-21,Commodity,0.0083319078134918
2021-05-24,Commodity,0.0114551041968696
2021-05-25,Commodity,0.0028461509795271
2021-05-26,Commodity,0.0084353410663603
2021-05-27,Commodity,-0.0007960806778176
2021-05-28,Commodity,0.0052119014928681
2021-05-31,Commodity,0.007046758584008
2021-06-01,Commodity,-0.0117796037408526
2021-06-02,Commodity,-0.0022632896492029
2021-06-03,Commodity,0.0073638924307447
2021-06-04,Commodity,0.0015906065527697
2021-06-07,Commodity,-0.0059401739905057
2021-06-08,Commodity,-0.0145273954735196
2021-06-09,Commodity,-0.0033256798606545
2021-06-10,Commodity,0.0010803432258525
2021-06-11,Commodity,-0.0043207115723001
2021-06-14,Commodity,0.0012167439838227
2021-06-15,Commodity,0.0039643631924168
2021-06-16,Commodity,0.0029423964737957
2021-06-17,Commodity,-0.0149014139590521
2021-06-18,Commodity,-0.0077883245161294
2021-06-21,Commodity,-0.0008224182481974
2021-06-22,Commodity,0.0039664462100967
2021-06-23,Commodity,0.0020474542350463
2021-06-24,Commodity,0.004350787846926
2021-06-25,Commodity,-0.0012151698280287
2021-06-28,Commodity,-0.0023414425887193
2021-06-29,Commodity,-0.0050078036968274
2021-06-30,Commodity,0.0044669063879276
2021-07-01,Commodity,-0.005850872172419
2021-07-02,Commodity,0.0058384861684907
2021-07-05,Commodity,0.0028737570834708
2021-07-06,Commodity,-0.0002736173053514
2021-07-07,Commodity,-0.0029639389668632
2021-07-08,Commodity,-0.0098445023125337
2021-07-09,Commodity,-0.0041704133241229
2021-07-12,Commodity,-0.0017443517227519
2021-07-13,Commodity,-0.0124879487704618
2021-07-14,Commodity,-0.0004579525086213
2021-07-15,Commodity,0.0066323586737568
2021-07-16,Commodity,0.0035932622852464
2021-07-19,Commodity,-0.0049250177105213
2021-07-20,Commodity,-0.0010457783937955
2021-07-22,Commodity,-0.000681140791842
2021-07-23,Commodity,0.0014970120653712
2021-07-26,Commodity,0.0090420658360191
2021-07-27,Commodity,0.005025176575219
2021-07-28,Commodity,0.0028541860624879
2021-07-29,Commodity,-0.0018782204833729
2021-07-30,Commodity,0.0045044224578516
2021-08-02,Commodity,-0.0083720616809543
2021-08-03,Commodity,0.0017780702845378
2021-08-04,Commodity,0.0052899170125041
2021-08-05,Commodity,0.005082901790616
2021-08-06,Commodity,0.0035270602409821
2021-08-09,Commodity,0.002215930280106
2021-08-10,Commodity,-0.0007055680637303
2021-08-11,Commodity,0.0034542732325693
2021-08-12,Commodity,-0.0045080871466485
2021-08-13,Commodity,-0.00285516711159
2021-08-16,Commodity,0.0009812129141665
2021-08-17,Commodity,0.0018616415717581
2021-08-18,Commodity,-0.0113044115350237
2021-08-20,Commodity,0.0015022986055721
2021-08-23,Commodity,0.0053950064031961
2021-08-24,Commodity,0.0012899609919225
2021-08-25,Commodity,0.0145677122659029
2021-08-26,Commodity,-0.003870558671698
2021-08-27,Commodity,-0.0011454706626252
2021-08-30,Commodity,0.0005335658675775
2021-08-31,Commodity,0.0021189635673385
2021-09-01,Commodity,-0.0024254958326704
2021-09-02,Commodity,-0.0063915065221494
2021-09-03,Commodity,-0.0020412436106793
2021-09-06,Commodity,0.000240025358907
2021-09-07,Commodity,0.007390728707438
2021-09-08,Commodity,0.0133143977805721
2021-09-09,Commodity,0.008394362965287
2021-09-13,Commodity,-0.0046128938795195
2021-09-14,Commodity,-0.0036902274051251
2021-09-15,Commodity,0.0008487376114686
2021-09-16,Commodity,0.0121636802858229
2021-09-17,Commodity,-0.0012956738332138
2021-09-20,Commodity,-0.0099060559191711
2021-09-21,Commodity,-0.0009090280492254
2021-09-22,Commodity,0.0045675312122033
2021-09-23,Commodity,0.0074889473348128
2021-09-24,Commodity,-0.000661850005251
2021-09-27,Commodity,0.0043217771179196
2021-09-28,Commodity,-0.0146319697133118
2021-09-29,Commodity,0.0004026737644787
2021-09-30,Commodity,0.004312237324064
2021-10-01,Commodity,-0.0057745763408863
2021-10-04,Commodity,-0.0030019377027502
2021-10-05,Commodity,-0.0095171567325915
2021-10-06,Commodity,0.0077609445948062
2021-10-07,Commodity,-0.0024848634589218
2021-10-08,Commodity,0.0028249842192719
2021-10-11,Commodity,0.0043906934757721
2021-10-12,Commodity,0.0097850582037662
2021-10-13,Commodity,0.0011641329259285
2021-10-14,Commodity,-0.0010896212145267
2021-10-18,Commodity,0.0027488851179673
2021-10-19,Commodity,0.0072734201122544
2021-10-20,Commodity,-0.0024731602308207
2021-10-21,Commodity,-0.0064981961488449
2021-10-22,Commodity,-0.0097398804668056
2021-10-25,Commodity,-0.0070118576420292
2021-10-26,Commodity,0.00696424516238
2021-10-27,Commodity,-0.0023527145906094
2021-10-28,Commodity,-0.0073295931443369
2021-10-29,Commodity,-0.0061745064918847
2021-11-01,Commodity,0.0036302061727026
2021-11-02,Commodity,-0.0016907402168618
2021-11-03,Commodity,-0.002106803031827
2021-11-04,Commodity,0.0092786188000613
2021-11-08,Commodity,0.011122038499607
2021-11-09,Commodity,-0.0097291143245083
2021-11-10,Commodity,0.0018657292258507
2021-11-11,Commodity,-0.0060552006937827
2021-11-12,Commodity,0.0012746146536995
2021-11-15,Commodity,0.0021296835822244
2021-11-16,Commodity,-0.0022939158919367
2021-11-17,Commodity,0.0004655003779333
2021-11-18,Commodity,0.0027421821074993
2021-11-22,Commodity,-0.0019532136167894
2021-11-23,Commodity,-0.0026842782384459
2021-11-24,Commodity,-0.0045841339893848
2021-11-25,Commodity,-0.0070463412791017
2021-11-26,Commodity,-0.010737772622675
2021-11-29,Commodity,0.0122954370062489
2021-11-30,Commodity,-0.0053817412835658
2021-12-01,Commodity,-0.0047969446405786
2021-12-02,Commodity,0.0048544813915553
2021-12-03,Commodity,-0.00281772572923
2021-12-06,Commodity,-0.0042817433362952
2021-12-07,Commodity,0.0117815855148024
2021-12-08,Commodity,0.0069069497589265
2021-12-09,Commodity,-0.0024407442714842
2021-12-10,Commodity,-0.0024102096845125
2021-12-13,Commodity,-0.0044493301068067
2021-12-14,Commodity,0.0049492554932171
2021-12-15,Commodity,-0.0028436978410468
2021-12-16,Commodity,-0.0102453576646189
2021-12-17,Commodity,-0.00314180886708
2021-12-20,Commodity,-0.0133906652626431
2021-12-21,Commodity,0.0151911246993712
2021-12-22,Commodity,-0.0033925732841647
2021-12-23,Commodity,0.0006106726503791
2021-12-24,Commodity,0.0009426654323707
2021-12-27,Commodity,-0.0005615747819096
2021-12-28,Commodity,0.0001804994260115
2021-12-29,Commodity,0.00250291165917
2021-12-30,Commodity,0.0092451705628813
2021-12-31,Commodity,0.006550020842425
2022-01-03,Commodity,0.0122017464338828
2022-01-04,Commodity,-0.0040423398015081
2022-01-05,Commodity,0.0034520928464705
2022-01-06,Commodity,-0.0008696071802097
2022-01-07,Commodity,0.0030593844802867
2022-01-10,Commodity,0.0105974556081877
2022-01-11,Commodity,-0.0005420726482318
2022-01-12,Commodity,-0.0004983970529584
2022-01-13,Commodity,0.0039030095306304
2022-01-14,Commodity,-0.0104916810781452
2022-01-17,Commodity,-0.0006475986415005
2022-01-18,Commodity,-0.0027359242492974
2022-01-19,Commodity,-0.0072505997846297
2022-01-20,Commodity,0.00451987283598
2022-01-21,Commodity,-0.0077485909649934
2022-01-24,Commodity,-0.0059288193276594
2022-01-25,Commodity,0.0034616415962766
2022-01-27,Commodity,0.0063783627859311
2022-01-28,Commodity,4.0798155293024274e-05
2022-01-31,Commodity,0.0085990651389552
2022-02-01,Commodity,0.0071371601060368
2022-02-02,Commodity,0.0032523130540947
2022-02-03,Commodity,-0.0088095301824866
2022-02-04,Commodity,-0.0089074616970491
2022-02-07,Commodity,-0.0026171901770095
2022-02-08,Commodity,-0.002438641718492
2022-02-09,Commodity,0.0079979970161569
2022-02-10,Commodity,0.0063019193256162
2022-02-11,Commodity,-0.003532925349185
2022-02-14,Commodity,-0.0128695221227063
2022-02-15,Commodity,0.0093162385744391
2022-02-16,Commodity,-0.0062563506289839
2022-02-17,Commodity,-0.0045539864814232
2022-02-18,Commodity,-0.006003561553221
2022-02-21,Commodity,-0.0014373175232611
2022-02-22,Commodity,0.0058908407909072
2022-02-23,Commodity,-0.0001689871044599
2022-02-24,Commodity,-0.0120155198487334
2022-02-25,Commodity,-0.0039013575583415
2022-02-28,Commodity,0.0051395543664523
2022-03-02,Commodity,-0.0067207542601588
2022-03-03,Commodity,-0.0003944097307348
2022-03-04,Commodity,-0.0049887180969662
2022-03-07,Commodity,0.000523726369607
2022-03-08,Commodity,0.0011515369497254
2022-03-09,Commodity,0.0039916998905205
2022-03-10,Commodity,0.0061679603228276
2022-03-11,Commodity,0.0132700718438484
2022-03-14,Commodity,0.0084271945906929
2022-03-15,Commodity,-0.0028009279387541
2022-03-16,Commodity,0.003968208040613
2022-03-17,Commodity,0.000723240909355
2022-03-21,Commodity,-0.0074604147152109
2022-03-22,Commodity,-0.0008042600719667
2022-03-23,Commodity,-0.0052396808733172
2022-03-24,Commodity,0.0038546315613965
2022-03-25,Commodity,-0.0070371443253939
2022-03-28,Commodity,0.0090037873582528
2022-03-29,Commodity,0.0059119157567123
2022-03-30,Commodity,0.0023195034926449
2022-03-31,Commodity,-0.0001809837636099
2022-04-01,Commodity,-0.0007880948059688
2022-04-04,Commodity,0.0061548747360834
2022-04-05,Commodity,0.0056650432199571
2022-04-06,Commodity,-0.0056867748382492
2022-04-07,Commodity,-0.0108883007545028
2022-04-08,Commodity,0.0060610614072995
2022-04-11,Commodity,0.0009158962502801
2022-04-12,Commodity,-0.0081579549368975
2022-04-13,Commodity,-0.0048238445511547
2022-04-18,Commodity,-0.0084108632463303
2022-04-19,Commodity,-0.006651029375499
2022-04-20,Commodity,0.0003559523950624
2022-04-21,Commodity,0.0015890518247447
2022-04-22,Commodity,-0.0062420524514443
2022-04-25,Commodity,-0.0068880074298599
2022-04-26,Commodity,0.0017393182597251
2022-04-27,Commodity,-0.0006821395128657
2022-04-28,Commodity,0.0007279225599978
2022-04-29,Commodity,0.0054993540637088
2022-05-02,Commodity,0.0028573428624512
2022-05-04,Commodity,-0.0139323118315394
2022-05-05,Commodity,0.003402936235217
2022-05-06,Commodity,0.0005795795675422
2022-05-09,Commodity,-0.0037416463461813
2022-05-10,Commodity,-0.0095293793014373
2022-05-11,Commodity,-0.0006499981084368
2022-05-12,Commodity,-0.0042886023372506
2022-05-13,Commodity,-0.0068569220722229
2022-05-16,Commodity,-0.0077450691831361
2022-05-17,Commodity,0.0049390659016888
2022-05-18,Commodity,-0.001432175553555
2022-05-19,Commodity,-0.0076101372587702
2022-05-20,Commodity,0.0054777433503784
2022-05-23,Commodity,-0.007049262689296
2022-05-24,Commodity,-0.0035134745305437
2022-05-25,Commodity,0.0021677063468129
2022-05-26,Commodity,-9.834301830867108e-05
2022-05-27,Commodity,-0.0075770653909708
2022-05-30,Commodity,0.0011424873522511
2022-05-31,Commodity,-0.0071434375777481
2022-06-01,Commodity,0.0010575364375371
2022-06-02,Commodity,0.0033870254189056
2022-06-03,Commodity,-0.0102782577908096
2022-06-06,Commodity,0.0045761987534671
2022-06-07,Commodity,-0.0083223070089665
2022-06-08,Commodity,0.0088229016197356
2022-06-09,Commodity,0.001397287961334
2022-06-10,Commodity,-0.0106319006740549
2022-06-13,Commodity,-0.0119278662471979
2022-06-14,Commodity,0.0017522498595269
2022-06-15,Commodity,-0.0026556682156614
2022-06-16,Commodity,-0.0046056130285668
2022-06-17,Commodity,0.0090030226708542
2022-06-20,Commodity,-0.0032546216662454
2022-06-21,Commodity,0.0043206447170716
2022-06-22,Commodity,0.0058352139071748
2022-06-23,Commodity,0.0036831703567202
2022-06-24,Commodity,-0.0076063218944421
2022-06-27,Commodity,0.0049241321459378
2022-06-28,Commodity,-0.0065487304674783
2022-06-29,Commodity,0.0079960509703332
2022-06-30,Commodity,-0.0049758218782684
2022-07-01,Commodity,0.0176596457847702
2022-07-04,Commodity,0.0100618935799271
2022-07-05,Commodity,-0.0048891096974568
2022-07-06,Commodity,0.0025837207714697
2022-07-07,Commodity,0.0065117640961028
2022-07-08,Commodity,0.0059891724186737
2022-07-11,Commodity,0.0027973043743305
2022-07-12,Commodity,0.005767959213009
2022-07-13,Commodity,-0.0016792721801107
2022-07-14,Commodity,-0.0023510370579183
2022-07-15,Commodity,-0.0004939923902701
2022-07-18,Commodity,0.008207700223488
2022-07-19,Commodity,0.0031534390960407
2022-07-20,Commodity,0.0041544796955353
2022-07-21,Commodity,0.0059931494448022
2022-07-22,Commodity,-0.0107308552550001
2022-07-25,Commodity,0.0010023730808993
2022-07-26,Commodity,-0.0002581782803107
2022-07-27,Commodity,0.0121292839760916
2022-07-28,Commodity,-0.0055127816688434
2022-07-29,Commodity,0.0122443105595563
2022-08-01,Commodity,0.0027715611072358
2022-08-02,Commodity,0.0031962027167214
2022-08-03,Commodity,0.0107478743974293
2022-08-04,Commodity,0.0034938252865463
2022-08-05,Commodity,0.0027805551515722
2022-08-08,Commodity,0.0031206200491435
2022-08-10,Commodity,-0.0025907365900062
2022-08-11,Commodity,0.0014462511267026
2022-08-12,Commodity,-0.0036496722066237
2022-08-16,Commodity,0.0013689024721533
2022-08-17,Commodity,-0.0124803995425639
2022-08-18,Commodity,0.0029107713926156
2022-08-19,Commodity,-0.0027363186720905
2022-08-22,Commodity,-0.0048326884294683
2022-08-23,Commodity,0.0025110849387417
2022-08-24,Commodity,-0.0080890613218916
2022-08-25,Commodity,0.0108383835358743
2022-08-26,Commodity,-5.536630562674228e-07
2022-08-29,Commodity,-0.0034770643827439
2022-08-30,Commodity,-0.0004355245029924
2022-09-01,Commodity,-0.0020944807597259
2022-09-02,Commodity,0.00848354922295
2022-09-05,Commodity,0.0078562672707945
2022-09-06,Commodity,0.00521113588175
2022-09-07,Commodity,0.0031249736116747
2022-09-08,Commodity,2.7247427742255453e-05
2022-09-09,Commodity,-0.0081121920438663
2022-09-12,Commodity,0.0001489065014492
2022-09-13,Commodity,0.0002756115987939
2022-09-14,Commodity,0.0057589471036762
2022-09-15,Commodity,0.0006527505211756
2022-09-16,Commodity,0.0059968985377123
2022-09-19,Commodity,0.0084276689587263
2022-09-20,Commodity,-0.0003372116799785
2022-09-21,Commodity,-0.0116697762672095
2022-09-22,Commodity,0.0075139358722683
2022-09-23,Commodity,0.0049251758929003
2022-09-26,Commodity,-0.0115875338978646
2022-09-27,Commodity,0.0091508299485241
2022-09-28,Commodity,0.0007428673304761
2022-09-29,Commodity,0.0006836460349331
2022-09-30,Commodity,0.0131738507187377
2022-10-03,Commodity,0.0058462581496255
2022-10-04,Commodity,0.008690719898515
2022-10-06,Commodity,0.0037050312220833
2022-10-07,Commodity,0.0037004591223819
2022-10-10,Commodity,-0.0030510737715245
2022-10-11,Commodity,-0.00311708533838
2022-10-12,Commodity,-0.0035646738596433
2022-10-13,Commodity,-0.003074255408997
2022-10-14,Commodity,1.4374328763868715e-05
2022-10-17,Commodity,-0.0021443148255668
2022-10-18,Commodity,0.0030439361907179
2022-10-19,Commodity,-0.0014545175200296
2022-10-20,Commodity,0.0038038432319606
2022-10-21,Commodity,-0.0093932769226333
2022-10-24,Commodity,0.0012773425107085
2022-10-25,Commodity,0.0001500854357239
2022-10-27,Commodity,-0.0007507938640279
2022-10-28,Commodity,-0.0002722351499063
2022-10-31,Commodity,-0.0067770299852663
2022-11-01,Commodity,0.0038178732724955
2022-11-02,Commodity,0.0033961963690934
2022-11-03,Commodity,0.0028277543035358
2022-11-04,Commodity,0.0071463959877907
2022-11-07,Commodity,0.0023546948797173
2022-11-09,Commodity,0.0025688592367143
2022-11-10,Commodity,-0.0002822007501808
2022-11-11,Commodity,0.0078919389669616
2022-11-14,Commodity,-0.0094873469171036
2022-11-15,Commodity,-0.0043513009556779
2022-11-16,Commodity,0.0097893201725183
2022-11-17,Commodity,-0.015276914211541
2022-11-18,Commodity,-0.0010362943216629
2022-11-21,Commodity,0.005620103849533
2022-11-22,Commodity,0.0005683020374871
2022-11-23,Commodity,-0.0019773748090433
2022-11-24,Commodity,0.0033507200388578
2022-11-25,Commodity,-0.0016087206879969
2022-11-28,Commodity,0.0009252652189553
2022-11-29,Commodity,-0.0033044609103707
2022-11-30,Commodity,0.0083591734448181
2022-12-01,Commodity,0.0093169365931949
2022-12-02,Commodity,-0.0018378211685501
2022-12-05,Commodity,-0.0080659717670222
2022-12-06,Commodity,-0.0035665617536996
2022-12-07,Commodity,-0.0017863125106975
2022-12-08,Commodity,0.0037596157336047
2022-12-09,Commodity,-0.0070598358202199
2022-12-12,Commodity,-0.0044090184253134
2022-12-13,Commodity,0.0044626156000888
2022-12-14,Commodity,0.0063955852068762
2022-12-15,Commodity,-0.0061597511420908
2022-12-16,Commodity,-0.0093838929272943
2022-12-19,Commodity,0.0215627005455126
2022-12-20,Commodity,0.0045182013146443
2022-12-21,Commodity,-0.0034275664993139
2022-12-22,Commodity,0.0046256871060146
2022-12-23,Commodity,-0.0040833718291101
2022-12-26,Commodity,0.0077368679133024
2022-12-27,Commodity,0.0024630901096554
2022-12-28,Commodity,0.0006395283813591
2022-12-29,Commodity,0.0002744751308001
2022-12-30,Commodity,-0.0094265035881569
2023-01-02,Commodity,0.0128464860674304
2023-01-03,Commodity,-0.0050634179966348
2023-01-04,Commodity,-0.0100399553552693
2023-01-05,Commodity,-0.0016402471543947
2023-01-06,Commodity,-0.0070439316221522
2023-01-09,Commodity,0.0025969735983364
2023-01-10,Commodity,0.0022598821411789
2023-01-11,Commodity,0.0059658219027171
2023-01-12,Commodity,0.0046692892215522
2023-01-13,Commodity,-0.0005317731450364
2023-01-16,Commodity,-0.0001902184485443
2023-01-17,Commodity,0.0044181880077497
2023-01-18,Commodity,-0.0091054132789404
2023-01-19,Commodity,0.0029904347808679
2023-01-20,Commodity,-0.0094295907865408
2023-01-23,Commodity,0.0134505348125646
2023-01-24,Commodity,-0.0022298501104587
2023-01-25,Commodity,-0.00340784698817
2023-01-27,Commodity,-0.0076330919766628
2023-01-30,Commodity,-0.0030731316696649
2023-01-31,Commodity,0.0139941586708929
2023-02-01,Commodity,0.0053230332266068
2023-02-02,Commodity,-0.009162202521495
2023-02-03,Commodity,0.0119923966656894
2023-02-06,Commodity,0.0063574270186745
2023-02-07,Commodity,-0.001972505066815
2023-02-08,Commodity,0.0037352889371153
2023-02-09,Commodity,0.0003537371131464
2023-02-10,Commodity,0.0116224878530806
2023-02-13,Commodity,-0.0055364912739575
2023-02-14,Commodity,0.0028649343996535
2023-02-15,Commodity,-0.0014095778270696
2023-02-16,Commodity,-0.0081762157075285
2023-02-17,Commodity,0.0123335159924596
2023-02-20,Commodity,-0.0079995031706426
2023-02-21,Commodity,0.0013201498263282
2023-02-22,Commodity,-0.0133002762645985
2023-02-23,Commodity,-0.0026849102310554
2023-02-24,Commodity,0.0022127269838509
2023-02-27,Commodity,-0.0055854861661752
2023-02-28,Commodity,0.0027002679571567
2023-03-01,Commodity,0.0002842232027987
2023-03-02,Commodity,0.0056820613304307
2023-03-03,Commodity,0.0115162852060069
2023-03-06,Commodity,-0.0019893638407066
2023-03-08,Commodity,0.0011454074041869
2023-03-09,Commodity,-0.0005557246211616
2023-03-10,Commodity,0.0019069628454911
2023-03-13,Commodity,-0.0026839152088596
2023-03-14,Commodity,4.712965088481428e-05
2023-03-15,Commodity,-0.0020953755965076
2023-03-16,Commodity,0.0010499249380582
2023-03-17,Commodity,0.0093352670856065
2023-03-20,Commodity,0.0027706508032726
2023-03-21,Commodity,0.005809662426009
2023-03-22,Commodity,0.0050574970946015
2023-03-23,Commodity,-0.0015973913282149
2023-03-24,Commodity,0.000568775595759
2023-03-27,Commodity,-0.0058312744018646
2023-03-28,Commodity,0.0074125091656307
2023-03-29,Commodity,-0.014975791276195
2023-03-31,Commodity,0.0029445494349122
2023-04-03,Commodity,0.0074866354576538
2023-04-05,Commodity,-0.0061554166383037
2023-04-06,Commodity,0.0030782544627885
2023-04-10,Commodity,-0.0036016260350871
2023-04-11,Commodity,-0.0008978659267403
2023-04-12,Commodity,0.006892439356126
2023-04-13,Commodity,0.0015634960435651
2023-04-17,Commodity,-0.0133652376374722
2023-04-18,Commodity,-0.0061860239040383
2023-04-19,Commodity,0.0055831578060844
2023-04-20,Commodity,0.0029583512364371
2023-04-21,Commodity,0.0106842920172556
2023-04-24,Commodity,0.0116502803153928
2023-04-25,Commodity,-0.0015620992421011
2023-04-26,Commodity,0.0157185993827193
2023-04-27,Commodity,0.0014859085811502
2023-04-28,Commodity,-0.0039020084857145
2023-05-02,Commodity,-0.0026868058090809
2023-05-03,Commodity,-0.0139773563047117
2023-05-04,Commodity,0.0116768575709564
2023-05-05,Commodity,0.0077220905611551
2023-05-08,Commodity,-0.003730220009215
2023-05-09,Commodity,-0.0011503456539475
2023-05-10,Commodity,0.0013118093648422
2023-05-11,Commodity,-0.0057597651699381
2023-05-12,Commodity,-0.0101360362325523
2023-05-15,Commodity,-0.0001443215182241
2023-05-16,Commodity,-0.0029477443381676
2023-05-17,Commodity,-0.0032761213436167
2023-05-18,Commodity,0.0009664856450655
2023-05-19,Commodity,0.0095873923869942
2023-05-22,Commodity,-0.000399003953009
2023-05-23,Commodity,0.0015895781061005
2023-05-24,Commodity,0.003878864200078
2023-05-25,Commodity,0.0039158798964197
2023-05-26,Commodity,-0.0015412569811121
2023-05-29,Commodity,0.0018518224404769
2023-05-30,Commodity,0.0038637526089509
2023-05-31,Commodity,-0.0076375119253297
2023-06-01,Commodity,0.0072778415660543
2023-06-02,Commodity,0.0092909423033756
2023-06-05,Commodity,-0.0034919240180394
2023-06-06,Commodity,0.0014174189729732
2023-06-07,Commodity,0.0054236398677319
2023-06-08,Commodity,-0.004054648790705
2023-06-09,Commodity,0.0023260436233016
2023-06-12,Commodity,0.00159001468876
2023-06-13,Commodity,-0.0073748085779689
2023-06-14,Commodity,0.0033797347327515
2023-06-15,Commodity,-0.0071238353179326
2023-06-16,Commodity,0.0073110267803768
2023-06-19,Commodity,-0.0045767701292267
2023-06-20,Commodity,-0.0001145690884671
2023-06-21,Commodity,0.0088604262300138
2023-06-22,Commodity,0.0022704011156922
2023-06-23,Commodity,-0.0074035665646604
2023-06-26,Commodity,-0.0056141334420991
2023-06-27,Commodity,-0.0020454360483199
2023-06-28,Commodity,0.0042120790626049
2023-06-30,Commodity,0.0046368538423103
2023-07-03,Commodity,-0.0034671953412384
2023-07-04,Commodity,-0.006115467609859
2023-07-05,Commodity,0.0019874941382874
2023-07-06,Commodity,0.0001274831215103
2023-07-07,Commodity,0.0114456244331427
2023-07-10,Commodity,0.000668948007319
2023-07-11,Commodity,0.0119483029726892
2023-07-12,Commodity,-0.0073891874829211
2023-07-13,Commodity,-0.0089354315602552
2023-07-14,Commodity,-0.0049674878088677
2023-07-17,Commodity,0.008836981338929
2023-07-18,Commodity,0.0111201509087677
2023-07-19,Commodity,-0.0036434202494193
2023-07-20,Commodity,-0.0010911136906575
2023-07-21,Commodity,-0.009157832886936
2023-07-24,Commodity,-0.0114057255413074
2023-07-25,Commodity,0.0045943442552262
2023-07-26,Commodity,0.0025309896552799
2023-07-27,Commodity,-0.0009343477641311
2023-07-28,Commodity,-0.0083412311817371
2023-07-31,Commodity,0.0111366526582838
2023-08-01,Commodity,-0.0030251642637019
2023-08-02,Commodity,0.0013038086939068
2023-08-03,Commodity,-0.0100115055148506
2023-08-04,Commodity,0.0004535267163026
2023-08-07,Commodity,0.002771127110952
2023-08-08,Commodity,0.0018925042153986
2023-08-09,Commodity,0.0017584328363724
2023-08-10,Commodity,0.0022558812606894
2023-08-11,Commodity,-0.0077579499685159
2023-08-14,Commodity,0.0014485747642004
2023-08-16,Commodity,0.0011958975036768
2023-08-17,Commodity,0.0005651195883452
2023-08-18,Commodity,6.501477869594362e-05
2023-08-21,Commodity,-0.0065749724608416
2023-08-22,Commodity,-0.0076774114011078
2023-08-23,Commodity,-0.012595305135298
2023-08-24,Commodity,0.0045158141229475
2023-08-25,Commodity,0.0039187143035948
2023-08-28,Commodity,0.0056791405951129
2023-08-29,Commodity,0.0024198914696409
2023-08-30,Commodity,-0.0125490961690333
2023-08-31,Commodity,-0.0069283330713892
2023-09-01,Commodity,0.0031078345433421
2023-09-04,Commodity,0.0019752747570792
2023-09-05,Commodity,-0.0006643700751639
2023-09-06,Commodity,0.0027828577470113
2023-09-07,Commodity,0.0014529167182675
2023-09-08,Commodity,0.0018664608666231
2023-09-11,Commodity,-0.0018543633129819
2023-09-12,Commodity,0.0060605562593516
2023-09-13,Commodity,-0.0016163605980934
2023-09-14,Commodity,-0.0074540528501417
2023-09-15,Commodity,-0.0035380713014775
2023-09-18,Commodity,-0.0024756605173915
2023-09-20,Commodity,0.0038603667411266
2023-09-21,Commodity,-0.0016519958239084
2023-09-22,Commodity,-0.0016067728456168
2023-09-25,Commodity,-0.0072889229351978
2023-09-26,Commodity,0.0048127503045623
2023-09-27,Commodity,-0.0031853890844076
2023-09-28,Commodity,-0.0023568930870027
2023-09-29,Commodity,0.0102566018447249
2023-10-03,Commodity,0.002136895055402
2023-10-04,Commodity,-0.0105183857405571
2023-10-05,Commodity,-0.0092887445970576
2023-10-06,Commodity,0.0009166787724948
2023-10-09,Commodity,-0.0085128330410182
2023-10-10,Commodity,0.005910641081046
2023-10-11,Commodity,0.0016877168155313
2023-10-12,Commodity,0.0010171604317418
2023-10-13,Commodity,-0.0044744210859135
2023-10-16,Commodity,0.0104528613805944
2023-10-17,Commodity,0.0180639042536025
2023-10-18,Commodity,-0.0028888708908077
2023-10-19,Commodity,0.0018464734482411
2023-10-20,Commodity,-5.167515853284348e-05
2023-10-23,Commodity,-0.0040281826657575
2023-10-25,Commodity,-0.0064478701529809
2023-10-26,Commodity,-0.0090804209073523
2023-10-27,Commodity,-0.004598443527661
2023-10-30,Commodity,0.0036147883072278
2023-10-31,Commodity,-0.0035585682658017
2023-11-01,Commodity,-0.0162178820154305
2023-11-02,Commodity,0.0043868539750433
2023-11-03,Commodity,0.0009880284728813
2023-11-06,Commodity,0.0101640186882052
2023-11-07,Commodity,0.0023866959908503
2023-11-08,Commodity,-0.0082927830462053
2023-11-09,Commodity,-0.0136738473183429
2023-11-10,Commodity,-0.0038069775168609
2023-11-13,Commodity,-0.003363248443875
2023-11-15,Commodity,0.0082443059077218
2023-11-16,Commodity,0.0010590788624624
2023-11-17,Commodity,0.0066641790445669
2023-11-20,Commodity,-0.0081321441166921
2023-11-21,Commodity,0.0068994810013674
2023-11-22,Commodity,0.0048135418859025
2023-11-23,Commodity,-0.0120088361660919
2023-11-24,Commodity,0.0080619692306774
2023-11-28,Commodity,0.0017206038783962
2023-11-29,Commodity,0.0046327448459219
2023-11-30,Commodity,-0.0046256257718262
2023-12-01,Commodity,0.0091900703996331
2023-12-04,Commodity,-0.0027814801746793
2023-12-05,Commodity,0.0068196652622931
2023-12-06,Commodity,0.0059157735042921
2023-12-07,Commodity,-0.0059941243815127
2023-12-08,Commodity,0.0127533156974769
2023-12-11,Commodity,0.0018533579179777
2023-12-12,Commodity,0.003259434258791
2023-12-13,Commodity,-0.008771881600763
2023-12-14,Commodity,0.0153563974760427
2023-12-15,Commodity,-0.0045607858011721
2023-12-18,Commodity,0.0059951160597764
2023-12-19,Commodity,-0.0054469553362756
2023-12-20,Commodity,-0.0063382260359327
2023-12-21,Commodity,0.0059244830786173
2023-12-22,Commodity,0.007253101593373
2023-12-26,Commodity,-0.0065663303078631
2023-12-27,Commodity,0.0087333829984875
2023-12-28,Commodity,0.0076146592323584
2023-12-29,Commodity,-0.0058620790678784
2024-01-01,Commodity,0.0098885199229891
2024-01-02,Commodity,-0.009241172979693
2024-01-03,Commodity,-0.0049190087717995
2024-01-04,Commodity,0.0043869097818218
2024-01-05,Commodity,-0.0044393612624945
2024-01-08,Commodity,-3.922722305255621e-05
2024-01-09,Commodity,0.0019425528738331
2024-01-10,Commodity,-0.0002369025713002
2024-01-11,Commodity,0.0054580638682136
2024-01-12,Commodity,0.0011151337715953
2024-01-15,Commodity,0.0034426613518525
2024-01-16,Commodity,0.0064891845880184
2024-01-17,Commodity,0.0007652385577385
2024-01-18,Commodity,0.0038990494431381
2024-01-19,Commodity,-0.0052026861760096
2024-01-23,Commodity,-0.0001994131355389
2024-01-24,Commodity,-0.0030449985315868
2024-01-25,Commodity,-0.0084333006297481
2024-01-29,Commodity,0.0033758802127391
2024-01-30,Commodity,-0.0072085107404061
2024-01-31,Commodity,0.0068357113968404
2024-02-01,Commodity,0.0048271520833411
2024-02-02,Commodity,-0.00977455978357
2024-02-05,Commodity,-0.0055211862536229
2024-02-06,Commodity,-0.0071100396112017
2024-02-07,Commodity,-0.0025657470280816
2024-02-08,Commodity,0.0009926505970383
2024-02-09,Commodity,-0.0006592822111013
2024-02-12,Commodity,-0.0048668393301499
2024-02-13,Commodity,0.0091779551631803
2024-02-14,Commodity,-0.0127387445785853
2024-02-15,Commodity,0.0082686585988765
2024-02-16,Commodity,-0.0018795611544807
2024-02-19,Commodity,0.000471347700979
2024-02-20,Commodity,-0.0022888489117188
2024-02-21,Commodity,0.0081787886311686
2024-02-22,Commodity,-0.0057132066092032
2024-02-23,Commodity,0.0002276590342935
2024-02-26,Commodity,0.0025484462093927
2024-02-27,Commodity,-0.0087762177375817
2024-02-28,Commodity,-0.0075465745846666
2024-02-29,Commodity,-0.0004007000672512
2024-03-01,Commodity,-0.0018815564680925
2024-03-04,Commodity,-0.0040950425695677
2024-03-05,Commodity,-0.0023392340798661
2024-03-06,Commodity,0.0051508822982838
2024-03-07,Commodity,-0.0016827731920264
2024-03-11,Commodity,0.0052399214064834
2024-03-12,Commodity,-0.0057592429225869
2024-03-13,Commodity,-0.010338078616924
2024-03-14,Commodity,0.0131123156248877
2024-03-15,Commodity,-0.0048612424914568
2024-03-18,Commodity,-0.0073716964819593
2024-03-19,Commodity,-0.0124127629786887
2024-03-20,Commodity,0.0068490893009896
2024-03-21,Commodity,-0.0002648899479987
2024-03-22,Commodity,-0.0005517607101968
2024-03-26,Commodity,-0.0015883715375796
2024-03-27,Commodity,0.007358800664649
2024-03-28,Commodity,0.0009602212118532
2024-04-01,Commodity,0.0154745185086141
2024-04-02,Commodity,0.0009251062388227
2024-04-03,Commodity,0.0064045825536761
2024-04-04,Commodity,0.0057446216450991
2024-04-05,Commodity,-2.713328104080565e-05
2024-04-08,Commodity,-0.0019661929655598
2024-04-09,Commodity,0.001983979205991
2024-04-10,Commodity,0.0042414872100897
2024-04-12,Commodity,-0.0052958348516091
2024-04-15,Commodity,-0.0009947462419562
2024-04-16,Commodity,0.0064983648173631
2024-04-18,Commodity,0.0112466372643544
2024-04-19,Commodity,0.0067005696598178
2024-04-22,Commodity,0.0130869513148771
2024-04-23,Commodity,-0.0032933025475312
2024-04-24,Commodity,0.0047188792654405
2024-04-25,Commodity,0.009730502972831
2024-04-26,Commodity,-0.0065107253940086
2024-04-29,Commodity,-0.0007202161585095
2024-04-30,Commodity,0.0102869251078835
2024-05-02,Commodity,-0.0052670505752788
2024-05-03,Commodity,-0.0093687520552449
2024-05-06,Commodity,0.0090729026787011
2024-05-07,Commodity,0.0061311822307262
2024-05-08,Commodity,0.0027927214639026
2024-05-09,Commodity,-0.0031680880902558
2024-05-10,Commodity,-0.001541253204642
2024-05-13,Commodity,0.002334686860962
2024-05-14,Commodity,0.0107085066619504
2024-05-15,Commodity,0.0014756766630617
2024-05-16,Commodity,0.0150332311387347
2024-05-17,Commodity,-0.0046319438450463
2024-05-21,Commodity,0.0006423258075511
2024-05-22,Commodity,-0.0014280289109934
2024-05-23,Commodity,-0.0030375253372773
2024-05-24,Commodity,-0.0008103775448017
2024-05-27,Commodity,0.0024892240247246
2024-05-28,Commodity,0.0029590391961877
2024-05-29,Commodity,0.0116196899482151
2024-05-30,Commodity,0.0010836848867055
2024-05-31,Commodity,0.0074747768167204
2024-06-03,Commodity,0.0071050290168644
2024-06-04,Commodity,-0.0015903862805665
2024-06-05,Commodity,0.0213155430655355
2024-06-06,Commodity,0.0051641206347032
2024-06-07,Commodity,-0.001647967799348
2024-06-10,Commodity,-0.0033586177881455
2024-06-11,Commodity,0.0019401921060748
2024-06-12,Commodity,0.0034384507943317
2024-06-13,Commodity,0.0050418507012092
2024-06-14,Commodity,0.0035312916704333
2024-06-18,Commodity,0.0010285996549277
2024-06-19,Commodity,-0.0039729132704536
2024-06-20,Commodity,0.0030405768035098
2024-06-21,Commodity,0.0107706642422658
2024-06-24,Commodity,0.0066323229557883
2024-06-25,Commodity,0.0049669996686002
2024-06-26,Commodity,0.007621009567304
2024-06-27,Commodity,-0.0005541759936961
2024-06-28,Commodity,-0.0031315712930192
2024-07-01,Commodity,-0.0031926137563808
2024-07-02,Commodity,-0.0007016629678859
2024-07-03,Commodity,-0.0009835740587099
2024-07-04,Commodity,0.0075785298440734
2024-07-05,Commodity,-0.002473361916123
2024-07-08,Commodity,-0.0046434545246241
2024-07-09,Commodity,0.0127818272701864
2024-07-10,Commodity,-0.0033984336260414
2024-07-11,Commodity,0.0010512822134592
2024-07-12,Commodity,0.0044394516773316
2024-07-15,Commodity,-0.0059300247719966
2024-07-16,Commodity,0.0078268457821094
2024-07-18,Commodity,0.005549140191153
2024-07-19,Commodity,0.0073733688210668
2024-07-22,Commodity,-0.0040518468777855
2024-07-23,Commodity,0.0005483235605119
2024-07-24,Commodity,-9.943183521602272e-05
2024-07-25,Commodity,0.0017227055692909
2024-07-26,Commodity,-0.005014222539408
2024-07-29,Commodity,0.000875084771606
2024-07-30,Commodity,-0.0081880547936824
2024-07-31,Commodity,0.0031051114293528
2024-08-01,Commodity,-0.0120929589139765
2024-08-02,Commodity,-0.0132541081041344
2024-08-05,Commodity,-0.0002459992802845
2024-08-06,Commodity,-0.0036052232613804
2024-08-07,Commodity,-0.0031851159457045
2024-08-08,Commodity,0.006339324163741
2024-08-09,Commodity,0.0042431301115336
2024-08-12,Commodity,0.0052642842736438
2024-08-13,Commodity,-0.002506081833851
2024-08-14,Commodity,0.0163171275633751
2024-08-16,Commodity,-0.0001351306653002
2024-08-19,Commodity,0.0109236849783633
2024-08-20,Commodity,0.0008589556273825
2024-08-21,Commodity,-0.0091493058301766
2024-08-22,Commodity,0.0034305640052201
2024-08-23,Commodity,0.0021824865842963
2024-08-26,Commodity,-0.0045976534565011
2024-08-27,Commodity,-0.0052761367807608
2024-08-28,Commodity,0.0003284146301431
2024-08-29,Commodity,0.0030936187727524
2024-08-30,Commodity,-0.0139564276825608
2024-09-02,Commodity,0.0068579187377892
2024-09-03,Commodity,-0.0027578861829108
2024-09-04,Commodity,-0.0084325013098007
2024-09-05,Commodity,0.0054209836242772
2024-09-06,Commodity,-0.0022717779362911
2024-09-09,Commodity,0.008175004399696
2024-09-10,Commodity,0.0036674435879032
2024-09-11,Commodity,-0.0007886797076121
2024-09-12,Commodity,0.0030595468955732
2024-09-13,Commodity,0.0028410438425297
2024-09-16,Commodity,-0.0020662525263341
2024-09-17,Commodity,-0.0046412382113582
2024-09-18,Commodity,0.0035368556990839
2024-09-19,Commodity,-0.0003654795186845
2024-09-20,Commodity,0.0033534941639623
2024-09-23,Commodity,0.0078847560368609
2024-09-24,Commodity,-0.0004728536420746
2024-09-25,Commodity,0.0007817148563919
2024-09-26,Commodity,-0.0017681542204147
2024-09-27,Commodity,0.0025013949698264
2024-09-30,Commodity,-0.0005132126943241
2024-10-01,Commodity,0.0054965627660474
2024-10-03,Commodity,-0.0075140480742387
2024-10-04,Commodity,-0.00441224099357
2024-10-07,Commodity,0.0032030493611522
2024-10-08,Commodity,0.003466807480871
2024-10-09,Commodity,-0.0054867869027534
2024-10-10,Commodity,0.0081714197833971
2024-10-11,Commodity,-0.0102643141328166
2024-10-14,Commodity,0.0062171776704682
2024-10-15,Commodity,-0.0079531931969685
2024-10-16,Commodity,0.0108279160169796
2024-10-17,Commodity,-0.0108412438260006
2024-10-18,Commodity,0.0079555386994845
2024-10-21,Commodity,-0.0008768426356671
2024-10-22,Commodity,-0.0044934514866063
2024-10-23,Commodity,0.0010132669901082
2024-10-24,Commodity,0.0036959334799756
2024-10-25,Commodity,-0.0070182471238838
2024-10-28,Commodity,-0.0033850128240897
2024-10-29,Commodity,0.0051469609602791
2024-10-30,Commodity,-0.0110740227726634
2024-10-31,Commodity,-0.0044187292873113
2024-11-01,Commodity,0.0192621227172798
2024-11-04,Commodity,-0.0081508325204647
2024-11-05,Commodity,0.0089034285142799
2024-11-06,Commodity,-0.0010793304603567
2024-11-07,Commodity,0.0009286657275533
2024-11-08,Commodity,0.0037033922810837
2024-11-11,Commodity,0.0069166062336171
2024-11-12,Commodity,-0.0031377091161833
2024-11-13,Commodity,0.0094167953679448
2024-11-14,Commodity,-0.0035597258750489
2024-11-18,Commodity,0.000934779448972
2024-11-19,Commodity,0.0022233778746319
2024-11-21,Commodity,-0.0079655703063197
2024-11-22,Commodity,0.0032586592923728
2024-11-25,Commodity,0.0038013401689029
2024-11-26,Commodity,-0.0026189710222601
2024-11-27,Commodity,0.0155101608803004
2024-11-28,Commodity,-0.0078039478524957
2024-11-29,Commodity,0.0090909471969496
2024-12-02,Commodity,0.0065401228798824
2024-12-03,Commodity,0.0016088294218943
2024-12-04,Commodity,-0.0049070349601827
2024-12-05,Commodity,-0.0024399668097735
2024-12-06,Commodity,-0.0031554896745242
2024-12-09,Commodity,-0.0109909956772231
2024-12-10,Commodity,-0.0058934942790737
2024-12-11,Commodity,-0.0084368344315892
2024-12-12,Commodity,0.0075196107431344
2024-12-13,Commodity,0.005699883916047
2024-12-16,Commodity,0.0041079508088461
2024-12-17,Commodity,0.001039245699705
2024-12-18,Commodity,7.466577760358809e-05
2024-12-19,Commodity,0.0069214196793626
2024-12-20,Commodity,-0.0065056897645515
2024-12-23,Commodity,0.0022471125267968
2024-12-24,Commodity,0.0044651312246418
2024-12-26,Commodity,-0.0075371916658729
2024-12-27,Commodity,0.0193117493072809
2024-12-30,Commodity,-0.001043775010508
2024-12-31,Commodity,0.0010510941591978
2025-01-01,Commodity,0.0085710456137002
2025-01-02,Commodity,0.0094445386363944
2025-01-03,Commodity,-0.001092082949143
2025-01-06,Commodity,-0.0022577425707368
2025-01-07,Commodity,-0.008047033700321
2025-01-08,Commodity,-0.0032986668747837
2025-01-09,Commodity,0.0019317423051242
2025-01-10,Commodity,0.0020557570937646
2025-01-13,Commodity,0.004577539439529
2025-01-14,Commodity,0.0002575685505374
2025-01-15,Commodity,-0.0078031430009879
2025-01-16,Commodity,0.0073899127297308
2025-01-17,Commodity,0.0078848057185575
2025-01-20,Commodity,0.0068095645445708
2025-01-21,Commodity,-0.0035241711606036
2025-01-22,Commodity,0.0076016144941427
2025-01-23,Commodity,0.0212053285132974
2025-01-24,Commodity,-8.429564503587938e-05
2025-01-27,Commodity,-0.0099486685405833
2025-01-28,Commodity,-0.0021954643338572
2025-01-29,Commodity,0.0057461858594945
2025-01-30,Commodity,-0.0086828083454358
2025-01-31,Commodity,0.0034435664795375
2025-02-01,Commodity,0.0022586954768913
2025-02-03,Commodity,0.0083793120435372
2025-02-04,Commodity,0.011299030500452
2025-02-05,Commodity,0.0050256673380818
2025-02-06,Commodity,-0.0135605945900088
2025-02-07,Commodity,0.0053585710431277
2025-02-10,Commodity,0.0029190735778998
2025-02-11,Commodity,-0.0009142707247391
2025-02-12,Commodity,-0.0104114906149589
2025-02-13,Commodity,-0.0045808383705604
2025-02-14,Commodity,-0.0076879898479456
2025-02-17,Commodity,-0.01162619551749
2025-02-18,Commodity,5.88198234522644e-05
2025-02-19,Commodity,-0.0046950192666647
2025-02-20,Commodity,0.0157795918578886
2025-02-21,Commodity,-0.0018360613964039
2025-02-24,Commodity,0.005834497869182
2025-02-25,Commodity,-0.0092660173577972
2025-02-27,Commodity,-0.0030027128735592
2025-02-28,Commodity,-0.0029476046771331
2025-03-03,Commodity,-0.0052977237900936
2025-03-04,Commodity,-0.0026645924378489
2025-03-05,Commodity,0.0011986335763838
2025-03-06,Commodity,0.000653521642704
2025-03-07,Commodity,0.0113999142355021
2025-03-10,Commodity,0.0016517169299707
2025-03-11,Commodity,0.003411872868769
2025-03-12,Commodity,0.003194346888224
2025-03-13,Commodity,0.0032233403716749
2025-03-17,Commodity,0.0006987917640044
2025-03-18,Commodity,0.001168181570094
2025-03-19,Commodity,0.0018429026863351
2025-03-20,Commodity,0.0096120628112988
2025-03-21,Commodity,0.008335139520876
2025-03-24,Commodity,0.0013952445919293
2025-03-25,Commodity,0.0048941416255369
2025-03-26,Commodity,-0.002503723843947
2025-03-27,Commodity,0.0012981888720119
2025-03-28,Commodity,-0.003256601171356
2025-04-01,Commodity,-0.0038971852064848
2025-04-02,Commodity,0.0096867489090353
2025-04-03,Commodity,4.9497160265527754e-05
2025-04-04,Commodity,-0.0019616289036994
2025-04-07,Commodity,-0.0149698159321588
2025-04-08,Commodity,0.0017220003347664
2025-04-09,Commodity,-0.0024610606240824
2025-04-11,Commodity,-0.0009407834308223
2025-04-15,Commodity,0.004710472026643
2025-04-16,Commodity,-0.0014436305011605
2025-04-17,Commodity,0.0042166705190523
2025-04-21,Commodity,0.0032257177517168
2025-04-22,Commodity,-0.0051888410338531
2025-04-23,Commodity,-0.0008540425644746
2025-04-24,Commodity,-1.1903521886337164e-05
2025-04-25,Commodity,0.0055954639144035
2025-04-28,Commodity,0.0041459574133238
2025-04-29,Commodity,-0.0037103724601897
2025-04-30,Commodity,0.0025796465399167
2025-05-02,Commodity,0.0105480294061635
2025-05-05,Commodity,0.0066404169750566
2025-05-06,Commodity,0.0028183812106238
2025-05-07,Commodity,0.0048390320519882
2025-05-08,Commodity,0.0076879481891524
2025-05-09,Commodity,0.0044637388252646
2025-05-12,Commodity,0.0112371769047499
2025-05-13,Commodity,0.0038326855022317
2025-05-14,Commodity,-0.00556934736464
2025-05-15,Commodity,-0.0056093038857493
2025-05-16,Commodity,0.0008050397531311
2025-05-19,Commodity,1.7742495152502612e-05
2025-05-20,Commodity,-0.0051604265920129
2025-05-21,Commodity,0.0062047785607435
2025-05-22,Commodity,-0.0126194360735158
2025-05-23,Commodity,-0.0010301357927456
2025-05-26,Commodity,-0.0015187373780097
2025-05-27,Commodity,-0.01101735568466
2025-05-28,Commodity,0.0085742556304166
2025-05-29,Commodity,-0.0072995117662247
2025-05-30,Commodity,-0.0039976873376689
2025-06-02,Commodity,0.0053723339323241
2025-06-03,Commodity,0.0026675053845206
2025-06-04,Commodity,-0.0058158672173112
2025-06-05,Commodity,0.0053566746079851
2025-06-06,Commodity,0.0039762116628498
2025-06-09,Commodity,0.0149993031146862
2025-06-10,Commodity,0.0026320141883272
2025-06-11,Commodity,-0.0003514819918682
2025-06-12,Commodity,-0.0069532286752738
2025-06-13,Commodity,-0.0056283519713173
2025-06-16,Commodity,-0.0029106558192672
2025-06-17,Commodity,0.0076801987249723
2025-06-18,Commodity,-2.492861458786277e-05
2025-06-19,Commodity,0.0034399371790278
2025-06-20,Commodity,0.0118599797918528
2025-06-23,Commodity,-0.0150697539506987
2025-06-24,Commodity,0.0084534885255695
2025-06-25,Commodity,0.002132745574785
2025-06-26,Commodity,0.0052206923926686
2025-06-27,Commodity,-0.0040752783758532
2025-06-30,Commodity,-0.0052727148616241
2025-07-01,Commodity,0.0033270632743346
2025-07-02,Commodity,0.0138153850940348
2025-07-03,Commodity,0.0058419373730445
2025-07-04,Commodity,0.0082316225457097
2025-07-07,Commodity,-0.0009496449394272
2025-07-08,Commodity,-0.0029205019211987
2025-07-09,Commodity,-0.0048484335149397
2025-07-10,Commodity,-0.0036783716374197
2025-07-11,Commodity,-0.0137368749610783
2025-07-14,Commodity,-0.0046866868887793
2025-07-15,Commodity,-0.0022570982926002
2025-07-16,Commodity,-0.0007231592981083
2025-07-17,Commodity,0.000192457188138
2025-07-18,Commodity,0.0012353936023051
2025-07-21,Commodity,0.0010900766259152
2025-07-22,Commodity,-0.0035261873957111
2025-07-23,Commodity,-0.0103112429415442
2025-07-24,Commodity,-0.0045032505759089
2025-07-25,Commodity,-0.0074310386335281
2025-07-28,Commodity,0.0017394080237941
2025-07-29,Commodity,0.0067918192270361
2025-07-30,Commodity,0.0061049934272643
2025-07-31,Commodity,0.0040440620636291
2025-08-01,Commodity,-0.0022403431612713
2025-08-04,Commodity,-0.0016502503842444
2025-08-05,Commodity,-0.0048747773354232
2025-08-06,Commodity,-0.0094563763452347
2025-08-07,Commodity,0.0063297743876379
2025-08-08,Commodity,-0.0027416487746612
2025-08-11,Commodity,-0.0054576808673536
2025-08-12,Commodity,-0.0055533366124052
2025-08-13,Commodity,-0.0039241500352528
2025-08-14,Commodity,0.0005552345429049
2025-08-18,Commodity,0.0085994109617511
2025-08-19,Commodity,-0.0010542243614483
2025-08-20,Commodity,-0.0127555648139695
2025-08-21,Commodity,-0.0006700242160977
2025-08-22,Commodity,-0.0024406598126029
2025-08-25,Commodity,-0.000364237915432
2025-08-26,Commodity,-0.0056130029732611
2025-08-28,Commodity,-0.0002042515364296
2025-08-29,Commodity,-7.627267771886112e-06
2025-09-01,Commodity,0.0016738321501612
2025-09-02,Commodity,0.0023067023562998
2025-09-03,Commodity,-0.0012768539094837
2025-09-04,Commodity,-0.0025637384936429
2025-09-05,Commodity,0.0085349091988547
2025-09-08,Commodity,0.0038160281021631
2025-09-09,Commodity,0.0059322624013038
2025-09-10,Commodity,0.0083970447581818
2025-09-11,Commodity,0.0036151474157924
2025-09-12,Commodity,0.0066381411568189
2025-09-15,Commodity,-0.0096328503086483
2025-09-16,Commodity,0.0027803745101958
2025-09-17,Commodity,-0.0001740156649928
2025-09-18,Commodity,0.0110031648537258
2025-09-19,Commodity,0.0050063518829921
2025-09-22,Commodity,-0.004567398288492
2025-09-23,Commodity,0.0021760780717044
2025-09-24,Commodity,0.0003113573991737
2025-09-25,Commodity,0.0016005989564488
2025-09-26,Commodity,-0.0078105424016942
2025-09-29,Commodity,0.0021994898304411
2025-09-30,Commodity,-0.0013621362466259
2025-10-01,Commodity,0.0037247766828287
2025-10-03,Commodity,-0.0036796616353366
2025-10-06,Commodity,-0.0018369432701221
2025-10-07,Commodity,0.0074874960006941
2025-10-08,Commodity,-0.0066043438660789
2025-10-09,Commodity,-0.0045833228918649
2025-10-10,Commodity,0.0007129224902423
2025-10-13,Commodity,-0.004890105929657
2025-10-14,Commodity,-0.0057590676200696
2025-10-15,Commodity,0.0022466200017541
2025-10-16,Commodity,-0.0067631494991262
2025-10-17,Commodity,-0.0048741766619596
2025-10-20,Commodity,0.0135615362435346
2025-10-21,Commodity,0.0031538017189945
2025-10-23,Commodity,-0.0041030985862519
2025-10-24,Commodity,0.0019658003644049
2025-10-27,Commodity,0.0049290411619257
2025-10-28,Commodity,0.0059365588911804
2025-10-29,Commodity,0.0003446846421952
2025-10-30,Commodity,0.0047075510870753
2025-10-31,Commodity,-0.0132344113167724
2025-11-03,Commodity,-0.005817112912716
2025-11-04,Commodity,-0.0001030889455333
2025-11-06,Commodity,0.0014906195959353
2025-11-07,Commodity,-0.0054071001755807
2025-11-10,Commodity,0.0024002345250042
2025-11-11,Commodity,-0.0025999120580065
2025-11-12,Commodity,-5.407276019304681e-05
2025-11-13,Commodity,0.0063745327032307
2025-11-14,Commodity,0.0058924302756212
2025-11-17,Commodity,-0.0049842281560063
2025-11-18,Commodity,-0.0069384701525243
2025-11-19,Commodity,-0.001166312238289
2025-11-20,Commodity,0.0011104305106067
2025-11-21,Commodity,-0.0046942394960045
2025-11-24,Commodity,0.0056102673942043
2025-11-25,Commodity,0.0017088332142375
2025-11-26,Commodity,0.005112867365319
2025-11-27,Commodity,-0.0073210045260319
2025-11-28,Commodity,0.0071076062326279
2025-12-01,Commodity,-0.0169286171883921
2025-12-02,Commodity,0.0041075100317078
2025-12-03,Commodity,0.0054509313879373
2025-12-04,Commodity,-0.0020269015437401
2025-12-05,Commodity,0.0090105479218165
2025-12-08,Commodity,-0.0019038932097044
2025-12-09,Commodity,-0.0003568260018538
2025-12-10,Commodity,0.0016051952062261
2025-12-11,Commodity,0.0204107669741662
2025-12-12,Commodity,0.0094126014524283
2025-12-15,Commodity,0.0042559178081345
2025-12-16,Commodity,-0.006561640687122
2025-12-17,Commodity,0.0007402035461878
2025-12-18,Commodity,-0.0047019836675921
2025-12-19,Commodity,0.0063013374909078
2025-12-22,Commodity,0.0026294676756322
2025-12-23,Commodity,-0.006510832298885
2025-12-24,Commodity,0.0004189507332772
2025-12-26,Commodity,-0.0056600152448988
2025-12-29,Commodity,0.0003377710659897
2025-12-30,Commodity,-0.0049795196959021
2025-12-31,Commodity,0.0018356926450526
2007-09-18,Defensive,0.0015809397238701
2007-09-19,Defensive,-2.6103983850212217e-05
2007-09-20,Defensive,-0.0007017765343447
2007-09-21,Defensive,0.0004865524421149
2007-09-24,Defensive,0.0014743652415857
2007-09-25,Defensive,-0.0021343665397635
2007-09-26,Defensive,0.0006013123094104
2007-09-27,Defensive,0.0027150816380348
2007-09-28,Defensive,0.0012273139265534
2007-10-01,Defensive,0.0001955082933344
2007-10-03,Defensive,0.0013594750133977
2007-10-04,Defensive,0.0009849929122053
2007-10-05,Defensive,0.0015872022183196
2007-10-08,Defensive,-0.0039678632219658
2007-10-09,Defensive,-0.0030269122673265
2007-10-10,Defensive,0.0020896582989664
2007-10-11,Defensive,-0.0029305583523228
2007-10-12,Defensive,0.0008830772714384
2007-10-15,Defensive,-0.0006240993120645
2007-10-16,Defensive,-0.0019123784911919
2007-10-17,Defensive,0.0007792995142949
2007-10-18,Defensive,0.0004820670074331
2007-10-19,Defensive,0.0043006853041927
2007-10-22,Defensive,-0.0011696224090717
2007-10-23,Defensive,0.0029602202401383
2007-10-24,Defensive,0.0007848458287686
2007-10-25,Defensive,-0.0012420437630854
2007-10-26,Defensive,0.0016784929150344
2007-10-29,Defensive,0.0012114770089079
2007-10-30,Defensive,0.000151686589716
2007-10-31,Defensive,0.0006125907128812
2007-11-01,Defensive,-0.001113974062091
2007-11-02,Defensive,-0.001571574250509
2007-11-05,Defensive,0.0015988843476451
2007-11-06,Defensive,-0.0003678788486265
2007-11-07,Defensive,-8.016599649818497e-05
2007-11-08,Defensive,0.0006396431918885
2007-11-12,Defensive,0.0006105766895676
2007-11-13,Defensive,-0.0027786529419481
2007-11-14,Defensive,0.0026525041729097
2007-11-15,Defensive,0.0003223643038013
2007-11-16,Defensive,-0.0003253065256442
2007-11-19,Defensive,0.0009416920103394
2007-11-20,Defensive,0.0005530843872297
2007-11-21,Defensive,0.0016141253789794
2007-11-22,Defensive,0.0011559673443018
2007-11-23,Defensive,0.0015156924579925
2007-11-26,Defensive,0.002781987811455
2007-11-27,Defensive,0.0018472490979419
2007-11-28,Defensive,-0.0002409724406571
2007-11-29,Defensive,-0.0021658023121536
2007-11-30,Defensive,0.003415595866009
2007-12-03,Defensive,-0.0003954467466942
2007-12-04,Defensive,-0.000866214826721
2007-12-05,Defensive,-0.0033934536355288
2007-12-06,Defensive,0.0007569462106242
2007-12-07,Defensive,0.0003777732079075
2007-12-10,Defensive,-0.0029502298724989
2007-12-11,Defensive,0.0009865480842663
2007-12-12,Defensive,-0.0009163838414028
2007-12-13,Defensive,0.0054606300145773
2007-12-14,Defensive,-0.0010587223841817
2007-12-17,Defensive,-0.0007903866643955
2007-12-18,Defensive,-0.0016695524485087
2007-12-19,Defensive,0.0026357530420839
2007-12-20,Defensive,-0.0006655515889295
2007-12-24,Defensive,-0.0013698283075309
2007-12-26,Defensive,0.001493910019841
2007-12-27,Defensive,-0.0026807058708263
2007-12-28,Defensive,0.0013302210924978
2007-12-31,Defensive,0.0036427994332017
2008-01-01,Defensive,0.0012132156656701
2008-01-02,Defensive,0.0013557966325198
2008-01-03,Defensive,0.0018201204338149
2008-01-04,Defensive,0.003499416057351
2008-01-07,Defensive,0.0024997879200382
2008-01-08,Defensive,0.000959339444546
2008-01-09,Defensive,0.001887782801272
2008-01-10,Defensive,-0.0016918698509302
2008-01-11,Defensive,0.0016325871814946
2008-01-14,Defensive,-0.0019311119423674
2008-01-15,Defensive,-0.0006540448372632
2008-01-16,Defensive,-0.0060851243502864
2008-01-17,Defensive,0.0008828593187349
2008-01-18,Defensive,-0.0012077440222167
2008-01-21,Defensive,0.0023022904304089
2008-01-22,Defensive,0.0008603852212108
2008-01-23,Defensive,0.0023281917894032
2008-01-24,Defensive,-0.002087193089345
2008-01-25,Defensive,0.0021567720743192
2008-01-28,Defensive,0.0042917126887266
2008-01-29,Defensive,0.0016083165998637
2008-01-30,Defensive,0.0016606980173845
2008-01-31,Defensive,0.0004191953527898
2008-02-01,Defensive,-0.0009693375611307
2008-02-04,Defensive,0.001602384745403
2008-02-05,Defensive,-0.0029321658208041
2008-02-06,Defensive,-0.0007555102498416
2008-02-07,Defensive,-0.0034621136046743
2008-02-08,Defensive,-0.0013273127546301
2008-02-11,Defensive,0.0013640901837871
2008-02-12,Defensive,0.0010907867524409
2008-02-13,Defensive,0.0001818273910709
2008-02-14,Defensive,0.000420801988124
2008-02-15,Defensive,-0.0036917292357284
2008-02-18,Defensive,-0.0006651245611418
2008-02-19,Defensive,-0.0012827032128704
2008-02-20,Defensive,-0.001238119381029
2008-02-21,Defensive,0.0012791572556275
2008-02-22,Defensive,-0.0016410146530106
2008-02-25,Defensive,-0.0011293617002548
2008-02-26,Defensive,-0.004094138491419
2008-02-27,Defensive,-0.0005082463607523
2008-02-28,Defensive,-0.0020956750954272
2008-02-29,Defensive,0.0002384058573792
2008-03-03,Defensive,-0.0018222160934849
2008-03-04,Defensive,0.0002890844910984
2008-03-05,Defensive,-0.0002093715214846
2008-03-07,Defensive,0.0034240835460846
2008-03-10,Defensive,0.0010744359609063
2008-03-11,Defensive,-0.0035992757451246
2008-03-12,Defensive,-0.0024497776882054
2008-03-13,Defensive,0.0001904160179846
2008-03-14,Defensive,-0.0017796958967853
2008-03-17,Defensive,-0.0058567368604717
2008-03-18,Defensive,0.0027790926276674
2008-03-19,Defensive,0.0015204480338108
2008-03-24,Defensive,0.0011219537469835
2008-03-25,Defensive,-0.0011346460909418
2008-03-26,Defensive,0.0009353535420198
2008-03-27,Defensive,-0.0013287206484417
2008-03-28,Defensive,0.0004897146004353
2008-03-31,Defensive,-0.0017611664516729
2008-04-01,Defensive,0.003112576901112
2008-04-02,Defensive,-0.0030604733081636
2008-04-03,Defensive,0.0025445676590216
2008-04-04,Defensive,0.0001578316560346
2008-04-07,Defensive,-0.0008989339906839
2008-04-08,Defensive,0.0004140058433914
2008-04-09,Defensive,0.0015466960143563
2008-04-10,Defensive,0.0028134934733887
2008-04-11,Defensive,0.000706286046267
2008-04-15,Defensive,-0.0017013921705245
2008-04-16,Defensive,0.0001912602475315
2008-04-17,Defensive,0.0037135864733247
2008-04-21,Defensive,0.0027753561710252
2008-04-22,Defensive,0.0018975269562487
2008-04-23,Defensive,0.0016713740402447
2008-04-24,Defensive,0.001478900181213
2008-04-25,Defensive,0.0023975096690197
2008-04-28,Defensive,-0.0008332575714438
2008-04-29,Defensive,-0.00263017213155
2008-04-30,Defensive,0.0002180070014741
2008-05-02,Defensive,-0.0015551631735553
2008-05-05,Defensive,-0.0020300415107543
2008-05-06,Defensive,-0.0013605571531758
2008-05-07,Defensive,0.0050506278490673
2008-05-08,Defensive,0.0003522492681516
2008-05-09,Defensive,0.0008038156727219
2008-05-12,Defensive,-0.0023647256140085
2008-05-13,Defensive,-0.0036075059175852
2008-05-14,Defensive,-0.0015581052862376
2008-05-15,Defensive,0.0029563911704174
2008-05-16,Defensive,0.000748550932153
2008-05-20,Defensive,0.0012771901828887
2008-05-21,Defensive,0.0015571320784041
2008-05-22,Defensive,-0.0011026987595965
2008-05-23,Defensive,0.0028559311679467
2008-05-26,Defensive,-0.0011856151984443
2008-05-27,Defensive,0.0028924647185251
2008-05-28,Defensive,0.0009646043122706
2008-05-29,Defensive,-0.0034980903084926
2008-05-30,Defensive,-0.001416018973201
2008-06-02,Defensive,-0.0034898770657442
2008-06-03,Defensive,0.0024065642655884
2008-06-04,Defensive,3.052915839519786e-05
2008-06-05,Defensive,-0.0043766848798995
2008-06-06,Defensive,0.0008314937634393
2008-06-09,Defensive,-0.0009943285247766
2008-06-10,Defensive,-0.0028876117100666
2008-06-11,Defensive,0.0034359316739373
2008-06-12,Defensive,0.0002945717321931
2008-06-13,Defensive,-0.0005068628046266
2008-06-16,Defensive,-0.000718849561972
2008-06-17,Defensive,-0.0029465589383155
2008-06-18,Defensive,-0.0025290977991682
2008-06-19,Defensive,0.0026498335697501
2008-06-20,Defensive,-0.0008677657395714
2008-06-23,Defensive,0.0001241354018737
2008-06-24,Defensive,-0.0040086609524021
2008-06-25,Defensive,-0.002556184071591
2008-06-26,Defensive,0.0012996250397495
2008-06-27,Defensive,0.0008354235202276
2008-06-30,Defensive,0.0035867503974486
2008-07-01,Defensive,0.0027659126632624
2008-07-02,Defensive,-0.0003814219449696
2008-07-03,Defensive,0.0010259071294265
2008-07-04,Defensive,-0.0005532068858061
2008-07-07,Defensive,0.0041896196372772
2008-07-08,Defensive,0.0023780293921047
2008-07-09,Defensive,0.0004193701817155
2008-07-10,Defensive,0.0004807895697527
2008-07-11,Defensive,0.0029697005745196
2008-07-14,Defensive,0.0012391556942276
2008-07-15,Defensive,0.0031972560341401
2008-07-16,Defensive,-0.0043072958525177
2008-07-17,Defensive,0.0010024565229975
2008-07-18,Defensive,-0.0009508697293627
2008-07-21,Defensive,0.0035927559752559
2008-07-22,Defensive,0.0031727973743796
2008-07-23,Defensive,0.0001456716182026
2008-07-24,Defensive,0.003151261957622
2008-07-25,Defensive,0.003646229039985
2008-07-28,Defensive,0.0002288133438522
2008-07-29,Defensive,0.0050238675448637
2008-07-30,Defensive,1.7317694660555068e-05
2008-07-31,Defensive,-0.0003490419006718
2008-08-01,Defensive,0.0018117451771686
2008-08-04,Defensive,-0.0006275814622846
2008-08-05,Defensive,0.0002506795515897
2008-08-06,Defensive,0.0028988688481018
2008-08-07,Defensive,0.0001184377044345
2008-08-08,Defensive,-0.0033100355859506
2008-08-11,Defensive,0.0008146387756983
2008-08-12,Defensive,-0.0013125871581047
2008-08-13,Defensive,0.001810542314589
2008-08-14,Defensive,0.0014723794316524
2008-08-18,Defensive,0.003022800696333
2008-08-19,Defensive,0.0018950646015853
2008-08-20,Defensive,0.0022604885673161
2008-08-21,Defensive,-0.0012581935202754
2008-08-22,Defensive,0.001687972991781
2008-08-25,Defensive,0.0040169025787205
2008-08-26,Defensive,-0.0012972998172735
2008-08-27,Defensive,0.0036794765834541
2008-08-28,Defensive,-0.0010187001824026
2008-08-29,Defensive,-0.0016239424900999
2008-09-01,Defensive,0.0006724008867096
2008-09-02,Defensive,0.0015118208322576
2008-09-04,Defensive,0.0019035002479445
2008-09-05,Defensive,-0.0018435248415464
2008-09-08,Defensive,0.0009490801945085
2008-09-09,Defensive,-0.001291109142967
2008-09-10,Defensive,-0.0028978445121411
2008-09-11,Defensive,-0.0017774726310655
2008-09-12,Defensive,-0.0014218007319116
2008-09-15,Defensive,0.001123190320705
2008-09-16,Defensive,0.0023844273261373
2008-09-17,Defensive,-0.0028664132597505
2008-09-18,Defensive,0.0007839221484161
2008-09-19,Defensive,-0.0022733963715418
2008-09-22,Defensive,0.001338170818028
2008-09-23,Defensive,-0.0011654611620074
2008-09-24,Defensive,-0.0020226580360465
2008-09-25,Defensive,0.0016793290306951
2008-09-26,Defensive,-0.0010938452108901
2008-09-29,Defensive,-0.0005519279027053
2008-09-30,Defensive,-0.0043599781751127
2008-10-01,Defensive,0.0019731027228469
2008-10-03,Defensive,0.0017218170423382
2008-10-06,Defensive,9.091568856262791e-05
2008-10-07,Defensive,-0.0029751618827115
2008-10-08,Defensive,0.0024987383566695
2008-10-10,Defensive,-0.0012525267727215
2008-10-13,Defensive,-0.0008267069002011
2008-10-14,Defensive,0.004704088112719
2008-10-15,Defensive,-0.0013272728882184
2008-10-16,Defensive,0.001564419924853
2008-10-17,Defensive,0.0012041845241652
2008-10-20,Defensive,0.0008603443857601
2008-10-21,Defensive,0.000644001085109
2008-10-22,Defensive,0.0008327771237783
2008-10-23,Defensive,0.000623881181881
2008-10-24,Defensive,-2.383671755212184e-05
2008-10-27,Defensive,0.0031025662482214
2008-10-29,Defensive,-0.0025453211215985
2008-10-31,Defensive,0.0021229162080307
2008-11-03,Defensive,0.0017246845973751
2008-11-04,Defensive,0.0014767982426588
2008-11-05,Defensive,0.0023139588552802
2008-11-06,Defensive,-0.0001051987905367
2008-11-07,Defensive,-0.0036579481516537
2008-11-10,Defensive,-6.458531942897166e-05
2008-11-11,Defensive,-0.0019023884352491
2008-11-12,Defensive,-0.0013837184197161
2008-11-14,Defensive,-0.0024048393476648
2008-11-17,Defensive,-0.0008746897168876
2008-11-18,Defensive,-0.0011132473879668
2008-11-19,Defensive,-0.0046751396598542
2008-11-20,Defensive,0.0014804438225645
2008-11-21,Defensive,0.0045206437160097
2008-11-24,Defensive,0.0012924743869925
2008-11-25,Defensive,-0.0003258479130684
2008-11-26,Defensive,-2.94927913524311e-05
2008-11-28,Defensive,-0.0007619717360263
2008-12-01,Defensive,0.0002600831677339
2008-12-02,Defensive,5.983811853532753e-06
2008-12-03,Defensive,-0.0016020968607965
2008-12-04,Defensive,0.0034457767778956
2008-12-05,Defensive,-0.0028943084714195
2008-12-08,Defensive,0.0015166630863884
2008-12-10,Defensive,-0.000122395254635
2008-12-11,Defensive,0.0038816636301314
2008-12-12,Defensive,0.0007617291984964
2008-12-15,Defensive,-0.0006398110743664
2008-12-16,Defensive,-0.0004154143968689
2008-12-17,Defensive,0.0001598133890395
2008-12-18,Defensive,-0.0022055813899928
2008-12-19,Defensive,-0.0014537390502358
2008-12-22,Defensive,-0.0034898879383837
2008-12-23,Defensive,-0.0017659537967481
2008-12-24,Defensive,0.0002678129633208
2008-12-26,Defensive,0.000680350098569
2008-12-29,Defensive,-0.0038786593899928
2008-12-30,Defensive,-0.0001944234060884
2008-12-31,Defensive,0.0012068199016442
2009-01-02,Defensive,-0.0002458243867524
2009-01-05,Defensive,-0.0011875772915556
2009-01-06,Defensive,-0.0007443222900964
2009-01-07,Defensive,-0.0010015267099544
2009-01-09,Defensive,-0.0011934611182161
2009-01-12,Defensive,0.0004276470504896
2009-01-13,Defensive,0.0046953764554709
2009-01-14,Defensive,-0.0014073998338103
2009-01-15,Defensive,-0.0005562852653228
2009-01-16,Defensive,-2.3395878750463297e-05
2009-01-19,Defensive,-0.0012947088687165
2009-01-20,Defensive,0.0022764716070468
2009-01-21,Defensive,-0.0046617707466128
2009-01-22,Defensive,-0.0009821183407573
2009-01-23,Defensive,0.0017166274726399
2009-01-27,Defensive,-0.0005081886167772
2009-01-28,Defensive,-0.0015616779177005
2009-01-29,Defensive,0.0009615135088775
2009-01-30,Defensive,0.0018926864707943
2009-02-02,Defensive,0.0005012708904301
2009-02-03,Defensive,-0.0015224407196257
2009-02-04,Defensive,0.0009924066383034
2009-02-05,Defensive,-0.0007240986005495
2009-02-06,Defensive,0.0015703737637876
2009-02-09,Defensive,0.0030465177697131
2009-02-10,Defensive,-0.005131153511377
2009-02-11,Defensive,0.0003021349463912
2009-02-12,Defensive,-0.0033914678738952
2009-02-13,Defensive,0.0049635771706595
2009-02-16,Defensive,-0.0008562490675923
2009-02-17,Defensive,0.0015727464836507
2009-02-18,Defensive,9.366280810208577e-06
2009-02-19,Defensive,-0.0015261691614381
2009-02-20,Defensive,-0.0017641060943548
2009-02-24,Defensive,0.0032513583462015
2009-02-25,Defensive,0.0019918761203566
2009-02-26,Defensive,0.0039671681747551
2009-02-27,Defensive,0.0001909066703153
2009-03-02,Defensive,0.000655839242492
2009-03-03,Defensive,-0.0004543831313105
2009-03-04,Defensive,-0.00049416440623
2009-03-05,Defensive,-0.0020037738649547
2009-03-06,Defensive,0.0002480203818487
2009-03-09,Defensive,-0.0014984931897723
2009-03-12,Defensive,0.0009638178443284
2009-03-13,Defensive,0.0004200204379604
2009-03-16,Defensive,0.0006553640873514
2009-03-17,Defensive,0.0034302598793804
2009-03-18,Defensive,4.564100468817656e-06
2009-03-19,Defensive,0.0015934540057068
2009-03-20,Defensive,0.0041830189281711
2009-03-23,Defensive,0.00269323413859
2009-03-24,Defensive,0.0023863393969096
2009-03-25,Defensive,-0.000533376431041
2009-03-26,Defensive,0.0005392861111355
2009-03-27,Defensive,-0.0025565525840598
2009-03-30,Defensive,0.0010778288019288
2009-03-31,Defensive,0.0006289203552276
2009-04-01,Defensive,0.0001267702503123
2009-04-02,Defensive,0.0021343895764857
2009-04-06,Defensive,-0.0023355496448487
2009-04-08,Defensive,0.0033497257023206
2009-04-09,Defensive,0.0018835293758805
2009-04-13,Defensive,-6.126795930394814e-05
2009-04-15,Defensive,-0.0002174591756347
2009-04-16,Defensive,0.0010412224304971
2009-04-17,Defensive,0.0031217024641275
2009-04-20,Defensive,0.00028321543738
2009-04-21,Defensive,0.0003680618039584
2009-04-22,Defensive,0.0001162369552517
2009-04-23,Defensive,0.0036440482254029
2009-04-24,Defensive,-0.000657766205874
2009-04-27,Defensive,2.098480276185747e-05
2009-04-28,Defensive,0.0030068713085219
2009-04-29,Defensive,0.0003740216672257
2009-05-04,Defensive,0.002354117720091
2009-05-05,Defensive,-0.0017425601138059
2009-05-06,Defensive,-0.000330585043257
2009-05-07,Defensive,0.0030488680768804
2009-05-08,Defensive,-0.001272679431527
2009-05-11,Defensive,-0.0002225980795394
2009-05-12,Defensive,0.0005933704617829
2009-05-13,Defensive,-0.0018983090359859
2009-05-14,Defensive,-0.0007476202372437
2009-05-15,Defensive,0.0003052733636512
2009-05-18,Defensive,0.0001733634683239
2009-05-19,Defensive,0.0026407040416742
2009-05-20,Defensive,0.0031629143896645
2009-05-21,Defensive,-0.0016321697440018
2009-05-22,Defensive,0.0003025370383349
2009-05-25,Defensive,0.0014284966168495
2009-05-26,Defensive,0.0031126949315983
2009-05-27,Defensive,0.0015169805946342
2009-05-28,Defensive,0.0006618268031846
2009-05-29,Defensive,0.0014130850639652
2009-06-01,Defensive,0.0014275376686725
2009-06-02,Defensive,-0.0017754285845687
2009-06-03,Defensive,0.0004655975850125
2009-06-04,Defensive,0.0029983219883773
2009-06-05,Defensive,-0.000334713537388
2009-06-08,Defensive,0.0003388932850948
2009-06-09,Defensive,-0.000405032899052
2009-06-10,Defensive,-0.0045477189912137
2009-06-11,Defensive,0.0001211803544693
2009-06-12,Defensive,0.0006835838613057
2009-06-15,Defensive,-0.0009449867817618
2009-06-16,Defensive,-0.0022292738977694
2009-06-17,Defensive,-0.0016812129195632
2009-06-18,Defensive,0.0016083752322711
2009-06-19,Defensive,0.0040250495460938
2009-06-22,Defensive,0.0028448666818108
2009-06-23,Defensive,-0.0026086920096611
2009-06-24,Defensive,0.0017892546211014
2009-06-25,Defensive,-0.0012463247516185
2009-06-26,Defensive,-0.0010845341250175
2009-06-29,Defensive,-0.0008439511959425
2009-06-30,Defensive,0.0014921338997108
2009-07-01,Defensive,0.001998506752898
2009-07-02,Defensive,-0.0001160621425595
2009-07-03,Defensive,-8.214148201604838e-05
2009-07-06,Defensive,0.0010085274864715
2009-07-07,Defensive,0.0012159890790484
2009-07-08,Defensive,0.002432451413517
2009-07-09,Defensive,-0.0024887439510183
2009-07-10,Defensive,0.000120054679608
2009-07-13,Defensive,-0.0020560487517823
2009-07-14,Defensive,-2.1884558126806103e-05
2009-07-15,Defensive,-0.0003723505753615
2009-07-16,Defensive,-1.3498907805404578e-05
2009-07-17,Defensive,-0.001519485776221
2009-07-20,Defensive,-0.0028945795864148
2009-07-21,Defensive,-0.0041088750534298
2009-07-22,Defensive,-0.0001823603085296
2009-07-23,Defensive,-0.0007820022116658
2009-07-24,Defensive,-0.0012718753296076
2009-07-27,Defensive,0.0027250969256633
2009-07-28,Defensive,-0.0016388763735906
2009-07-29,Defensive,0.0029136681642776
2009-07-30,Defensive,0.0033276874885385
2009-07-31,Defensive,-0.0038218009335787
2009-08-03,Defensive,0.0002647629179979
2009-08-04,Defensive,-0.0007193929816719
2009-08-05,Defensive,-0.0057436078894345
2009-08-06,Defensive,-0.0028092825061368
2009-08-07,Defensive,0.0016298722142169
2009-08-10,Defensive,0.0041183985054225
2009-08-11,Defensive,0.0018853562853984
2009-08-12,Defensive,0.0007272649450259
2009-08-13,Defensive,3.733523673782499e-05
2009-08-14,Defensive,0.0034453258292962
2009-08-17,Defensive,0.0043764784039152
2009-08-18,Defensive,-0.0010936853590483
2009-08-19,Defensive,-0.0039199731206205
2009-08-20,Defensive,-0.0041163749265424
2009-08-21,Defensive,0.0027237619843196
2009-08-24,Defensive,-1.4117081548773028e-05
2009-08-25,Defensive,0.0004464838209174
2009-08-26,Defensive,-0.0035013019859134
2009-08-27,Defensive,-0.0014263778255769
2009-08-28,Defensive,-0.0005109616278015
2009-08-31,Defensive,0.0004956767667281
2009-09-01,Defensive,-0.0007171840778275
2009-09-02,Defensive,-0.0019946523966026
2009-09-03,Defensive,-0.001489133985205
2009-09-04,Defensive,0.0024966465718944
2009-09-07,Defensive,0.0005695692392069
2009-09-08,Defensive,0.0013043136139111
2009-09-09,Defensive,-0.0017177476217546
2009-09-10,Defensive,-0.0058276469708012
2009-09-11,Defensive,-0.0009662086137689
2009-09-14,Defensive,-0.0016531411088509
2009-09-15,Defensive,0.0007780245372561
2009-09-16,Defensive,0.0066514474273636
2009-09-17,Defensive,0.0014703320352365
2009-09-18,Defensive,0.0055519203187669
2009-09-22,Defensive,0.0012175393906788
2009-09-23,Defensive,-0.0011797724751454
2009-09-24,Defensive,0.0007758321562417
2009-09-25,Defensive,0.0036412771989554
2009-09-29,Defensive,0.0037391251926424
2009-09-30,Defensive,-0.0010706747360861
2009-10-01,Defensive,0.0005863673913985
2009-10-05,Defensive,-0.0027785337593422
2009-10-06,Defensive,0.0017293372493828
2009-10-07,Defensive,0.0031867093981117
2009-10-08,Defensive,0.000159598908232
2009-10-09,Defensive,-0.0012547681087202
2009-10-12,Defensive,0.0008002619025551
2009-10-14,Defensive,0.0009149180627263
2009-10-15,Defensive,0.0002422876636992
2009-10-16,Defensive,0.0004374302486719
2009-10-20,Defensive,-0.0002676297009387
2009-10-21,Defensive,0.0020719098564528
2009-10-22,Defensive,0.0015524548903302
2009-10-23,Defensive,-0.0018862062942882
2009-10-26,Defensive,-0.0019411812063171
2009-10-27,Defensive,-0.0004287488340531
2009-10-28,Defensive,0.0015536742482103
2009-10-29,Defensive,0.0003761148277816
2009-10-30,Defensive,-0.0012063008202453
2009-11-03,Defensive,0.0006030371934516
2009-11-04,Defensive,-0.0005816210390445
2009-11-05,Defensive,0.0018409729204482
2009-11-06,Defensive,0.000746116870134
2009-11-09,Defensive,-0.0005505563749042
2009-11-10,Defensive,0.0005430375440929
2009-11-11,Defensive,0.0027100961190484
2009-11-12,Defensive,-0.0010592601530927
2009-11-13,Defensive,0.0008853139632943
2009-11-16,Defensive,-6.092068093199161e-05
2009-11-17,Defensive,0.0009339673677241
2009-11-18,Defensive,-0.0012291298831914
2009-11-19,Defensive,0.0003006708663187
2009-11-20,Defensive,0.0022956465648336
2009-11-23,Defensive,-0.0017940139624922
2009-11-24,Defensive,-0.0025788102066501
2009-11-25,Defensive,-0.0025029111289739
2009-11-26,Defensive,-0.0022613250604003
2009-11-27,Defensive,0.0012706465757853
2009-11-30,Defensive,-0.0027317193717309
2009-12-01,Defensive,-0.000515790689487
2009-12-02,Defensive,0.0013165786066214
2009-12-03,Defensive,0.0009133181210971
2009-12-04,Defensive,-0.0006911179599249
2009-12-07,Defensive,0.0004618474635102
2009-12-08,Defensive,0.0002942906594751
2009-12-09,Defensive,-0.0003684819110963
2009-12-10,Defensive,-0.0003416694373091
2009-12-11,Defensive,0.0045508548695139
2009-12-14,Defensive,0.0016986218078626
2009-12-15,Defensive,0.0050413018350242
2009-12-16,Defensive,-0.000913926265841
2009-12-17,Defensive,-8.993319377629481e-05
2009-12-18,Defensive,-0.0025842515305532
2009-12-21,Defensive,-0.0015391336041791
2009-12-22,Defensive,0.003883826297325
2009-12-23,Defensive,-0.0009640685796835
2009-12-24,Defensive,0.0039185626002889
2009-12-29,Defensive,-0.0024067245213597
2009-12-30,Defensive,-0.0020269380681465
2009-12-31,Defensive,-0.0006024624420468
2010-01-04,Defensive,-4.749984335835573e-05
2010-01-05,Defensive,0.0019261745849002
2010-01-06,Defensive,0.0009815408343725
2010-01-07,Defensive,-0.000752630514688
2010-01-08,Defensive,-0.0001866316130362
2010-01-11,Defensive,-0.0005581258395694
2010-01-12,Defensive,-0.0017493074706514
2010-01-13,Defensive,-0.0016959258732032
2010-01-14,Defensive,0.0021357677828668
2010-01-15,Defensive,-0.0035763298558542
2010-01-18,Defensive,0.0033147173948901
2010-01-19,Defensive,-0.0006059884512044
2010-01-20,Defensive,-0.0014650172127843
2010-01-21,Defensive,0.0015595185813945
2010-01-22,Defensive,0.0030504331682942
2010-01-25,Defensive,0.0023152648832079
2010-01-27,Defensive,0.0010837040987197
2010-01-28,Defensive,0.0022537269794436
2010-01-29,Defensive,-0.0033529951542877
2010-02-01,Defensive,-0.0009636610829762
2010-02-02,Defensive,-0.0017423401200496
2010-02-03,Defensive,0.0025292774624303
2010-02-04,Defensive,-0.0006869560378477
2010-02-05,Defensive,0.0017708131135641
2010-02-08,Defensive,0.0011517138849772
2010-02-09,Defensive,-0.0016446138723273
2010-02-10,Defensive,-0.0010939164199525
2010-02-11,Defensive,0.0026676353816294
2010-02-15,Defensive,-0.0014709652973688
2010-02-16,Defensive,0.0003297352203909
2010-02-17,Defensive,-0.0014850825726528
2010-02-18,Defensive,-0.0005479043738317
2010-02-19,Defensive,-1.2323887939943791e-05
2010-02-22,Defensive,-0.0014857330205949
2010-02-23,Defensive,-0.0018408939079677
2010-02-24,Defensive,0.0006525466735548
2010-02-25,Defensive,-0.0016094748175823
2010-02-26,Defensive,-0.0015413151113973
2010-03-02,Defensive,-0.0017981062874039
2010-03-03,Defensive,-7.581609266263682e-05
2010-03-04,Defensive,0.0019674032687996
2010-03-05,Defensive,0.0030930572726245
2010-03-08,Defensive,-0.0013718361719875
2010-03-09,Defensive,0.0043806215866624
2010-03-10,Defensive,-0.0019294097214135
2010-03-11,Defensive,0.0022470970466557
2010-03-12,Defensive,-0.0013633929080308
2010-03-15,Defensive,-0.00166184653974
2010-03-16,Defensive,-0.0014095123135687
2010-03-17,Defensive,-2.4895399298238264e-05
2010-03-18,Defensive,0.0012399443420672
2010-03-19,Defensive,0.0014197360758096
2010-03-22,Defensive,-0.0018079700306957
2010-03-23,Defensive,-0.0018993185750225
2010-03-25,Defensive,-0.001753277386727
2010-03-26,Defensive,-0.000142708804771
2010-03-29,Defensive,-0.0003403112083817
2010-03-30,Defensive,-0.0018203509241395
2010-03-31,Defensive,0.0006192073881264
2010-04-01,Defensive,0.0046051376166706
2010-04-05,Defensive,-0.0009294309236703
2010-04-06,Defensive,-0.000787023642407
2010-04-07,Defensive,0.0011993231406487
2010-04-08,Defensive,-0.0010376325834735
2010-04-09,Defensive,0.0014179289634363
2010-04-12,Defensive,-0.001357085413558
2010-04-13,Defensive,0.0037442392151546
2010-04-15,Defensive,0.0007695499451845
2010-04-16,Defensive,-0.0011600458981534
2010-04-19,Defensive,-0.0010973833989385
2010-04-20,Defensive,-0.000947599505416
2010-04-21,Defensive,0.0028254993324977
2010-04-22,Defensive,-0.0024575020152025
2010-04-23,Defensive,-0.001255883340919
2010-04-26,Defensive,-0.0010433211138508
2010-04-27,Defensive,4.862406648612416e-05
2010-04-28,Defensive,-0.0004622193852935
2010-04-29,Defensive,-0.0029024556627809
2010-04-30,Defensive,-0.0007196453671909
2010-05-03,Defensive,-0.0001191013663699
2010-05-04,Defensive,-0.0011761956701595
2010-05-05,Defensive,0.0014535509780953
2010-05-06,Defensive,0.0019188168575072
2010-05-07,Defensive,-7.67733994587858e-05
2010-05-10,Defensive,0.0005410831737014
2010-05-11,Defensive,-0.0042421119946985
2010-05-12,Defensive,-0.0007622055443236
2010-05-13,Defensive,0.0020896433835158
2010-05-14,Defensive,-0.0007668731663585
2010-05-17,Defensive,-0.0013945233527839
2010-05-18,Defensive,0.0046353778520618
2010-05-19,Defensive,0.0037181543803916
2010-05-20,Defensive,0.0010151498249643
2010-05-21,Defensive,0.00235782122296
2010-05-24,Defensive,-0.0043718708359161
2010-05-25,Defensive,-0.0014951028812574
2010-05-26,Defensive,-0.0008599157463463
2010-05-27,Defensive,-0.0003919601977338
2010-05-28,Defensive,-0.0008998880419479
2010-05-31,Defensive,-0.0050200525830326
2010-06-01,Defensive,0.0008520492374171
2010-06-02,Defensive,0.0011673082565612
2010-06-03,Defensive,0.0032837975831799
2010-06-04,Defensive,-0.0014966185295499
2010-06-07,Defensive,-0.0016603263155598
2010-06-08,Defensive,-0.0052799689719289
2010-06-09,Defensive,-0.0005071336731817
2010-06-10,Defensive,0.0018822235621243
2010-06-11,Defensive,-0.0011435357243854
2010-06-14,Defensive,0.0043668896370872
2010-06-15,Defensive,-0.000433189671579
2010-06-16,Defensive,0.0003739845685771
2010-06-17,Defensive,-0.0026462061611631
2010-06-18,Defensive,0.0006544406903505
2010-06-21,Defensive,-0.0038786395897053
2010-06-22,Defensive,0.0014673959100262
2010-06-23,Defensive,0.0015288563524708
2010-06-24,Defensive,0.002798582848673
2010-06-25,Defensive,-0.0019599374375353
2010-06-28,Defensive,0.0004011242365948
2010-06-29,Defensive,0.001207633118773
2010-06-30,Defensive,0.0009645632766606
2010-07-01,Defensive,-0.0016505985502697
2010-07-02,Defensive,-0.0047039637791122
2010-07-05,Defensive,0.0007739205937689
2010-07-06,Defensive,-0.0002249993566198
2010-07-07,Defensive,-0.0010533411859228
2010-07-08,Defensive,0.0016078907274309
2010-07-09,Defensive,-9.839076308866264e-06
2010-07-12,Defensive,-0.0025583901055355
2010-07-13,Defensive,-0.0037829045781924
2010-07-14,Defensive,-0.0021779265302663
2010-07-15,Defensive,0.0048660245895335
2010-07-16,Defensive,0.0015255535478655
2010-07-19,Defensive,0.00045722468395
2010-07-20,Defensive,-0.0002833218543716
2010-07-21,Defensive,-0.0004147858798948
2010-07-22,Defensive,0.0024143919667181
2010-07-23,Defensive,-0.0009011914838068
2010-07-26,Defensive,0.0012338408213685
2010-07-27,Defensive,-0.0006168559005831
2010-07-28,Defensive,0.0039603132636701
2010-07-29,Defensive,0.0015645770151566
2010-07-30,Defensive,0.0025711136293672
2010-08-02,Defensive,-0.0010888195493764
2010-08-03,Defensive,0.0021962722251348
2010-08-04,Defensive,-0.0005451548507893
2010-08-05,Defensive,0.0003000696478656
2010-08-06,Defensive,0.0033500953412389
2010-08-09,Defensive,-0.0020055501135128
2010-08-10,Defensive,0.0004864954626108
2010-08-11,Defensive,0.0009560105170374
2010-08-12,Defensive,0.0011200087616016
2010-08-13,Defensive,-0.0008215689861869
2010-08-16,Defensive,0.0042525282016161
2010-08-17,Defensive,-0.0025098637706805
2010-08-18,Defensive,0.0029977707772649
2010-08-19,Defensive,0.0025101312111832
2010-08-20,Defensive,0.0038817775792073
2010-08-23,Defensive,-0.0030964541974156
2010-08-24,Defensive,-0.0016576629757794
2010-08-25,Defensive,0.0030638861183232
2010-08-26,Defensive,-0.0036740783092606
2010-08-27,Defensive,-0.0031329178020808
2010-08-30,Defensive,-0.0008966155734229
2010-08-31,Defensive,0.0004639875772445
2010-09-01,Defensive,0.0032644501472975
2010-09-02,Defensive,-0.0002905318298607
2010-09-03,Defensive,-0.001136478296129
2010-09-06,Defensive,0.0007027798753928
2010-09-07,Defensive,0.0010191929665888
2010-09-08,Defensive,0.0009624796443405
2010-09-09,Defensive,-0.0002759724159026
2010-09-13,Defensive,-0.0038301722278362
2010-09-14,Defensive,-0.0017552319782126
2010-09-15,Defensive,0.0029205421705349
2010-09-16,Defensive,0.0004541378759531
2010-09-17,Defensive,-0.0005650442382141
2010-09-20,Defensive,0.0023163370967479
2010-09-21,Defensive,-0.0021802332647378
2010-09-22,Defensive,-0.000370696267426
2010-09-23,Defensive,0.000355516810348
2010-09-24,Defensive,-0.0008027550065892
2010-09-27,Defensive,0.0002815256458031
2010-09-28,Defensive,-0.0002953878628435
2010-09-29,Defensive,-0.0027186860955717
2010-09-30,Defensive,0.0004429557637581
2010-10-01,Defensive,-0.0025767035830257
2010-10-04,Defensive,0.0004112302501934
2010-10-05,Defensive,0.0028282716483002
2010-10-06,Defensive,-0.0004820463945521
2010-10-07,Defensive,-0.0022629662599419
2010-10-08,Defensive,-0.0001739756264099
2010-10-11,Defensive,-0.001583942216157
2010-10-12,Defensive,0.0012690180052629
2010-10-13,Defensive,-0.0002159774950457
2010-10-14,Defensive,0.0034995265033291
2010-10-15,Defensive,0.0024059791913546
2010-10-18,Defensive,-0.0002261610089628
2010-10-19,Defensive,0.0015112181359461
2010-10-20,Defensive,-0.0007064728183256
2010-10-21,Defensive,0.0001479137703303
2010-10-22,Defensive,-0.0006428683927006
2010-10-25,Defensive,0.0016129119196994
2010-10-26,Defensive,0.0029459765534191
2010-10-27,Defensive,0.0016772964143822
2010-10-28,Defensive,0.0019238732025707
2010-10-29,Defensive,0.0019260668744714
2010-11-01,Defensive,0.0011825118446694
2010-11-02,Defensive,-0.0021985723184205
2010-11-03,Defensive,0.0034819430388329
2010-11-04,Defensive,0.0036888216533968
2010-11-08,Defensive,-0.0003877592066267
2010-11-09,Defensive,-0.0006613958304323
2010-11-10,Defensive,0.0013048233058307
2010-11-11,Defensive,0.001181625670367
2010-11-12,Defensive,-0.000323892137506
2010-11-15,Defensive,-0.0024200513111752
2010-11-16,Defensive,0.0006914023814995
2010-11-18,Defensive,0.001182873076351
2010-11-19,Defensive,0.0015316422960775
2010-11-22,Defensive,0.0007785855447084
2010-11-23,Defensive,-0.0004622302967238
2010-11-24,Defensive,0.0020680040790125
2010-11-25,Defensive,0.0002116969951318
2010-11-26,Defensive,-0.0008498460287294
2010-11-29,Defensive,-0.0002813067640914
2010-11-30,Defensive,-0.0034119380649499
2010-12-01,Defensive,-0.000284483648357
2010-12-02,Defensive,0.0014568730397493
2010-12-03,Defensive,0.0007595660442784
2010-12-06,Defensive,0.0031213283459623
2010-12-07,Defensive,-0.0004459498280314
2010-12-08,Defensive,0.0010546263261066
2010-12-09,Defensive,0.0016654803526115
2010-12-10,Defensive,0.0047657140165748
2010-12-13,Defensive,0.0003695309822352
2010-12-14,Defensive,-0.002008374357728
2010-12-15,Defensive,0.0017758575067105
2010-12-16,Defensive,0.0038114547119369
2010-12-20,Defensive,-0.0005650974204532
2010-12-21,Defensive,0.0017621630772128
2010-12-22,Defensive,0.0025374561104578
2010-12-23,Defensive,0.0021141310879403
2010-12-24,Defensive,0.0003311170449471
2010-12-27,Defensive,-0.0013169475164262
2010-12-28,Defensive,-8.255909602717149e-05
2010-12-29,Defensive,0.0009972009077552
2010-12-30,Defensive,0.0018964450481834
2010-12-31,Defensive,0.000747890095998
2011-01-03,Defensive,-0.0006798159330811
2011-01-04,Defensive,0.0011907593122995
2011-01-05,Defensive,0.0018001701354856
2011-01-06,Defensive,0.0008392201128289
2011-01-07,Defensive,-0.0015923742290766
2011-01-10,Defensive,-0.0002828120694343
2011-01-11,Defensive,0.0019756415528249
2011-01-12,Defensive,-0.0026860356174889
2011-01-13,Defensive,-0.0041063560447823
2011-01-14,Defensive,0.003096165700288
2011-01-17,Defensive,0.0011028305100437
2011-01-18,Defensive,0.0012934600050402
2011-01-19,Defensive,-0.0020736339472541
2011-01-20,Defensive,0.001555056126933
2011-01-21,Defensive,0.0006304973751367
2011-01-24,Defensive,-0.0030886551556967
2011-01-25,Defensive,0.0029285668285477
2011-01-27,Defensive,0.0003973666472374
2011-01-28,Defensive,-0.0007121679321585
2011-01-31,Defensive,-0.0006759794919704
2011-02-01,Defensive,-0.0039504438108647
2011-02-02,Defensive,0.0012666731992627
2011-02-03,Defensive,0.0006037144144914
2011-02-04,Defensive,-0.0003081602646661
2011-02-07,Defensive,0.0026369704149033
2011-02-08,Defensive,-0.0026877180379916
2011-02-09,Defensive,-0.0011135449527352
2011-02-10,Defensive,-0.0016200165095207
2011-02-11,Defensive,-0.0004775899595431
2011-02-14,Defensive,0.0002149400505144
2011-02-15,Defensive,0.0009400270476227
2011-02-16,Defensive,-0.0006139469062102
2011-02-17,Defensive,-0.0016747114703097
2011-02-18,Defensive,0.0034520138995408
2011-02-21,Defensive,0.0049032803835771
2011-02-22,Defensive,0.000366573343764
2011-02-23,Defensive,-0.0014335607340417
2011-02-24,Defensive,0.0030309082620845
2011-02-25,Defensive,-0.0028135142126569
2011-02-28,Defensive,-0.0005895466494096
2011-03-01,Defensive,-0.0013122341026926
2011-03-03,Defensive,-0.0022390711009009
2011-03-04,Defensive,-0.0004800484658435
2011-03-07,Defensive,-0.0016483441583479
2011-03-08,Defensive,0.0001053089282973
2011-03-09,Defensive,0.0001343543353449
2011-03-10,Defensive,-0.0011626634470439
2011-03-11,Defensive,-0.0006610267131877
2011-03-14,Defensive,-0.0003816979358074
2011-03-15,Defensive,0.0016996921222388
2011-03-16,Defensive,-0.0002168588021283
2011-03-17,Defensive,0.0017294034815721
2011-03-18,Defensive,0.0012516259671093
2011-03-21,Defensive,0.0012230613938014
2011-03-22,Defensive,0.0028556919406919
2011-03-23,Defensive,-0.0021587817594918
2011-03-24,Defensive,-0.0008663662126142
2011-03-25,Defensive,0.0036065976005991
2011-03-28,Defensive,-0.0004346330011785
2011-03-29,Defensive,-0.0055502473798116
2011-03-30,Defensive,-0.0003259366862957
2011-03-31,Defensive,0.0003498790603264
2011-04-01,Defensive,-0.0051542262348624
2011-04-04,Defensive,0.0027478712797758
2011-04-05,Defensive,-0.0013474249277312
2011-04-06,Defensive,0.000737126230375
2011-04-07,Defensive,-0.0003719630906881
2011-04-08,Defensive,-0.002496702838408
2011-04-11,Defensive,-0.0020610162692708
2011-04-13,Defensive,-0.001790165672855
2011-04-15,Defensive,0.0022513438183672
2011-04-18,Defensive,-0.0002150763762003
2011-04-19,Defensive,-0.0009637310331034
2011-04-20,Defensive,-0.0017892178251804
2011-04-21,Defensive,0.0024723004430522
2011-04-25,Defensive,0.0030084025450471
2011-04-26,Defensive,0.0024494877974133
2011-04-27,Defensive,0.0010648746783083
2011-04-28,Defensive,0.0006596600837414
2011-04-29,Defensive,-0.0023518756359518
2011-05-02,Defensive,-0.0004116382534221
2011-05-03,Defensive,-0.0012877204066928
2011-05-04,Defensive,-0.0035710242179694
2011-05-05,Defensive,0.0021940868383307
2011-05-06,Defensive,-0.0013116598927845
2011-05-09,Defensive,0.0024718838148706
2011-05-10,Defensive,0.00184349280152
2011-05-11,Defensive,0.0011934359532668
2011-05-12,Defensive,0.0013057681435263
2011-05-13,Defensive,-0.0011506277641474
2011-05-16,Defensive,0.0037957003025813
2011-05-17,Defensive,0.000166250861906
2011-05-18,Defensive,0.0006838633702374
2011-05-19,Defensive,-0.0012181526671332
2011-05-20,Defensive,-0.0017823305215539
2011-05-23,Defensive,0.0010345920176188
2011-05-24,Defensive,0.0005150269918775
2011-05-25,Defensive,-0.0014987047318051
2011-05-26,Defensive,-0.0027968534375508
2011-05-27,Defensive,-0.002459846174655
2011-05-30,Defensive,0.0024722674341822
2011-06-01,Defensive,-0.0011465076293001
2011-06-02,Defensive,-0.0005978170913516
2011-06-03,Defensive,0.0029806805175181
2011-06-06,Defensive,-0.0021643011229728
2011-06-07,Defensive,-0.0013739896514341
2011-06-08,Defensive,-0.0014575336571213
2011-06-09,Defensive,0.003316136962332
2011-06-10,Defensive,0.0040667670011648
2011-06-13,Defensive,0.0015831264508043
2011-06-14,Defensive,0.0016467694483084
2011-06-15,Defensive,-0.0010807100057054
2011-06-16,Defensive,0.0039746569738085
2011-06-17,Defensive,0.0006153925087173
2011-06-20,Defensive,0.0017862205288994
2011-06-21,Defensive,-0.0001310498775419
2011-06-22,Defensive,-0.0004560651746552
2011-06-23,Defensive,0.0034060845191922
2011-06-24,Defensive,0.0011594473594766
2011-06-27,Defensive,0.0029827509221407
2011-06-28,Defensive,0.00059065634349
2011-06-29,Defensive,-0.0016167330728461
2011-06-30,Defensive,-0.0010866858657569
2011-07-01,Defensive,0.0002859304849292
2011-07-04,Defensive,-0.0011730004320866
2011-07-05,Defensive,-0.0021349228172553
2011-07-06,Defensive,0.002482834063574
2011-07-07,Defensive,-0.001009740141647
2011-07-08,Defensive,0.0003563854955826
2011-07-11,Defensive,0.0006722671797712
2011-07-12,Defensive,-0.0010963062506411
2011-07-13,Defensive,0.0029815989326174
2011-07-15,Defensive,-0.0021542835224092
2011-07-18,Defensive,0.0006032505271615
2011-07-19,Defensive,0.0005722354127531
2011-07-20,Defensive,-2.8509205728295708e-05
2011-07-21,Defensive,-0.0025138252265439
2011-07-22,Defensive,0.0018216351037269
2011-07-25,Defensive,0.0015670213406691
2011-07-26,Defensive,-0.0012711370571824
2011-07-27,Defensive,0.0014949744144107
2011-07-28,Defensive,0.0008298153726015
2011-07-29,Defensive,-0.0024812242907222
2011-08-01,Defensive,-0.0016278578291427
2011-08-02,Defensive,0.0023565628897791
2011-08-03,Defensive,0.0006988323702841
2011-08-04,Defensive,-0.0010486058916212
2011-08-05,Defensive,-0.0016369517823452
2011-08-08,Defensive,-0.0009507875962308
2011-08-09,Defensive,-0.0008089590597554
2011-08-10,Defensive,-0.0016119260652585
2011-08-11,Defensive,-0.0034035282247666
2011-08-12,Defensive,0.0023600265728015
2011-08-16,Defensive,0.0020212673452228
2011-08-17,Defensive,-0.0024665109036137
2011-08-18,Defensive,0.0003526225911273
2011-08-19,Defensive,-0.0017244764054295
2011-08-22,Defensive,-0.000443134446453
2011-08-23,Defensive,-0.0006095331597473
2011-08-24,Defensive,-0.0007756684314357
2011-08-25,Defensive,0.0040858941681525
2011-08-26,Defensive,-0.0008006513693523
2011-08-29,Defensive,-0.0015365276501338
2011-08-30,Defensive,-0.001445162858994
2011-09-02,Defensive,0.0021675539128035
2011-09-05,Defensive,-0.0032242046633858
2011-09-06,Defensive,-0.001445245832871
2011-09-07,Defensive,0.002973645680223
2011-09-08,Defensive,0.0005679723759952
2011-09-09,Defensive,0.0004638440100722
2011-09-12,Defensive,0.0043442929202874
2011-09-13,Defensive,0.0005726959058969
2011-09-14,Defensive,-0.0013363723227191
2011-09-15,Defensive,-0.0004841541137526
2011-09-16,Defensive,-0.0021908646180611
2011-09-19,Defensive,0.0025918740800313
2011-09-20,Defensive,0.0012291234350734
2011-09-21,Defensive,0.0023288282999417
2011-09-22,Defensive,0.0025059678570987
2011-09-23,Defensive,-0.000748421561855
2011-09-26,Defensive,-0.0018095057040177
2011-09-27,Defensive,-2.342622261609167e-05
2011-09-28,Defensive,-0.001665522141577
2011-09-29,Defensive,0.000409913750818
2011-09-30,Defensive,0.0023441937616693
2011-10-03,Defensive,-0.0002562792920983
2011-10-04,Defensive,0.0003799901798154
2011-10-05,Defensive,-0.0001076912324467
2011-10-07,Defensive,0.0016854551448753
2011-10-10,Defensive,-0.0012555647885765
2011-10-11,Defensive,-0.0043128925232861
2011-10-12,Defensive,0.0010217377187507
2011-10-13,Defensive,0.0020556688426159
2011-10-14,Defensive,0.000972748489517
2011-10-17,Defensive,-0.001200460990936
2011-10-18,Defensive,-0.0021900241963721
2011-10-19,Defensive,0.0010689950635606
2011-10-20,Defensive,0.0003629579058693
2011-10-21,Defensive,-0.0001715852553166
2011-10-24,Defensive,0.0037249266859875
2011-10-25,Defensive,-0.0018136001883626
2011-10-28,Defensive,0.0036300740422549
2011-10-31,Defensive,0.0001435678097412
2011-11-01,Defensive,-0.0035911409537417
2011-11-02,Defensive,-0.0002784053086382
2011-11-03,Defensive,0.0019989921531988
2011-11-04,Defensive,-0.0006501100656099
2011-11-08,Defensive,-0.0028695570824767
2011-11-09,Defensive,-0.0002490290635923
2011-11-11,Defensive,-0.0016343447477834
2011-11-14,Defensive,0.0010636288021759
2011-11-15,Defensive,0.0016267996321352
2011-11-16,Defensive,-0.0020325408154962
2011-11-17,Defensive,-0.0013316081102312
2011-11-18,Defensive,0.0015932849302138
2011-11-21,Defensive,-0.0016376885565979
2011-11-22,Defensive,-0.0020843162716559
2011-11-23,Defensive,-0.0022773822635925
2011-11-25,Defensive,0.0007840772259162
2011-11-28,Defensive,0.0006983154390349
2011-11-29,Defensive,-0.001288092060758
2011-11-30,Defensive,9.017079225646818e-05
2011-12-01,Defensive,0.0031342647683102
2011-12-02,Defensive,-0.0018681203138364
2011-12-05,Defensive,-0.0038234852180208
2011-12-07,Defensive,0.0009901511514407
2011-12-08,Defensive,-0.0001408023278031
2011-12-09,Defensive,-0.0013400501736302
2011-12-12,Defensive,0.0013841604747098
2011-12-13,Defensive,0.0017584502893375
2011-12-14,Defensive,-0.0043365560397601
2011-12-15,Defensive,-0.0012251958186629
2011-12-16,Defensive,0.0047150324623937
2011-12-19,Defensive,0.0012468098315963
2011-12-20,Defensive,0.0014322072765942
2011-12-21,Defensive,0.0024257885572629
2011-12-22,Defensive,0.0001141376503994
2011-12-23,Defensive,0.0016733683201832
2011-12-27,Defensive,0.0015161240876744
2011-12-28,Defensive,0.0011580829935055
2011-12-29,Defensive,-0.0005640239412348
2011-12-30,Defensive,0.0004241178447325
2012-01-03,Defensive,-0.0010967231286135
2012-01-04,Defensive,0.0001056286091329
2012-01-05,Defensive,-0.0022569817841985
2012-01-06,Defensive,-0.0015012479825459
2012-01-09,Defensive,-0.0004846240838498
2012-01-10,Defensive,-0.0018074108628601
2012-01-11,Defensive,-0.0009300345414903
2012-01-12,Defensive,-0.000247851953511
2012-01-13,Defensive,0.0008845246893287
2012-01-16,Defensive,0.0019785146037058
2012-01-17,Defensive,-0.0008475687427562
2012-01-18,Defensive,0.0027502092345372
2012-01-19,Defensive,0.0019572221572509
2012-01-20,Defensive,0.0010881876638878
2012-01-23,Defensive,0.0003872982585932
2012-01-24,Defensive,0.000718241683737
2012-01-25,Defensive,0.0024541023013327
2012-01-27,Defensive,0.0025271593195185
2012-01-30,Defensive,0.0027498934567672
2012-01-31,Defensive,0.000162653663754
2012-02-01,Defensive,0.0011899343299972
2012-02-02,Defensive,0.0027670930132441
2012-02-03,Defensive,-0.0011674320698327
2012-02-06,Defensive,-0.0005568337074366
2012-02-07,Defensive,0.0001120733260269
2012-02-08,Defensive,0.0018791974759588
2012-02-09,Defensive,0.0019103443014372
2012-02-10,Defensive,-0.0003817282223958
2012-02-13,Defensive,-0.0029372189087594
2012-02-14,Defensive,0.0005723678885919
2012-02-15,Defensive,-0.0017566322746568
2012-02-16,Defensive,-0.0028998724092804
2012-02-17,Defensive,-0.0024477431214674
2012-02-21,Defensive,0.0007327620156911
2012-02-22,Defensive,0.0028020747218656
2012-02-23,Defensive,0.0001577890324724
2012-02-24,Defensive,0.0005027613092919
2012-02-27,Defensive,0.0024457898777558
2012-02-28,Defensive,-0.0030089098181671
2012-02-29,Defensive,0.0011203528432005
2012-03-01,Defensive,5.682043136235758e-05
2012-03-02,Defensive,0.0012121149176641
2012-03-05,Defensive,-0.0008869678168076
2012-03-06,Defensive,-0.0015558745808529
2012-03-07,Defensive,0.0003610178085712
2012-03-09,Defensive,0.0033783826466689
2012-03-12,Defensive,0.0018018202090829
2012-03-13,Defensive,-0.0009353855403601
2012-03-14,Defensive,-0.0026019440719625
2012-03-15,Defensive,-0.0032841345673955
2012-03-16,Defensive,0.0027121989037009
2012-03-19,Defensive,-0.0018301645762716
2012-03-20,Defensive,-0.0005710268259898
2012-03-21,Defensive,0.0027224222521551
2012-03-22,Defensive,-0.0031478029109579
2012-03-23,Defensive,0.0030645290189501
2012-03-26,Defensive,-0.000427280907785
2012-03-27,Defensive,-0.0022171666304774
2012-03-28,Defensive,-0.0004147018542978
2012-03-29,Defensive,-0.0013651935628029
2012-03-30,Defensive,0.0009616395978114
2012-04-02,Defensive,-0.0012162648677755
2012-04-03,Defensive,-0.003743284421838
2012-04-04,Defensive,-0.0003611250688179
2012-04-09,Defensive,-0.002633090104573
2012-04-10,Defensive,0.0004886397679766
2012-04-11,Defensive,-0.0022942606645666
2012-04-12,Defensive,-0.0008960256063441
2012-04-13,Defensive,0.0004451756084286
2012-04-16,Defensive,-0.0003449174500685
2012-04-17,Defensive,0.000580860566002
2012-04-18,Defensive,0.0014405743314355
2012-04-19,Defensive,-0.0022358673994626
2012-04-20,Defensive,-4.879508124941582e-05
2012-04-23,Defensive,-0.0065790075950162
2012-04-24,Defensive,0.000574666603365
2012-04-25,Defensive,-0.0005216282607496
2012-04-26,Defensive,-0.0018868995269559
2012-04-27,Defensive,0.000711438844593
2012-04-30,Defensive,0.0024253951543701
2012-05-02,Defensive,-0.0008720354951978
2012-05-03,Defensive,-0.0018096289804834
2012-05-04,Defensive,0.0004100505248774
2012-05-07,Defensive,-0.0025912133332927
2012-05-08,Defensive,-0.001240762741071
2012-05-09,Defensive,0.002524804323301
2012-05-10,Defensive,0.0002043584596245
2012-05-11,Defensive,-0.0036789339278923
2012-05-14,Defensive,-0.0035139832945588
2012-05-15,Defensive,0.0004041713852935
2012-05-16,Defensive,0.0018047811518353
2012-05-17,Defensive,-0.0031552429172523
2012-05-18,Defensive,0.000979425214993
2012-05-22,Defensive,0.0027406870149794
2012-05-23,Defensive,0.0038557179759172
2012-05-24,Defensive,0.0007424455197197
2012-05-25,Defensive,0.0010936051891049
2012-05-28,Defensive,-0.0041863688552562
2012-05-29,Defensive,0.0042795050959919
2012-05-30,Defensive,-0.0010709804261922
2012-05-31,Defensive,-0.00178694231685
2012-06-01,Defensive,-0.0004304122688792
2012-06-04,Defensive,0.0031033468283708
2012-06-05,Defensive,0.004496092095087
2012-06-06,Defensive,0.0003308173589516
2012-06-07,Defensive,0.0020761683452073
2012-06-08,Defensive,0.000166408097371
2012-06-11,Defensive,-0.0019955909460363
2012-06-12,Defensive,0.0030334873415765
2012-06-13,Defensive,-0.0011642549607127
2012-06-14,Defensive,0.0031510615467437
2012-06-15,Defensive,0.0026770826595381
2012-06-18,Defensive,0.0013080725279144
2012-06-19,Defensive,0.0037379495125087
2012-06-20,Defensive,0.0045446920663714
2012-06-21,Defensive,-0.0002704867259286
2012-06-22,Defensive,-0.0015375882368328
2012-06-25,Defensive,-0.0036485396745129
2012-06-26,Defensive,0.0045693645108605
2012-06-27,Defensive,-0.0007993640178368
2012-06-28,Defensive,0.0023500737142034
2012-06-29,Defensive,-0.0014025107350189
2012-07-02,Defensive,0.003156531281824
2012-07-03,Defensive,-0.0013202351836308
2012-07-04,Defensive,-0.0023034382672346
2012-07-05,Defensive,-0.0003370128619075
2012-07-06,Defensive,-0.0009835514019232
2012-07-09,Defensive,0.0012725995709224
2012-07-10,Defensive,-2.278985438504724e-05
2012-07-11,Defensive,0.0013354047891038
2012-07-12,Defensive,-0.0005020429461705
2012-07-13,Defensive,-0.0012502147420376
2012-07-16,Defensive,-0.0010871210957921
2012-07-17,Defensive,0.004169877596062
2012-07-18,Defensive,0.0005303418644538
2012-07-19,Defensive,-0.003887524418906
2012-07-20,Defensive,-0.0009604180269081
2012-07-23,Defensive,0.0002737320649517
2012-07-24,Defensive,0.0037707993625007
2012-07-25,Defensive,0.0021373974317797
2012-07-26,Defensive,-0.0017634356729638
2012-07-27,Defensive,0.0049167115071449
2012-07-30,Defensive,1.7679270397044773e-05
2012-07-31,Defensive,0.0025726596221498
2012-08-01,Defensive,-0.0022300169947998
2012-08-02,Defensive,-0.0047163261905017
2012-08-03,Defensive,-0.0027368629807367
2012-08-06,Defensive,-0.0064206669523914
2012-08-07,Defensive,0.0043041786545058
2012-08-08,Defensive,0.0005090658377728
2012-08-09,Defensive,-0.001769288036896
2012-08-10,Defensive,0.0009852480599602
2012-08-13,Defensive,0.0004586680723603
2012-08-14,Defensive,0.0013218667912279
2012-08-16,Defensive,0.0024990628022725
2012-08-17,Defensive,-0.00049984230605
2012-08-21,Defensive,-0.0016796786122019
2012-08-22,Defensive,0.0017355504287438
2012-08-23,Defensive,0.0016846655557689
2012-08-24,Defensive,0.0002814716162426
2012-08-27,Defensive,0.0044351083773615
2012-08-29,Defensive,-0.0007956442457233
2012-08-30,Defensive,-0.0017197159432705
2012-08-31,Defensive,0.0009161828550132
2012-09-03,Defensive,-0.0012698757138269
2012-09-04,Defensive,0.0010710330482897
2012-09-05,Defensive,-0.0015860165116788
2012-09-06,Defensive,-0.0007204845658637
2012-09-07,Defensive,0.0038616808400783
2012-09-10,Defensive,-0.0007311747134953
2012-09-11,Defensive,-0.0015177030880345
2012-09-12,Defensive,0.002421357577413
2012-09-13,Defensive,-0.0020220839005733
2012-09-14,Defensive,-0.0013058864602941
2012-09-17,Defensive,0.0012331222410179
2012-09-18,Defensive,0.0019568228477465
2012-09-20,Defensive,0.0025209527821621
2012-09-21,Defensive,-0.0014144436644409
2012-09-24,Defensive,0.0012720173459722
2012-09-25,Defensive,-0.0008522163990883
2012-09-26,Defensive,-0.0011313112670212
2012-09-27,Defensive,0.0024864255645845
2012-09-28,Defensive,-0.0010191087917191
2012-10-01,Defensive,0.0006364091920419
2012-10-03,Defensive,0.0003911589384612
2012-10-04,Defensive,-0.002061508752677
2012-10-05,Defensive,0.0020121857107126
2012-10-08,Defensive,0.0012005617873579
2012-10-09,Defensive,-0.0038925812237408
2012-10-10,Defensive,0.0006348422224746
2012-10-11,Defensive,-0.0014659468683332
2012-10-12,Defensive,0.0022741506128252
2012-10-15,Defensive,-0.0028107996735615
2012-10-16,Defensive,-0.000632953937259
2012-10-17,Defensive,0.0008040491019769
2012-10-18,Defensive,0.0001886805882837
2012-10-19,Defensive,0.0016059165134279
2012-10-22,Defensive,-0.0029568439720185
2012-10-23,Defensive,0.0033838286737347
2012-10-25,Defensive,0.0011302893175765
2012-10-29,Defensive,0.0027994364260017
2012-10-30,Defensive,0.0018284803384664
2012-10-31,Defensive,5.677977108991294e-05
2012-11-01,Defensive,-0.0024883964218223
2012-11-02,Defensive,-0.0010471063624974
2012-11-05,Defensive,0.0032591266657251
2012-11-06,Defensive,0.0028508755633127
2012-11-07,Defensive,-0.0011591999602073
2012-11-08,Defensive,-0.0055566085724043
2012-11-09,Defensive,-0.0003453794686102
2012-11-12,Defensive,-0.0004954057762582
2012-11-15,Defensive,-0.0004195452240807
2012-11-16,Defensive,0.0011370784036628
2012-11-19,Defensive,0.0018324251586433
2012-11-20,Defensive,0.002060599094199
2012-11-21,Defensive,0.0009714182802707
2012-11-22,Defensive,-0.0035215414038452
2012-11-23,Defensive,-0.0006023994653865
2012-11-26,Defensive,0.0046881795670983
2012-11-27,Defensive,0.0008284334696049
2012-11-29,Defensive,0.0008156391368877
2012-11-30,Defensive,0.0007989718795477
2012-12-03,Defensive,0.0009107592450119
2012-12-04,Defensive,-0.0046862243621718
2012-12-05,Defensive,-0.0003990486338221
2012-12-06,Defensive,4.214336410621123e-06
2012-12-07,Defensive,0.0026429907985068
2012-12-10,Defensive,0.0001753457892445
2012-12-11,Defensive,-0.0032130227732038
2012-12-12,Defensive,0.0009401783123435
2012-12-13,Defensive,-0.0015276492964854
2012-12-14,Defensive,-0.0023535712821628
2012-12-17,Defensive,-0.0015883180934331
2012-12-18,Defensive,0.001165008459329
2012-12-19,Defensive,0.0025975224795201
2012-12-20,Defensive,0.0010458598903551
2012-12-21,Defensive,0.001344046447234
2012-12-24,Defensive,0.001026090545676
2012-12-26,Defensive,0.0002826543537209
2012-12-27,Defensive,0.0014738612699255
2012-12-28,Defensive,-0.0047575509341388
2012-12-31,Defensive,0.0003021767026096
2013-01-02,Defensive,-0.0020098500692445
2013-01-03,Defensive,0.0024058051450882
2013-01-04,Defensive,-0.0002143106104337
2013-01-07,Defensive,0.0001418961765356
2013-01-08,Defensive,-0.0029301437485076
2013-01-09,Defensive,0.0021136617780257
2013-01-10,Defensive,0.0013346562405476
2013-01-11,Defensive,0.001193895764681
2013-01-14,Defensive,-0.0015460457043376
2013-01-15,Defensive,-0.0014672796898762
2013-01-16,Defensive,0.0005271989088918
2013-01-17,Defensive,-0.0013089968204961
2013-01-18,Defensive,0.0009497859253546
2013-01-21,Defensive,-0.0042418252055334
2013-01-22,Defensive,-0.0008950891128131
2013-01-23,Defensive,0.0036735069308529
2013-01-24,Defensive,0.0009589716559915
2013-01-25,Defensive,0.0004135873290619
2013-01-28,Defensive,0.0040504530713427
2013-01-29,Defensive,-0.0045919072376028
2013-01-30,Defensive,-0.0015506222295762
2013-01-31,Defensive,-0.0007223463434947
2013-02-01,Defensive,0.0017967024660107
2013-02-04,Defensive,0.0018313127264564
2013-02-05,Defensive,-0.0016520134179652
2013-02-06,Defensive,0.002075908644285
2013-02-07,Defensive,-0.0007266295346434
2013-02-08,Defensive,0.0025032792512983
2013-02-11,Defensive,-0.0019852853962441
2013-02-12,Defensive,-0.0001666231981323
2013-02-13,Defensive,-0.0009003346307531
2013-02-14,Defensive,0.0021920607431314
2013-02-15,Defensive,-0.0009655624331323
2013-02-18,Defensive,-4.897058023512019e-06
2013-02-19,Defensive,0.001093622795326
2013-02-20,Defensive,0.0011705169660522
2013-02-21,Defensive,0.0018539052149463
2013-02-22,Defensive,0.0005022495536893
2013-02-25,Defensive,-0.0007564978305596
2013-02-26,Defensive,-0.0006193974907175
2013-02-27,Defensive,0.0001313446304152
2013-02-28,Defensive,0.0005791849521487
2013-03-01,Defensive,-0.0002143432956968
2013-03-04,Defensive,0.000118406841931
2013-03-05,Defensive,-0.0029545077211442
2013-03-06,Defensive,0.0014147105689093
2013-03-07,Defensive,0.0004422245777788
2013-03-08,Defensive,0.0020837408270821
2013-03-11,Defensive,8.032101481416988e-05
2013-03-12,Defensive,-0.0033967951570435
2013-03-13,Defensive,-0.0006368923786133
2013-03-14,Defensive,-0.0003198598462368
2013-03-15,Defensive,0.0015658066108671
2013-03-18,Defensive,-0.0040605470890267
2013-03-19,Defensive,0.0001623590338978
2013-03-20,Defensive,0.0011073504315866
2013-03-21,Defensive,-0.001242975770563
2013-03-22,Defensive,0.0002292560196336
2013-03-25,Defensive,-0.0011740730182996
2013-03-26,Defensive,-0.0013791458664407
2013-03-28,Defensive,-0.0007368397002626
2013-04-01,Defensive,-0.001341383984934
2013-04-02,Defensive,0.0014472366238726
2013-04-03,Defensive,-0.0013899037536707
2013-04-04,Defensive,-0.0017258200140958
2013-04-05,Defensive,0.003615857333679
2013-04-08,Defensive,0.002001480023648
2013-04-09,Defensive,-0.0036430267213184
2013-04-10,Defensive,-0.001449536579705
2013-04-11,Defensive,0.0005649259434454
2013-04-12,Defensive,0.0007275101344629
2013-04-15,Defensive,-0.0029009857314737
2013-04-16,Defensive,0.0023971309856446
2013-04-17,Defensive,0.0017304488383632
2013-04-18,Defensive,0.0010438032640806
2013-04-22,Defensive,0.0027934569814242
2013-04-23,Defensive,0.0009845799851418
2013-04-25,Defensive,0.0009771617585036
2013-04-26,Defensive,0.0031953585436444
2013-04-29,Defensive,0.0022824391614554
2013-04-30,Defensive,-0.001603014917823
2013-05-02,Defensive,0.0013463903573438
2013-05-03,Defensive,-0.0012485357299171
2013-05-06,Defensive,0.0010883091019005
2013-05-07,Defensive,0.0010332270140396
2013-05-08,Defensive,-0.0026869346249119
2013-05-09,Defensive,-0.000163691222622
2013-05-10,Defensive,0.0006105140471608
2013-05-13,Defensive,-0.0007925803819883
2013-05-14,Defensive,0.0007094198847815
2013-05-15,Defensive,0.0016917955540021
2013-05-16,Defensive,1.8813871538488776e-05
2013-05-17,Defensive,0.0005291989534165
2013-05-20,Defensive,0.0028468481571119
2013-05-21,Defensive,0.0010263931664504
2013-05-22,Defensive,0.0004816485793489
2013-05-23,Defensive,-0.0018361587592827
2013-05-24,Defensive,0.0014220520227776
2013-05-27,Defensive,0.0007402998987838
2013-05-28,Defensive,0.0026474788674028
2013-05-29,Defensive,0.0001737570866066
2013-05-30,Defensive,-0.0035525330002679
2013-05-31,Defensive,-0.0033202417376565
2013-06-03,Defensive,0.0015513615275194
2013-06-04,Defensive,-0.0010603871953963
2013-06-05,Defensive,0.0009535355022209
2013-06-06,Defensive,0.0003084652890047
2013-06-07,Defensive,-0.0002536793353878
2013-06-10,Defensive,-0.0001127225711764
2013-06-11,Defensive,-0.0016507790100904
2013-06-12,Defensive,4.844462220065852e-05
2013-06-13,Defensive,-0.0010889868655887
2013-06-14,Defensive,-0.0006645130402514
2013-06-17,Defensive,-0.0005672980894183
2013-06-18,Defensive,-0.0003733865397974
2013-06-19,Defensive,0.0019243469130141
2013-06-20,Defensive,-0.0001795816584093
2013-06-21,Defensive,0.0021274046731801
2013-06-24,Defensive,0.0031557099026529
2013-06-25,Defensive,0.0017898893021122
2013-06-26,Defensive,0.001148937070137
2013-06-27,Defensive,0.000733664418967
2013-06-28,Defensive,0.0018107174181001
2013-07-01,Defensive,0.0002587214771924
2013-07-02,Defensive,0.0020491396919143
2013-07-03,Defensive,0.0013082116105793
2013-07-04,Defensive,-0.0006396809215607
2013-07-05,Defensive,0.0018717017602056
2013-07-08,Defensive,0.0002629600119551
2013-07-09,Defensive,-0.0001322640152246
2013-07-10,Defensive,-0.0008723983207979
2013-07-11,Defensive,0.0004120376957491
2013-07-12,Defensive,0.0020729252308259
2013-07-15,Defensive,0.001857880011186
2013-07-16,Defensive,0.0007867875949179
2013-07-17,Defensive,0.00127928728145
2013-07-18,Defensive,0.0026233935830451
2013-07-19,Defensive,-0.0002199325823417
2013-07-22,Defensive,-0.0021508400070604
2013-07-23,Defensive,0.0026822597043571
2013-07-24,Defensive,-0.0009795565040614
2013-07-25,Defensive,-0.0013006762466878
2013-07-26,Defensive,-0.0035123955106691
2013-07-29,Defensive,0.0012225661063285
2013-07-30,Defensive,-0.0031629052491044
2013-07-31,Defensive,-0.0014205176153834
2013-08-01,Defensive,0.0012564735890301
2013-08-02,Defensive,0.0015238425048167
2013-08-05,Defensive,-0.0012234082964364
2013-08-06,Defensive,-0.0001883066539848
2013-08-07,Defensive,-0.0016651890528123
2013-08-08,Defensive,-0.0010167935756223
2013-08-12,Defensive,0.0006124305203058
2013-08-13,Defensive,-0.0009232933575929
2013-08-14,Defensive,-0.0004084300803513
2013-08-16,Defensive,-0.0028494133632351
2013-08-19,Defensive,0.0023459123296122
2013-08-20,Defensive,0.0011001331863421
2013-08-21,Defensive,0.0016658107436744
2013-08-22,Defensive,0.0026608506492337
2013-08-23,Defensive,-0.0015704257510914
2013-08-26,Defensive,-0.000636788966056
2013-08-27,Defensive,-0.0037096687351644
2013-08-28,Defensive,0.0063608458202044
2013-08-29,Defensive,-0.0002191706306347
2013-08-30,Defensive,0.0021574557998298
2013-09-02,Defensive,-0.0023963222886709
2013-09-03,Defensive,0.002072776851286
2013-09-04,Defensive,0.0037951817532993
2013-09-05,Defensive,-4.0561498055962886e-05
2013-09-06,Defensive,-0.0019417629931792
2013-09-10,Defensive,-0.000197592801891
2013-09-11,Defensive,-0.0043735230499144
2013-09-12,Defensive,4.2265979563162085e-06
2013-09-13,Defensive,0.0017219342786259
2013-09-16,Defensive,8.484711252971555e-06
2013-09-17,Defensive,-0.0004882791093779
2013-09-18,Defensive,0.001135136232224
2013-09-19,Defensive,0.0012880496938991
2013-09-20,Defensive,-0.0032398111250103
2013-09-23,Defensive,0.0002576459245575
2013-09-24,Defensive,0.0049519702484584
2013-09-25,Defensive,-0.002590032491296
2013-09-26,Defensive,-9.083766566613298e-05
2013-09-27,Defensive,0.0039634922441034
2013-09-30,Defensive,0.0022883503130873
2013-10-01,Defensive,-0.0009467933615521
2013-10-03,Defensive,0.0004922707592452
2013-10-04,Defensive,7.577664003035318e-05
2013-10-07,Defensive,-0.0014161436086433
2013-10-08,Defensive,-6.850421498616481e-05
2013-10-09,Defensive,-0.000479932265613
2013-10-10,Defensive,0.0003054978761534
2013-10-11,Defensive,-0.001416766361382
2013-10-14,Defensive,-0.0024732364004893
2013-10-15,Defensive,-2.561546784741558e-06
2013-10-17,Defensive,0.0035102364363575
2013-10-18,Defensive,0.0002444058525255
2013-10-21,Defensive,-0.000583187557863
2013-10-22,Defensive,0.0015881716100769
2013-10-23,Defensive,-0.0002366392251907
2013-10-24,Defensive,0.0038160658499182
2013-10-25,Defensive,7.217498140984296e-05
2013-10-28,Defensive,0.0014809941263163
2013-10-29,Defensive,-0.0014292087647865
2013-10-30,Defensive,0.0010861785066733
2013-10-31,Defensive,0.0006301869538875
2013-11-01,Defensive,-3.3012249318416005e-05
2013-11-05,Defensive,-0.0009235155223394
2013-11-06,Defensive,-0.0011960603313047
2013-11-07,Defensive,0.0006447053279593
2013-11-08,Defensive,0.0013378782193929
2013-11-11,Defensive,-0.0001743255925882
2013-11-12,Defensive,0.0006545358582415
2013-11-13,Defensive,4.170643734460816e-06
2013-11-14,Defensive,0.0002770520498107
2013-11-18,Defensive,-0.0003208899653544
2013-11-19,Defensive,0.0001159451587366
2013-11-20,Defensive,0.0054760809136348
2013-11-21,Defensive,0.0007032685976148
2013-11-22,Defensive,0.001370593916862
2013-11-25,Defensive,0.0009560472106561
2013-11-26,Defensive,-0.0004456336465941
2013-11-27,Defensive,0.0026679784265833
2013-11-28,Defensive,-0.0005023275408526
2013-11-29,Defensive,0.0021901090978851
2013-12-02,Defensive,-0.0005884139961328
2013-12-03,Defensive,-0.001839945038288
2013-12-04,Defensive,0.0008107924164723
2013-12-05,Defensive,-0.0021293367122042
2013-12-06,Defensive,0.0011512804500332
2013-12-09,Defensive,-0.0023083173121826
2013-12-10,Defensive,-0.0005580160609457
2013-12-11,Defensive,-0.0027834593930494
2013-12-12,Defensive,0.0057283340188054
2013-12-13,Defensive,-0.0032279191192326
2013-12-16,Defensive,9.962748079280866e-05
2013-12-17,Defensive,0.00236660854866
2013-12-18,Defensive,0.002152771817174
2013-12-19,Defensive,0.0017826842443462
2013-12-20,Defensive,-0.0005544567764429
2013-12-23,Defensive,0.002782177892674
2013-12-24,Defensive,0.0019067821816043
2013-12-26,Defensive,0.0005045992353209
2013-12-27,Defensive,0.0005611615154531
2013-12-30,Defensive,-0.0005278452952307
2013-12-31,Defensive,-0.001739304051666
2014-01-02,Defensive,0.0025543019509574
2014-01-03,Defensive,0.002704415987203
2014-01-06,Defensive,-0.0016882182820598
2014-01-07,Defensive,-0.0002275703302923
2014-01-08,Defensive,-0.0002068464329178
2014-01-09,Defensive,1.4688192519380128e-05
2014-01-10,Defensive,0.0002085897571751
2014-01-13,Defensive,0.0019737229232923
2014-01-14,Defensive,-0.0014144346169734
2014-01-15,Defensive,-0.0016126939830253
2014-01-16,Defensive,0.0025532394842859
2014-01-17,Defensive,-0.0008452894837625
2014-01-20,Defensive,-0.0024460707071541
2014-01-21,Defensive,-0.0008902598841997
2014-01-22,Defensive,-0.000580105470488
2014-01-23,Defensive,0.0031899254554515
2014-01-24,Defensive,0.0019296524247534
2014-01-27,Defensive,0.0023750412332644
2014-01-28,Defensive,0.0017199472846935
2014-01-29,Defensive,0.0019724873432306
2014-01-30,Defensive,-0.0012961642531606
2014-01-31,Defensive,-0.0003172043107069
2014-02-03,Defensive,-0.001899830626047
2014-02-04,Defensive,-0.000340976061074
2014-02-05,Defensive,0.0014482099818694
2014-02-06,Defensive,0.0003491665696244
2014-02-07,Defensive,0.0027029616379205
2014-02-10,Defensive,-0.0022028315844544
2014-02-11,Defensive,0.0010804767013964
2014-02-12,Defensive,-0.0024166056037386
2014-02-13,Defensive,0.0002683529383472
2014-02-14,Defensive,0.0015606668451129
2014-02-18,Defensive,-0.0003490051336484
2014-02-19,Defensive,0.0011822532081739
2014-02-20,Defensive,-0.0018394646696658
2014-02-21,Defensive,-0.0032473799563927
2014-02-24,Defensive,0.0011940592449756
2014-02-25,Defensive,0.0035680204681514
2014-02-26,Defensive,-0.0019120898803397
2014-02-28,Defensive,0.0025243883602135
2014-03-03,Defensive,0.0001668468176328
2014-03-04,Defensive,-0.0025913830433861
2014-03-05,Defensive,-0.0021830106027043
2014-03-06,Defensive,0.0001115695467213
2014-03-07,Defensive,-0.0007289245758482
2014-03-10,Defensive,-0.0025458259535164
2014-03-11,Defensive,-0.0033080785624508
2014-03-12,Defensive,-0.001613438655853
2014-03-13,Defensive,0.0004676180166622
2014-03-14,Defensive,6.719849479372394e-05
2014-03-18,Defensive,-0.0009224759150001
2014-03-19,Defensive,0.0004837743885829
2014-03-20,Defensive,0.0021600534397253
2014-03-21,Defensive,0.0008682530208682
2014-03-24,Defensive,-0.0001626173427791
2014-03-25,Defensive,0.0019361440133213
2014-03-26,Defensive,-0.0018397006044325
2014-03-27,Defensive,-0.0003698390791107
2014-03-28,Defensive,-0.0003221758712007
2014-03-31,Defensive,-0.0023939065168856
2014-04-01,Defensive,-0.0007597483245687
2014-04-02,Defensive,-0.0040699193617906
2014-04-03,Defensive,0.0039043560953259
2014-04-04,Defensive,-0.0017948275768726
2014-04-07,Defensive,0.0032522282628426
2014-04-09,Defensive,0.0001561690114389
2014-04-10,Defensive,0.0012097282643119
2014-04-11,Defensive,-0.0008975995967018
2014-04-15,Defensive,0.0004958593839233
2014-04-16,Defensive,0.0013809792799768
2014-04-17,Defensive,0.0014091048287883
2014-04-21,Defensive,0.0016295467801487
2014-04-22,Defensive,-0.0006566654200783
2014-04-23,Defensive,-0.0008807193449827
2014-04-25,Defensive,-0.0031083526505352
2014-04-28,Defensive,0.0011264380223538
2014-04-29,Defensive,0.0022447574226468
2014-04-30,Defensive,0.0033119633598358
2014-05-02,Defensive,0.000690345269161
2014-05-05,Defensive,-0.0014529595458171
2014-05-06,Defensive,-0.0033141922865789
2014-05-07,Defensive,0.0021633334661667
2014-05-08,Defensive,-0.003512553133555
2014-05-09,Defensive,-0.0006012081554875
2014-05-12,Defensive,-0.0003686136558872
2014-05-13,Defensive,-5.8910275702038704e-05
2014-05-14,Defensive,0.0001516052000716
2014-05-15,Defensive,0.0003562951127351
2014-05-16,Defensive,-0.004750726524157
2014-05-19,Defensive,0.0001093118197402
2014-05-20,Defensive,-0.0043791511482237
2014-05-21,Defensive,0.0015444361461819
2014-05-22,Defensive,-0.0010302503116072
2014-05-23,Defensive,-0.0042340734504467
2014-05-26,Defensive,-0.0015484093547707
2014-05-27,Defensive,-0.0010601506783693
2014-05-28,Defensive,0.00246139923511
2014-05-29,Defensive,0.0004732754835004
2014-05-30,Defensive,0.0007688898887011
2014-06-02,Defensive,0.0024424432684412
2014-06-03,Defensive,-0.0001122885758489
2014-06-04,Defensive,0.0015883759220648
2014-06-05,Defensive,0.0014477222278639
2014-06-06,Defensive,-0.0024929389871388
2014-06-09,Defensive,0.0030259671552596
2014-06-10,Defensive,-0.0027606035601413
2014-06-11,Defensive,0.0019147332989556
2014-06-12,Defensive,-0.0029541460738112
2014-06-13,Defensive,0.0012824735763033
2014-06-16,Defensive,0.0038038297563003
2014-06-17,Defensive,-0.0003459573131004
2014-06-18,Defensive,-0.0004327112857062
2014-06-19,Defensive,0.0013008799986336
2014-06-20,Defensive,-0.000578792911925
2014-06-23,Defensive,0.0037165574074856
2014-06-24,Defensive,0.0004643844989173
2014-06-25,Defensive,-0.0005603390164414
2014-06-26,Defensive,-0.0010005710557913
2014-06-27,Defensive,-0.001785896940346
2014-06-30,Defensive,-0.0011755099735149
2014-07-01,Defensive,-0.0006213467873171
2014-07-02,Defensive,-0.0008952781469971
2014-07-03,Defensive,-0.0012363505482742
2014-07-04,Defensive,0.0042776824607048
2014-07-07,Defensive,-0.0019801901529789
2014-07-08,Defensive,0.0003732651752923
2014-07-09,Defensive,0.0012650420195217
2014-07-10,Defensive,0.0013402159911674
2014-07-11,Defensive,-3.721415156494399e-05
2014-07-14,Defensive,-0.0004014051436946
2014-07-15,Defensive,0.000983094982479
2014-07-16,Defensive,0.0006130432999564
2014-07-17,Defensive,-0.000437917669535
2014-07-18,Defensive,-0.0030437571434488
2014-07-21,Defensive,-0.0008558474446664
2014-07-22,Defensive,-0.0022131003274149
2014-07-23,Defensive,-0.0012543191001326
2014-07-24,Defensive,0.0001464464770339
2014-07-25,Defensive,0.0007974722879932
2014-07-28,Defensive,0.0036409055025848
2014-07-30,Defensive,-0.0009948127578076
2014-07-31,Defensive,0.0016292512705503
2014-08-01,Defensive,0.0006919200488756
2014-08-04,Defensive,0.0026719953412795
2014-08-05,Defensive,0.0012324574391912
2014-08-06,Defensive,-0.0019369628545726
2014-08-07,Defensive,-0.0033660920585824
2014-08-08,Defensive,0.000702523399335
2014-08-11,Defensive,-0.0009769019958007
2014-08-12,Defensive,-0.0018806274919011
2014-08-13,Defensive,-0.0024551554090661
2014-08-14,Defensive,0.0004019509951743
2014-08-18,Defensive,0.0030954153986267
2014-08-19,Defensive,-0.000737344691412
2014-08-20,Defensive,0.0012605406221506
2014-08-21,Defensive,-0.0001245327004351
2014-08-22,Defensive,-0.0024987641782067
2014-08-25,Defensive,0.0015496226870208
2014-08-26,Defensive,-0.0021093840880547
2014-08-27,Defensive,0.0001232532611871
2014-08-28,Defensive,-0.0006030408300106
2014-09-01,Defensive,0.0018661548691313
2014-09-02,Defensive,-0.0020363019849413
2014-09-03,Defensive,0.0008617398156039
2014-09-04,Defensive,-0.0015995948146974
2014-09-05,Defensive,-0.0009422104246575
2014-09-08,Defensive,-0.0071904004550802
2014-09-09,Defensive,0.0042641971432358
2014-09-10,Defensive,0.0011811138656524
2014-09-11,Defensive,-0.0014546949718763
2014-09-12,Defensive,-0.0021693113766659
2014-09-15,Defensive,-0.0009112975057586
2014-09-16,Defensive,0.0015137590696389
2014-09-17,Defensive,-0.0037041698511698
2014-09-18,Defensive,-0.0002031688385886
2014-09-19,Defensive,0.0036212837449253
2014-09-22,Defensive,-0.0021878926719356
2014-09-23,Defensive,0.0002407700775273
2014-09-24,Defensive,0.0044866196305155
2014-09-25,Defensive,0.0013443032593815
2014-09-26,Defensive,0.0003318476409709
2014-09-29,Defensive,0.001093272909818
2014-09-30,Defensive,-0.0007217306700194
2014-10-01,Defensive,0.0026792625706068
2014-10-07,Defensive,-0.0007186600458004
2014-10-08,Defensive,-0.0038383632174719
2014-10-09,Defensive,-0.0007026062078809
2014-10-10,Defensive,-0.0018534690597534
2014-10-13,Defensive,-0.0004823880243948
2014-10-14,Defensive,-0.0004381681181612
2014-10-16,Defensive,0.0024748463996098
2014-10-17,Defensive,0.0014705854533287
2014-10-20,Defensive,0.0006065309751507
2014-10-21,Defensive,7.410917733480978e-05
2014-10-22,Defensive,-0.0020377160177159
2014-10-27,Defensive,-0.0042823504753313
2014-10-28,Defensive,0.0003063200227855
2014-10-29,Defensive,0.0016692824071473
2014-10-30,Defensive,-0.0001366677664891
2014-10-31,Defensive,-0.0009897086455734
2014-11-03,Defensive,0.0010090043304284
2014-11-05,Defensive,-8.6664401248694e-05
2014-11-07,Defensive,0.0034514883839479
2014-11-10,Defensive,0.0025454566841365
2014-11-11,Defensive,0.0019990161140466
2014-11-12,Defensive,0.0015954682284198
2014-11-13,Defensive,-0.0025003348289029
2014-11-14,Defensive,0.0014059874041051
2014-11-17,Defensive,0.0008326519152931
2014-11-18,Defensive,0.0012928494567823
2014-11-19,Defensive,0.0010652189736261
2014-11-20,Defensive,0.0009855251756961
2014-11-21,Defensive,0.0054817329390991
2014-11-24,Defensive,-7.237133990383808e-05
2014-11-25,Defensive,0.0019526747616586
2014-11-26,Defensive,-0.000861979620528
2014-11-27,Defensive,0.0016612831677753
2014-11-28,Defensive,0.0019586397804649
2014-12-01,Defensive,0.0008088521542706
2014-12-02,Defensive,0.003418493884753
2014-12-03,Defensive,-0.0016885520727208
2014-12-04,Defensive,-0.0008944418833364
2014-12-05,Defensive,0.0005047601720469
2014-12-08,Defensive,0.0018416137069684
2014-12-09,Defensive,0.0004388590425898
2014-12-10,Defensive,0.0026515180730211
2014-12-11,Defensive,-0.0012433797419326
2014-12-12,Defensive,-0.0022011569789771
2014-12-15,Defensive,0.000696256673073
2014-12-16,Defensive,-7.436055222739264e-05
2014-12-17,Defensive,0.0011657274407164
2014-12-18,Defensive,2.5195418266992132e-05
2014-12-19,Defensive,-0.0006000395812469
2014-12-22,Defensive,-6.987514344744699e-05
2014-12-23,Defensive,0.0001376977895863
2014-12-24,Defensive,-0.0005299625996966
2014-12-26,Defensive,-0.0003262640926468
2014-12-29,Defensive,-0.0007271866739738
2014-12-30,Defensive,0.0017933302397388
2014-12-31,Defensive,0.0004680420090115
2015-01-02,Defensive,0.0045935049443375
2015-01-05,Defensive,0.0004014091025569
2015-01-06,Defensive,-0.0010217149406573
2015-01-07,Defensive,0.0054213507497261
2015-01-08,Defensive,0.0009072527554286
2015-01-09,Defensive,0.0020602495737856
2015-01-12,Defensive,0.0012642059664049
2015-01-13,Defensive,0.0013260220585954
2015-01-14,Defensive,0.0011513081027049
2015-01-15,Defensive,-0.0021241691295521
2015-01-16,Defensive,0.0008150580951228
2015-01-19,Defensive,-0.0025697226077004
2015-01-20,Defensive,-0.000268725672825
2015-01-21,Defensive,-0.0013712349131265
2015-01-22,Defensive,0.0007949403716974
2015-01-23,Defensive,0.0007482524946764
2015-01-27,Defensive,0.0010422917815303
2015-01-28,Defensive,0.0006545931454981
2015-01-29,Defensive,-0.0011336506835727
2015-01-30,Defensive,-0.0004420069787033
2015-02-02,Defensive,0.0019207923225089
2015-02-03,Defensive,0.0022157133545888
2015-02-04,Defensive,-0.002213566197253
2015-02-05,Defensive,-0.0029818552650252
2015-02-06,Defensive,-0.0013737787664094
2015-02-09,Defensive,0.0021704151640645
2015-02-10,Defensive,0.002509768060366
2015-02-11,Defensive,-0.0017694237608023
2015-02-12,Defensive,0.0006946187074726
2015-02-13,Defensive,0.0037488626662801
2015-02-16,Defensive,0.0009106229544806
2015-02-18,Defensive,0.0029230065704661
2015-02-19,Defensive,0.0020774531401661
2015-02-20,Defensive,-0.0017403974124558
2015-02-23,Defensive,-0.0002999628469941
2015-02-24,Defensive,0.0001495089565836
2015-02-25,Defensive,0.0002882667760426
2015-02-26,Defensive,0.0019126579068771
2015-02-27,Defensive,0.0008973695245508
2015-03-02,Defensive,-0.0057924018875562
2015-03-03,Defensive,-0.0025456805461854
2015-03-04,Defensive,-0.004294761829952
2015-03-05,Defensive,0.0004307304813106
2015-03-09,Defensive,0.0005609752989355
2015-03-10,Defensive,0.0006464499172214
2015-03-11,Defensive,-0.0018378565354292
2015-03-12,Defensive,0.0014282880102399
2015-03-13,Defensive,0.001512524992937
2015-03-16,Defensive,-0.0024302981344103
2015-03-17,Defensive,-0.0028520764028977
2015-03-18,Defensive,7.973662754612429e-05
2015-03-19,Defensive,0.0036635645472267
2015-03-20,Defensive,0.0034794854843972
2015-03-23,Defensive,0.0012068087208961
2015-03-24,Defensive,-0.0013799933431601
2015-03-25,Defensive,0.0018536853189771
2015-03-26,Defensive,-0.000824848529618
2015-03-27,Defensive,-0.0014550140733476
2015-03-30,Defensive,-0.0042079336632439
2015-03-31,Defensive,0.0002847643966953
2015-04-01,Defensive,-0.0011797346982747
2015-04-06,Defensive,0.000272860759057
2015-04-07,Defensive,-0.0045187153924741
2015-04-08,Defensive,0.0004196533451673
2015-04-09,Defensive,-0.0047822423279432
2015-04-10,Defensive,0.0022558805065371
2015-04-13,Defensive,0.0011237824682701
2015-04-16,Defensive,-0.0004773295428491
2015-04-17,Defensive,0.0012054397201641
2015-04-20,Defensive,-0.0018761485253271
2015-04-21,Defensive,0.0002247510312297
2015-04-22,Defensive,0.0016695480769206
2015-04-23,Defensive,-0.0061085784981827
2015-04-24,Defensive,-0.000814448719355
2015-04-27,Defensive,3.471173972725145e-05
2015-04-28,Defensive,-0.0003125872354915
2015-04-29,Defensive,0.0029942036524548
2015-04-30,Defensive,-0.0021678022498457
2015-05-04,Defensive,-0.0011623184868904
2015-05-05,Defensive,-0.0037517380526168
2015-05-06,Defensive,0.0031005733025462
2015-05-07,Defensive,-0.0004125802852176
2015-05-08,Defensive,-0.0007968177760734
2015-05-11,Defensive,-2.496536462142809e-05
2015-05-12,Defensive,0.0013524716568606
2015-05-13,Defensive,0.0007747268070322
2015-05-14,Defensive,0.0053757684271141
2015-05-15,Defensive,0.0009878717768075
2015-05-18,Defensive,-0.0008504908583381
2015-05-19,Defensive,-0.0010427134750478
2015-05-20,Defensive,-0.0007055179048336
2015-05-21,Defensive,-0.0029236738492596
2015-05-22,Defensive,0.0001597284149831
2015-05-25,Defensive,0.0016469362124178
2015-05-26,Defensive,-0.0011467272012464
2015-05-27,Defensive,-0.0015347601125682
2015-05-28,Defensive,0.0031118902925884
2015-05-29,Defensive,-0.0027729663132423
2015-06-01,Defensive,-0.0040556367529546
2015-06-02,Defensive,-0.0022258038872947
2015-06-03,Defensive,-0.0030008654342485
2015-06-04,Defensive,0.0008524521282091
2015-06-05,Defensive,-0.0006414090008991
2015-06-08,Defensive,-0.0003593740900476
2015-06-09,Defensive,0.0023858683539495
2015-06-10,Defensive,-0.0013026697223255
2015-06-11,Defensive,0.0016301788234912
2015-06-12,Defensive,0.0031026455984064
2015-06-15,Defensive,-0.0008313249960273
2015-06-16,Defensive,0.0015540457111126
2015-06-17,Defensive,-0.0004036358250579
2015-06-18,Defensive,0.0019281962576815
2015-06-19,Defensive,-0.0030629783751525
2015-06-22,Defensive,-0.0032110244902506
2015-06-23,Defensive,-0.000702535429815
2015-06-24,Defensive,-0.0016978496181195
2015-06-25,Defensive,-0.0009534182188597
2015-06-26,Defensive,-0.0003590531648942
2015-06-29,Defensive,0.0015200270636725
2015-06-30,Defensive,-0.0007353211571318
2015-07-01,Defensive,-0.0015677226212461
2015-07-02,Defensive,-0.0006230267535177
2015-07-03,Defensive,-0.0014582905596132
2015-07-06,Defensive,-0.0017880110041254
2015-07-07,Defensive,-0.0031460336271539
2015-07-08,Defensive,0.0002189562324421
2015-07-09,Defensive,-0.0010574114131941
2015-07-10,Defensive,0.0020125574784693
2015-07-13,Defensive,-0.0028147921841178
2015-07-14,Defensive,-0.0010041671100957
2015-07-15,Defensive,0.0037058144413174
2015-07-16,Defensive,-0.0017992190341956
2015-07-17,Defensive,-0.0003930665041922
2015-07-20,Defensive,-0.0023516879656507
2015-07-21,Defensive,-0.0026168550255619
2015-07-22,Defensive,0.0031746219661753
2015-07-23,Defensive,0.0004220789852742
2015-07-24,Defensive,0.0003473576764752
2015-07-27,Defensive,-0.0033126324702324
2015-07-28,Defensive,0.0007974827762166
2015-07-29,Defensive,0.0023948438919876
2015-07-30,Defensive,0.002378954121657
2015-07-31,Defensive,0.0014166664592123
2015-08-03,Defensive,-0.0021789711551908
2015-08-04,Defensive,0.0007062468343859
2015-08-05,Defensive,0.0014151699209532
2015-08-06,Defensive,-0.0035088871701778
2015-08-07,Defensive,-0.0021625591829635
2015-08-10,Defensive,0.0018563146434868
2015-08-11,Defensive,0.0018320915533438
2015-08-12,Defensive,-0.0030171660672427
2015-08-13,Defensive,0.0016700429185383
2015-08-14,Defensive,0.0002706067983072
2015-08-17,Defensive,0.0016420179092143
2015-08-18,Defensive,-0.0011890426468678
2015-08-19,Defensive,0.0013703669929618
2015-08-20,Defensive,0.0017676575489712
2015-08-21,Defensive,-0.0006226698709114
2015-08-24,Defensive,0.0001155050923465
2015-08-25,Defensive,-0.0012170432590093
2015-08-26,Defensive,0.0033832778973717
2015-08-27,Defensive,-0.0001605438786515
2015-08-28,Defensive,-0.0017640486503543
2015-08-31,Defensive,-0.0013516518277495
2015-09-01,Defensive,0.0003335412022842
2015-09-02,Defensive,0.0015866623435564
2015-09-03,Defensive,-0.002591653690301
2015-09-04,Defensive,0.0037753200058848
2015-09-07,Defensive,0.0006973505881112
2015-09-08,Defensive,0.0010129119459388
2015-09-09,Defensive,-0.0001143790876468
2015-09-10,Defensive,0.0001185179347022
2015-09-11,Defensive,-0.0002165662758548
2015-09-14,Defensive,0.0021155919380719
2015-09-15,Defensive,6.41428250932592e-05
2015-09-16,Defensive,0.0016141004369854
2015-09-18,Defensive,-0.0007876950467051
2015-09-21,Defensive,0.0004712810566246
2015-09-22,Defensive,-0.0015278406884788
2015-09-23,Defensive,0.002513056465099
2015-09-24,Defensive,-0.0015874944814382
2015-09-28,Defensive,-0.0005699588885226
2015-09-29,Defensive,-0.0005499208249094
2015-09-30,Defensive,-0.0006279027753475
2015-10-01,Defensive,0.0015249915388858
2015-10-05,Defensive,-0.0005533155294732
2015-10-06,Defensive,0.0028678490610821
2015-10-07,Defensive,-0.0015569501722603
2015-10-08,Defensive,0.0004187549398854
2015-10-09,Defensive,-0.0014715719786251
2015-10-12,Defensive,0.0009219455650629
2015-10-13,Defensive,4.810054604645994e-05
2015-10-14,Defensive,-0.0002301240893969
2015-10-15,Defensive,0.002456949933007
2015-10-16,Defensive,-0.0012286837421102
2015-10-19,Defensive,0.001253030315236
2015-10-20,Defensive,-0.0014579198253495
2015-10-21,Defensive,0.0003053704003207
2015-10-23,Defensive,-0.0023111506564468
2015-10-26,Defensive,-0.0012450342926134
2015-10-27,Defensive,-8.428609114573008e-05
2015-10-28,Defensive,0.0037092983346461
2015-10-29,Defensive,0.0002816077409195
2015-10-30,Defensive,0.0033893366317334
2015-11-02,Defensive,0.0005206465833818
2015-11-03,Defensive,-0.0006941684889498
2015-11-04,Defensive,0.0031587130452013
2015-11-05,Defensive,0.0009540352441468
2015-11-06,Defensive,-0.0012054431877654
2015-11-09,Defensive,0.0010211429188005
2015-11-10,Defensive,-0.0005051894998152
2015-11-13,Defensive,-0.0038980683923425
2015-11-16,Defensive,0.0019519463185312
2015-11-17,Defensive,0.0022698681112838
2015-11-18,Defensive,0.0037558840599845
2015-11-19,Defensive,0.0009242873843905
2015-11-20,Defensive,-0.000417446848165
2015-11-23,Defensive,0.0017499788547571
2015-11-24,Defensive,0.0017796407306378
2015-11-26,Defensive,0.0033565623662728
2015-11-27,Defensive,-9.255246132884292e-06
2015-11-30,Defensive,-0.0002511579451351
2015-12-01,Defensive,-0.001351088839517
2015-12-02,Defensive,0.0011549241734504
2015-12-03,Defensive,-0.0030165233364616
2015-12-04,Defensive,0.0016321747457251
2015-12-07,Defensive,0.0012556702437315
2015-12-08,Defensive,0.0012501404049167
2015-12-09,Defensive,0.0003564504730036
2015-12-10,Defensive,0.0031459564950621
2015-12-11,Defensive,0.0018239869308537
2015-12-14,Defensive,-0.0011341543827513
2015-12-15,Defensive,-0.0010983580993952
2015-12-16,Defensive,-0.0016793476268292
2015-12-17,Defensive,0.0011825666655511
2015-12-18,Defensive,-0.0019202778424799
2015-12-21,Defensive,0.0022467842871667
2015-12-22,Defensive,0.002725946616691
2015-12-23,Defensive,-0.0016780325379009
2015-12-24,Defensive,-0.0002910970691857
2015-12-28,Defensive,0.0001132419627248
2015-12-29,Defensive,0.0018479663209393
2015-12-30,Defensive,0.0032986867512197
2015-12-31,Defensive,-0.0032909847857371
2016-01-04,Defensive,-0.0005563614350533
2016-01-05,Defensive,-0.0004520333911206
2016-01-06,Defensive,-0.002721339709773
2016-01-07,Defensive,-0.0008902200386081
2016-01-08,Defensive,0.0009355378887012
2016-01-11,Defensive,-0.0004773578056791
2016-01-12,Defensive,-0.0030092423372148
2016-01-13,Defensive,0.0058281653960198
2016-01-14,Defensive,0.0006123557304083
2016-01-15,Defensive,0.0003033882602133
2016-01-18,Defensive,-0.002115852726134
2016-01-19,Defensive,0.0006014123239425
2016-01-20,Defensive,-0.0002484275680829
2016-01-21,Defensive,-0.0036970468254308
2016-01-22,Defensive,-0.0020605108800288
2016-01-25,Defensive,0.0016698520353478
2016-01-27,Defensive,0.0039680353000008
2016-01-28,Defensive,0.000814330810086
2016-01-29,Defensive,0.0022861665565867
2016-02-01,Defensive,-0.0002315106171664
2016-02-02,Defensive,-9.309232136120586e-05
2016-02-03,Defensive,0.0022619580552389
2016-02-04,Defensive,0.0034055545783589
2016-02-05,Defensive,0.0026821933869312
2016-02-08,Defensive,-0.0020527261507696
2016-02-09,Defensive,-5.391778063049153e-05
2016-02-10,Defensive,0.0006350493689525
2016-02-11,Defensive,-0.000439355927015
2016-02-12,Defensive,0.0008557150868311
2016-02-15,Defensive,0.0017211536233378
2016-02-16,Defensive,0.0020856195039102
2016-02-17,Defensive,0.003451740304443
2016-02-18,Defensive,-0.0005788822094496
2016-02-19,Defensive,-0.0026480663296786
2016-02-22,Defensive,0.0007964691880289
2016-02-23,Defensive,0.0038476220623696
2016-02-24,Defensive,-0.0008739517199081
2016-02-25,Defensive,0.0014536939541274
2016-02-26,Defensive,0.0014714915849452
2016-02-29,Defensive,0.0004628840946892
2016-03-01,Defensive,9.384944208742876e-05
2016-03-02,Defensive,-0.0017668584114427
2016-03-03,Defensive,-0.0044833241448411
2016-03-04,Defensive,-0.002143701413328
2016-03-08,Defensive,-0.0007006082982233
2016-03-09,Defensive,0.0022748453748454
2016-03-10,Defensive,-0.0001262561247027
2016-03-11,Defensive,-0.0009580514378362
2016-03-14,Defensive,-0.0017019708839068
2016-03-15,Defensive,0.0013936116570189
2016-03-16,Defensive,0.0027967143328612
2016-03-17,Defensive,0.0022068714437349
2016-03-18,Defensive,0.0012922993995169
2016-03-21,Defensive,-0.0028712254927658
2016-03-22,Defensive,-0.0006233484856875
2016-03-23,Defensive,0.0039746084577793
2016-03-28,Defensive,0.0023239009838304
2016-03-29,Defensive,-0.0029950064364694
2016-03-30,Defensive,-3.1181046398542674e-05
2016-03-31,Defensive,0.000806196865322
2016-04-01,Defensive,-0.0014443169260524
2016-04-04,Defensive,-0.0045384080428176
2016-04-05,Defensive,0.0002776480900328
2016-04-06,Defensive,-0.0014955165152408
2016-04-07,Defensive,-0.0014876834781693
2016-04-08,Defensive,-0.0006293607198615
2016-04-11,Defensive,-0.0001873518293096
2016-04-12,Defensive,6.183441180862712e-05
2016-04-13,Defensive,-0.001687979797844
2016-04-18,Defensive,-0.0003604190592681
2016-04-20,Defensive,-0.0034348467408055
2016-04-21,Defensive,0.0007020781307361
2016-04-22,Defensive,-0.0056325508266823
2016-04-25,Defensive,-0.0004989801608672
2016-04-26,Defensive,0.0019183723073539
2016-04-27,Defensive,-0.0020386813745496
2016-04-28,Defensive,0.0015128604073148
2016-04-29,Defensive,0.0023914654242417
2016-05-02,Defensive,-0.0065357999049947
2016-05-03,Defensive,-0.0002227258071514
2016-05-04,Defensive,-0.0056715468552565
2016-05-05,Defensive,-0.0001564168911418
2016-05-06,Defensive,6.565757803734638e-05
2016-05-09,Defensive,-0.0048850879718216
2016-05-10,Defensive,0.0039296767241597
2016-05-11,Defensive,0.0006520316152692
2016-05-12,Defensive,-0.001618046864164
2016-05-13,Defensive,0.003010758854997
2016-05-16,Defensive,-0.0035112264412846
2016-05-17,Defensive,-0.0023783420670366
2016-05-18,Defensive,-0.0045189110473397
2016-05-19,Defensive,0.0036820903930786
2016-05-20,Defensive,0.000744692742944
2016-05-23,Defensive,0.0013988035796969
2016-05-24,Defensive,0.0006820024678369
2016-05-25,Defensive,0.0012275355222891
2016-05-26,Defensive,0.0002361554277919
2016-05-27,Defensive,0.0006218426854148
2016-05-30,Defensive,0.0002952068724459
2016-05-31,Defensive,-0.0011371836111385
2016-06-01,Defensive,-1.3249530429338292e-05
2016-06-02,Defensive,0.0006271891465233
2016-06-03,Defensive,0.0003010982391042
2016-06-06,Defensive,-0.0028755442155066
2016-06-07,Defensive,-0.0026099733372168
2016-06-08,Defensive,0.0022456828678327
2016-06-09,Defensive,-0.0005339880917668
2016-06-10,Defensive,0.0012494506940718
2016-06-13,Defensive,-0.0021042398194447
2016-06-14,Defensive,-0.002866291753293
2016-06-15,Defensive,-0.0016071932250634
2016-06-16,Defensive,-0.0003651301415428
2016-06-17,Defensive,-0.0012502805985688
2016-06-20,Defensive,0.0026678670462114
2016-06-21,Defensive,0.0004390466030749
2016-06-22,Defensive,0.0037778772371237
2016-06-23,Defensive,0.0008888163081428
2016-06-24,Defensive,-0.0047451016358396
2016-06-27,Defensive,0.0021920832129171
2016-06-28,Defensive,-0.0029391032449399
2016-06-29,Defensive,0.0005410673344226
2016-06-30,Defensive,-0.0014693681153276
2016-07-01,Defensive,0.0043654220689283
2016-07-04,Defensive,0.0029591958548602
2016-07-05,Defensive,-0.0014036412834035
2016-07-07,Defensive,-0.0001747153362422
2016-07-08,Defensive,0.0005691961392984
2016-07-11,Defensive,0.0018068281431232
2016-07-12,Defensive,0.00013830382465
2016-07-13,Defensive,-0.0019697897987617
2016-07-14,Defensive,-0.0013551172784001
2016-07-15,Defensive,7.103640724641735e-05
2016-07-18,Defensive,0.0025489139575293
2016-07-19,Defensive,0.000935675721072
2016-07-20,Defensive,-0.00146682985323
2016-07-21,Defensive,0.0013767455554195
2016-07-22,Defensive,-0.0006939696777563
2016-07-25,Defensive,0.0018608160103736
2016-07-26,Defensive,0.0051340208366572
2016-07-27,Defensive,-0.000637652741887
2016-07-28,Defensive,0.0016832103194527
2016-07-29,Defensive,-0.0014107866640754
2016-08-01,Defensive,-0.0001445275343825
2016-08-02,Defensive,0.0001391245737442
2016-08-03,Defensive,-0.0003073673200887
2016-08-04,Defensive,0.00500602737755
2016-08-05,Defensive,-0.0005331861493567
2016-08-08,Defensive,0.0012537030775697
2016-08-09,Defensive,-0.0037801737386468
2016-08-10,Defensive,0.0009439931267392
2016-08-11,Defensive,0.0023641091847044
2016-08-16,Defensive,-0.0009751946851581
2016-08-17,Defensive,-0.0049404442820808
2016-08-18,Defensive,2.6964623453498043e-06
2016-08-19,Defensive,0.000114367700771
2016-08-22,Defensive,0.0015281501014886
2016-08-23,Defensive,0.0041018060708268
2016-08-24,Defensive,-0.0006801073012006
2016-08-25,Defensive,-0.0016325762473205
2016-08-26,Defensive,-0.0022538356027428
2016-08-29,Defensive,0.0004761572340631
2016-08-30,Defensive,0.001038708517637
2016-08-31,Defensive,-0.0010113107887251
2016-09-01,Defensive,0.0016373654914515
2016-09-02,Defensive,0.0010107681536383
2016-09-06,Defensive,0.0001664633792897
2016-09-07,Defensive,-0.0017248294414882
2016-09-08,Defensive,-0.0008837286309694
2016-09-09,Defensive,-0.004779510595365
2016-09-12,Defensive,0.000551574128396
2016-09-14,Defensive,0.0001326825774948
2016-09-15,Defensive,0.0004569579821789
2016-09-16,Defensive,0.0010886380311291
2016-09-19,Defensive,0.0008516429728644
2016-09-20,Defensive,-0.000140766361292
2016-09-21,Defensive,0.0001773360863255
2016-09-22,Defensive,-0.0027286328333923
2016-09-23,Defensive,-0.0010874412913788
2016-09-26,Defensive,0.0001809421073669
2016-09-27,Defensive,-0.0013917071518247
2016-09-28,Defensive,0.001800301591745
2016-09-29,Defensive,-0.00123726416191
2016-09-30,Defensive,0.0005126108224966
2016-10-03,Defensive,0.0003131313136306
2016-10-04,Defensive,0.0015725551872208
2016-10-05,Defensive,0.0018815823480566
2016-10-06,Defensive,0.0014680652219358
2016-10-07,Defensive,-0.0041320124027662
2016-10-10,Defensive,0.0024682962960262
2016-10-13,Defensive,0.0031346164483891
2016-10-14,Defensive,-0.0008842485686429
2016-10-17,Defensive,0.0005532938253456
2016-10-18,Defensive,-0.0017016633602615
2016-10-19,Defensive,-0.0038167570134643
2016-10-20,Defensive,-0.0013974305310847
2016-10-21,Defensive,-0.0010002780789272
2016-10-24,Defensive,-0.0006297014627036
2016-10-25,Defensive,-0.0018378281800119
2016-10-26,Defensive,-0.0013868503336344
2016-10-27,Defensive,5.7987356743184614e-05
2016-10-28,Defensive,-0.0014604539662202
2016-11-01,Defensive,0.0011670486651
2016-11-02,Defensive,0.0014433213027948
2016-11-03,Defensive,0.0048407754923289
2016-11-04,Defensive,0.0023313598642469
2016-11-07,Defensive,0.0005662061166568
2016-11-08,Defensive,-0.0011605285933353
2016-11-09,Defensive,0.0006674947033479
2016-11-10,Defensive,0.0007331919198327
2016-11-11,Defensive,-0.0009466261780113
2016-11-15,Defensive,0.0016474627935057
2016-11-16,Defensive,-0.0027161960293637
2016-11-17,Defensive,-0.000408799671075
2016-11-18,Defensive,0.0011917169186348
2016-11-21,Defensive,-0.0004951682951841
2016-11-22,Defensive,-0.0003335088068585
2016-11-23,Defensive,-0.0001955717223845
2016-11-24,Defensive,-0.0015912024813754
2016-11-25,Defensive,0.0024278018631484
2016-11-28,Defensive,-0.0019560753438456
2016-11-29,Defensive,0.0007163186548197
2016-11-30,Defensive,0.0009072957965647
2016-12-01,Defensive,-0.0018172438024179
2016-12-02,Defensive,0.0002262085087614
2016-12-05,Defensive,-0.0017392643454894
2016-12-06,Defensive,0.0028620849501118
2016-12-07,Defensive,-0.0021975658739524
2016-12-08,Defensive,-0.0012277941884639
2016-12-09,Defensive,-0.0023684500167111
2016-12-12,Defensive,-0.0026353974537351
2016-12-13,Defensive,0.0032624305817645
2016-12-14,Defensive,0.0011655493478251
2016-12-15,Defensive,0.000360586851401
2016-12-16,Defensive,-0.0012331539266938
2016-12-19,Defensive,0.0018952236220935
2016-12-20,Defensive,-0.0015684448787349
2016-12-21,Defensive,0.0016672785886602
2016-12-22,Defensive,-0.0016650225532112
2016-12-23,Defensive,-0.0012090154037513
2016-12-26,Defensive,0.0015965647722358
2016-12-27,Defensive,0.0018076546883115
2016-12-28,Defensive,0.0012749458677935
2016-12-29,Defensive,-0.0020193482315135
2016-12-30,Defensive,-0.0008134537314456
2017-01-02,Defensive,0.000393797482397
2017-01-03,Defensive,-0.0016185619238201
2017-01-04,Defensive,0.0028219255202585
2017-01-05,Defensive,-0.004723893887901
2017-01-06,Defensive,-0.0014774790307383
2017-01-09,Defensive,-0.0009391330057396
2017-01-10,Defensive,-0.0056078873295435
2017-01-11,Defensive,-0.0027124582604723
2017-01-12,Defensive,0.0013305790250841
2017-01-13,Defensive,0.0001405672731059
2017-01-16,Defensive,0.0032262720440858
2017-01-17,Defensive,0.0031704528917696
2017-01-18,Defensive,0.0009460927572078
2017-01-19,Defensive,0.0007064764980014
2017-01-20,Defensive,0.0002118622171578
2017-01-23,Defensive,-0.0052301640357589
2017-01-24,Defensive,-0.0027091190266521
2017-01-25,Defensive,0.0002813510061978
2017-01-27,Defensive,0.0013120514174953
2017-01-30,Defensive,0.0006593396242762
2017-01-31,Defensive,-0.0017049299354313
2017-02-01,Defensive,0.0019548125649389
2017-02-02,Defensive,0.0030448880575092
2017-02-03,Defensive,0.0019559792005826
2017-02-06,Defensive,0.0020591986591809
2017-02-07,Defensive,-0.0010384515959104
2017-02-08,Defensive,0.0022318682454015
2017-02-09,Defensive,0.0003715172786553
2017-02-10,Defensive,0.001103111057044
2017-02-13,Defensive,0.0008108636856494
2017-02-14,Defensive,-0.0001629742108808
2017-02-15,Defensive,-0.0016400049502446
2017-02-16,Defensive,-8.427332710809267e-05
2017-02-17,Defensive,0.0020535232349656
2017-02-20,Defensive,-0.0008029516106258
2017-02-21,Defensive,0.0018666945252162
2017-02-22,Defensive,0.0015541413412353
2017-02-23,Defensive,-0.0005178747940396
2017-02-27,Defensive,0.0028576002072391
2017-02-28,Defensive,-0.0006310933423814
2017-03-01,Defensive,0.0030990937252252
2017-03-02,Defensive,0.0009482539630819
2017-03-03,Defensive,4.8268163092972944e-05
2017-03-06,Defensive,-0.0016956027606753
2017-03-07,Defensive,-9.652046027008258e-05
2017-03-08,Defensive,-0.0003275190269888
2017-03-09,Defensive,-0.0024365927705018
2017-03-10,Defensive,-0.0003552308454353
2017-03-14,Defensive,-0.0015276063601941
2017-03-15,Defensive,0.0012519835379575
2017-03-16,Defensive,0.0026925609514564
2017-03-17,Defensive,-0.0023738313525904
2017-03-20,Defensive,0.0035046154567338
2017-03-21,Defensive,-0.0001771020687702
2017-03-22,Defensive,-0.001870042769877
2017-03-23,Defensive,0.0015955095604163
2017-03-24,Defensive,-0.00081290895651
2017-03-27,Defensive,-8.347335206298835e-05
2017-03-28,Defensive,-0.0007285564884241
2017-03-29,Defensive,-0.0015534758637298
2017-03-30,Defensive,0.0015279940648038
2017-03-31,Defensive,-0.0004926028057883
2017-04-03,Defensive,-0.0027933035843584
2017-04-05,Defensive,0.0011821202484318
2017-04-06,Defensive,-0.0023311647020475
2017-04-07,Defensive,-0.0022265203453505
2017-04-10,Defensive,0.0024652124099546
2017-04-11,Defensive,-0.0023126797984204
2017-04-12,Defensive,-0.0045528897138549
2017-04-13,Defensive,0.0013257229699229
2017-04-17,Defensive,-0.0005277268589622
2017-04-18,Defensive,-0.0003553102422762
2017-04-19,Defensive,-0.0005490007867004
2017-04-20,Defensive,0.0005433398780374
2017-04-21,Defensive,-0.0014254384838061
2017-04-24,Defensive,0.0030322297491315
2017-04-25,Defensive,-0.0028724609606187
2017-04-26,Defensive,0.0009697498333542
2017-04-27,Defensive,0.0013642420077531
2017-04-28,Defensive,-0.0014393035216667
2017-05-02,Defensive,-0.0019674688905556
2017-05-03,Defensive,0.0021143484283403
2017-05-04,Defensive,-0.0019017215080334
2017-05-05,Defensive,-0.0011333278815011
2017-05-08,Defensive,0.0018546179249194
2017-05-09,Defensive,0.000149482467078
2017-05-10,Defensive,-0.0035142873352582
2017-05-11,Defensive,0.003574118289107
2017-05-12,Defensive,-0.0009800215175599
2017-05-15,Defensive,-0.0007255145798128
2017-05-16,Defensive,0.0005915685046527
2017-05-17,Defensive,0.0013301535940081
2017-05-18,Defensive,0.0040022085825829
2017-05-19,Defensive,-0.0032401362988113
2017-05-22,Defensive,0.0017319044178518
2017-05-23,Defensive,0.0015660193881001
2017-05-24,Defensive,-0.0001943298217482
2017-05-25,Defensive,0.0016545473896324
2017-05-26,Defensive,0.001948548035273
2017-05-29,Defensive,-0.002683925569974
2017-05-30,Defensive,0.0035795330117616
2017-05-31,Defensive,-0.0030375245062762
2017-06-01,Defensive,-0.0021906325624775
2017-06-02,Defensive,-0.0004435753472481
2017-06-05,Defensive,0.0039298810263741
2017-06-06,Defensive,-0.0005365132595067
2017-06-07,Defensive,1.6132219898378685e-05
2017-06-08,Defensive,0.0029441572078091
2017-06-09,Defensive,-0.0005206362851309
2017-06-12,Defensive,-0.0022768734258613
2017-06-13,Defensive,-0.0007544696704766
2017-06-14,Defensive,0.0028215836676115
2017-06-15,Defensive,0.0002217299941102
2017-06-16,Defensive,0.0039413165181125
2017-06-19,Defensive,0.0015558698525243
2017-06-20,Defensive,-0.0012096178727869
2017-06-21,Defensive,0.0001821526089301
2017-06-22,Defensive,-0.0016264362362837
2017-06-23,Defensive,-0.0012568660612975
2017-06-27,Defensive,0.0090381685020515
2017-06-28,Defensive,0.0021172490200676
2017-06-29,Defensive,0.0018021959780133
2017-06-30,Defensive,-0.0011663606306161
2017-07-03,Defensive,0.0032191681325621
2017-07-04,Defensive,0.0022788312035858
2017-07-05,Defensive,0.0038432425787155
2017-07-06,Defensive,0.0037462282967968
2017-07-07,Defensive,-0.002878178576195
2017-07-10,Defensive,-0.0021396789785398
2017-07-11,Defensive,-0.0019275756309272
2017-07-12,Defensive,-0.0018078812866648
2017-07-13,Defensive,0.0007269047285207
2017-07-14,Defensive,-0.0010536069041916
2017-07-17,Defensive,0.004225197081525
2017-07-18,Defensive,0.0038893597641632
2017-07-19,Defensive,6.707681184192048e-05
2017-07-20,Defensive,0.0039906524322995
2017-07-21,Defensive,0.0030562692544804
2017-07-24,Defensive,-0.0008214131183545
2017-07-25,Defensive,-0.0039384306880511
2017-07-26,Defensive,-0.0003559367699214
2017-07-27,Defensive,-0.0012092442621569
2017-07-28,Defensive,0.0004930112502916
2017-07-31,Defensive,0.0002584565737494
2017-08-01,Defensive,0.0002060353177984
2017-08-02,Defensive,0.0011273694827583
2017-08-03,Defensive,-0.0023450438941673
2017-08-04,Defensive,0.0009027205551394
2017-08-07,Defensive,-0.000799232306034
2017-08-08,Defensive,0.0004799643997273
2017-08-09,Defensive,0.0019948196904643
2017-08-10,Defensive,-0.002368799546442
2017-08-11,Defensive,-0.0004825873053391
2017-08-14,Defensive,-0.0001570684680577
2017-08-16,Defensive,-0.0009485379431412
2017-08-17,Defensive,0.0018796589922659
2017-08-18,Defensive,-0.0013607767176009
2017-08-21,Defensive,-0.0010308007988846
2017-08-22,Defensive,-0.0013398382659041
2017-08-23,Defensive,0.0022641108228776
2017-08-24,Defensive,-0.0009048882248244
2017-08-28,Defensive,0.0010000907817671
2017-08-29,Defensive,0.0040314102024601
2017-08-30,Defensive,-6.963684070117063e-05
2017-08-31,Defensive,0.0023041213600663
2017-09-01,Defensive,0.0034227081681862
2017-09-04,Defensive,0.0021343831200808
2017-09-05,Defensive,4.6397368044519174e-05
2017-09-06,Defensive,0.0013642155179972
2017-09-07,Defensive,-0.0024947571862706
2017-09-08,Defensive,-0.0014800863162999
2017-09-11,Defensive,-0.0011293503632638
2017-09-12,Defensive,0.0045612242403485
2017-09-13,Defensive,-0.0015451690285105
2017-09-14,Defensive,-0.0015749535025236
2017-09-15,Defensive,-0.0020078419604979
2017-09-18,Defensive,0.0011996235238615
2017-09-19,Defensive,0.0003652427853377
2017-09-20,Defensive,0.0022535179540531
2017-09-21,Defensive,0.0014225193321547
2017-09-22,Defensive,-0.0026807796934481
2017-09-25,Defensive,-0.0015345555400207
2017-09-26,Defensive,0.0028106574965516
2017-09-27,Defensive,-0.0003265964891536
2017-09-28,Defensive,0.002455183636036
2017-09-29,Defensive,-0.0002193618958306
2017-10-03,Defensive,-0.001855312856577
2017-10-04,Defensive,-0.0005265215553334
2017-10-05,Defensive,-0.0018560995910993
2017-10-06,Defensive,-0.0010511055248048
2017-10-09,Defensive,0.0004818514131304
2017-10-10,Defensive,0.001103210180738
2017-10-11,Defensive,-0.0031003826465085
2017-10-12,Defensive,4.5263984981803663e-05
2017-10-13,Defensive,-0.0010932314711195
2017-10-16,Defensive,-0.0012168296179176
2017-10-17,Defensive,0.0003453692382661
2017-10-18,Defensive,-0.0010209037453784
2017-10-19,Defensive,0.0028442759896933
2017-10-23,Defensive,0.0024561237525021
2017-10-24,Defensive,0.002443656587884
2017-10-25,Defensive,-0.0009098203909806
2017-10-26,Defensive,-0.0018449976698386
2017-10-27,Defensive,0.0002440598587762
2017-10-30,Defensive,-0.0002206967325725
2017-10-31,Defensive,-0.0011376463248467
2017-11-01,Defensive,-0.0022714688933339
2017-11-02,Defensive,-3.0359385361431287e-06
2017-11-03,Defensive,-0.0007281389005049
2017-11-06,Defensive,0.001456694074076
2017-11-07,Defensive,0.0014102121030429
2017-11-08,Defensive,0.0022815996108454
2017-11-09,Defensive,-0.00243859110376
2017-11-10,Defensive,0.0008821166153872
2017-11-13,Defensive,-0.0013749314124673
2017-11-14,Defensive,-0.0023608284216221
2017-11-15,Defensive,-0.0007772044738974
2017-11-16,Defensive,0.0022174099602692
2017-11-17,Defensive,-0.0006646367071409
2017-11-20,Defensive,0.0032109093199182
2017-11-21,Defensive,0.0011777570310406
2017-11-22,Defensive,-0.0007081809579611
2017-11-23,Defensive,0.0024000968578128
2017-11-24,Defensive,0.0009707935442285
2017-11-27,Defensive,-0.0017851187768934
2017-11-28,Defensive,0.003797605271161
2017-11-29,Defensive,0.0005989576461729
2017-11-30,Defensive,0.0001175923839709
2017-12-01,Defensive,-0.0016310653398112
2017-12-04,Defensive,0.0024390765352154
2017-12-05,Defensive,0.0011145508547226
2017-12-06,Defensive,0.0013384763605904
2017-12-07,Defensive,-0.0009350626870515
2017-12-08,Defensive,0.0017482011438201
2017-12-11,Defensive,0.0019036271871416
2017-12-12,Defensive,-0.0012575564775622
2017-12-13,Defensive,-0.0027539802793619
2017-12-14,Defensive,0.0012427461186778
2017-12-15,Defensive,-0.0030666938992114
2017-12-18,Defensive,0.0003840315556755
2017-12-19,Defensive,-0.0008144902095746
2017-12-20,Defensive,0.0025173304215778
2017-12-21,Defensive,-0.0007056877815344
2017-12-22,Defensive,0.0022945459440076
2017-12-26,Defensive,-0.000948418888726
2017-12-27,Defensive,0.0020799820101192
2017-12-28,Defensive,0.0042006830876736
2017-12-29,Defensive,-0.0020560942767324
2018-01-02,Defensive,0.0006640714434618
2018-01-03,Defensive,0.0055775648318201
2018-01-04,Defensive,0.0002131776538058
2018-01-05,Defensive,0.0002035765404592
2018-01-08,Defensive,0.001656997894702
2018-01-09,Defensive,0.0001621617281895
2018-01-10,Defensive,-0.0033344519891411
2018-01-11,Defensive,0.0023445747496778
2018-01-12,Defensive,-0.0039258968277303
2018-01-15,Defensive,-0.0007535833022766
2018-01-16,Defensive,0.0024948514983132
2018-01-17,Defensive,-0.0006330848572855
2018-01-18,Defensive,-0.0013073929849288
2018-01-19,Defensive,0.0018385278103331
2018-01-22,Defensive,-0.0016222295736687
2018-01-23,Defensive,-0.0023644514391839
2018-01-24,Defensive,0.0006290279749865
2018-01-25,Defensive,-0.0002858465968251
2018-01-29,Defensive,-0.0024073462283776
2018-01-30,Defensive,0.0013539050799897
2018-01-31,Defensive,0.0010089752111544
2018-02-01,Defensive,-0.0006395100332112
2018-02-02,Defensive,-0.0005026640122498
2018-02-05,Defensive,0.0010207854840183
2018-02-06,Defensive,0.0024607228395041
2018-02-07,Defensive,-0.0004855864202186
2018-02-08,Defensive,0.0013893769860162
2018-02-09,Defensive,0.0012104004341691
2018-02-12,Defensive,0.0018386145854179
2018-02-14,Defensive,0.0001586183974869
2018-02-15,Defensive,-0.0017446510281327
2018-02-16,Defensive,-0.0008449983063999
2018-02-19,Defensive,0.0007657069315632
2018-02-20,Defensive,0.0037169287567631
2018-02-21,Defensive,-0.0008880392463925
2018-02-22,Defensive,0.0016895748870547
2018-02-23,Defensive,-0.0005761129013535
2018-02-26,Defensive,0.0003009375117722
2018-02-27,Defensive,0.0031107934985271
2018-02-28,Defensive,0.0016085851628408
2018-03-01,Defensive,-0.0024025985454819
2018-03-05,Defensive,-0.0010649500476231
2018-03-06,Defensive,0.0025924426888827
2018-03-07,Defensive,0.0003637560852569
2018-03-08,Defensive,-0.0022176802392317
2018-03-09,Defensive,-0.0015579048899474
2018-03-12,Defensive,0.0014869870454223
2018-03-13,Defensive,0.0020688205624352
2018-03-14,Defensive,0.0001157106029643
2018-03-15,Defensive,0.0050306276018722
2018-03-16,Defensive,0.0017283047269112
2018-03-19,Defensive,-0.0004069621392658
2018-03-20,Defensive,-0.0015514120961986
2018-03-21,Defensive,-0.001869768609278
2018-03-22,Defensive,0.0007508426409607
2018-03-23,Defensive,-0.0008975540898268
2018-03-26,Defensive,0.0034274875079668
2018-03-27,Defensive,0.0030126236058357
2018-03-28,Defensive,0.0013461330949944
2018-04-02,Defensive,-0.0022779923459137
2018-04-03,Defensive,-0.0012644377451048
2018-04-04,Defensive,0.0025913550514822
2018-04-05,Defensive,-0.0010461323995902
2018-04-06,Defensive,0.002324283467839
2018-04-09,Defensive,0.0010292078460695
2018-04-10,Defensive,0.0001834357696263
2018-04-11,Defensive,-0.0013256656258708
2018-04-12,Defensive,-0.0001084876870495
2018-04-13,Defensive,0.0004592959097497
2018-04-16,Defensive,0.0021450777966022
2018-04-17,Defensive,-0.0016914712012675
2018-04-18,Defensive,-0.0004456336850522
2018-04-19,Defensive,0.0001696462638645
2018-04-20,Defensive,0.0014053567153723
2018-04-23,Defensive,-0.0017369286750455
2018-04-24,Defensive,-0.0025531395857744
2018-04-25,Defensive,0.00142793030342
2018-04-26,Defensive,-0.0029558982298934
2018-04-27,Defensive,0.0026499594295243
2018-04-30,Defensive,-0.0002318521949658
2018-05-02,Defensive,-0.0030150621645488
2018-05-03,Defensive,-0.0008808404388069
2018-05-04,Defensive,0.0008382472661384
2018-05-07,Defensive,-0.0009854021751099
2018-05-08,Defensive,0.0001200594976486
2018-05-09,Defensive,0.0015601567314105
2018-05-10,Defensive,-0.0003243806707752
2018-05-11,Defensive,-0.0017941153529322
2018-05-14,Defensive,-0.0005179679947436
2018-05-15,Defensive,0.0029096802729185
2018-05-16,Defensive,0.0034501286906663
2018-05-17,Defensive,-0.0039598523478845
2018-05-18,Defensive,0.0022620558183829
2018-05-21,Defensive,0.0005802954320707
2018-05-22,Defensive,0.0019279653582403
2018-05-23,Defensive,-0.0010209765205352
2018-05-24,Defensive,-0.0034565270190029
2018-05-25,Defensive,0.0012489775772949
2018-05-28,Defensive,-0.0018019545225654
2018-05-29,Defensive,-0.0026965848629697
2018-05-30,Defensive,-0.0025568027649469
2018-05-31,Defensive,0.0012818275648306
2018-06-01,Defensive,0.0003589049320583
2018-06-04,Defensive,0.0016449320437493
2018-06-05,Defensive,0.0014181505089927
2018-06-06,Defensive,-0.0007618671291675
2018-06-07,Defensive,-6.094714775491146e-05
2018-06-08,Defensive,-0.000942875057565
2018-06-11,Defensive,-0.0003406555457309
2018-06-12,Defensive,-0.0018545094759621
2018-06-13,Defensive,0.0008609685877486
2018-06-14,Defensive,0.0022302414979635
2018-06-15,Defensive,-0.0015532260596419
2018-06-18,Defensive,0.0026425392908026
2018-06-19,Defensive,0.0003070429929558
2018-06-20,Defensive,0.0005621579528116
2018-06-21,Defensive,-0.003318859039215
2018-06-22,Defensive,-0.0035345246191314
2018-06-25,Defensive,0.0003682327255593
2018-06-26,Defensive,0.001659464249264
2018-06-27,Defensive,-0.0012627608872899
2018-06-28,Defensive,0.0034201878011661
2018-06-29,Defensive,0.0015498719485086
2018-07-02,Defensive,-0.0017366825034159
2018-07-03,Defensive,0.000141697334107
2018-07-04,Defensive,0.0050338582674468
2018-07-05,Defensive,-0.0024051280055994
2018-07-06,Defensive,0.0011365398778302
2018-07-09,Defensive,-0.0005654891054466
2018-07-10,Defensive,0.001493792581837
2018-07-11,Defensive,0.0026145472926367
2018-07-12,Defensive,-0.0006924741774227
2018-07-13,Defensive,0.0023178245434143
2018-07-16,Defensive,0.0045224067885439
2018-07-17,Defensive,0.0002125494746884
2018-07-18,Defensive,0.0016497773749883
2018-07-19,Defensive,-0.0011008815404065
2018-07-20,Defensive,0.0001185186180624
2018-07-23,Defensive,-0.0002733501854164
2018-07-24,Defensive,0.0016738718513171
2018-07-25,Defensive,0.0024893518715138
2018-07-26,Defensive,-0.0001393096982349
2018-07-27,Defensive,0.0031472456914658
2018-07-30,Defensive,0.0031400948831232
2018-07-31,Defensive,0.0017737074863598
2018-08-01,Defensive,-0.0009520530634434
2018-08-02,Defensive,-0.0011436576334798
2018-08-03,Defensive,-0.00154476270938
2018-08-06,Defensive,0.0019783321404763
2018-08-07,Defensive,-0.0023435364149787
2018-08-08,Defensive,0.001433675308222
2018-08-09,Defensive,-0.0020822186956482
2018-08-10,Defensive,0.0017270922396839
2018-08-13,Defensive,0.0001144391654611
2018-08-14,Defensive,0.0027472771237196
2018-08-16,Defensive,0.0023629091566425
2018-08-17,Defensive,0.0029501308240042
2018-08-20,Defensive,0.0030016374365782
2018-08-21,Defensive,0.0003672616679763
2018-08-23,Defensive,-0.0022375861328492
2018-08-24,Defensive,-0.0020250461099947
2018-08-27,Defensive,-0.0040936970586318
2018-08-28,Defensive,-0.0020873316668561
2018-08-29,Defensive,0.0002176473154092
2018-08-30,Defensive,-0.0010393083616503
2018-08-31,Defensive,-0.0002802712088197
2018-09-03,Defensive,0.0010654308389228
2018-09-04,Defensive,-0.0005281305161315
2018-09-05,Defensive,-0.0021636576008251
2018-09-06,Defensive,-2.646733512686426e-05
2018-09-07,Defensive,-0.0017169809735456
2018-09-10,Defensive,-0.0004615729939581
2018-09-11,Defensive,0.002765553928846
2018-09-12,Defensive,-0.0004610106081923
2018-09-14,Defensive,0.0036219151066954
2018-09-17,Defensive,0.0029432719738759
2018-09-18,Defensive,-0.001078610617158
2018-09-19,Defensive,-0.0021422475328315
2018-09-21,Defensive,-2.5108323840386816e-05
2018-09-24,Defensive,0.0023866555267937
2018-09-25,Defensive,-0.0009003818124573
2018-09-26,Defensive,0.0018961805965242
2018-09-27,Defensive,0.0024968799782721
2018-09-28,Defensive,-0.0014680513007252
2018-10-01,Defensive,-0.0012721021765771
2018-10-03,Defensive,0.001505324064254
2018-10-04,Defensive,0.0003836950992831
2018-10-05,Defensive,-0.0012921230530873
2018-10-08,Defensive,-0.0006243608962391
2018-10-09,Defensive,-6.103910545483827e-05
2018-10-10,Defensive,-0.0030497088499109
2018-10-11,Defensive,0.0016112862129653
2018-10-12,Defensive,-0.0008773843778783
2018-10-15,Defensive,-0.0054874324475961
2018-10-16,Defensive,3.225806338109457e-05
2018-10-17,Defensive,-0.001403142517787
2018-10-19,Defensive,0.0034576443846053
2018-10-22,Defensive,-0.0010908900418399
2018-10-23,Defensive,-0.0021152867271572
2018-10-24,Defensive,0.001095865339924
2018-10-25,Defensive,-0.0012408947360151
2018-10-26,Defensive,-0.0014789124025044
2018-10-29,Defensive,0.0010990027656488
2018-10-30,Defensive,-0.0020009346157791
2018-10-31,Defensive,-0.0028345473163989
2018-11-01,Defensive,0.0035319960041886
2018-11-02,Defensive,0.0012389974752012
2018-11-05,Defensive,-0.0004484185699887
2018-11-06,Defensive,7.304558059612797e-05
2018-11-07,Defensive,0.0010917287162323
2018-11-09,Defensive,0.0020266748992268
2018-11-12,Defensive,-0.00143195058263
2018-11-13,Defensive,0.0008122930519313
2018-11-14,Defensive,-0.0009334083524204
2018-11-15,Defensive,-0.0002979624890252
2018-11-16,Defensive,0.0004013857349298
2018-11-19,Defensive,6.664285389465559e-05
2018-11-20,Defensive,0.0015511337966051
2018-11-21,Defensive,0.0010541731182311
2018-11-22,Defensive,-0.0029363384187443
2018-11-26,Defensive,-0.0026356464141308
2018-11-27,Defensive,-0.0006594333695185
2018-11-28,Defensive,0.0037372505248836
2018-11-29,Defensive,-0.0016231836650032
2018-11-30,Defensive,-0.0003364454192255
2018-12-03,Defensive,-0.000992692053913
2018-12-04,Defensive,-0.0010280887681761
2018-12-05,Defensive,0.0004364794878101
2018-12-06,Defensive,0.0028815545523913
2018-12-07,Defensive,0.0009919367997611
2018-12-10,Defensive,-0.0015270619228541
2018-12-11,Defensive,0.0055864590216064
2018-12-12,Defensive,0.0002371464419222
2018-12-13,Defensive,-0.0010744419127642
2018-12-14,Defensive,0.0029041927493551
2018-12-17,Defensive,-0.0008581412358876
2018-12-18,Defensive,0.0034058273099748
2018-12-19,Defensive,-0.0016612855819333
2018-12-20,Defensive,0.0029400607778427
2018-12-21,Defensive,0.0004820953285633
2018-12-24,Defensive,0.0026621044654048
2018-12-26,Defensive,0.003883531417403
2018-12-27,Defensive,-0.0021852145810425
2018-12-28,Defensive,0.0026315436415166
2018-12-31,Defensive,-0.0027378078088508
2019-01-02,Defensive,-0.0020143687104964
2019-01-03,Defensive,-0.0015268189195848
2019-01-04,Defensive,0.0010872732723557
2019-01-07,Defensive,0.0001460317538697
2019-01-08,Defensive,-0.0002542721683256
2019-01-09,Defensive,0.0003724705580447
2019-01-10,Defensive,0.0012625791785869
2019-01-11,Defensive,0.0014164962478827
2019-01-14,Defensive,0.0022683336712302
2019-01-15,Defensive,0.0037200696255348
2019-01-16,Defensive,3.727525511704606e-05
2019-01-17,Defensive,-0.0009621779242618
2019-01-18,Defensive,0.0013070722583703
2019-01-21,Defensive,-0.0022085096325292
2019-01-22,Defensive,-0.0012774082642232
2019-01-23,Defensive,0.0020787618927855
2019-01-24,Defensive,-0.0001682567496354
2019-01-25,Defensive,-0.002336384916716
2019-01-28,Defensive,-0.0028996061307303
2019-01-29,Defensive,0.0001774333587876
2019-01-30,Defensive,0.002363793073936
2019-01-31,Defensive,0.0023370915550623
2019-02-01,Defensive,0.0003017610057856
2019-02-04,Defensive,0.0040978188381922
2019-02-05,Defensive,-0.0001296407318809
2019-02-06,Defensive,-0.0001971352467948
2019-02-07,Defensive,-0.005054871819478
2019-02-08,Defensive,-0.0008147258983224
2019-02-11,Defensive,0.0017840300698169
2019-02-12,Defensive,0.0032079226737194
2019-02-14,Defensive,-0.0015804692673345
2019-02-15,Defensive,0.001004504658586
2019-02-18,Defensive,0.0021737580646465
2019-02-19,Defensive,0.0001024163063917
2019-02-20,Defensive,-0.0044865609150544
2019-02-21,Defensive,0.0005745799991485
2019-02-22,Defensive,0.0016028612481217
2019-02-25,Defensive,-0.0018148457900369
2019-02-26,Defensive,-0.0004283090617487
2019-02-27,Defensive,-0.0022309920842575
2019-02-28,Defensive,-0.0050602950971607
2019-03-01,Defensive,0.0021340088235753
2019-03-05,Defensive,7.250293239629676e-05
2019-03-06,Defensive,0.0032753499934099
2019-03-07,Defensive,0.0017946443838123
2019-03-08,Defensive,-0.0006284195233308
2019-03-11,Defensive,-8.636132020881736e-05
2019-03-12,Defensive,0.0012123547815403
2019-03-13,Defensive,0.0020137668335114
2019-03-14,Defensive,0.000725341261484
2019-03-15,Defensive,0.0022911862905789
2019-03-18,Defensive,-0.0005133374733489
2019-03-19,Defensive,-0.0019142870935713
2019-03-20,Defensive,-4.961850712226011e-05
2019-03-22,Defensive,0.0004903697814723
2019-03-25,Defensive,-0.0023230707894785
2019-03-26,Defensive,-0.0025934441682932
2019-03-27,Defensive,0.0009747725929468
2019-03-28,Defensive,-0.0007327137027408
2019-04-01,Defensive,-0.000251681811324
2019-04-02,Defensive,-0.0006393853314016
2019-04-03,Defensive,0.0031212018035264
2019-04-04,Defensive,0.00260352232079
2019-04-05,Defensive,-0.0023947073800783
2019-04-08,Defensive,-0.0009855864261608
2019-04-09,Defensive,0.0017800085359391
2019-04-10,Defensive,0.0012838724742064
2019-04-11,Defensive,-2.915924659571256e-06
2019-04-12,Defensive,-0.0021952004099284
2019-04-15,Defensive,-0.001285080092307
2019-04-16,Defensive,-0.0009535351350925
2019-04-18,Defensive,0.0006339886622382
2019-04-22,Defensive,0.0034874543093944
2019-04-23,Defensive,-0.0012937604695762
2019-04-24,Defensive,-0.0019720704951104
2019-04-25,Defensive,-0.0001371729536558
2019-04-26,Defensive,0.0021434779610281
2019-04-30,Defensive,-0.0028137659335214
2019-05-02,Defensive,0.0029872683017498
2019-05-03,Defensive,-0.0002640627242313
2019-05-06,Defensive,-0.0013886400046267
2019-05-07,Defensive,-0.0031203785735243
2019-05-08,Defensive,0.0014930415468412
2019-05-09,Defensive,-0.000262342390483
2019-05-10,Defensive,0.000421410965509
2019-05-13,Defensive,-0.0017216234820227
2019-05-14,Defensive,-0.000558192068502
2019-05-15,Defensive,-0.0008931624927094
2019-05-16,Defensive,-0.0001211862107564
2019-05-17,Defensive,-0.0012591046527516
2019-05-20,Defensive,-0.0029883619213744
2019-05-21,Defensive,0.0055369994905932
2019-05-22,Defensive,-0.002646808494675
2019-05-23,Defensive,0.000442918013885
2019-05-24,Defensive,-0.003464055656848
2019-05-27,Defensive,-0.0039140948732359
2019-05-28,Defensive,0.0002756529837045
2019-05-29,Defensive,0.0004287351755366
2019-05-30,Defensive,0.0026029979816047
2019-05-31,Defensive,0.0008790936820314
2019-06-03,Defensive,-0.0002196214374915
2019-06-04,Defensive,-0.00181920048813
2019-06-06,Defensive,0.003078024136467
2019-06-07,Defensive,0.0019377024921004
2019-06-10,Defensive,-0.0024126589554968
2019-06-11,Defensive,0.0001559274564212
2019-06-12,Defensive,0.0003681044630529
2019-06-13,Defensive,-0.0006113073132113
2019-06-14,Defensive,0.0016237009716135
2019-06-17,Defensive,0.0017434662766963
2019-06-18,Defensive,-0.0003009713956102
2019-06-19,Defensive,-0.0004817384915953
2019-06-20,Defensive,0.003077916925335
2019-06-21,Defensive,0.0019456777847244
2019-06-24,Defensive,0.0002247207798167
2019-06-25,Defensive,-0.0031784180781601
2019-06-26,Defensive,0.00076800021261
2019-06-27,Defensive,0.0014761669298353
2019-06-28,Defensive,-0.0054290432567967
2019-07-01,Defensive,0.000583738896636
2019-07-02,Defensive,-0.0007533839735914
2019-07-03,Defensive,-0.0003617085602591
2019-07-04,Defensive,-0.0017347619055266
2019-07-05,Defensive,-0.0002163785808072
2019-07-08,Defensive,0.0028639831523626
2019-07-09,Defensive,-0.000812796997631
2019-07-10,Defensive,0.0020111471175863
2019-07-11,Defensive,-0.0015326624377592
2019-07-12,Defensive,0.001597512385312
2019-07-15,Defensive,8.331171124390247e-05
2019-07-16,Defensive,0.0007840496575785
2019-07-17,Defensive,9.430651219497505e-05
2019-07-18,Defensive,0.0013632504648824
2019-07-19,Defensive,-0.0050551702358675
2019-07-22,Defensive,-0.0027596506269151
2019-07-23,Defensive,0.0009141609960172
2019-07-24,Defensive,-0.0040070767077924
2019-07-25,Defensive,-0.0009811607112944
2019-07-26,Defensive,-2.8681682073299488e-05
2019-07-29,Defensive,-0.0015762802752257
2019-07-30,Defensive,-0.0013031228053875
2019-07-31,Defensive,0.0006231644003071
2019-08-01,Defensive,0.0020985899115596
2019-08-02,Defensive,-0.0018368987625096
2019-08-05,Defensive,-0.0010701163923747
2019-08-06,Defensive,-0.001382521946654
2019-08-07,Defensive,-0.0047627595037545
2019-08-08,Defensive,0.000363423580635
2019-08-09,Defensive,0.0019494354916569
2019-08-13,Defensive,0.0021132864146317
2019-08-14,Defensive,-0.0016615327528814
2019-08-16,Defensive,-0.0024233960970402
2019-08-19,Defensive,0.0001232110951833
2019-08-20,Defensive,0.0017385473731329
2019-08-21,Defensive,0.0003897008966207
2019-08-22,Defensive,0.0006586092717475
2019-08-23,Defensive,0.0023636618554724
2019-08-26,Defensive,-0.0013982731184614
2019-08-27,Defensive,-0.000359940173346
2019-08-28,Defensive,0.0033492110235224
2019-08-29,Defensive,-0.0003136222461952
2019-08-30,Defensive,-0.0024546739319331
2019-09-03,Defensive,-0.0012587121925005
2019-09-04,Defensive,-0.0017963597024424
2019-09-05,Defensive,0.0007943251714025
2019-09-06,Defensive,-0.0017118940071775
2019-09-09,Defensive,0.0006220685057224
2019-09-11,Defensive,-0.0013921304370812
2019-09-12,Defensive,-0.0041667570767964
2019-09-13,Defensive,0.0006932395739638
2019-09-16,Defensive,0.0003769273630937
2019-09-17,Defensive,0.0011155156314176
2019-09-18,Defensive,-0.0012659744383305
2019-09-19,Defensive,-0.0014790889507187
2019-09-20,Defensive,0.000882933716963
2019-09-23,Defensive,0.0031180391450619
2019-09-24,Defensive,0.0001023360190126
2019-09-25,Defensive,0.0009291701920942
2019-09-26,Defensive,-0.0005631753688514
2019-09-27,Defensive,-0.0030072610437473
2019-09-30,Defensive,0.0020148588383081
2019-10-01,Defensive,0.0018968284781723
2019-10-03,Defensive,0.0015015480503503
2019-10-04,Defensive,-0.0002838908766848
2019-10-07,Defensive,0.001274112199477
2019-10-09,Defensive,0.0018675235947756
2019-10-10,Defensive,0.0033203173699134
2019-10-11,Defensive,0.0020570522092948
2019-10-14,Defensive,0.0002076424500672
2019-10-15,Defensive,-0.0025365065108487
2019-10-16,Defensive,0.0003913165953434
2019-10-17,Defensive,0.0005931547916986
2019-10-18,Defensive,0.0014980595506366
2019-10-22,Defensive,0.0027877837186468
2019-10-23,Defensive,-0.0001103010241135
2019-10-24,Defensive,0.0042819743796262
2019-10-25,Defensive,-0.0034385740400811
2019-10-29,Defensive,0.0009186837449232
2019-10-30,Defensive,-0.001517040784368
2019-10-31,Defensive,-0.0037344439993776
2019-11-01,Defensive,-0.0003235487525983
2019-11-04,Defensive,-0.0028343453968419
2019-11-05,Defensive,-0.0002428557960656
2019-11-06,Defensive,0.0001495384961889
2019-11-07,Defensive,0.0023170828186718
2019-11-08,Defensive,-0.0029351702695278
2019-11-11,Defensive,0.0018968903312915
2019-11-13,Defensive,0.0002761609005595
2019-11-14,Defensive,0.0021376983072191
2019-11-15,Defensive,-0.0007835023500622
2019-11-18,Defensive,-0.0025844891735268
2019-11-19,Defensive,-0.0023549986524317
2019-11-20,Defensive,-0.0025036149073342
2019-11-21,Defensive,0.0010356283058413
2019-11-22,Defensive,0.0030338440444293
2019-11-25,Defensive,-0.0010499030533104
2019-11-26,Defensive,0.0013382705965155
2019-11-27,Defensive,-0.0029668841162712
2019-11-28,Defensive,0.0004406424983545
2019-11-29,Defensive,0.0014171252326742
2019-12-02,Defensive,-0.0028162495505537
2019-12-03,Defensive,-0.0003277669379597
2019-12-04,Defensive,0.0015118342809711
2019-12-05,Defensive,-0.0057875412944589
2019-12-06,Defensive,0.0027509061234034
2019-12-09,Defensive,0.000787358751782
2019-12-10,Defensive,0.0015134552954346
2019-12-11,Defensive,-0.0007454385583895
2019-12-12,Defensive,-0.0033654449631307
2019-12-13,Defensive,0.0011481259126339
2019-12-16,Defensive,-8.518065083302413e-05
2019-12-17,Defensive,0.0001442309108646
2019-12-18,Defensive,0.0022552139703979
2019-12-19,Defensive,0.0016041277477251
2019-12-20,Defensive,0.0039224748341792
2019-12-23,Defensive,0.0003877084577469
2019-12-24,Defensive,-0.0013024248755822
2019-12-26,Defensive,-0.0002968336938174
2019-12-27,Defensive,0.0009113267450772
2019-12-30,Defensive,0.0021117130379859
2019-12-31,Defensive,-0.0028540679028774
2020-01-01,Defensive,9.70752303583379e-05
2020-01-02,Defensive,0.0032990833140767
2020-01-03,Defensive,-0.000400417742005
2020-01-06,Defensive,0.0019420237097382
2020-01-07,Defensive,0.001066235054432
2020-01-08,Defensive,0.0019917212130499
2020-01-09,Defensive,-0.0015395210831998
2020-01-10,Defensive,-0.0015308033401311
2020-01-13,Defensive,0.0001205437842445
2020-01-14,Defensive,-0.0029844435744806
2020-01-15,Defensive,-0.0004594812132233
2020-01-16,Defensive,0.0005857533150313
2020-01-17,Defensive,0.0036492712138995
2020-01-20,Defensive,0.0008854363785396
2020-01-21,Defensive,0.0013304569417462
2020-01-22,Defensive,0.0024089516941
2020-01-23,Defensive,-0.0018493151777901
2020-01-24,Defensive,-0.0002501653247419
2020-01-27,Defensive,0.0049308251836077
2020-01-28,Defensive,-7.824444476901741e-05
2020-01-29,Defensive,0.0023128614975644
2020-01-30,Defensive,0.0020074757543462
2020-01-31,Defensive,-0.0028762274287753
2020-02-03,Defensive,0.0007009585540118
2020-02-04,Defensive,0.0003734949444104
2020-02-05,Defensive,0.0007399175756808
2020-02-06,Defensive,-0.0014282249595821
2020-02-07,Defensive,-0.0021538390238243
2020-02-10,Defensive,-0.0008720200000417
2020-02-11,Defensive,-0.0001155899941684
2020-02-12,Defensive,0.0024499688952006
2020-02-13,Defensive,0.0037146216394512
2020-02-14,Defensive,0.0028731956924463
2020-02-17,Defensive,0.0018003704215636
2020-02-18,Defensive,-0.0019286805245991
2020-02-19,Defensive,-0.0007377923499789
2020-02-20,Defensive,0.0004998521048259
2020-02-24,Defensive,-0.0011848780761523
2020-02-25,Defensive,0.0012344113050559
2020-02-26,Defensive,0.0015209722165085
2020-02-27,Defensive,0.0011525801251309
2020-02-28,Defensive,0.0021302692091151
2020-03-02,Defensive,-0.0017291824274261
2020-03-03,Defensive,0.0019456574081843
2020-03-04,Defensive,-0.0013112909002403
2020-03-05,Defensive,-0.0018018719052857
2020-03-06,Defensive,0.0011442322683727
2020-03-09,Defensive,0.0025117471243979
2020-03-11,Defensive,0.001056026972752
2020-03-12,Defensive,0.000121608047545
2020-03-13,Defensive,0.000700307652203
2020-03-16,Defensive,0.0003528538361345
2020-03-17,Defensive,-0.0021719017922707
2020-03-18,Defensive,-0.0024052402898898
2020-03-19,Defensive,-7.765175894690958e-05
2020-03-20,Defensive,0.0002397136715386
2020-03-23,Defensive,0.0001026647567354
2020-03-24,Defensive,0.0014322032272998
2020-03-25,Defensive,-0.0003509534323286
2020-03-26,Defensive,0.0012059583638097
2020-03-27,Defensive,-0.0002091735346528
2020-03-30,Defensive,0.0037267179240729
2020-03-31,Defensive,0.0002414274534528
2020-04-01,Defensive,0.0047614452230513
2020-04-03,Defensive,0.0007840231821817
2020-04-07,Defensive,-0.0003473543411764
2020-04-08,Defensive,-0.0017188959525193
2020-04-09,Defensive,-0.0028057771481153
2020-04-13,Defensive,-0.0019028845687923
2020-04-15,Defensive,-0.0016792126183279
2020-04-16,Defensive,0.0008696400408243
2020-04-17,Defensive,-0.0009723307421203
2020-04-20,Defensive,0.0004538541051089
2020-04-21,Defensive,0.0026439567247533
2020-04-22,Defensive,-9.56167032697072e-05
2020-04-23,Defensive,0.0042383133969336
2020-04-24,Defensive,-0.0022716219606783
2020-04-27,Defensive,-0.0002211670967498
2020-04-28,Defensive,-0.0009986258472219
2020-04-29,Defensive,0.001953013212114
2020-04-30,Defensive,-0.0043995832607322
2020-05-04,Defensive,-0.0028062305783556
2020-05-05,Defensive,-0.0001346936449019
2020-05-06,Defensive,0.0031827554420189
2020-05-07,Defensive,0.0005316836680746
2020-05-08,Defensive,-0.0026230949085284
2020-05-11,Defensive,-0.0023143331853804
2020-05-12,Defensive,0.0034259794056899
2020-05-13,Defensive,-0.0011622695975924
2020-05-14,Defensive,-0.0018059267448995
2020-05-15,Defensive,0.0030347451212617
2020-05-18,Defensive,0.0021021940111739
2020-05-19,Defensive,0.0026281192865335
2020-05-20,Defensive,-0.0018200837605316
2020-05-21,Defensive,-0.0029702112820287
2020-05-22,Defensive,0.0003463329787254
2020-05-26,Defensive,0.0007502522661473
2020-05-27,Defensive,0.0008092036074096
2020-05-28,Defensive,0.003036367871278
2020-05-29,Defensive,-0.0033875341800164
2020-06-01,Defensive,0.0017993901025955
2020-06-02,Defensive,-0.0021132500882946
2020-06-03,Defensive,0.0017914706417216
2020-06-04,Defensive,-0.0008699134090427
2020-06-05,Defensive,-0.001547943591781
2020-06-08,Defensive,-0.0011398054138984
2020-06-09,Defensive,-0.0028112204015531
2020-06-10,Defensive,0.0001608578796669
2020-06-11,Defensive,-0.0014653467813209
2020-06-12,Defensive,0.0016525964618005
2020-06-15,Defensive,0.0013601121620658
2020-06-16,Defensive,0.0034563141058055
2020-06-17,Defensive,0.0008126549670821
2020-06-18,Defensive,0.0011213555341601
2020-06-19,Defensive,0.0028801996236556
2020-06-22,Defensive,-0.0011753253920533
2020-06-23,Defensive,-0.002896516425646
2020-06-24,Defensive,0.0004801881182567
2020-06-25,Defensive,-0.0027652669384288
2020-06-26,Defensive,0.0049878773458507
2020-06-29,Defensive,0.0029909965841578
2020-06-30,Defensive,0.0044079526666031
2020-07-01,Defensive,0.0002048939533262
2020-07-02,Defensive,0.0011811471874031
2020-07-03,Defensive,-0.0008389508639052
2020-07-06,Defensive,0.0018458496111735
2020-07-07,Defensive,-0.0023510864241021
2020-07-08,Defensive,-0.0050061863789495
2020-07-09,Defensive,-0.0015014212389771
2020-07-10,Defensive,-0.0028309469512346
2020-07-13,Defensive,0.003035853472319
2020-07-14,Defensive,0.0037113549101606
2020-07-15,Defensive,-0.0027258581448262
2020-07-16,Defensive,0.0026634312150424
2020-07-17,Defensive,0.0019827699670015
2020-07-20,Defensive,-0.0030595533694377
2020-07-21,Defensive,-0.0007005350618632
2020-07-22,Defensive,-0.001080327444249
2020-07-23,Defensive,0.0015759907972544
2020-07-24,Defensive,-0.00237755870181
2020-07-27,Defensive,-0.0001177452513189
2020-07-28,Defensive,-0.0012918690078992
2020-07-29,Defensive,0.0010266823667702
2020-07-30,Defensive,-0.0003535840633758
2020-07-31,Defensive,-0.0009904914078807
2020-08-03,Defensive,-0.0003465931512641
2020-08-04,Defensive,0.0041520856656802
2020-08-05,Defensive,-0.0007537992722387
2020-08-06,Defensive,-0.0020020104365675
2020-08-07,Defensive,0.0012468671383119
2020-08-10,Defensive,-0.0002070493388459
2020-08-11,Defensive,-0.0027504678617329
2020-08-12,Defensive,0.0045429926704049
2020-08-13,Defensive,-0.0006249578911732
2020-08-14,Defensive,-0.0006757389079227
2020-08-17,Defensive,0.0003996707038161
2020-08-18,Defensive,0.0035402335384176
2020-08-19,Defensive,-0.0032794906530379
2020-08-20,Defensive,0.000631971698841
2020-08-21,Defensive,0.0042545443235872
2020-08-24,Defensive,0.0003374573614792
2020-08-25,Defensive,-0.0023906679586069
2020-08-26,Defensive,-0.0011567937059213
2020-08-27,Defensive,0.0004937650595135
2020-08-28,Defensive,0.0027416078312797
2020-08-31,Defensive,-0.0005986716888321
2020-09-01,Defensive,0.0017333035948648
2020-09-02,Defensive,-0.0027907376540937
2020-09-03,Defensive,-0.0028074367391901
2020-09-04,Defensive,-0.0008856013773698
2020-09-07,Defensive,0.0029560574437465
2020-09-08,Defensive,0.0002177492790275
2020-09-09,Defensive,0.0006596223911332
2020-09-10,Defensive,0.000636159191147
2020-09-11,Defensive,0.0022984159651734
2020-09-14,Defensive,-0.0011404413850757
2020-09-15,Defensive,0.0014565702169764
2020-09-16,Defensive,-0.0015817653277102
2020-09-17,Defensive,0.0040465453118415
2020-09-18,Defensive,-0.0015207822085933
2020-09-21,Defensive,-0.0016847786061572
2020-09-22,Defensive,0.001179339626976
2020-09-23,Defensive,0.0002395768628646
2020-09-24,Defensive,0.0007337048125218
2020-09-25,Defensive,0.0005346275909846
2020-09-28,Defensive,-0.0021007843976148
2020-09-29,Defensive,0.0033067178581589
2020-09-30,Defensive,0.0018670844117782
2020-10-01,Defensive,0.0027978999025342
2020-10-05,Defensive,-0.0009766617782208
2020-10-06,Defensive,0.0009130470894303
2020-10-07,Defensive,0.0004747369244693
2020-10-08,Defensive,0.002336005252403
2020-10-09,Defensive,0.0024004962636592
2020-10-12,Defensive,0.0004661016059162
2020-10-13,Defensive,-0.0029559022636865
2020-10-14,Defensive,0.0036393237741753
2020-10-15,Defensive,0.0011919748673802
2020-10-16,Defensive,-0.0011368740827822
2020-10-19,Defensive,0.0008930842765333
2020-10-20,Defensive,-0.002942187096905
2020-10-21,Defensive,0.002190706134942
2020-10-22,Defensive,-0.0028624234885583
2020-10-23,Defensive,-0.0003616689840741
2020-10-26,Defensive,0.000568908899211
2020-10-27,Defensive,0.0021576794239641
2020-10-28,Defensive,0.0002930893528687
2020-10-29,Defensive,0.0013499257472251
2020-10-30,Defensive,2.3666183100897573e-05
2020-11-02,Defensive,1.562809811143859e-05
2020-11-03,Defensive,0.0002509545006965
2020-11-04,Defensive,-0.0002981158417047
2020-11-05,Defensive,-0.0032931404861628
2020-11-06,Defensive,-0.0014566469873932
2020-11-09,Defensive,0.0005695496822233
2020-11-10,Defensive,-0.0004182420069774
2020-11-11,Defensive,-0.0002316181643638
2020-11-12,Defensive,-0.0005667073388774
2020-11-13,Defensive,-0.0016471967854636
2020-11-17,Defensive,-0.0009061989219525
2020-11-18,Defensive,-0.0005336634887771
2020-11-19,Defensive,9.02862810836988e-05
2020-11-20,Defensive,0.0008667566889394
2020-11-23,Defensive,-0.0002811005817714
2020-11-24,Defensive,-0.0019793105113848
2020-11-25,Defensive,-0.0027161640798375
2020-11-26,Defensive,0.0052748744147504
2020-11-27,Defensive,-0.0021796300605291
2020-12-01,Defensive,-0.0009572500025287
2020-12-02,Defensive,0.0011140006050278
2020-12-03,Defensive,0.0008017212191313
2020-12-04,Defensive,0.0011217313851231
2020-12-07,Defensive,-0.0008054341390643
2020-12-08,Defensive,0.000557116141279
2020-12-09,Defensive,0.0002026873284817
2020-12-10,Defensive,-0.0005442627350825
2020-12-11,Defensive,0.0005708194835426
2020-12-14,Defensive,0.0021907310935014
2020-12-15,Defensive,3.5599553129343756e-05
2020-12-16,Defensive,4.890569271284611e-05
2020-12-17,Defensive,0.0022163220697519
2020-12-18,Defensive,0.0020027207196376
2020-12-21,Defensive,0.0032478728819269
2020-12-22,Defensive,-0.0034324604689591
2020-12-23,Defensive,0.0018902383663387
2020-12-24,Defensive,0.0012831600908043
2020-12-28,Defensive,-0.0016913047955065
2020-12-29,Defensive,0.0005831758359976
2020-12-30,Defensive,0.0021822434955159
2020-12-31,Defensive,-0.0015783178449708
2021-01-01,Defensive,0.0009651248580456
2021-01-04,Defensive,0.001822707351462
2021-01-05,Defensive,-0.0020620391250629
2021-01-06,Defensive,-0.0002045713848902
2021-01-07,Defensive,0.0006819367532848
2021-01-08,Defensive,-0.0015122630110859
2021-01-11,Defensive,-0.001678306398187
2021-01-12,Defensive,-0.0001900892037255
2021-01-13,Defensive,0.0016832794338073
2021-01-14,Defensive,0.0013674680023842
2021-01-15,Defensive,-0.0016428254583726
2021-01-18,Defensive,0.0013843357702313
2021-01-19,Defensive,-0.001591879552333
2021-01-20,Defensive,-0.0031403395959868
2021-01-21,Defensive,-0.0006542871420944
2021-01-22,Defensive,0.0023259387431714
2021-01-25,Defensive,0.0013919211042827
2021-01-27,Defensive,7.685638525361148e-05
2021-01-28,Defensive,-0.0007534109671821
2021-01-29,Defensive,-0.0006995242722328
2021-02-01,Defensive,0.0002975698117215
2021-02-02,Defensive,-0.0020568749716916
2021-02-03,Defensive,-0.0006162146904025
2021-02-04,Defensive,-0.0003511389227195
2021-02-05,Defensive,-0.0026221489169029
2021-02-08,Defensive,-0.0015968965017951
2021-02-09,Defensive,0.0009010135829727
2021-02-10,Defensive,9.902367988198844e-05
2021-02-11,Defensive,-0.0005375235823867
2021-02-12,Defensive,-0.0017428548750759
2021-02-15,Defensive,0.0032336996511784
2021-02-16,Defensive,-0.0015959584293586
2021-02-17,Defensive,0.0005831856145234
2021-02-18,Defensive,-0.0008957381761475
2021-02-19,Defensive,0.0001525585852766
2021-02-22,Defensive,0.0009952194838807
2021-02-23,Defensive,-0.0026605131784157
2021-02-24,Defensive,6.6767511693024e-05
2021-02-25,Defensive,0.0024614572979596
2021-02-26,Defensive,0.003603003786984
2021-03-01,Defensive,-0.0001800279465102
2021-03-02,Defensive,0.0001633624144338
2021-03-03,Defensive,0.004502666057203
2021-03-04,Defensive,0.0023498485631983
2021-03-05,Defensive,-0.0011545691385104
2021-03-08,Defensive,-0.0011579669017722
2021-03-09,Defensive,0.0019930989235745
2021-03-10,Defensive,-0.0019420742600914
2021-03-12,Defensive,0.0022554535026777
2021-03-15,Defensive,0.000748599927502
2021-03-16,Defensive,0.0011154415280541
2021-03-17,Defensive,-0.0004334676069601
2021-03-18,Defensive,-0.0011796496084928
2021-03-19,Defensive,0.0030039856617366
2021-03-22,Defensive,-0.0004134745611069
2021-03-23,Defensive,-0.0007418701531477
2021-03-24,Defensive,-8.02741357596188e-05
2021-03-25,Defensive,0.0004660442654358
2021-03-26,Defensive,-0.0019816502534388
2021-03-30,Defensive,-0.0010497429884138
2021-03-31,Defensive,-0.0011560641478121
2021-04-01,Defensive,0.0017705606092136
2021-04-05,Defensive,-0.0016919251359997
2021-04-06,Defensive,-0.0034315357155161
2021-04-07,Defensive,-0.0038541891258123
2021-04-08,Defensive,-0.0028607602693514
2021-04-09,Defensive,0.0028030764056962
2021-04-12,Defensive,0.0001124131989681
2021-04-13,Defensive,0.0010824981736144
2021-04-15,Defensive,0.0011529754542426
2021-04-16,Defensive,0.0001923678367846
2021-04-19,Defensive,-6.956259330261642e-05
2021-04-20,Defensive,0.0021690528596362
2021-04-22,Defensive,0.0003719918286252
2021-04-23,Defensive,0.0028781949585268
2021-04-26,Defensive,0.0013216598905797
2021-04-27,Defensive,-0.001155592546962
2021-04-28,Defensive,-0.0009142680477398
2021-04-29,Defensive,-0.0013749296129085
2021-04-30,Defensive,0.0025150960439014
2021-05-03,Defensive,-0.0007301019058911
2021-05-04,Defensive,-0.0015169455935992
2021-05-05,Defensive,0.0007195560822536
2021-05-06,Defensive,-0.000114334212745
2021-05-07,Defensive,0.0006691370251503
2021-05-10,Defensive,0.0038596278077876
2021-05-11,Defensive,0.0019061416118577
2021-05-12,Defensive,0.0001340211086038
2021-05-14,Defensive,-0.002736846768412
2021-05-17,Defensive,-0.0009199249944172
2021-05-18,Defensive,0.0015020922050906
2021-05-19,Defensive,-0.0022620820793236
2021-05-20,Defensive,0.0043619405926607
2021-05-21,Defensive,0.000108833125271
2021-05-24,Defensive,0.0001776967864189
2021-05-25,Defensive,-0.0012532903859159
2021-05-26,Defensive,0.0010734755135514
2021-05-27,Defensive,-0.0022360036130444
2021-05-28,Defensive,0.0044097851782029
2021-05-31,Defensive,0.002714702609304
2021-06-01,Defensive,0.002048592890394
2021-06-02,Defensive,-0.0027008580115796
2021-06-03,Defensive,0.0004908265409155
2021-06-04,Defensive,0.002498172796028
2021-06-07,Defensive,0.0012662107987154
2021-06-08,Defensive,-0.0019242182092675
2021-06-09,Defensive,-0.0012201875106173
2021-06-10,Defensive,-0.0008238722760119
2021-06-11,Defensive,-0.0011268756689772
2021-06-14,Defensive,0.0031375576714206
2021-06-15,Defensive,-0.0037620262776465
2021-06-16,Defensive,0.0013918382793176
2021-06-17,Defensive,-0.0025046067498569
2021-06-18,Defensive,-0.0018425029749021
2021-06-21,Defensive,-0.0039394667337374
2021-06-22,Defensive,-0.0010181088623177
2021-06-23,Defensive,0.0031014633030784
2021-06-24,Defensive,0.0006096484849295
2021-06-25,Defensive,-0.0023167230939981
2021-06-28,Defensive,0.0021142953487586
2021-06-29,Defensive,0.0025426085271373
2021-06-30,Defensive,0.0002880929620781
2021-07-01,Defensive,0.0041494983163051
2021-07-02,Defensive,0.0017231282492492
2021-07-05,Defensive,0.0014453050145851
2021-07-06,Defensive,-0.0015267574143325
2021-07-07,Defensive,0.0013347969712426
2021-07-08,Defensive,0.0005135825552089
2021-07-09,Defensive,0.001119658005342
2021-07-12,Defensive,-0.0012891712382826
2021-07-13,Defensive,0.0003361977687179
2021-07-14,Defensive,-0.0015537230004299
2021-07-15,Defensive,-0.004214264199932
2021-07-16,Defensive,0.0020766091371567
2021-07-19,Defensive,-0.002924777963379
2021-07-20,Defensive,0.0002943729295648
2021-07-22,Defensive,0.000746004258898
2021-07-23,Defensive,0.0007331260317261
2021-07-26,Defensive,-0.0004861581471965
2021-07-27,Defensive,0.0006224229505599
2021-07-28,Defensive,0.0010219341395703
2021-07-29,Defensive,0.0015499296315039
2021-07-30,Defensive,0.0035468826787685
2021-08-02,Defensive,0.0005483883029964
2021-08-03,Defensive,0.0002080976900354
2021-08-04,Defensive,-0.0017334579307001
2021-08-05,Defensive,0.0009518926477986
2021-08-06,Defensive,0.0014147662062811
2021-08-09,Defensive,-0.0003046063685632
2021-08-10,Defensive,0.001169225008368
2021-08-11,Defensive,-0.0005050323870986
2021-08-12,Defensive,0.0014219853041778
2021-08-13,Defensive,0.0019052046280594
2021-08-16,Defensive,0.0018772557334609
2021-08-17,Defensive,0.0003156886522826
2021-08-18,Defensive,-0.0019999363032341
2021-08-20,Defensive,-0.0011438261052836
2021-08-23,Defensive,0.0012703146477694
2021-08-24,Defensive,0.0049776246114804
2021-08-25,Defensive,-0.0006014415430641
2021-08-26,Defensive,0.0009916753567762
2021-08-27,Defensive,-0.0010321051149588
2021-08-30,Defensive,-0.0018679340884982
2021-08-31,Defensive,-0.0012726317271547
2021-09-01,Defensive,-0.0040849439534053
2021-09-02,Defensive,0.0027868701258155
2021-09-03,Defensive,-0.0043802605058292
2021-09-06,Defensive,-0.0004476564608012
2021-09-07,Defensive,-0.0022762557907001
2021-09-08,Defensive,-0.0016887604307244
2021-09-09,Defensive,0.0028330453194773
2021-09-13,Defensive,0.0004821339800627
2021-09-14,Defensive,-0.0018507923183634
2021-09-15,Defensive,-0.001099034264993
2021-09-16,Defensive,-0.0014509624408841
2021-09-17,Defensive,-7.091344157761203e-06
2021-09-20,Defensive,0.0004257833695753
2021-09-21,Defensive,0.0038711495464571
2021-09-22,Defensive,-0.0037526015319954
2021-09-23,Defensive,1.0375370484095096e-05
2021-09-24,Defensive,-0.000551135385069
2021-09-27,Defensive,0.0019730970554335
2021-09-28,Defensive,0.0007896362363567
2021-09-29,Defensive,0.0012607244162298
2021-09-30,Defensive,0.0007701723720301
2021-10-01,Defensive,-0.001783982250567
2021-10-04,Defensive,0.002502530992986
2021-10-05,Defensive,0.0016770098092313
2021-10-06,Defensive,0.0019110595834494
2021-10-07,Defensive,0.0026081003410143
2021-10-08,Defensive,0.0009153502013039
2021-10-11,Defensive,0.0030419848082349
2021-10-12,Defensive,0.0008352791435732
2021-10-13,Defensive,-0.0003581171760492
2021-10-14,Defensive,6.679217903327056e-05
2021-10-18,Defensive,3.231246372776708e-05
2021-10-19,Defensive,-0.000958782644181
2021-10-20,Defensive,0.0033437776967404
2021-10-21,Defensive,0.0006725907310073
2021-10-22,Defensive,0.0002694769516658
2021-10-25,Defensive,0.0008565485098528
2021-10-26,Defensive,0.0060397090334742
2021-10-27,Defensive,-0.0021834483771993
2021-10-28,Defensive,-0.0016100770234325
2021-10-29,Defensive,-0.0026811420348939
2021-11-01,Defensive,-0.0003851984768709
2021-11-02,Defensive,0.0005710368866547
2021-11-03,Defensive,-0.0008506450366821
2021-11-04,Defensive,-0.0009994535963035
2021-11-08,Defensive,0.0003648097332562
2021-11-09,Defensive,-0.0009242156496593
2021-11-10,Defensive,0.0007003516543656
2021-11-11,Defensive,0.0023084686934852
2021-11-12,Defensive,0.0014340609396016
2021-11-15,Defensive,0.0018420266943304
2021-11-16,Defensive,0.0022518368230134
2021-11-17,Defensive,0.0006456563202374
2021-11-18,Defensive,-0.0002372820520862
2021-11-22,Defensive,-0.0014645061417663
2021-11-23,Defensive,-0.0007023563272714
2021-11-24,Defensive,-0.0009673710653537
2021-11-25,Defensive,0.0015433446532418
2021-11-26,Defensive,0.0007735651091883
2021-11-29,Defensive,0.0014735157254286
2021-11-30,Defensive,-0.0022406737122003
2021-12-01,Defensive,0.0029434989684821
2021-12-02,Defensive,-0.0007739607430135
2021-12-03,Defensive,-0.0021200332841493
2021-12-06,Defensive,-0.0007984355296436
2021-12-07,Defensive,0.005047531985175
2021-12-08,Defensive,-0.0006954337329831
2021-12-09,Defensive,-0.0005701929429418
2021-12-10,Defensive,-0.0003042093612593
2021-12-13,Defensive,-0.0002172407668629
2021-12-14,Defensive,-0.0014829521316025
2021-12-15,Defensive,0.0003664261664122
2021-12-16,Defensive,0.0022311898163966
2021-12-17,Defensive,0.0007085786309574
2021-12-20,Defensive,-0.0021423305977999
2021-12-21,Defensive,-0.0006086918098674
2021-12-22,Defensive,-0.0010230548002032
2021-12-23,Defensive,0.0001858789364696
2021-12-24,Defensive,0.0027409033431246
2021-12-27,Defensive,-0.0002177655920417
2021-12-28,Defensive,-9.630973774078157e-05
2021-12-29,Defensive,0.0036352896376388
2021-12-30,Defensive,0.0018324119833433
2021-12-31,Defensive,0.001228162564213
2022-01-03,Defensive,0.0039962632306035
2022-01-04,Defensive,0.001059622509588
2022-01-05,Defensive,-0.003893054283955
2022-01-06,Defensive,0.0017453315157607
2022-01-07,Defensive,-0.0031040169142373
2022-01-10,Defensive,0.0009840107371648
2022-01-11,Defensive,-0.0033474871482584
2022-01-12,Defensive,-0.0008537108207998
2022-01-13,Defensive,-0.0006475690592197
2022-01-14,Defensive,-0.0014602382144635
2022-01-17,Defensive,-0.0006177039943824
2022-01-18,Defensive,0.0021451234407211
2022-01-19,Defensive,-0.0013479058243191
2022-01-20,Defensive,0.001170281759021
2022-01-21,Defensive,-0.0018512992792146
2022-01-24,Defensive,-0.0002989991527842
2022-01-25,Defensive,0.0007276785326549
2022-01-27,Defensive,-0.0019130568332371
2022-01-28,Defensive,-0.0025434408658213
2022-01-31,Defensive,0.0010637563011577
2022-02-01,Defensive,0.0023261607986812
2022-02-02,Defensive,-7.81300389747444e-05
2022-02-03,Defensive,-0.0008346258131134
2022-02-04,Defensive,0.0003913507753767
2022-02-07,Defensive,0.0001909598375307
2022-02-08,Defensive,0.0005658050814225
2022-02-09,Defensive,-0.0049764902006274
2022-02-10,Defensive,-0.0020582085823319
2022-02-11,Defensive,-0.0016104602108737
2022-02-14,Defensive,0.0003817352570231
2022-02-15,Defensive,0.0004517557672445
2022-02-16,Defensive,0.001352360977368
2022-02-17,Defensive,0.0005951634984208
2022-02-18,Defensive,-0.0025214701407746
2022-02-21,Defensive,0.0029740092351701
2022-02-22,Defensive,0.0026238366068447
2022-02-23,Defensive,-0.0024363945800538
2022-02-24,Defensive,0.0007454105887483
2022-02-25,Defensive,-0.001110848770486
2022-02-28,Defensive,0.000357727978401
2022-03-02,Defensive,0.0021866205592837
2022-03-03,Defensive,0.0043402085326419
2022-03-04,Defensive,0.0015825554102852
2022-03-07,Defensive,0.0006698694702202
2022-03-08,Defensive,-0.0005996423366165
2022-03-09,Defensive,0.0004442697420223
2022-03-10,Defensive,0.0027995437866566
2022-03-11,Defensive,-9.417513519170691e-06
2022-03-14,Defensive,-0.0016922253026953
2022-03-15,Defensive,-0.0031593797310332
2022-03-16,Defensive,0.0011060957348205
2022-03-17,Defensive,0.0005745762512554
2022-03-21,Defensive,-0.0012118163465245
2022-03-22,Defensive,0.0021320282514145
2022-03-23,Defensive,-0.0007635537287752
2022-03-24,Defensive,-0.0001892881836495
2022-03-25,Defensive,4.667173340411297e-05
2022-03-28,Defensive,-0.0006219054842761
2022-03-29,Defensive,0.0005517301314991
2022-03-30,Defensive,0.002383030291866
2022-03-31,Defensive,-0.0022049637962368
2022-04-01,Defensive,0.001057040276948
2022-04-04,Defensive,0.0004243173392128
2022-04-05,Defensive,0.0003875276590894
2022-04-06,Defensive,0.0018236891397481
2022-04-07,Defensive,0.0001785948504343
2022-04-08,Defensive,0.0010404585238114
2022-04-11,Defensive,0.0015117292591422
2022-04-12,Defensive,-0.0009287304007612
2022-04-13,Defensive,0.0006783669216275
2022-04-18,Defensive,-0.0004215752144212
2022-04-19,Defensive,-0.0001853635594397
2022-04-20,Defensive,-0.0005641227929566
2022-04-21,Defensive,0.0010221608081937
2022-04-22,Defensive,0.0002432894180365
2022-04-25,Defensive,0.0008690880686333
2022-04-26,Defensive,4.496527420850311e-05
2022-04-27,Defensive,-0.0031282420249406
2022-04-28,Defensive,0.0001427368321994
2022-04-29,Defensive,0.0002070759103136
2022-05-02,Defensive,0.0005651918743069
2022-05-04,Defensive,-0.0011074583873714
2022-05-05,Defensive,-0.002310939433331
2022-05-06,Defensive,0.0013292132897885
2022-05-09,Defensive,-0.0004672131130683
2022-05-10,Defensive,0.0004224880953699
2022-05-11,Defensive,-0.0004829201597765
2022-05-12,Defensive,6.78763484528104e-05
2022-05-13,Defensive,-0.0008185706958716
2022-05-16,Defensive,-0.0018561671783076
2022-05-17,Defensive,0.0010274633215373
2022-05-18,Defensive,-0.0011262401764522
2022-05-19,Defensive,0.0004079029617896
2022-05-20,Defensive,0.0009009204438041
2022-05-23,Defensive,-0.0010936254312061
2022-05-24,Defensive,-0.0023277712687459
2022-05-25,Defensive,0.0049321712277061
2022-05-26,Defensive,-0.0009755437518908
2022-05-27,Defensive,0.0013268343172023
2022-05-30,Defensive,0.0039589270991402
2022-05-31,Defensive,0.0016598154937077
2022-06-01,Defensive,-0.0005208856176551
2022-06-02,Defensive,-5.423277507022263e-05
2022-06-03,Defensive,-0.0015852144394776
2022-06-06,Defensive,0.0018433928539154
2022-06-07,Defensive,0.0012125414161173
2022-06-08,Defensive,-0.0009488516365234
2022-06-09,Defensive,-0.0020043496141968
2022-06-10,Defensive,-0.0025624674753273
2022-06-13,Defensive,0.0020530280076084
2022-06-14,Defensive,0.0003207462579111
2022-06-15,Defensive,0.0005099690726655
2022-06-16,Defensive,-0.0015658972517247
2022-06-17,Defensive,-0.0028470062066088
2022-06-20,Defensive,0.0020052271494232
2022-06-21,Defensive,0.0001640780739944
2022-06-22,Defensive,0.0018944693201152
2022-06-23,Defensive,-0.0006918662530311
2022-06-24,Defensive,-0.0003936356860737
2022-06-27,Defensive,0.0015065963532412
2022-06-28,Defensive,0.001544696159301
2022-06-29,Defensive,0.0016751312453719
2022-06-30,Defensive,-0.0005104025062053
2022-07-01,Defensive,0.0013090944753017
2022-07-04,Defensive,0.0022981989309534
2022-07-05,Defensive,-0.000129544023363
2022-07-06,Defensive,-0.0009469767275481
2022-07-07,Defensive,0.0027654952066335
2022-07-08,Defensive,-0.0012288914671026
2022-07-11,Defensive,0.0013389529942289
2022-07-12,Defensive,-3.684462103972269e-05
2022-07-13,Defensive,-0.0036031312329691
2022-07-14,Defensive,0.0023371881349571
2022-07-15,Defensive,-0.0054357072590947
2022-07-18,Defensive,-0.0038882561335152
2022-07-19,Defensive,0.0011346601589613
2022-07-20,Defensive,0.0011341423973562
2022-07-21,Defensive,-0.001195159715755
2022-07-22,Defensive,0.0003756441806064
2022-07-25,Defensive,-0.004982860091556
2022-07-26,Defensive,0.0014939509289411
2022-07-27,Defensive,0.0005794509741071
2022-07-28,Defensive,-1.1285706667590804e-05
2022-07-29,Defensive,0.0001216829642755
2022-08-01,Defensive,0.001066508352386
2022-08-02,Defensive,2.2196953004278115e-05
2022-08-03,Defensive,-0.0036681110054624
2022-08-04,Defensive,0.004472664469045
2022-08-05,Defensive,0.0024816016388569
2022-08-08,Defensive,-0.0024898893239096
2022-08-10,Defensive,-0.0006102744609531
2022-08-11,Defensive,-0.000392068380312
2022-08-12,Defensive,0.0022376991330179
2022-08-16,Defensive,-0.0042385378706395
2022-08-17,Defensive,-0.0009180165288595
2022-08-18,Defensive,-0.003441272886675
2022-08-19,Defensive,-0.0004901910316566
2022-08-22,Defensive,-0.0008650017861698
2022-08-23,Defensive,0.0002393881347654
2022-08-24,Defensive,-0.0011297487980183
2022-08-25,Defensive,-0.001422046782781
2022-08-26,Defensive,0.0013193133835262
2022-08-29,Defensive,0.0009893454818851
2022-08-30,Defensive,0.0011827966855564
2022-09-01,Defensive,-0.0002738001809816
2022-09-02,Defensive,-0.0010634771644503
2022-09-05,Defensive,-0.0001577049640415
2022-09-06,Defensive,0.0010823241401369
2022-09-07,Defensive,-0.0042735594019436
2022-09-08,Defensive,0.0008682238607417
2022-09-09,Defensive,0.0006982763746695
2022-09-12,Defensive,0.0002043018121714
2022-09-13,Defensive,-0.0002186268437433
2022-09-14,Defensive,-0.0050522387718648
2022-09-15,Defensive,-0.0007997065262008
2022-09-16,Defensive,0.0036588774221547
2022-09-19,Defensive,0.0001058025911366
2022-09-20,Defensive,-0.0005345796773494
2022-09-21,Defensive,0.0001138123911802
2022-09-22,Defensive,0.000789545737256
2022-09-23,Defensive,0.0013976404893789
2022-09-26,Defensive,-0.0003777603263158
2022-09-27,Defensive,0.0009298392047873
2022-09-28,Defensive,0.0034333016055227
2022-09-29,Defensive,0.0020925015988654
2022-09-30,Defensive,0.0047606004317139
2022-10-03,Defensive,-0.0012335407167034
2022-10-04,Defensive,0.003432379015004
2022-10-06,Defensive,-0.0015013472798451
2022-10-07,Defensive,0.0007871322934809
2022-10-10,Defensive,0.0015449530584761
2022-10-11,Defensive,-0.0009415543838089
2022-10-12,Defensive,0.0002559285549485
2022-10-13,Defensive,0.0019009222049036
2022-10-14,Defensive,-0.0013405417966238
2022-10-17,Defensive,0.0034187669190952
2022-10-18,Defensive,-0.0026891932494546
2022-10-19,Defensive,0.0039593828854567
2022-10-20,Defensive,0.0020826522695991
2022-10-21,Defensive,-9.94511526555572e-05
2022-10-24,Defensive,-0.0007253364224734
2022-10-25,Defensive,-0.000934056525582
2022-10-27,Defensive,-0.000191591280514
2022-10-28,Defensive,-1.699172309765251e-05
2022-10-31,Defensive,0.0025904524932691
2022-11-01,Defensive,0.0040173082007691
2022-11-02,Defensive,0.000478759841308
2022-11-03,Defensive,-0.0016112569759788
2022-11-04,Defensive,-0.0010114520812723
2022-11-07,Defensive,-0.0002861815692225
2022-11-09,Defensive,-0.0019802442105935
2022-11-10,Defensive,-0.0022778828042147
2022-11-11,Defensive,0.004274254424746
2022-11-14,Defensive,0.0006852270518925
2022-11-15,Defensive,-0.0015862662673606
2022-11-16,Defensive,0.0017132071407154
2022-11-17,Defensive,-0.0022766922496136
2022-11-18,Defensive,-0.0021120240957421
2022-11-21,Defensive,-0.0015260848021284
2022-11-22,Defensive,0.00338902656173
2022-11-23,Defensive,-0.0004257601315567
2022-11-24,Defensive,-0.0048034139738049
2022-11-25,Defensive,0.0025001318663511
2022-11-28,Defensive,-0.0005327627283247
2022-11-29,Defensive,-0.0036188160117568
2022-11-30,Defensive,-0.0005533669759268
2022-12-01,Defensive,0.0011220077932098
2022-12-02,Defensive,0.0008880983330659
2022-12-05,Defensive,0.0036768299583296
2022-12-06,Defensive,-0.0016255357251398
2022-12-07,Defensive,0.0001734402405299
2022-12-08,Defensive,-0.0013191385571568
2022-12-09,Defensive,-0.0030043857883744
2022-12-12,Defensive,0.0018510547446119
2022-12-13,Defensive,0.001006539138295
2022-12-14,Defensive,0.0006473568993977
2022-12-15,Defensive,0.0009335803865172
2022-12-16,Defensive,-0.0012909457053768
2022-12-19,Defensive,-0.0019313901746363
2022-12-20,Defensive,0.0001552947443387
2022-12-21,Defensive,0.0024024228048232
2022-12-22,Defensive,0.003296154270907
2022-12-23,Defensive,0.0016708654136148
2022-12-26,Defensive,0.0001383488535361
2022-12-27,Defensive,0.0006195678587998
2022-12-28,Defensive,0.0001031877186507
2022-12-29,Defensive,-0.0019718866793988
2022-12-30,Defensive,0.000129294756421
2023-01-02,Defensive,-0.0025896536351769
2023-01-03,Defensive,-0.000168154452206
2023-01-04,Defensive,0.0033522102211926
2023-01-05,Defensive,0.0017257184455667
2023-01-06,Defensive,-0.001766238368473
2023-01-09,Defensive,-6.485813928456639e-05
2023-01-10,Defensive,-0.0015887526235094
2023-01-11,Defensive,-4.502753635442004e-05
2023-01-12,Defensive,0.0021622156330491
2023-01-13,Defensive,0.0013860158766198
2023-01-16,Defensive,0.0050482881614906
2023-01-17,Defensive,0.0024649548050151
2023-01-18,Defensive,0.0004880007621553
2023-01-19,Defensive,0.0014342999482665
2023-01-20,Defensive,-0.0003248863483666
2023-01-23,Defensive,-0.0021750084941729
2023-01-24,Defensive,0.002691553156575
2023-01-25,Defensive,0.0020979829538632
2023-01-27,Defensive,-0.0004021084291879
2023-01-30,Defensive,0.0006278714738626
2023-01-31,Defensive,0.0025618783747696
2023-02-01,Defensive,0.001772702852412
2023-02-02,Defensive,-0.0028462025024993
2023-02-03,Defensive,0.0005672400429796
2023-02-06,Defensive,-0.0002552630509767
2023-02-07,Defensive,0.0023060013982773
2023-02-08,Defensive,0.0021420854775653
2023-02-09,Defensive,0.002717215656356
2023-02-10,Defensive,-0.0021557886774404
2023-02-13,Defensive,-0.0014882230681124
2023-02-14,Defensive,0.0023081648722708
2023-02-15,Defensive,-0.0011032916306848
2023-02-16,Defensive,-0.0029628659618286
2023-02-17,Defensive,0.0011451929752281
2023-02-20,Defensive,-0.0010144368805319
2023-02-21,Defensive,0.0036595815406168
2023-02-22,Defensive,0.0006723691079769
2023-02-23,Defensive,0.0004005185732833
2023-02-24,Defensive,-0.0006584877832315
2023-02-27,Defensive,0.0032616706678539
2023-02-28,Defensive,0.0007971089197796
2023-03-01,Defensive,-0.0007369990363124
2023-03-02,Defensive,-0.0015081674132108
2023-03-03,Defensive,-6.694610912843575e-05
2023-03-06,Defensive,-0.0018752936743096
2023-03-08,Defensive,0.0021377548833578
2023-03-09,Defensive,-0.0035366841080484
2023-03-10,Defensive,-0.0001990280566661
2023-03-13,Defensive,0.0013002670901758
2023-03-14,Defensive,0.0007642388402193
2023-03-15,Defensive,-0.0013545659460313
2023-03-16,Defensive,0.001400517413413
2023-03-17,Defensive,-0.0016920787767718
2023-03-20,Defensive,3.5230687006379865e-05
2023-03-21,Defensive,0.0013836831439607
2023-03-22,Defensive,0.0010058255589862
2023-03-23,Defensive,-0.0012700780228389
2023-03-24,Defensive,0.0024749890331287
2023-03-27,Defensive,0.000253389142971
2023-03-28,Defensive,0.0015659908218783
2023-03-29,Defensive,0.0031382020133464
2023-03-31,Defensive,0.0023150410975492
2023-04-03,Defensive,0.002320258812662
2023-04-05,Defensive,0.0004653598596989
2023-04-06,Defensive,0.001667870241821
2023-04-10,Defensive,0.0005071931491286
2023-04-11,Defensive,-0.0023386489355568
2023-04-12,Defensive,0.00068548758501
2023-04-13,Defensive,0.0005927219674769
2023-04-17,Defensive,0.0012474587230436
2023-04-18,Defensive,-0.0001759939504267
2023-04-19,Defensive,-0.0014429111135277
2023-04-20,Defensive,0.0013930121663504
2023-04-21,Defensive,-0.0025465445745044
2023-04-24,Defensive,0.0029976382717129
2023-04-25,Defensive,-0.0003828361224099
2023-04-26,Defensive,0.0005710563441123
2023-04-27,Defensive,0.0011971163065631
2023-04-28,Defensive,0.0012613760896883
2023-05-02,Defensive,-0.0027379685999034
2023-05-03,Defensive,0.0017281731610885
2023-05-04,Defensive,0.0006863076567525
2023-05-05,Defensive,-0.0011905227691172
2023-05-08,Defensive,-0.0014193339018918
2023-05-09,Defensive,-0.0005881061641136
2023-05-10,Defensive,-0.0025174833732209
2023-05-11,Defensive,0.003524534781974
2023-05-12,Defensive,0.0030523026502866
2023-05-15,Defensive,0.0009834004019518
2023-05-16,Defensive,-0.0003667968326841
2023-05-17,Defensive,-0.0003142159758747
2023-05-18,Defensive,0.0015961314123479
2023-05-19,Defensive,0.0035956537990039
2023-05-22,Defensive,-0.0010607934791934
2023-05-23,Defensive,-0.0021551720852466
2023-05-24,Defensive,0.0031752815471905
2023-05-25,Defensive,-0.0034942771751689
2023-05-26,Defensive,-0.0019370616165052
2023-05-29,Defensive,-0.0004137157850217
2023-05-30,Defensive,-0.00304086693561
2023-05-31,Defensive,0.0023042981256131
2023-06-01,Defensive,0.0017938105410102
2023-06-02,Defensive,-0.0010695864544306
2023-06-05,Defensive,0.0026392282383554
2023-06-06,Defensive,0.0029785848568076
2023-06-07,Defensive,-0.0001463412965801
2023-06-08,Defensive,-0.000821336355136
2023-06-09,Defensive,0.0045992040554849
2023-06-12,Defensive,0.0015223236441683
2023-06-13,Defensive,0.0005926493059377
2023-06-14,Defensive,0.0028070918932792
2023-06-15,Defensive,0.000683861270006
2023-06-16,Defensive,-0.0009312411718383
2023-06-19,Defensive,0.0002403195209751
2023-06-20,Defensive,0.0021573085746394
2023-06-21,Defensive,-0.0039043711326984
2023-06-22,Defensive,-0.0004960614788784
2023-06-23,Defensive,0.0028461147971632
2023-06-26,Defensive,-0.000943736802187
2023-06-27,Defensive,0.0031722171208628
2023-06-28,Defensive,0.0029094876387196
2023-06-30,Defensive,-5.105823097790264e-05
2023-07-03,Defensive,-0.001057078609778
2023-07-04,Defensive,-0.0004947177482992
2023-07-05,Defensive,0.0054092289840028
2023-07-06,Defensive,0.0038288488938664
2023-07-07,Defensive,0.0003307819436134
2023-07-10,Defensive,-0.0011363071032408
2023-07-11,Defensive,0.0003140820711625
2023-07-12,Defensive,0.0005676538532335
2023-07-13,Defensive,-0.0024067174752187
2023-07-14,Defensive,0.0002400825384305
2023-07-17,Defensive,0.0027248086496234
2023-07-18,Defensive,-0.0035187133624329
2023-07-19,Defensive,0.0017331679302744
2023-07-20,Defensive,0.0028295959401095
2023-07-21,Defensive,-0.0010411146901887
2023-07-24,Defensive,0.0034683515163821
2023-07-25,Defensive,-0.0013006741248966
2023-07-26,Defensive,0.0009621653237208
2023-07-27,Defensive,-0.0005335453693272
2023-07-28,Defensive,-0.0005339927143252
2023-07-31,Defensive,-0.001154598139516
2023-08-01,Defensive,0.001477150961724
2023-08-02,Defensive,0.0017776109154628
2023-08-03,Defensive,-4.8844399154377365e-05
2023-08-04,Defensive,-0.0026399364273445
2023-08-07,Defensive,0.0008863403332687
2023-08-08,Defensive,0.0009240287188213
2023-08-09,Defensive,-0.0003534300227728
2023-08-10,Defensive,0.0038144625743616
2023-08-11,Defensive,-0.0030478585298013
2023-08-14,Defensive,-0.0043545674205071
2023-08-16,Defensive,-0.0013816697993953
2023-08-17,Defensive,0.0015008490681828
2023-08-18,Defensive,-0.0020316892748676
2023-08-21,Defensive,-0.0018819418370521
2023-08-22,Defensive,0.0019820426723563
2023-08-23,Defensive,0.0010050958455954
2023-08-24,Defensive,0.0008341218192567
2023-08-25,Defensive,0.001642857838931
2023-08-28,Defensive,-0.0007703859065457
2023-08-29,Defensive,-0.0006779681481163
2023-08-30,Defensive,0.0016995585451228
2023-08-31,Defensive,-0.0026097735615623
2023-09-01,Defensive,-0.004205439692797
2023-09-04,Defensive,-0.0007865683472557
2023-09-05,Defensive,0.0019417465781313
2023-09-06,Defensive,0.0005911193979736
2023-09-07,Defensive,0.001794583008246
2023-09-08,Defensive,-0.0039525886208463
2023-09-11,Defensive,0.0007109936166469
2023-09-12,Defensive,0.0013877290092847
2023-09-13,Defensive,-0.0026215948452213
2023-09-14,Defensive,0.001804115181093
2023-09-15,Defensive,-0.0001430377930115
2023-09-18,Defensive,0.006222673403212
2023-09-20,Defensive,-0.0042744721377934
2023-09-21,Defensive,0.0028182287353495
2023-09-22,Defensive,-0.0007083161930521
2023-09-25,Defensive,-0.00315430342888
2023-09-26,Defensive,-0.0009739102871299
2023-09-27,Defensive,0.0006349584826749
2023-09-28,Defensive,0.00215493333913
2023-09-29,Defensive,0.0035239285762643
2023-10-03,Defensive,0.0029237861774086
2023-10-04,Defensive,-0.0018507640414089
2023-10-05,Defensive,0.0023403293845322
2023-10-06,Defensive,0.0008625699142417
2023-10-09,Defensive,-0.0012292060418579
2023-10-10,Defensive,-0.0003438211869549
2023-10-11,Defensive,-0.0013396853188894
2023-10-12,Defensive,0.0001541846838729
2023-10-13,Defensive,-0.0013793157645882
2023-10-16,Defensive,-0.0019759881464348
2023-10-17,Defensive,0.0010382382555655
2023-10-18,Defensive,0.0013374610965192
2023-10-19,Defensive,-0.0002951940001832
2023-10-20,Defensive,0.0028153026078719
2023-10-23,Defensive,-0.0004408611729902
2023-10-25,Defensive,-0.000525549090251
2023-10-26,Defensive,0.0014009779646913
2023-10-27,Defensive,-0.0001848511698866
2023-10-30,Defensive,0.0002495954580522
2023-10-31,Defensive,-0.0049608769412381
2023-11-01,Defensive,0.0001134147694759
2023-11-02,Defensive,-0.0035743918749425
2023-11-03,Defensive,-0.0023619011419977
2023-11-06,Defensive,-0.002590645077511
2023-11-07,Defensive,-0.0020051663070676
2023-11-08,Defensive,-0.0010177077192645
2023-11-09,Defensive,-0.0008929852310909
2023-11-10,Defensive,0.0014085504085142
2023-11-13,Defensive,0.0005247756282693
2023-11-15,Defensive,-0.0037221488576359
2023-11-16,Defensive,0.0002465892750936
2023-11-17,Defensive,0.0007165104931668
2023-11-20,Defensive,-0.0005771330325059
2023-11-21,Defensive,-4.177195381340509e-05
2023-11-22,Defensive,0.0004606202507941
2023-11-23,Defensive,0.0016091991952711
2023-11-24,Defensive,-0.0030697599749254
2023-11-28,Defensive,-0.0004086340772792
2023-11-29,Defensive,0.0030966721961154
2023-11-30,Defensive,0.0029133226165959
2023-12-01,Defensive,0.0017818738555515
2023-12-04,Defensive,0.0011536493679113
2023-12-05,Defensive,0.0033892694968041
2023-12-06,Defensive,0.0039156960032133
2023-12-07,Defensive,-0.0001781599760937
2023-12-08,Defensive,-0.0018588648865766
2023-12-11,Defensive,-0.0004605846352489
2023-12-12,Defensive,0.0062733910275441
2023-12-13,Defensive,-0.0030587126854503
2023-12-14,Defensive,-0.0008610782790588
2023-12-15,Defensive,-0.0027453823049852
2023-12-18,Defensive,0.0003295277257547
2023-12-19,Defensive,-0.0023253820577897
2023-12-20,Defensive,-0.0001375020456672
2023-12-21,Defensive,-0.0038201903200375
2023-12-22,Defensive,0.0013152413301693
2023-12-26,Defensive,0.0025246905129359
2023-12-27,Defensive,-0.0006878872441269
2023-12-28,Defensive,-0.0001902600141514
2023-12-29,Defensive,-0.0002468144614626
2024-01-01,Defensive,0.00044182135045
2024-01-02,Defensive,3.660826067143508e-06
2024-01-03,Defensive,0.0016162339048613
2024-01-04,Defensive,0.0025460782669018
2024-01-05,Defensive,-0.0015481424449843
2024-01-08,Defensive,-0.0005386569855485
2024-01-09,Defensive,0.0018832388978494
2024-01-10,Defensive,-0.002763338096118
2024-01-11,Defensive,-0.0038614425636911
2024-01-12,Defensive,0.0005326319057969
2024-01-15,Defensive,0.0010726928221409
2024-01-16,Defensive,-0.0013646003759071
2024-01-17,Defensive,-0.0010773021082409
2024-01-18,Defensive,-0.0014403846434817
2024-01-19,Defensive,-0.0016538504786888
2024-01-23,Defensive,0.0014669916412092
2024-01-24,Defensive,-0.0022809969739952
2024-01-25,Defensive,-0.0004510457228666
2024-01-29,Defensive,-0.0017306723350297
2024-01-30,Defensive,-0.0028305779518024
2024-01-31,Defensive,0.0018203563494935
2024-02-01,Defensive,-0.000959650444347
2024-02-02,Defensive,0.0004568801608415
2024-02-05,Defensive,-0.002936151759602
2024-02-06,Defensive,-0.0014038789075129
2024-02-07,Defensive,0.00159217576139
2024-02-08,Defensive,0.0052545429116906
2024-02-09,Defensive,-0.0038724321287806
2024-02-12,Defensive,-0.0003222155905788
2024-02-13,Defensive,0.000904561196287
2024-02-14,Defensive,-0.0011522003064785
2024-02-15,Defensive,0.0017790439739882
2024-02-16,Defensive,-0.0016534653413206
2024-02-19,Defensive,0.0003876953204332
2024-02-20,Defensive,-0.0009641438089967
2024-02-21,Defensive,0.0025188621659095
2024-02-22,Defensive,-0.0012727290060712
2024-02-23,Defensive,-0.000623747592573
2024-02-26,Defensive,0.0019713780749943
2024-02-27,Defensive,-0.0019760773181857
2024-02-28,Defensive,0.0002175001135271
2024-02-29,Defensive,-0.0035650686873732
2024-03-01,Defensive,-0.0020958669172581
2024-03-04,Defensive,0.0008442625517816
2024-03-05,Defensive,-0.0019013950190724
2024-03-06,Defensive,-0.0010091458636475
2024-03-07,Defensive,0.0010661728040958
2024-03-11,Defensive,-0.0010783722822938
2024-03-12,Defensive,0.0017256841464327
2024-03-13,Defensive,0.0005113255749721
2024-03-14,Defensive,0.000951366223849
2024-03-15,Defensive,0.002561931197477
2024-03-18,Defensive,0.0007196461252281
2024-03-19,Defensive,0.0031576945809386
2024-03-20,Defensive,0.0019025245660756
2024-03-21,Defensive,-0.0009669048596689
2024-03-22,Defensive,0.0026662961500425
2024-03-26,Defensive,0.0006077320418058
2024-03-27,Defensive,-0.000709359417321
2024-03-28,Defensive,0.0006367713906417
2024-04-01,Defensive,0.0023046536487805
2024-04-02,Defensive,0.0009900901884844
2024-04-03,Defensive,0.0037247856651027
2024-04-04,Defensive,0.0022530611157976
2024-04-05,Defensive,0.0011263200668043
2024-04-08,Defensive,-0.0019721361654823
2024-04-09,Defensive,-0.0002794650280202
2024-04-10,Defensive,0.0002233282795017
2024-04-12,Defensive,0.0014732630024354
2024-04-15,Defensive,0.0013546660825443
2024-04-16,Defensive,0.0004190808204365
2024-04-18,Defensive,0.0003206998307543
2024-04-19,Defensive,0.0015209137901521
2024-04-22,Defensive,-0.0016371724512599
2024-04-23,Defensive,0.0034710316384997
2024-04-24,Defensive,-0.0040143337703269
2024-04-25,Defensive,0.002990818964344
2024-04-26,Defensive,-1.0371056850324103e-05
2024-04-29,Defensive,0.0020851596285431
2024-04-30,Defensive,0.0008076808685852
2024-05-02,Defensive,0.0007720688218216
2024-05-03,Defensive,0.001188508952053
2024-05-06,Defensive,0.0016981085781755
2024-05-07,Defensive,-0.0005776616531744
2024-05-08,Defensive,0.0021495982610524
2024-05-09,Defensive,-0.0020889412471575
2024-05-10,Defensive,6.933885334775061e-05
2024-05-13,Defensive,0.0017519398485445
2024-05-14,Defensive,0.0020700351592317
2024-05-15,Defensive,0.0010015776965228
2024-05-16,Defensive,-0.0007067848759114
2024-05-17,Defensive,0.0018734155567374
2024-05-21,Defensive,-0.0012587324782375
2024-05-22,Defensive,0.0035828181474978
2024-05-23,Defensive,-8.934179499932838e-05
2024-05-24,Defensive,-0.0029992513884119
2024-05-27,Defensive,-0.0023093669360331
2024-05-28,Defensive,0.0001672872737591
2024-05-29,Defensive,0.0003596505426521
2024-05-30,Defensive,0.0040193133699021
2024-05-31,Defensive,-0.0019969986752284
2024-06-03,Defensive,0.0001589243986078
2024-06-04,Defensive,-0.0020388428141641
2024-06-05,Defensive,-0.0009053097064268
2024-06-06,Defensive,0.0034479440601386
2024-06-07,Defensive,-0.0021926724463119
2024-06-10,Defensive,0.0012540848481356
2024-06-11,Defensive,0.0008658147180287
2024-06-12,Defensive,3.165714728358275e-05
2024-06-13,Defensive,0.0011188732463834
2024-06-14,Defensive,-0.0022400407638865
2024-06-18,Defensive,0.0033926450156071
2024-06-19,Defensive,0.003929690990247
2024-06-20,Defensive,0.0001742093955186
2024-06-21,Defensive,0.0049262122612271
2024-06-24,Defensive,-0.0007180558630998
2024-06-25,Defensive,0.0008808639877125
2024-06-26,Defensive,0.002943778127549
2024-06-27,Defensive,-0.0008380089204458
2024-06-28,Defensive,-0.0026830981177588
2024-07-01,Defensive,-0.0031434341312377
2024-07-02,Defensive,0.0042016531278053
2024-07-03,Defensive,-0.0009780493012775
2024-07-04,Defensive,-0.0002914735268369
2024-07-05,Defensive,-0.0021455281566421
2024-07-08,Defensive,0.0019766785586583
2024-07-09,Defensive,-0.0014831197184491
2024-07-10,Defensive,-0.0009025260553226
2024-07-11,Defensive,0.0006790408388323
2024-07-12,Defensive,-0.0020480918544911
2024-07-15,Defensive,-0.0002771645390284
2024-07-16,Defensive,0.0028844191790065
2024-07-18,Defensive,0.0009365087950337
2024-07-19,Defensive,0.0003410845848567
2024-07-22,Defensive,0.0005097294189277
2024-07-23,Defensive,-0.0006982701919531
2024-07-24,Defensive,0.0040723046395098
2024-07-25,Defensive,-0.0015443142610681
2024-07-26,Defensive,0.0005018523239278
2024-07-29,Defensive,0.0003100511326856
2024-07-30,Defensive,0.0020975250142662
2024-07-31,Defensive,0.0022863478775872
2024-08-01,Defensive,1.5962391025858395e-05
2024-08-02,Defensive,0.000661332986226
2024-08-05,Defensive,0.0007370695078278
2024-08-06,Defensive,-0.0044642833111412
2024-08-07,Defensive,-0.0030979792049555
2024-08-08,Defensive,-0.0011301273814439
2024-08-09,Defensive,-0.0010431973527537
2024-08-12,Defensive,-0.0023185648439282
2024-08-13,Defensive,0.0015791651427472
2024-08-14,Defensive,8.423684203494496e-05
2024-08-16,Defensive,-0.0003493890947736
2024-08-19,Defensive,-0.0024323105490147
2024-08-20,Defensive,-9.089728489577077e-06
2024-08-21,Defensive,-0.0051733695119972
2024-08-22,Defensive,-0.0002459126216116
2024-08-23,Defensive,0.0002063673376155
2024-08-26,Defensive,0.0005638299686429
2024-08-27,Defensive,-0.0030482035269585
2024-08-28,Defensive,0.0005296334733829
2024-08-29,Defensive,-0.002002862539729
2024-08-30,Defensive,-0.0015449396645846
2024-09-02,Defensive,0.0015158627716453
2024-09-03,Defensive,0.0041082274467194
2024-09-04,Defensive,0.0001827175176053
2024-09-05,Defensive,-0.0015541909172804
2024-09-06,Defensive,0.0004573408950199
2024-09-09,Defensive,0.0019580583149982
2024-09-10,Defensive,0.0013219951317454
2024-09-11,Defensive,0.0055662257449274
2024-09-12,Defensive,-0.0013506751381893
2024-09-13,Defensive,0.0005844629598385
2024-09-16,Defensive,0.0031778359068364
2024-09-17,Defensive,0.003052318474037
2024-09-18,Defensive,-0.0038201558530487
2024-09-19,Defensive,7.328475992003755e-05
2024-09-20,Defensive,0.0030490415316973
2024-09-23,Defensive,0.0058612859807982
2024-09-24,Defensive,0.0014875917675016
2024-09-25,Defensive,-0.0006557265873929
2024-09-26,Defensive,-0.0019384063048747
2024-09-27,Defensive,0.0045174867150616
2024-09-30,Defensive,0.0015374831729315
2024-10-01,Defensive,-0.0016161338537708
2024-10-03,Defensive,-0.0003263127326675
2024-10-04,Defensive,0.0007003730336574
2024-10-07,Defensive,0.0011676133077762
2024-10-08,Defensive,-0.0017192373150915
2024-10-09,Defensive,-0.0011483808362509
2024-10-10,Defensive,-0.0032258691247459
2024-10-11,Defensive,0.0021595245792095
2024-10-14,Defensive,-0.0006032369335406
2024-10-15,Defensive,0.0010126432983665
2024-10-16,Defensive,0.0029245170171526
2024-10-17,Defensive,0.0005197402847478
2024-10-18,Defensive,-0.0001459409518981
2024-10-21,Defensive,0.0004678429537678
2024-10-22,Defensive,0.0002063872077004
2024-10-23,Defensive,0.0025723299957558
2024-10-24,Defensive,0.0007016767950775
2024-10-25,Defensive,-0.0010088020391578
2024-10-28,Defensive,0.0021756981137795
2024-10-29,Defensive,0.0025409687127167
2024-10-30,Defensive,-0.0025966612536409
2024-10-31,Defensive,0.0031455677695362
2024-11-01,Defensive,0.0008094235464169
2024-11-04,Defensive,0.0006465399002931
2024-11-05,Defensive,0.002093249263193
2024-11-06,Defensive,-0.0010539527820085
2024-11-07,Defensive,0.0019883290283818
2024-11-08,Defensive,-0.0006735509394757
2024-11-11,Defensive,-0.0028699013594206
2024-11-12,Defensive,-0.0019155125582138
2024-11-13,Defensive,0.0012140436658064
2024-11-14,Defensive,-0.0018109366799893
2024-11-18,Defensive,0.0033001522463792
2024-11-19,Defensive,0.0024585669068792
2024-11-21,Defensive,0.0027468783320659
2024-11-22,Defensive,0.0003295571593548
2024-11-25,Defensive,0.0005957232345899
2024-11-26,Defensive,-0.0023074237084885
2024-11-27,Defensive,0.0020715670203149
2024-11-28,Defensive,0.0008396669100741
2024-11-29,Defensive,0.0012146112505845
2024-12-02,Defensive,0.0034566236229057
2024-12-03,Defensive,-0.001131925967895
2024-12-04,Defensive,-0.0001722830997546
2024-12-05,Defensive,0.0007333418430843
2024-12-06,Defensive,-0.0017908708109174
2024-12-09,Defensive,-0.0002951976425536
2024-12-10,Defensive,0.0010658996209339
2024-12-11,Defensive,-0.0005708425427456
2024-12-12,Defensive,0.0026979788194582
2024-12-13,Defensive,-0.0029418491236339
2024-12-16,Defensive,0.0023255424804666
2024-12-17,Defensive,0.001402370949632
2024-12-18,Defensive,-0.0010576571751131
2024-12-19,Defensive,-0.0017688171364599
2024-12-20,Defensive,-0.0040805652344849
2024-12-23,Defensive,-0.0015103500248276
2024-12-24,Defensive,0.0021743533100059
2024-12-26,Defensive,-3.217145255734856e-05
2024-12-27,Defensive,0.0024059617607836
2024-12-30,Defensive,-0.0011597421412491
2024-12-31,Defensive,0.0014942123202131
2025-01-01,Defensive,-0.0013549972041688
2025-01-02,Defensive,-0.0018511500124196
2025-01-03,Defensive,-0.0001342544343413
2025-01-06,Defensive,-0.0012499330226399
2025-01-07,Defensive,-0.0030056442980744
2025-01-08,Defensive,-0.0002846294014339
2025-01-09,Defensive,0.0002928708328625
2025-01-10,Defensive,0.0026167172229921
2025-01-13,Defensive,0.0019536113542661
2025-01-14,Defensive,0.0025198863984656
2025-01-15,Defensive,0.001520714996787
2025-01-16,Defensive,0.0007452255178999
2025-01-17,Defensive,-0.0023778898129437
2025-01-20,Defensive,0.0003797443958705
2025-01-21,Defensive,0.0012735875546616
2025-01-22,Defensive,0.0029948758987408
2025-01-23,Defensive,0.0014525770834636
2025-01-24,Defensive,0.0025607668692108
2025-01-27,Defensive,-0.0019839957827304
2025-01-28,Defensive,-0.0005728352522961
2025-01-29,Defensive,0.0009387014273225
2025-01-30,Defensive,0.0024019053814851
2025-01-31,Defensive,-0.0002104572916778
2025-02-01,Defensive,-8.48919182983069e-05
2025-02-03,Defensive,0.0014542806120059
2025-02-04,Defensive,-0.0021717416542902
2025-02-05,Defensive,0.0032948090996468
2025-02-06,Defensive,-0.0016782721862153
2025-02-07,Defensive,-0.0037571788471186
2025-02-10,Defensive,0.0001001340170451
2025-02-11,Defensive,0.0034769174047511
2025-02-12,Defensive,0.0012529062606672
2025-02-13,Defensive,0.0015821810860072
2025-02-14,Defensive,0.0001627715246142
2025-02-17,Defensive,-0.0002247549945423
2025-02-18,Defensive,-0.0030098187391862
2025-02-19,Defensive,-0.0044387725158083
2025-02-20,Defensive,0.0004725446768817
2025-02-21,Defensive,0.0027050983886804
2025-02-24,Defensive,0.0007682674096561
2025-02-25,Defensive,0.001327199054104
2025-02-27,Defensive,0.003247435091279
2025-02-28,Defensive,0.0007375337028821
2025-03-03,Defensive,-0.0001653102006152
2025-03-04,Defensive,-0.0015570496113001
2025-03-05,Defensive,0.0041244251259441
2025-03-06,Defensive,0.0011330955583073
2025-03-07,Defensive,-0.0018072034318386
2025-03-10,Defensive,-0.0022623353356024
2025-03-11,Defensive,0.0025861274538578
2025-03-12,Defensive,-0.0019948833928166
2025-03-13,Defensive,0.0037876683150044
2025-03-17,Defensive,-0.0054329255941814
2025-03-18,Defensive,0.0029251903955799
2025-03-19,Defensive,0.0010537896223239
2025-03-20,Defensive,0.0003171888461137
2025-03-21,Defensive,-0.0002709168700835
2025-03-24,Defensive,0.003861459697188
2025-03-25,Defensive,0.0014941177168024
2025-03-26,Defensive,-0.0017264072177909
2025-03-27,Defensive,-0.0033578199120577
2025-03-28,Defensive,0.0004345944262946
2025-04-01,Defensive,7.785773292517164e-05
2025-04-02,Defensive,-0.002959736074751
2025-04-03,Defensive,-3.078705096467141e-05
2025-04-04,Defensive,-0.0010678692661484
2025-04-07,Defensive,9.858013661338916e-05
2025-04-08,Defensive,0.0015318472232968
2025-04-09,Defensive,0.003065219894928
2025-04-11,Defensive,0.0018977780727385
2025-04-15,Defensive,-0.0013628814996604
2025-04-16,Defensive,0.0008178302576583
2025-04-17,Defensive,0.000206214242984
2025-04-21,Defensive,-0.0025842579092618
2025-04-22,Defensive,0.0008764655693845
2025-04-23,Defensive,0.0037933446758354
2025-04-24,Defensive,0.000144853208374
2025-04-25,Defensive,-0.0031083653594508
2025-04-28,Defensive,0.0001405373422172
2025-04-29,Defensive,-0.0023474243979465
2025-04-30,Defensive,0.0018072110137725
2025-05-02,Defensive,0.0011297299834502
2025-05-05,Defensive,-0.0002618201069494
2025-05-06,Defensive,-0.0005823285317116
2025-05-07,Defensive,-0.000344468603231
2025-05-08,Defensive,9.654898868464072e-05
2025-05-09,Defensive,-0.001464470042683
2025-05-12,Defensive,-0.0026955061620028
2025-05-13,Defensive,0.0023573978933892
2025-05-14,Defensive,-0.0006908019529939
2025-05-15,Defensive,0.0004140862083382
2025-05-16,Defensive,0.0006505639023349
2025-05-19,Defensive,0.0007240409593104
2025-05-20,Defensive,-0.0022676359941968
2025-05-21,Defensive,-0.0032716803291036
2025-05-22,Defensive,-0.0010973850493839
2025-05-23,Defensive,0.0008714230648339
2025-05-26,Defensive,-0.0013758997349486
2025-05-27,Defensive,-0.0006298427073984
2025-05-28,Defensive,0.0043345948274991
2025-05-29,Defensive,-0.003610847769609
2025-05-30,Defensive,-0.0014300679918209
2025-06-02,Defensive,0.0038732081371478
2025-06-03,Defensive,-9.19734399044683e-06
2025-06-04,Defensive,-0.0013319703309978
2025-06-05,Defensive,0.0024175378340222
2025-06-06,Defensive,0.0001904608729622
2025-06-09,Defensive,-0.000616616790088
2025-06-10,Defensive,0.000464737854075
2025-06-11,Defensive,-0.0012362176187655
2025-06-12,Defensive,-0.0019549821257761
2025-06-13,Defensive,-0.0001471938552694
2025-06-16,Defensive,-0.001941993920152
2025-06-17,Defensive,0.0001013866235929
2025-06-18,Defensive,0.0007888131349486
2025-06-19,Defensive,0.0017861209121032
2025-06-20,Defensive,0.0023358499710336
2025-06-23,Defensive,-0.0007314730032645
2025-06-24,Defensive,0.0010788292158781
2025-06-25,Defensive,0.0010650468924127
2025-06-26,Defensive,0.0007356374316319
2025-06-27,Defensive,-0.0008789188219009
2025-06-30,Defensive,-0.0019761356249282
2025-07-01,Defensive,0.0010840037781331
2025-07-02,Defensive,-0.0033337251243861
2025-07-03,Defensive,-0.0004556788651366
2025-07-04,Defensive,-0.0050272620312971
2025-07-07,Defensive,-0.0025928048467165
2025-07-08,Defensive,-0.0016742678768948
2025-07-09,Defensive,0.0022734484152585
2025-07-10,Defensive,0.0014562160488085
2025-07-11,Defensive,-0.0010278693676844
2025-07-14,Defensive,0.0015387395902595
2025-07-15,Defensive,0.0018552459267607
2025-07-16,Defensive,-0.0002413296967494
2025-07-17,Defensive,-0.0026887562884273
2025-07-18,Defensive,-0.0003358246201322
2025-07-21,Defensive,-0.0001157848103442
2025-07-22,Defensive,-0.0023849087816604
2025-07-23,Defensive,0.0008140935858599
2025-07-24,Defensive,0.0006396237086047
2025-07-25,Defensive,0.0009700853997883
2025-07-28,Defensive,0.0006378461943348
2025-07-29,Defensive,0.0015396860702299
2025-07-30,Defensive,-0.000278656055746
2025-07-31,Defensive,0.0004835702147419
2025-08-01,Defensive,-0.000715480568491
2025-08-04,Defensive,-0.0010889984312439
2025-08-05,Defensive,0.0027564992615241
2025-08-06,Defensive,-0.0040075374030529
2025-08-07,Defensive,0.0018335199783085
2025-08-08,Defensive,-0.0011610817508913
2025-08-11,Defensive,-0.0014200763552862
2025-08-12,Defensive,0.0006031549681308
2025-08-13,Defensive,-0.002899219224702
2025-08-14,Defensive,-0.0015520461438924
2025-08-18,Defensive,-0.0016182792930259
2025-08-19,Defensive,-0.0003627965163701
2025-08-20,Defensive,-0.0015282753763213
2025-08-21,Defensive,0.0032822373712785
2025-08-22,Defensive,0.0036740330329959
2025-08-25,Defensive,-0.0039639870454961
2025-08-26,Defensive,0.0011686454095314
2025-08-28,Defensive,0.0017973268781551
2025-08-29,Defensive,0.0011659704047822
2025-09-01,Defensive,-0.0012362269861833
2025-09-02,Defensive,-0.000408191124317
2025-09-03,Defensive,-0.0014165493095553
2025-09-04,Defensive,-0.0007605280623176
2025-09-05,Defensive,-0.0023399300573343
2025-09-08,Defensive,-0.0001495776432691
2025-09-09,Defensive,-0.0029256034226101
2025-09-10,Defensive,-0.0003202691084562
2025-09-11,Defensive,-0.0024171633781995
2025-09-12,Defensive,0.0004936327235828
2025-09-15,Defensive,-0.0012788391218857
2025-09-16,Defensive,0.000661160695749
2025-09-17,Defensive,0.0022431614567295
2025-09-18,Defensive,0.0032588938722094
2025-09-19,Defensive,-0.0049760091780409
2025-09-22,Defensive,-0.0015883881877475
2025-09-23,Defensive,-0.000526172154224
2025-09-24,Defensive,0.0010006556367629
2025-09-25,Defensive,-0.003220709008309
2025-09-26,Defensive,-0.0018841848136004
2025-09-29,Defensive,0.0003407144053142
2025-09-30,Defensive,0.0002497764830533
2025-10-01,Defensive,0.0008352368128401
2025-10-03,Defensive,0.0009673514537762
2025-10-06,Defensive,0.0007571888662317
2025-10-07,Defensive,0.0004673106332629
2025-10-08,Defensive,0.0001914795466527
2025-10-09,Defensive,0.0014095261794487
2025-10-10,Defensive,-0.0043986453331284
2025-10-13,Defensive,0.0031686669739424
2025-10-14,Defensive,-0.0043289641017606
2025-10-15,Defensive,-0.0020783236338089
2025-10-16,Defensive,-0.0003735215933002
2025-10-17,Defensive,0.0014252257821796
2025-10-20,Defensive,-0.0059105337815992
2025-10-21,Defensive,2.375135211633121e-05
2025-10-23,Defensive,0.0016647900788314
2025-10-24,Defensive,0.0020690362320569
2025-10-27,Defensive,-0.0013146593169949
2025-10-28,Defensive,-0.00052167057391
2025-10-29,Defensive,-0.0011522962577852
2025-10-30,Defensive,-0.0007053493070521
2025-10-31,Defensive,-0.0019836531014568
2025-11-03,Defensive,-0.0016985043249418
2025-11-04,Defensive,0.0009487538440567
2025-11-06,Defensive,0.0003432307465454
2025-11-07,Defensive,0.0010631730151809
2025-11-10,Defensive,0.0005080287794016
2025-11-11,Defensive,0.0014886772022951
2025-11-12,Defensive,0.0018364279963099
2025-11-13,Defensive,-0.0034034332397322
2025-11-14,Defensive,-0.0016286193008287
2025-11-17,Defensive,-0.00038275191498
2025-11-18,Defensive,3.464494902531788e-05
2025-11-19,Defensive,-0.001260181147636
2025-11-20,Defensive,0.0019040473419766
2025-11-21,Defensive,0.0040398967365811
2025-11-24,Defensive,0.0004523239111634
2025-11-25,Defensive,0.0002486820643964
2025-11-26,Defensive,0.0017789125102086
2025-11-27,Defensive,-0.0036516795104068
2025-11-28,Defensive,0.0001369378808768
2025-12-01,Defensive,0.002038071650935
2025-12-02,Defensive,-0.0012063079944022
2025-12-03,Defensive,-0.0023731211598039
2025-12-04,Defensive,-0.0002916112201995
2025-12-05,Defensive,-4.1370866403841254e-05
2025-12-08,Defensive,-0.0017373045638309
2025-12-09,Defensive,0.0042723225521019
2025-12-10,Defensive,-0.0008773927620158
2025-12-11,Defensive,-0.0022273187028531
2025-12-12,Defensive,-0.0001072426381412
2025-12-15,Defensive,0.0018957212754089
2025-12-16,Defensive,0.0001148284979964
2025-12-17,Defensive,0.001051187840088
2025-12-18,Defensive,-0.0016630211886663
2025-12-19,Defensive,0.003055376892807
2025-12-22,Defensive,0.0012034220558368
2025-12-23,Defensive,0.0021754031377552
2025-12-24,Defensive,0.0008103212649503
2025-12-26,Defensive,0.0017297680754575
2025-12-29,Defensive,-0.0016661051193544
2025-12-30,Defensive,-0.0009028208333791
2025-12-31,Defensive,0.002772961191112
2026-01-02,Equity,0.008051946108208747
2026-01-05,Equity,0.0027672072306891907
2026-01-06,Equity,0.005717712246384642
2026-01-07,Equity,-0.00020634973803649323
2026-01-08,Equity,-0.013372472749685355
2026-01-09,Equity,-0.007232592950372434
2026-01-12,Equity,0.03321422790562243
2026-01-13,Equity,-0.0012626285930848063
2026-01-14,Equity,-0.010534180616893535
2026-01-16,Equity,0.009708288656417978
2026-01-19,Equity,-0.006896938507786403
2026-01-20,Equity,-0.000343643635577982
2026-01-21,Equity,0.001279748495238535
2026-01-22,Equity,0.008597345169535243
2026-01-23,Equity,-0.0007326701776344258
2026-01-27,Equity,0.01620764073598303
2026-01-28,Equity,0.007527969524354329
2026-01-29,Equity,0.011291008332564117
2026-01-30,Equity,-0.00033944199142736664
2026-02-02,Equity,-0.0049631377550677135
2026-02-03,Equity,0.019918110890475533
2026-02-04,Equity,0.0031493122654446485
2026-02-05,Equity,-0.004861117593614751
2026-02-06,Equity,-0.007762438946801915
2026-02-09,Equity,-0.01794716430754741
2026-02-10,Equity,0.007412191082481226
2026-02-11,Equity,0.002030561070769076
2026-02-12,Equity,-0.014713720633636301
2026-02-13,Equity,-0.013594559627290238
2026-02-16,Equity,0.0063276815297413115
2026-02-17,Equity,-0.006592503010412316
2026-02-18,Equity,-0.004531928284337116
2026-02-19,Equity,-0.013252571192371802
2026-02-20,Equity,0.016701240717194574
2026-02-23,Equity,0.009667715796339408
2026-02-24,Equity,-0.012918062763787153
2026-02-25,Equity,0.01406085233451852
2026-02-26,Equity,-0.014852567631057764
2026-02-27,Equity,-0.013993930972866919
2026-03-02,Equity,-0.004248330314330452
2026-03-04,Equity,-0.01633794771618471
2026-03-05,Equity,0.0171557380848053
2026-03-06,Equity,-0.015602313493937092
2026-03-09,Equity,-0.023878770036024278
2026-03-10,Equity,0.005266819192450229
2026-03-11,Equity,-0.00865876866969787
2026-03-12,Equity,-0.0028294522351395854
2026-03-13,Equity,-0.007478351203812652
2026-03-16,Equity,0.012010692816809502
2026-03-17,Equity,0.0185071984198381
2026-03-18,Equity,0.00652377887463246
2026-03-19,Equity,-0.03603766154818265
2026-03-20,Equity,-0.0026379030935257553
2026-03-23,Equity,-0.009161223997680979
2026-03-24,Equity,-0.009712963797895355
2026-03-25,Equity,-0.0008341015140031528
2026-03-27,Equity,-0.012430084163196985
2026-03-30,Equity,-0.029732172018683577
2026-04-01,Equity,0.02155454851333755
2026-04-02,Equity,-0.003516297741349702
2026-04-06,Equity,0.00580379117270662
2026-04-07,Equity,0.007235660631961939
2026-04-08,Equity,0.03947392203865156
2026-04-09,Equity,-0.006321575365250553
2026-04-10,Equity,0.024645257422741484
2026-04-13,Equity,-0.011987513309227437
2026-04-15,Equity,0.01484068668343895
2026-04-16,Equity,0.006996901553723582
2026-04-17,Equity,-0.001288897140383479
2026-04-20,Equity,-0.007704580750169681
2026-04-21,Equity,0.002571667196244398
2026-04-22,Equity,-0.006338466586939701
2026-04-23,Equity,-0.012441586845461348
2026-04-24,Equity,-0.017835105550638553
2026-01-02,Bond,0.0015368190117489655
2026-01-05,Bond,0.006585312086935446
2026-01-06,Bond,0.0009408011607598204
2026-01-07,Bond,-0.0006704514950287591
2026-01-08,Bond,-0.0014330282880950097
2026-01-09,Bond,0.002437165727575243
2026-01-12,Bond,-0.001787579338385099
2026-01-13,Bond,-0.004146998680044739
2026-01-14,Bond,0.002699822757296965
2026-01-16,Bond,-0.004169379278580079
2026-01-19,Bond,-0.002230546961829891
2026-01-20,Bond,7.288272457594983e-05
2026-01-21,Bond,0.004740498526018454
2026-01-22,Bond,0.00042619353953547343
2026-01-23,Bond,0.0005679914648123311
2026-01-27,Bond,-0.004131439337518109
2026-01-28,Bond,0.0013042709788037106
2026-01-29,Bond,0.002217276016070589
2026-01-30,Bond,0.008537862123416246
2026-02-02,Bond,0.00014730232310774182
2026-02-03,Bond,-0.00839460327831074
2026-02-04,Bond,-0.0025116892097386914
2026-02-05,Bond,0.0061101167154056606
2026-02-06,Bond,-0.0014518716622790504
2026-02-09,Bond,0.0010312599798918754
2026-02-10,Bond,-0.007969584828061982
2026-02-11,Bond,-0.000690952334424344
2026-02-12,Bond,1.5323061905427103e-05
2026-02-13,Bond,0.0028182814976067125
2026-02-16,Bond,0.0017052239191885407
2026-02-17,Bond,-0.0023117920130821595
2026-02-18,Bond,-0.0017557751916402495
2026-02-19,Bond,0.000325058976359356
2026-02-20,Bond,0.0004465299115849376
2026-02-23,Bond,0.0012053499968235066
2026-02-24,Bond,-0.004973461759758076
2026-02-25,Bond,-0.001070764332545411
2026-02-26,Bond,-0.0005546448242321883
2026-02-27,Bond,-0.005248856867649166
2026-03-02,Bond,0.0024855730303579853
2026-03-04,Bond,0.0028963999519966907
2026-03-05,Bond,0.0005848560673208775
2026-03-06,Bond,0.002287849103002247
2026-03-09,Bond,0.005260148602060634
2026-03-10,Bond,-0.002105824076998739
2026-03-11,Bond,0.005890041437391454
2026-03-12,Bond,0.002605765627151006
2026-03-13,Bond,-0.004260326149048295
2026-03-16,Bond,-0.004423603928800571
2026-03-17,Bond,0.003148157369050687
2026-03-18,Bond,0.0009408206779437183
2026-03-19,Bond,0.000990158652784357
2026-03-20,Bond,-0.0020844883260075333
2026-03-23,Bond,3.9754886552625934e-05
2026-03-24,Bond,-0.0038887529352219855
2026-03-25,Bond,-0.008617656310658165
2026-03-27,Bond,-0.0024432085202507957
2026-03-30,Bond,0.0019183161115778784
2026-04-01,Bond,0.002685449703209111
2026-04-02,Bond,-0.0008024416797471404
2026-04-06,Bond,0.00022778462344617183
2026-04-07,Bond,-0.0015775145268558258
2026-04-08,Bond,-0.0018599768220247527
2026-04-09,Bond,-0.002542040184810932
2026-04-10,Bond,0.00043059076131192107
2026-04-13,Bond,0.0003292166848704913
2026-04-15,Bond,-0.0020068944000985194
2026-04-16,Bond,0.0005538826193935538
2026-04-17,Bond,-0.000999345287774392
2026-04-20,Bond,-0.0031052118595653903
2026-04-21,Bond,-0.0018701793333098524
2026-04-22,Bond,-0.0007313983522551213
2026-04-23,Bond,-0.004154004419137985
2026-04-24,Bond,-0.0036346527670836947
2026-01-02,Commodity,-0.00101784377360517
2026-01-05,Commodity,0.00269660925299589
2026-01-06,Commodity,0.004553837313597564
2026-01-07,Commodity,-0.009482977503394332
2026-01-08,Commodity,0.006132339917982439
2026-01-09,Commodity,-0.002696204664481432
2026-01-12,Commodity,0.005782763897817752
2026-01-13,Commodity,-0.0009418622199310189
2026-01-14,Commodity,-0.002010110366568444
2026-01-16,Commodity,-0.004278400590527104
2026-01-19,Commodity,-0.0025417861840830868
2026-01-20,Commodity,-0.011653483414396627
2026-01-21,Commodity,-0.004385919337712171
2026-01-22,Commodity,-0.003645418490191632
2026-01-23,Commodity,0.006572651327591031
2026-01-27,Commodity,0.005897126972597485
2026-01-28,Commodity,0.010812675404460757
2026-01-29,Commodity,0.0003588543915527251
2026-01-30,Commodity,0.008291970400059473
2026-02-02,Commodity,0.003014304759614648
2026-02-03,Commodity,-0.0016970613010979189
2026-02-04,Commodity,0.0007533279166042504
2026-02-05,Commodity,0.01050805013678066
2026-02-06,Commodity,-0.012021198588872675
2026-02-09,Commodity,0.004242141957031771
2026-02-10,Commodity,-0.0012250648135255927
2026-02-11,Commodity,-0.004214314838784273
2026-02-12,Commodity,0.0031877599663192612
2026-02-13,Commodity,-0.0005542887268770893
2026-02-16,Commodity,0.000675586299395507
2026-02-17,Commodity,-0.009574230336673218
2026-02-18,Commodity,0.0004273228348707538
2026-02-19,Commodity,0.00576949734366137
2026-02-20,Commodity,-0.002458387048287174
2026-02-23,Commodity,0.003772196789481386
2026-02-24,Commodity,0.007437409827382258
2026-02-25,Commodity,0.002180403323975542
2026-02-26,Commodity,-0.012081308287251343
2026-02-27,Commodity,-0.0051406803823956775
2026-03-02,Commodity,-0.003441117396090029
2026-03-04,Commodity,-0.000995307914272834
2026-03-05,Commodity,-0.0034854269650714613
2026-03-06,Commodity,-0.00515500957819718
2026-03-09,Commodity,0.002924714871648013
2026-03-10,Commodity,0.01197372796430779
2026-03-11,Commodity,0.002714540515051476
2026-03-12,Commodity,0.011479325890893025
2026-03-13,Commodity,-0.004193853051611681
2026-03-16,Commodity,0.004259639357968957
2026-03-17,Commodity,0.009886706677301182
2026-03-18,Commodity,0.00710005825847271
2026-03-19,Commodity,-0.01874073119871984
2026-03-20,Commodity,0.0005237860827449049
2026-03-23,Commodity,-0.0053889210393258166
2026-03-24,Commodity,0.013198504933149051
2026-03-25,Commodity,0.0007761183160140466
2026-03-27,Commodity,-0.014858286219100535
2026-03-30,Commodity,-0.00023140571673925699
2026-04-01,Commodity,0.0010523942475142022
2026-04-02,Commodity,0.0049927489194430815
2026-04-06,Commodity,0.009616946595792174
2026-04-07,Commodity,0.0075159516196890265
2026-04-08,Commodity,-0.001990137420764664
2026-04-09,Commodity,-0.0016425568774410585
2026-04-10,Commodity,0.003150710156915505
2026-04-13,Commodity,0.007094577266792802
2026-04-15,Commodity,-0.006374832216550881
2026-04-16,Commodity,0.006319777131291422
2026-04-17,Commodity,-0.0008538918414555008
2026-04-20,Commodity,0.0010328595729988965
2026-04-21,Commodity,-0.010121311265408526
2026-04-22,Commodity,-0.0012887594817433342
2026-04-23,Commodity,-0.00336431295439816
2026-04-24,Commodity,-0.0065872193001208935
2026-01-02,Defensive,-0.0013898229627212098
2026-01-05,Defensive,-0.0025658306386444783
2026-01-06,Defensive,-0.002392120279389067
2026-01-07,Defensive,-0.0023138922291857465
2026-01-08,Defensive,-0.0005126469100512415
2026-01-09,Defensive,0.0001912686932654476
2026-01-12,Defensive,-0.0006641885363524836
2026-01-13,Defensive,0.001175126258358924
2026-01-14,Defensive,-0.0022760420845630955
2026-01-16,Defensive,-0.00022756982523609656
2026-01-19,Defensive,-0.0005726586078293836
2026-01-20,Defensive,-0.001746283538445928
2026-01-21,Defensive,-0.0010742832857683164
2026-01-22,Defensive,0.0023541795247850102
2026-01-23,Defensive,0.00023811663938652568
2026-01-27,Defensive,-0.0013674504916773263
2026-01-28,Defensive,-0.00021183360202867165
2026-01-29,Defensive,0.0006954377418858136
2026-01-30,Defensive,0.002224670269602006
2026-02-02,Defensive,-0.0035383517072996363
2026-02-03,Defensive,0.001855241841644373
2026-02-04,Defensive,0.0015590123426574064
2026-02-05,Defensive,-0.00015775449008375124
2026-02-06,Defensive,0.0011380498493584773
2026-02-09,Defensive,0.00030320674310463364
2026-02-10,Defensive,0.0014564750624336319
2026-02-11,Defensive,0.0016184386648318947
2026-02-12,Defensive,0.00047504401282777924
2026-02-13,Defensive,0.0020468426784784385
2026-02-16,Defensive,0.00114114155510026
2026-02-17,Defensive,-0.0015164112202163663
2026-02-18,Defensive,-0.001767624072767403
2026-02-19,Defensive,-0.0008312928544800997
2026-02-20,Defensive,0.001383608547365045
2026-02-23,Defensive,-0.00024089420029684455
2026-02-24,Defensive,0.001891423936164951
2026-02-25,Defensive,6.390801956626317e-05
2026-02-26,Defensive,-0.004192881033545192
2026-02-27,Defensive,0.0013704115769957604
2026-03-02,Defensive,-0.00322347503043076
2026-03-04,Defensive,-0.0027672826849628788
2026-03-05,Defensive,0.001107237226254371
2026-03-06,Defensive,0.0026773797454427016
2026-03-09,Defensive,-0.0013174927406197747
2026-03-10,Defensive,0.001157477534469394
2026-03-11,Defensive,0.0005090081762510361
2026-03-12,Defensive,-0.001122725552251959
2026-03-13,Defensive,0.0028187200922685485
2026-03-16,Defensive,-0.003082250180361698
2026-03-17,Defensive,0.00024153759040407185
2026-03-18,Defensive,0.00013640487330109143
2026-03-19,Defensive,-0.0007293844636976207
2026-03-20,Defensive,0.0008355906047421604
2026-03-23,Defensive,-0.002876798724726696
2026-03-24,Defensive,-0.0035470317842203596
2026-03-25,Defensive,0.00016206182386867187
2026-03-27,Defensive,-0.002836221486167837
2026-03-30,Defensive,-0.0005802690451473417
2026-04-01,Defensive,0.0022417411010923097
2026-04-02,Defensive,0.0014280784035749193
2026-04-06,Defensive,0.0028766715082832826
2026-04-07,Defensive,-0.001399696959718299
2026-04-08,Defensive,-0.0039794203586604945
2026-04-09,Defensive,0.0024101139517126984
2026-04-10,Defensive,0.0006276089921838226
2026-04-13,Defensive,0.0037883561087682914
2026-04-15,Defensive,-0.0008276367170771394
2026-04-16,Defensive,-0.0027658633725930297
2026-04-17,Defensive,-0.0011993891669283233
2026-04-20,Defensive,0.0014900487994955573
2026-04-21,Defensive,0.003530617357338649
2026-04-22,Defensive,-0.00023201192796356746
2026-04-23,Defensive,1.1004618733226394e-05
2026-04-24,Defensive,-0.0002452180050764701
