timestep,date,returns,volatility,ma_ratio,regime,w1,w2,w3,w4,reward,portfolio_return,capital,prev_capital,capital_change,action_norm
880,2011-04-20 00:00:00,0.0014925559516996145,0.007592538837343454,-0.4238709898376393,1.0,0.43136805295944214,3.5635281392387697e-07,0.2258920669555664,0.3427395820617676,4.054591213635755,0.013682733366690458,1.0136827333666905,1.0,0.013682733366690458,0.5954628586769104
881,2011-04-21 00:00:00,0.012126597575843334,0.008755108341574669,1.1097407942840891,1.0,0.43440747261047363,3.5576994150687824e-07,0.22336411476135254,0.3422280550003052,5.569296917915371,0.0005393825250410433,1.0142294961190044,1.0136827333666905,0.0005467627523139118,0.596423864364624
882,2011-04-25 00:00:00,7.409413228742778e-05,0.008699089288711548,0.6538629820280419,1.0,0.43281248211860657,3.592017492337618e-07,0.2215140461921692,0.345673143863678,6.392079618675815,-0.0016972736151066314,1.0125080711555787,1.0142294961190044,-0.001721424963425644,0.5965610146522522
883,2011-04-26 00:00:00,-0.001769138965755701,0.008136950433254242,1.033959073869024,1.0,0.4308744966983795,3.5820119137497386e-07,0.22453561425209045,0.34458956122398376,5.313561092825367,0.005318313629438576,1.017892906630322,1.0125080711555787,0.0053848354747432214,0.5956601500511169
884,2011-04-27 00:00:00,0.00464934017509222,0.007791502866894007,3.0002977121179915,1.0,0.4288221001625061,3.559561037036474e-07,0.22814112901687622,0.3430364727973938,5.08983461475801,-0.0011012913561745385,1.0167719099707386,1.017892906630322,-0.0011209966595833176,0.5946518182754517
885,2011-04-28 00:00:00,-0.002049993025138974,0.007471992634236813,4.47358521620836,1.0,0.4306267499923706,3.5449644997243013e-07,0.2257845103740692,0.34358838200569153,3.842367655814387,0.0014250887774407417,1.018220900208855,1.0167719099707386,0.0014489902381162878,0.5953747034072876
886,2011-04-29 00:00:00,0.00030811550095677376,0.007469552103430033,0.535926127535898,1.0,0.43335944414138794,3.540432089721435e-07,0.22134234011173248,0.3452979028224945,3.8743675500261476,-0.0020623602969520594,1.0161209618507374,1.018220900208855,-0.0020999383581175035,0.5966770648956299
887,2011-05-02 00:00:00,-0.0009624863741919398,0.007342885714024305,0.0908032716901363,1.0,0.4329710006713867,3.5767769190897525e-07,0.22558988630771637,0.34143877029418945,3.0642953776068613,-0.003515965965561363,1.0125483151319767,1.0161209618507374,-0.0035726467187606747,0.5957642793655396
888,2011-05-03 00:00:00,5.831429734826088e-05,0.007399019785225391,1.440103351762938,1.0,0.4358763098716736,3.5933996400672186e-07,0.22835469245910645,0.3357686400413513,1.5693056304070545,-0.0049736602761342175,1.0075122437993382,1.0125483151319767,-0.005036071332638503,0.5957135558128357
889,2011-05-04 00:00:00,-0.0043160999193787575,0.00753789534792304,63.75488458639505,1.0,0.4322774410247803,3.572979210275662e-07,0.22761628031730652,0.34010595083236694,0.12863994318216027,0.001809257063786207,1.0093350924432833,1.0075122437993382,0.0018228486439451075,0.5952688455581665
890,2011-05-05 00:00:00,0.0013548355782404542,0.00729619013145566,3.325544619011794,1.0,0.43197402358055115,3.5467229508867604e-07,0.22939550876617432,0.33863013982772827,-0.46202557436137487,0.00208470218914103,1.0114392555200766,1.0093350924432833,0.002104163076793286,0.5948901176452637
891,2011-05-06 00:00:00,0.0012306259013712406,0.007229898124933243,1.958647627220225,1.0,0.4320506751537323,3.5478356608109607e-07,0.23066188395023346,0.3372870683670044,-0.5116022378386131,0.0032347885735541926,1.0147110476666772,1.0114392555200766,0.0032717921466005606,0.5946723818778992
892,2011-05-09 00:00:00,0.0021584578789770603,0.007597599644213915,1.8745661948606984,1.0,0.43408486247062683,3.5813323506772576e-07,0.22909367084503174,0.3368211090564728,0.6362442473759813,0.004363814708198799,1.019139058661057,1.0147110476666772,0.0044280109943797274,0.5952831506729126
893,2011-05-10 00:00:00,0.003518924582749605,0.007467102259397507,1.606181526994409,1.0,0.43319669365882874,3.5562550237955293e-07,0.22831206023693085,0.33849096298217773,2.644116914860188,0.002489645392789619,1.0216763535230644,1.019139058661057,0.0025372948620074887,0.595283031463623
894,2011-05-11 00:00:00,0.002003995468840003,0.007468257565051317,2.916891222303108,1.0,0.4333513081073761,3.562687140856724e-07,0.22904439270496368,0.33760398626327515,3.592571919367745,0.004659360024062753,1.0264367114822,1.0216763535230644,0.004760357959135542,0.595173180103302
895,2011-05-12 00:00:00,0.004441374447196722,0.007594279479235411,2.5766467640979207,1.0,0.4311068058013916,3.53765699401265e-07,0.22653508186340332,0.3423578143119812,4.9533183876364575,-0.002826754619248195,1.0235352267666518,1.0264367114822,-0.002901484715548186,0.5952983498573303
896,2011-05-13 00:00:00,-0.0024100872687995434,0.007656365633010864,2.24841870760861,1.0,0.42970624566078186,3.577930840492627e-07,0.226198211312294,0.3440952003002167,4.0356933303354054,0.0014759524430876247,1.0250459160851841,1.0235352267666518,0.0015106893185323766,0.5951592922210693
897,2011-05-16 00:00:00,0.002358481055125594,0.007498921826481819,2.4503273574382534,1.0,0.4341726005077362,3.556909859980806e-07,0.22457624971866608,0.34125080704689026,3.478010426894284,0.001135180117434187,1.0262095278285812,1.0250459160851841,0.001163611743397075,0.5961480140686035
898,2011-05-17 00:00:00,-7.549300789833069e-05,0.007434072904288769,1.3549093398744978,1.0,0.4292229115962982,3.5626231920105056e-07,0.22727635502815247,0.34350040555000305,4.633040929015194,0.0013001796529830134,1.0275437845763613,1.0262095278285812,0.0013342567477800937,0.5948776006698608
899,2011-05-18 00:00:00,0.0003261807723902166,0.007137842010706663,0.7570446200466814,1.0,0.4341442883014679,3.5834148093272233e-07,0.22509890794754028,0.34075647592544556,6.184912706988591,-0.0029015639226861456,1.024562300602054,1.0275437845763613,-0.0029814839743071975,0.596041738986969
900,2011-05-19 00:00:00,-0.004060055129230022,0.007173383608460426,-0.8142858593843728,1.0,0.43102213740348816,3.5365766848372004e-07,0.22584393620491028,0.3431335687637329,5.095977127377731,0.003047418720945272,1.0276845709376836,1.024562300602054,0.0031222703356295067,0.5954210162162781
901,2011-05-20 00:00:00,0.0015017023542895913,0.005650059320032597,0.024368575716195006,1.0,0.43307116627693176,3.5404625009505253e-07,0.230469211935997,0.33645927906036377,4.141010087097742,-0.0001491758054844583,1.02753126526403,1.0276845709376836,-0.00015330567365356984,0.5948710441589355
902,2011-05-23 00:00:00,0.0028256720397621393,0.005847809370607138,0.1867893875977025,0.0,0.43669018149375916,3.554075647116406e-07,0.22669677436351776,0.3366127014160156,3.935309304296008,-0.006614367732954651,1.0207347956184656,1.02753126526403,-0.006796469645564462,0.5961525440216064
903,2011-05-24 00:00:00,-0.005051108077168465,0.006139971315860748,-2.282763659480466,0.0,0.4343842566013336,3.575537164124398e-07,0.22775138914585114,0.3378639817237854,2.267086938238298,0.0013371787400928703,1.0220997004864396,1.0207347956184656,0.001364904867974026,0.5955774188041687
904,2011-05-25 00:00:00,0.0015995587455108762,0.006236351560801268,-2.675196215564535,0.0,0.43740421533584595,3.562071810847556e-07,0.22576217353343964,0.33683326840400696,1.3514312384511002,-0.0030873432056797157,1.0189441279206155,1.0220997004864396,-0.003155572565824105,0.5964458584785461
905,2011-05-26 00:00:00,0.00014241959434002638,0.0063286395743489265,0.5857429317209593,0.0,0.43115049600601196,3.586900163554674e-07,0.23112428188323975,0.337724894285202,0.835025122624442,0.0033206809069916687,1.0223277162314928,1.0189441279206155,0.0033835883108772613,0.5944470763206482
906,2011-05-27 00:00:00,0.0008881944231688976,0.006454086396843195,0.21489650384472098,0.0,0.4341432452201843,3.563476127510512e-07,0.22828815877437592,0.3375682830810547,1.304948556984816,-0.000487834500367601,1.021828989500833,1.0223277162314928,-0.0004987267306597598,0.5954394936561584
907,2011-05-30 00:00:00,-0.001527593471109867,0.006461532320827246,-2.2665015100520445,0.0,0.4290398061275482,3.5688910315911926e-07,0.22831185162067413,0.3426479697227478,1.71948512730092,0.0027821527455020867,1.0246718738294063,1.021828989500833,0.0028428843285732697,0.594650387763977
908,2011-06-01 00:00:00,0.004795992746949196,0.006354764103889465,2.0155415368661243,0.0,0.43198922276496887,3.571384468159522e-07,0.23074989020824432,0.33726054430007935,3.376549686257288,0.006178890893415501,1.0310032095393498,1.0246718738294063,0.006331335709943486,0.5946468710899353
909,2011-06-02 00:00:00,0.006144204642623663,0.006699994672089815,1.8845061011604545,0.0,0.43300509452819824,3.544974447322602e-07,0.22608532011508942,0.34090927243232727,6.398485872119909,0.004736218020645833,1.0358862655197136,1.0310032095393498,0.004883055980363871,0.595673680305481
910,2011-06-03 00:00:00,0.002522312803193927,0.0067642852663993835,2.1981887814494185,0.0,0.42963942885398865,3.5530982245290943e-07,0.226703479886055,0.3436567783355713,6.960107366417204,-0.0015339513052774478,1.0342972664306007,1.0358862655197136,-0.001588999089112919,0.5950499773025513
911,2011-06-06 00:00:00,-0.0029992370400577784,0.006802023388445377,1.8709451826817574,0.0,0.43521392345428467,3.553828094027267e-07,0.22243089973926544,0.34235480427742004,5.93410361253727,0.002048466108525382,1.0364159893270242,1.0342972664306007,0.002118722896423453,0.5967356562614441
912,2011-06-07 00:00:00,0.0020362280774861574,0.00634487671777606,2.6339877543034,0.0,0.4314952492713928,3.556577041763376e-07,0.22616714239120483,0.3423372209072113,5.6833341991882325,-0.0006275126005382825,1.0357656252343221,1.0364159893270242,-0.0006503640927020271,0.5954279899597168
913,2011-06-08 00:00:00,0.0009054119000211358,0.006376062054187059,2.103796027236617,0.0,0.4341626763343811,3.544134301591839e-07,0.22648748755455017,0.33934950828552246,4.502609433544272,0.002945415641266269,1.0388163855075732,1.0357656252343221,0.0030507602732510186,0.5957784056663513
914,2011-06-09 00:00:00,8.721451740711927e-05,0.006437031552195549,0.7063397013915669,0.0,0.43263480067253113,3.554486340817675e-07,0.22611673176288605,0.34124812483787537,4.612427057586635,-0.00121416153440701,1.0375550946109782,1.0388163855075732,-0.001261290896594991,0.595610499382019
915,2011-06-10 00:00:00,-0.0005963998846709728,0.00622936338186264,-0.24083034283408106,0.0,0.4317491948604584,3.544618323303439e-07,0.22821208834648132,0.34003838896751404,3.189610463322337,-0.0005732636558889448,1.0369603019842553,1.0375550946109782,-0.0005947926267229064,0.5950750112533569
916,2011-06-13 00:00:00,-0.0008273115963675082,0.006182649172842503,0.5838702934281137,0.0,0.4323810338973999,3.567872681742301e-07,0.22757647931575775,0.3400421142578125,3.8865093753755153,0.0026974290011774205,1.0397574287758973,1.0369603019842553,0.002797126791642013,0.5952924489974976
917,2011-06-14 00:00:00,0.002400925848633051,0.006081027910113335,0.7137738136013105,1.0,0.4321274757385254,3.5623446592580876e-07,0.22869622707366943,0.33917590975761414,4.19422128445378,0.0021078769321039026,1.0419491094749977,1.0397574287758973,0.0021916806991004734,0.5950431823730469
918,2011-06-15 00:00:00,0.00021714146714657545,0.0060332901775836945,0.4523860055175677,1.0,0.433778315782547,3.514655304570624e-07,0.22640694677829742,0.3398143947124481,4.4204127592717235,-0.005273345249078409,1.0364545520887662,1.0419491094749977,-0.005494557386231502,0.5957327485084534
919,2011-06-16 00:00:00,-0.002418537624180317,0.006233734078705311,-0.5702531533060375,1.0,0.4328426420688629,3.594292650177522e-07,0.22713784873485565,0.340019166469574,2.4404183674547433,-0.0011734693910365745,1.0352383043966895,1.0364545520887662,-0.0012162476920767329,0.5954472422599792
920,2011-06-17 00:00:00,0.00035332958213984966,0.006146597675979137,-0.08444476587706079,1.0,0.43293485045433044,3.5843655155076704e-07,0.22697797417640686,0.34008681774139404,2.9192850668766654,-0.00044390144204431436,1.0347787606205083,1.0352383043966895,-0.0004595437761811816,0.595491886138916
921,2011-06-20 00:00:00,-0.0007838408346287906,0.006152199115604162,-0.08622902496354884,1.0,0.43223729729652405,3.5860080060956534e-07,0.22809098660945892,0.33967140316963196,2.068846143075432,-0.006732591398771692,1.027812018037123,1.0347787606205083,-0.006966742583385255,0.5951732993125916
922,2011-06-21 00:00:00,-0.006473461631685495,0.006794269662350416,-25.72785121014909,1.0,0.4305305480957031,3.5763861205850844e-07,0.2289990782737732,0.34046998620033264,0.3705244398995699,0.0012327811499044383,1.0290790853186045,1.027812018037123,0.0012670672814814044,0.5947411060333252
923,2011-06-22 00:00:00,0.0009684163378551602,0.006506103090941906,-4.49436716118746,1.0,0.43252992630004883,3.571388162981748e-07,0.22659994661808014,0.3408697545528412,2.382009253321305,-0.0002735699902909339,1.0287975601632253,1.0290790853186045,-0.0002815251553791587,0.5955013632774353
924,2011-06-23 00:00:00,-0.001560118980705738,0.00638266047462821,-7.012691395034212,1.0,0.431715726852417,3.5671166642714525e-07,0.22762589156627655,0.340658038854599,1.9695071430768396,0.0058523808198220895,1.0348184752718044,1.0287975601632253,0.00602091510857905,0.5951805710792542
925,2011-06-24 00:00:00,0.0045091561041772366,0.006552688777446747,-1.5458279045359926,1.0,0.4358358085155487,3.5800877640213e-07,0.2276475876569748,0.3365163207054138,4.112306646671155,0.003951931043695067,1.0389080065288203,1.0348184752718044,0.004089531257015944,0.5958351492881775
926,2011-06-27 00:00:00,0.004418774973601103,0.006648033857345581,0.6121074541243144,1.0,0.4328722059726715,3.5477626170177246e-07,0.22807571291923523,0.3390517234802246,4.235134193080168,0.0013117295719164979,1.040270772883485,1.0389080065288203,0.0013627663546647018,0.5952755212783813
927,2011-06-28 00:00:00,0.004411053843796253,0.006773913744837046,2.815297387141964,1.0,0.4336884617805481,3.5834980849358544e-07,0.2266487181186676,0.33966243267059326,4.682031845319759,0.003452452209049106,1.043862258011336,1.040270772883485,0.003591485127850902,0.595672607421875
928,2011-06-29 00:00:00,0.004064630717039108,0.0067299734801054,3.6463542064846095,1.0,0.4343886971473694,3.56198029294319e-07,0.22409282624721527,0.3415181338787079,4.799719368490646,0.006104433312769331,1.050234445553083,1.043862258011336,0.006372187541747065,0.596276581287384
929,2011-06-30 00:00:00,0.006486766971647739,0.006527455057948828,5.392055036320778,1.0,0.4313889741897583,3.561631558568479e-07,0.22740082442760468,0.3412098288536072,4.793986090588324,0.003053927722558747,1.0534417856415437,1.050234445553083,0.003207340088460686,0.5951736569404602
930,2011-07-01 00:00:00,0.003095543710514903,0.006489091087132692,4.914059686207372,1.0,0.432110071182251,3.5499687101037125e-07,0.22679503262043,0.34109458327293396,4.480456300332817,-0.002858679076513604,1.0504303336506051,1.0534417856415437,-0.0030114519909385518,0.5953995585441589
931,2011-07-04 00:00:00,-0.003830370493233204,0.00646241195499897,3.2585918018186186,1.0,0.4300984740257263,3.566431132639991e-07,0.2263781726360321,0.3435230255126953,4.07022231223955,0.00374875537944952,1.0543681400146148,1.0504303336506051,0.003937806364009644,0.5951805114746094
932,2011-07-05 00:00:00,0.0032185111194849014,0.006809041369706392,2.796172415140488,1.0,0.43221306800842285,3.536649160196248e-07,0.22865107655525208,0.3391355276107788,4.408900926066214,-0.005974989378183637,1.0480683015773322,1.0543681400146148,-0.0062998384372825456,0.5950649976730347
933,2011-07-06 00:00:00,-0.0031422527972608805,0.006965557113289833,1.5968355932266993,1.0,0.43178752064704895,3.5449207302917785e-07,0.2284853756427765,0.3397267758846283,2.8688388809335543,-0.007133618638986872,1.040591782006269,1.0480683015773322,-0.0074765195710633225,0.5950296521186829
934,2011-07-07 00:00:00,-0.006718328222632408,0.007253966759890318,-3.786019719667479,1.0,0.4336172640323639,3.5565534517445485e-07,0.2268013209104538,0.33958113193511963,0.6019667499423145,0.006610709439700324,1.0474708319224524,1.040591782006269,0.006879049916183488,0.5956325531005859
935,2011-07-08 00:00:00,0.0068224454298615456,0.007670475635677576,-0.9597245637986432,1.0,0.4349495768547058,3.5398352338233963e-07,0.22641779482364655,0.3386322557926178,2.062766059481413,-0.006200194895831679,1.0409763086168342,1.0474708319224524,-0.006494523305618172,0.5959177613258362
936,2011-07-11 00:00:00,-0.0014474419876933098,0.007950910367071629,-0.34731881147181953,1.0,0.4343748986721039,3.5913356555283826e-07,0.2302348017692566,0.3353899419307709,0.9452783503247737,-0.003531230706773414,1.0373003811108228,1.0409763086168342,-0.0036759275060114227,0.5951269268989563
937,2011-07-12 00:00:00,-0.0015964664053171873,0.008165949024260044,-2.296161663487522,1.0,0.43625709414482117,3.568022748368094e-07,0.2272357940673828,0.33650678396224976,-0.19561656871659086,-0.003005002678834301,1.034183290686829,1.0373003811108228,-0.0031170904239938846,0.5959808230400085
938,2011-07-13 00:00:00,-0.001054160762578249,0.00822468288242817,-1.7134351740309828,1.0,0.42985689640045166,3.582026124604454e-07,0.23155876994132996,0.33858397603034973,-1.0765876563851908,0.004434149135115861,1.0387690136307792,1.034183290686829,0.004585722943950321,0.5941678881645203
939,2011-07-15 00:00:00,0.004533296450972557,0.008189654909074306,1.783684912555226,1.0,0.4332222640514374,3.561202674973174e-07,0.23130427300930023,0.3354731500148773,0.6430721859449156,-0.0012413545614888832,1.0374795329773754,1.0387690136307792,-0.0012894806534038405,0.5947481989860535
940,2011-07-18 00:00:00,0.00021791155450046062,0.008175935596227646,0.1618657638389435,1.0,0.430046409368515,3.5579182622313965e-07,0.22931687533855438,0.34063640236854553,0.6394299876000855,-0.0027128494686733395,1.0346650071775783,1.0374795329773754,-0.0028145257997971296,0.5946085453033447
941,2011-07-19 00:00:00,-0.0033009520266205072,0.00830225832760334,-0.352450301943346,1.0,0.43131184577941895,3.5747689253184944e-07,0.22811642289161682,0.34057140350341797,0.23338843378024923,0.005117436694154431,1.0399598398514664,1.0346650071775783,0.0052948326738881946,0.5950259566307068
942,2011-07-20 00:00:00,0.005518693011254072,0.007792077958583832,0.923633209597892,1.0,0.43411779403686523,3.5676194443112763e-07,0.2272235006093979,0.33865833282470703,2.3994006781084427,-0.0015468875814346195,1.0383511388900095,1.0399598398514664,-0.0016087009614569325,0.5956326723098755
943,2011-07-21 00:00:00,-0.0004265133466105908,0.007796935271471739,1.0804844174869763,1.0,0.43215906620025635,3.56211302232623e-07,0.22817549109458923,0.3396650552749634,1.8866873084902918,-0.0043483695644782605,1.033836004400419,1.0383511388900095,-0.004515134489590622,0.5951452255249023
944,2011-07-22 00:00:00,-0.00282457796856761,0.007807306945323944,-0.14208778426048027,1.0,0.4349682331085205,3.5761533467848494e-07,0.2227114886045456,0.34231993556022644,1.1191419125143915,0.009691414123909503,1.0438553372552712,1.033836004400419,0.010019332854852347,0.5966411828994751
945,2011-07-25 00:00:00,0.010345998220145702,0.00839439406991005,1.2937484407521949,1.0,0.432965487241745,3.5595905956142815e-07,0.22543737292289734,0.3415967524051666,1.6979825854374626,-0.0007696787191905363,1.0430519040162725,1.0438553372552712,-0.0008034332389987853,0.5957931280136108
946,2011-07-26 00:00:00,-0.000602119485847652,0.008207661099731922,2.021125119582925,1.0,0.4338323175907135,3.573831861558574e-07,0.22825270891189575,0.3379145860671997,0.886181297983648,-0.009596427203160007,1.0330423323502629,1.0430519040162725,-0.010009571666009576,0.5953956842422485
947,2011-07-27 00:00:00,-0.008519258350133896,0.008831379935145378,-0.7476676951240802,1.0,0.43425437808036804,3.603303468935337e-07,0.22420896589756012,0.3415363132953644,-0.8451936278917702,-0.0033584361302455568,1.0295729256572246,1.0330423323502629,-0.0034694066930383016,0.5962328314781189
948,2011-07-28 00:00:00,-0.002354423515498638,0.008854994550347328,-3.5766005769297937,1.0,0.432765394449234,3.5588251989793207e-07,0.22631724178791046,0.34091702103614807,-1.9032277584648054,-0.0020620026471427355,1.027449943559093,1.0295729256572246,-0.002122982098131665,0.5955919623374939
949,2011-07-29 00:00:00,-0.003684764262288809,0.008566627278923988,3.3498293672005928,1.0,0.4336288273334503,3.547841629369941e-07,0.23109708726406097,0.33527374267578125,-3.3460803568699187,-0.0008826720016064105,1.0265430422608612,1.027449943559093,-0.0009069012982316771,0.5948514938354492
950,2011-08-01 00:00:00,-0.0003861084405798465,0.008504842408001423,6.736955732309135,1.0,0.4354341924190521,3.5955196153736324e-07,0.22933590412139893,0.3352295458316803,-4.074962297843369,0.0009060393201798522,1.0274731306210065,1.0265430422608612,0.0009300883601452981,0.5954635143280029
951,2011-08-02 00:00:00,-0.0016099095810204744,0.008503803983330727,9.445900270821218,1.0,0.43631890416145325,3.5516185903361475e-07,0.22643102705478668,0.3372497260570526,-3.435657866749131,-2.5698273047325415e-05,1.027446726335947,1.0274731306210065,-2.6404285059511423e-05,0.596139669418335
952,2011-08-03 00:00:00,0.0009033476235345006,0.008264905773103237,3.0591159970876753,1.0,0.43812650442123413,3.5838468193105655e-07,0.23041072487831116,0.33146241307258606,-4.153725793869011,-0.005296035561214163,1.0220053319360187,1.027446726335947,-0.005441394399928301,0.5957443118095398
953,2011-08-04 00:00:00,-0.00445514963939786,0.008357925340533257,3.4714570375751075,1.0,0.43500685691833496,3.5658069919008994e-07,0.23173685371875763,0.33325597643852234,-4.070960935124882,-0.0002398527908521464,1.021760201104888,1.0220053319360187,-0.0002451308311306466,0.5949726700782776
954,2011-08-05 00:00:00,-0.0017602808075025678,0.00808236189186573,5.146338706732121,1.0,0.43390244245529175,3.5725290103982843e-07,0.22908753156661987,0.3370097279548645,-3.0348705735938974,-0.007873002299885523,1.0137158806916577,1.021760201104888,-0.008044320413230333,0.5952545404434204
955,2011-08-08 00:00:00,-0.00833919644355774,0.008067264221608639,2.9289468865775232,1.0,0.4343799650669098,3.578916221158579e-07,0.22820720076560974,0.3374125063419342,-5.76280081372914,-0.003106830024926399,1.0105664377567802,1.0137158806916577,-0.003149442934877511,0.5954928398132324
956,2011-08-09 00:00:00,-0.003569356631487608,0.007823748514056206,2.9996150917142916,1.0,0.4354950487613678,3.609080465594161e-07,0.23026862740516663,0.3342359960079193,-5.337477920623633,-0.0028275234724338683,1.007709037433569,1.0105664377567802,-0.0028574003232111345,0.5953093767166138
957,2011-08-10 00:00:00,-0.0014199770521372557,0.007628726772964001,3.430675802258764,1.0,0.4339400827884674,3.61360974920899e-07,0.23025383055210114,0.3358057141304016,-5.220315266044654,0.005382454216798838,1.0131329851914097,1.007709037433569,0.005423947757840608,0.5950514674186707
958,2011-08-11 00:00:00,0.005859998520463705,0.007977699860930443,2.325641971442547,1.0,0.43543049693107605,3.5736249515139207e-07,0.229379802942276,0.3351893424987793,-3.4247299646489937,0.0006013044266859335,1.0137421865402267,1.0131329851914097,0.0006092013488170345,0.5954550504684448
959,2011-08-12 00:00:00,-0.001257467782124877,0.007825411856174469,1.6111592659171408,1.0,0.43292614817619324,3.5470924331093556e-07,0.23053041100502014,0.33654311299324036,-4.2677603510380635,-0.0021204377357091353,1.0115926093536065,1.0137421865402267,-0.002149577186620233,0.5948365330696106
960,2011-08-16 00:00:00,-0.0032925400882959366,0.007855592295527458,0.5846175746775022,1.0,0.43405479192733765,3.5922499819207587e-07,0.22830669581890106,0.33763813972473145,-4.423885503403383,-0.001565898214745065,1.0100085582925704,1.0115926093536065,-0.0015840510610360958,0.5954217314720154
961,2011-08-17 00:00:00,-9.510814561508596e-05,0.007749631069600582,0.03734336613898438,1.0,0.4355791509151459,3.571194611140527e-07,0.22733280062675476,0.3370877206325531,-4.2334919502795225,0.006696908445973371,1.0167724931371054,1.0100085582925704,0.006763934844534969,0.5958502888679504
962,2011-08-18 00:00:00,0.003575166454538703,0.007718726526945829,-0.8012781729863043,1.0,0.43476060032844543,3.56368730081158e-07,0.23024438321590424,0.33499467372894287,-3.813381491903599,-0.005310851080981949,1.0113725658428154,1.0167724931371054,-0.005399927294289952,0.59518963098526
963,2011-08-19 00:00:00,-0.005149496253579855,0.008017088286578655,0.8687887410512821,1.0,0.43599459528923035,3.590611470372096e-07,0.22690750658512115,0.33709755539894104,-4.395052351971678,-0.006019980678162562,1.005284122538018,1.0113725658428154,-0.0060884433047974085,0.5959975123405457
964,2011-08-22 00:00:00,-0.005206384230405092,0.008115752600133419,1.3113351078921425,1.0,0.43453365564346313,3.5887580907001393e-07,0.22656966745853424,0.33889633417129517,-4.610678353914274,0.0024711226808569187,1.007768302933927,1.005284122538018,0.0024841803959090303,0.5958221554756165
965,2011-08-23 00:00:00,0.003017811104655266,0.00720100337639451,0.4024524632490527,1.0,0.43300455808639526,3.5695049405148893e-07,0.23356273770332336,0.33343231678009033,-6.833926000275977,0.006948321154238268,1.0147706007517736,1.007768302933927,0.007002297817846559,0.59432452917099
966,2011-08-24 00:00:00,0.007065850310027599,0.007733690086752176,-0.43067349464437577,1.0,0.43493416905403137,3.548550182586041e-07,0.23284365236759186,0.3322218060493469,-4.701411078565367,-0.003106671668505867,1.0116180416763854,1.0147706007517736,-0.0031525590753882504,0.5947732925415039
967,2011-08-25 00:00:00,-0.005341776181012392,0.007331748027354479,0.8165940196295834,1.0,0.43464764952659607,3.5583875046540925e-07,0.22804802656173706,0.3373039662837982,-3.910199895208992,0.0015266765529833304,1.0131624552211875,1.0116180416763854,0.00154441354480217,0.595565676689148
968,2011-08-26 00:00:00,-0.0016925767995417118,0.007432226091623306,0.32149907255770827,1.0,0.4349149763584137,3.5471109072204854e-07,0.22868488729000092,0.33639979362487793,-2.944289547539716,-0.004422438308719467,1.008681806766261,1.0131624552211875,-0.004480648454926461,0.5954936146736145
969,2011-08-29 00:00:00,-0.00546097569167614,0.007617702707648277,0.33713189806968313,1.0,0.43394291400909424,3.5788315244644764e-07,0.23164723813533783,0.3344094753265381,-3.36124167208663,0.008315174396461344,1.0170691719000602,1.008681806766261,0.008387365133799118,0.594808042049408
970,2011-08-30 00:00:00,0.010612167418003082,0.008437077514827251,-1.1768371104572224,1.0,0.43681401014328003,3.5536828590920777e-07,0.23038232326507568,0.3328033685684204,-1.3419510205076952,0.004114659553162481,1.0212540652844457,1.0170691719000602,0.004184893384385546,0.5955170392990112
971,2011-09-02 00:00:00,0.007161849178373814,0.008814336732029915,-2.3874940658781068,1.0,0.43249276280403137,3.554521583737369e-07,0.2288767248392105,0.33863016963005066,-0.7678207217264661,0.0007363869706826787,1.022006103471878,1.0212540652844457,0.0007520381874321913,0.5950671434402466
972,2011-09-05 00:00:00,0.004017986822873354,0.008869382552802563,-10.220139873513965,1.0,0.43341153860092163,3.5883206805920054e-07,0.22936271131038666,0.33722540736198425,-0.6314729742524843,-0.0009981647592163245,1.0209859729956883,1.022006103471878,-0.0010201304761896512,0.5951250195503235
973,2011-09-06 00:00:00,-0.0012805049773305655,0.008623885922133923,-23.566055612159214,1.0,0.4331570565700531,3.580709915240732e-07,0.22769039869308472,0.3391522467136383,0.12452230974850881,0.0005628996196385128,1.0215606856115438,1.0209859729956883,0.0005747126158555105,0.5953924655914307
974,2011-09-07 00:00:00,-0.0017557302489876747,0.008668082766234875,-29.42011537742534,1.0,0.4295007586479187,3.5342591786502453e-07,0.2301328182220459,0.3403661251068115,0.26424477103880334,0.003112833409275817,1.024740633843318,1.0215606856115438,0.0031799482317742545,0.5943745374679565
975,2011-09-08 00:00:00,-0.00025884457863867283,0.008370502851903439,5.702958929669518,1.0,0.431877464056015,3.5273416187919793e-07,0.2289770394563675,0.33914515376091003,2.3564659765846723,-0.002341392393177988,1.0223413139182569,1.024740633843318,-0.0023993199250611497,0.5949521660804749
976,2011-09-09 00:00:00,-0.002373663941398263,0.00836584996432066,-0.9817189341120273,1.0,0.43080398440361023,3.540881721164624e-07,0.227702334523201,0.3414933681488037,2.5220676614028372,-0.00500337894244085,1.017226152916211,1.0223413139182569,-0.005115161002045898,0.5950278639793396
977,2011-09-12 00:00:00,-0.005118692759424448,0.008713561110198498,-14.253682692711823,1.0,0.43630585074424744,3.595642397158372e-07,0.22563490271568298,0.33805885910987854,2.0780120628898713,-0.012967057489092215,1.0040357229119383,1.017226152916211,-0.013190430004272669,0.5962865948677063
978,2011-09-13 00:00:00,-0.008339788764715195,0.009536920115351677,6.389506220066835,1.0,0.4333893954753876,3.596099702463107e-07,0.22751827538013458,0.3390919864177704,-1.125371455699321,-0.006926090576928723,0.9970816805525782,1.0040357229119383,-0.006954042359360146,0.595461368560791
979,2011-09-14 00:00:00,-0.003368605859577656,0.0096597233787179,5.859710021633667,1.0,0.4332975149154663,3.5888805882677843e-07,0.23208141326904297,0.3346206843852997,-2.21340381958077,0.006062212461055649,1.0031262015411144,0.9970816805525782,0.0060445209885362505,0.5946255326271057
980,2011-09-15 00:00:00,0.005651951767504215,0.00988464243710041,12.489774470522002,1.0,0.435049831867218,3.56220084540837e-07,0.22731024026870728,0.33763962984085083,-0.9054484541877288,0.006245192414568113,1.0093909176858336,1.0031262015411144,0.006264716144719129,0.5957673788070679
981,2011-09-16 00:00:00,0.003955523483455181,0.010105971246957779,100.08674709940975,1.0,0.4360294044017792,3.5770088402387046e-07,0.22832122445106506,0.3356490433216095,0.24637379601834655,0.0016094495061165226,1.0110154813997816,1.0093909176858336,0.0016245637139480351,0.595745325088501
982,2011-09-19 00:00:00,-0.00033268099650740623,0.009974680840969086,2.3197134858837023,1.0,0.43707209825515747,3.5494406347424956e-07,0.22903652489185333,0.33389103412628174,-0.5123626142283736,-0.005253536911969059,1.0057040742496757,1.0110154813997816,-0.005311407150105918,0.5957961082458496
983,2011-09-20 00:00:00,-0.003823620965704322,0.009900392033159733,-2.9020215757484986,1.0,0.4300509989261627,3.5797617670141335e-07,0.2338179647922516,0.33613070845603943,-0.4936908969621293,0.006764323283233731,1.0125069817351657,1.0057040742496757,0.006802907485490062,0.5938000679016113
984,2011-09-21 00:00:00,0.007421945221722126,0.010094367899000645,5.277044446480695,1.0,0.4323626756668091,3.5362103290026425e-07,0.2298269271850586,0.33781006932258606,1.3921786786389714,0.002238101521616187,1.0147730751516342,1.0125069817351657,0.00226609341646844,0.5948726534843445
985,2011-09-22 00:00:00,0.00208257301710546,0.010034322738647461,4.2181454156631775,1.0,0.42982473969459534,3.569688828974904e-07,0.22570283710956573,0.34447208046913147,1.3356157837780507,-0.014303141042772527,1.0002586327313323,1.0147730751516342,-0.014514442420301865,0.595274806022644
986,2011-09-23 00:00:00,-0.014029592275619507,0.011299701407551765,2.8294554426060503,1.0,0.434274822473526,3.6168583505968854e-07,0.22154006361961365,0.3441847562789917,-1.549738497087085,0.00021920274755471425,1.0004778921718924,1.0002586327313323,0.0002192594405601156,0.5967727899551392
987,2011-09-26 00:00:00,0.0005484961438924074,0.011071491986513138,4.888426357669613,1.0,0.43535614013671875,3.6096145095143584e-07,0.22501140832901,0.339632123708725,-1.090232565145325,-0.0004993795334179429,0.9999782739889047,1.0004778921718924,-0.0004996181829877155,0.5962508320808411
988,2011-09-27 00:00:00,-0.00010652902710717171,0.010952569544315338,3.405045809623647,1.0,0.433431476354599,3.5807659060083097e-07,0.23278550803661346,0.3337826728820801,-1.3512557613818137,0.0074801253604332985,1.0074582368360514,0.9999782739889047,0.007479962847146693,0.5945273637771606
989,2011-09-28 00:00:00,0.005699924658983946,0.011112001724541187,-3.6485202315802394,1.0,0.43700698018074036,3.5422547739472066e-07,0.2275937795639038,0.33539894223213196,0.2424213333195959,0.0004940840575018424,1.007956005889471,1.0074582368360514,0.0004977690534195833,0.5960423350334167
990,2011-09-29 00:00:00,-0.0015588540118187666,0.01060764491558075,6.507396066065757,1.0,0.4317803978919983,3.5434382539278886e-07,0.22922110557556152,0.33899810910224915,-0.8297865776413531,0.0047246020116451515,1.0127181968625463,1.007956005889471,0.0047621909730752865,0.5948919057846069
991,2011-09-30 00:00:00,0.0054366206750273705,0.010446792468428612,-5.321194590222558,1.0,0.43781235814094543,3.5722328561860195e-07,0.23088054358959198,0.3313067555427551,-0.7595735987723964,-0.008898838827734679,1.0037061808507524,1.0127181968625463,-0.00901201601179391,0.595608651638031
992,2011-10-03 00:00:00,-0.007667806465178728,0.010864093899726868,-0.37535381923379263,1.0,0.43511560559272766,3.5744952242566796e-07,0.22905096411705017,0.3358331024646759,-1.9856498913923275,-0.006752409807861404,0.9969287453909647,1.0037061808507524,-0.006777435459787706,0.5954610109329224
993,2011-10-04 00:00:00,-0.003596884198486805,0.01110104937106371,0.31336378357715466,1.0,0.4344855844974518,3.572529863049567e-07,0.22849340736865997,0.3370206654071808,-2.6697039204023034,-0.004851080188237877,0.9920925641051137,0.9969287453909647,-0.004836181285850949,0.5954577326774597
994,2011-10-05 00:00:00,-0.003924321848899126,0.011297935619950294,1.908857469443974,1.0,0.43358948826789856,3.576289486773021e-07,0.22759002447128296,0.3388201594352722,-3.3371179490690284,-0.001330996450156774,0.9907720924240628,0.9920925641051137,-0.001320471681050872,0.5954797267913818
995,2011-10-07 00:00:00,-0.002336739795282483,0.011277493089437485,1.8756985052555837,1.0,0.4316839873790741,3.624684268288547e-07,0.23289301991462708,0.33542269468307495,-3.9310580690356587,0.008775169369205749,0.9994662853413664,0.9907720924240628,0.008694192917303556,0.5942209959030151
996,2011-10-10 00:00:00,0.008251753635704517,0.01168733835220337,2.4477522317870495,1.0,0.4362637400627136,3.57510145931883e-07,0.23188532888889313,0.33185064792633057,-2.3236226337439945,0.010130712637248074,1.0095915910687776,0.9994662853413664,0.010125305727411216,0.5951652526855469
997,2011-10-11 00:00:00,0.008744224905967712,0.012041611596941948,-22.095559441724326,1.0,0.431580513715744,3.542161550740275e-07,0.23428767919540405,0.33413150906562805,-0.47909242877830394,0.0005860603795231345,1.0101832726998028,1.0095915910687776,0.0005916816310251871,0.5939666032791138
998,2011-10-12 00:00:00,-0.000996468821540475,0.011128920130431652,6.437466118694093,1.0,0.43631160259246826,3.5213881233175925e-07,0.2292378842830658,0.3344501554965973,1.1366300905845996,0.0030385408124080637,1.013252755801913,1.0101832726998028,0.003069483102110304,0.5956296920776367
999,2011-10-13 00:00:00,0.0030241678468883038,0.011274708434939384,5.36390194897409,1.0,0.4337974786758423,3.5489236438479566e-07,0.22557325661182404,0.3406289517879486,2.430833093996086,0.001879471870433136,1.0151571358540816,1.013252755801913,0.0019043800521685306,0.5958956480026245
1000,2011-10-14 00:00:00,0.0022628947626799345,0.01103957835584879,9.403416916095718,1.0,0.4347473382949829,3.5543715171115764e-07,0.22654543817043304,0.3387068808078766,1.9264398637555709,0.007502837684295605,1.0227736950684492,1.0151571358540816,0.0076165592143675465,0.5958610773086548
1001,2011-10-17 00:00:00,0.007514253258705139,0.011129364371299744,6.516504009135004,1.0,0.43597978353500366,3.548565246092039e-07,0.22458238899707794,0.33943745493888855,2.0636225107465815,0.0021418410730404958,1.0249643137769722,1.0227736950684492,0.0021906187085229956,0.5964338779449463
1002,2011-10-18 00:00:00,0.0021782610565423965,0.011109130457043648,3.69813528737451,1.0,0.4296678304672241,3.5897249972549616e-07,0.22768336534500122,0.3426484763622284,2.1003249972014055,-0.005838559530809251,1.0189799986140302,1.0249643137769722,-0.0059843151629419555,0.5948631167411804
1003,2011-10-19 00:00:00,-0.002872505923733115,0.011075753718614578,3.0125318659102467,1.0,0.4333244264125824,3.573674689505424e-07,0.224610835313797,0.34206441044807434,2.055068964665892,0.004145282270130446,1.0232039583359025,1.0189799986140302,0.0042239597218722835,0.596010148525238
1004,2011-10-20 00:00:00,0.003576498944312334,0.010921423323452473,4.140385718166,1.0,0.4297305941581726,3.547602318576537e-07,0.2305161952972412,0.33975282311439514,1.7323274290859123,-0.0011353808604375182,1.022042232145284,1.0232039583359025,-0.001161726190618495,0.5943383574485779
1005,2011-10-21 00:00:00,0.0013169385492801666,0.01095032412558794,4.086847344029128,1.0,0.4309732913970947,3.5148633514836547e-07,0.23230896890163422,0.3367173373699188,1.3036304936188794,6.86276940333741e-05,1.0221123725468808,1.022042232145284,7.014040159680768e-05,0.5942087173461914
1006,2011-10-24 00:00:00,-0.0019516823813319206,0.009272621013224125,0.38186529940822245,1.0,0.4352012574672699,3.5520019991963636e-07,0.22678522765636444,0.338013231754303,3.6934051359806257,0.0057360151318444075,1.027975224582255,1.0221123725468808,0.0058628520353742886,0.5958898067474365
1007,2011-10-25 00:00:00,0.003709184005856514,0.009464328177273273,0.5659910855463731,1.0,0.4340358376502991,3.512549255901831e-07,0.22627508640289307,0.3396887481212616,4.472091060128277,0.00959732235509514,1.0378410341856223,1.027975224582255,0.009865809603367248,0.5957985520362854
1008,2011-10-28 00:00:00,0.0049238139763474464,0.009829778224229813,1.4589961442865234,1.0,0.4366653263568878,3.5581098245529574e-07,0.22802495956420898,0.33530938625335693,5.740262384430166,0.01385116156556876,1.0522163380295044,1.0378410341856223,0.014375303843882081,0.5959063768386841
1009,2011-10-31 00:00:00,0.011773340404033661,0.01040544081479311,2.091850849181406,1.0,0.43549633026123047,3.539087174431188e-07,0.2260555624961853,0.3384477198123932,6.117434010780876,-0.0048117727887742046,1.0471533120862704,1.0522163380295044,-0.005063025943234045,0.5960747003555298
1010,2011-11-01 00:00:00,-0.004341233987361193,0.010458585806190968,1.6118333039776005,1.0,0.4289056956768036,3.526288878674677e-07,0.22760623693466187,0.34348776936531067,5.247327205496296,-0.001095499973267522,1.0460061556608728,1.0471533120862704,-0.001147156425397533,0.5947676301002502
1011,2011-11-02 00:00:00,-0.0009597360040061176,0.010331524536013603,2.1105613063657893,1.0,0.4308324456214905,3.575446214654221e-07,0.22719119489192963,0.34197601675987244,4.504744183470665,-0.00018608230150551908,1.0458115124280385,1.0460061556608728,-0.00019464323283435725,0.5951302647590637
1012,2011-11-03 00:00:00,0.0003838288248516619,0.009678510949015617,1.2846325627429889,1.0,0.42721760272979736,3.559519257123611e-07,0.2263166904449463,0.34646540880203247,6.131129637887457,0.0039599006283383975,1.0499528220932257,1.0458115124280385,0.0041413096651872205,0.5947877168655396
1013,2011-11-04 00:00:00,0.0017517795786261559,0.00960118230432272,0.8192525014545448,1.0,0.4308456480503082,3.5479291682349867e-07,0.22328412532806396,0.34586989879608154,8.153002845639582,0.001224369995993957,1.0512383528258058,1.0499528220932257,0.0012855307325800869,0.5959108471870422
1014,2011-11-08 00:00:00,0.00018815876683220267,0.009258578531444073,-0.2580965063076693,1.0,0.42893949151039124,3.5648415064315486e-07,0.22360125184059143,0.34745892882347107,9.57330849429983,0.00553731116096734,1.057059386689745,1.0512383528258058,0.0058210338639392845,0.5955789685249329
1015,2011-11-09 00:00:00,0.003147713141515851,0.00921694841235876,0.3495756688915213,1.0,0.43123340606689453,3.545515028235968e-07,0.22452232241630554,0.34424394369125366,10.799777465234003,-0.002560787442839052,1.054352482285975,1.057059386689745,-0.002706904403770194,0.5957150459289551
1016,2011-11-11 00:00:00,-0.005326522514224052,0.009069797582924366,0.015239800134651102,1.0,0.43196508288383484,3.5455630609249056e-07,0.2252400666475296,0.3427945077419281,8.999905240558741,-0.004783782410116899,1.0493086894271522,1.054352482285975,-0.0050437928588227265,0.5956802368164062
1017,2011-11-14 00:00:00,-0.005653221160173416,0.008592396043241024,-0.9965627305261305,1.0,0.4312727451324463,3.5470699799589056e-07,0.22589413821697235,0.3428327441215515,6.658629999923839,-0.00391038286766332,1.045205490705126,1.0493086894271522,-0.004103198722026136,0.5954482555389404
1018,2011-11-15 00:00:00,-0.003830266185104847,0.008640643209218979,-2.204883617123336,1.0,0.4329231381416321,3.5374665685594664e-07,0.22516602277755737,0.3419104814529419,5.732283101573057,-0.0056183434612264715,1.0393331672707848,1.045205490705126,-0.005872323434341187,0.5958397388458252
1019,2011-11-16 00:00:00,-0.0025564765091985464,0.008541340939700603,-3.7331327634765192,1.0,0.4332028329372406,3.607497660595982e-07,0.22584708034992218,0.34094977378845215,4.1612872673556796,-0.0002900943031758363,1.039031662639858,1.0393331672707848,-0.0003015046309269298,0.5957502126693726
1020,2011-11-17 00:00:00,-0.00065074791200459,0.008556855842471123,-5.849002686228107,1.0,0.43481355905532837,3.6076383480576624e-07,0.22452086210250854,0.3406652808189392,3.825201210275494,-0.0057478576696176065,1.0330594565287778,1.039031662639858,-0.0059722061110800695,0.5962594151496887
1021,2011-11-18 00:00:00,-0.004159042611718178,0.008331134915351868,-103.96560944048977,1.0,0.4315405786037445,3.594052770949929e-07,0.2283785045146942,0.3400806188583374,1.8193285409986282,-0.00607050420796984,1.0267882647508368,1.0330594565287778,-0.006271191777940999,0.5950116515159607
1022,2011-11-21 00:00:00,-0.006354173645377159,0.008480224758386612,8.904293418675298,1.0,0.430318146944046,3.584364094422199e-07,0.23000019788742065,0.3396812677383423,0.5687501969613152,-0.008292507815521266,1.018273615040505,1.0267882647508368,-0.00851464971033189,0.5945226550102234
1023,2011-11-22 00:00:00,-0.00582647230476141,0.008771722204983234,7.214134858080334,1.0,0.429440438747406,3.570640387806634e-07,0.23034553229808807,0.34021368622779846,0.21206560810272515,0.007434940566680481,1.02584441884895,1.018273615040505,0.0075708038084449925,0.5943260788917542
1024,2011-11-23 00:00:00,0.007720538880676031,0.009097765199840069,5.539160775306008,1.0,0.4327959716320038,3.5833897982229246e-07,0.2300795018672943,0.337124228477478,0.6588112708252126,-0.002008739654896674,1.0237837644850536,1.02584441884895,-0.0020606543638963526,0.5948963165283203
1025,2011-11-25 00:00:00,-0.005906715989112854,0.009251311421394348,4.174778491274624,1.0,0.43344661593437195,3.5636682582662615e-07,0.2246549427509308,0.341898113489151,0.5441855354510859,0.002688968173178541,1.026536686443971,1.0237837644850536,0.002752921958917298,0.5960202217102051
1026,2011-11-28 00:00:00,0.0009224073146469891,0.009230827912688255,3.420760851079188,1.0,0.43516817688941956,3.616745800627541e-07,0.22549720108509064,0.33933430910110474,0.9031488321911063,0.010113219309453969,1.0369182770831789,1.026536686443971,0.01038159063920796,0.5961275696754456
1027,2011-11-29 00:00:00,0.009874432347714901,0.009704232215881348,-5.562637943090021,1.0,0.43429940938949585,3.549160396687512e-07,0.2257215976715088,0.3399786651134491,1.4362895872288672,-0.0022988431046574442,1.034534564651813,1.0369182770831789,-0.0023837124313659253,0.5959460139274597
1028,2011-11-30 00:00:00,-0.0013851694529876113,0.00932896975427866,-4.013627131310089,1.0,0.43118757009506226,3.571476270280982e-07,0.2283678650856018,0.3404442369937897,-0.13801025854046134,0.005053256026575914,1.0397623326753407,1.034534564651813,0.005227768023527757,0.594959557056427
1029,2011-12-01 00:00:00,0.0028258399106562138,0.008143107406795025,-1.257676966017938,1.0,0.43531128764152527,3.557290710887173e-07,0.22526124119758606,0.3394271433353424,-1.6608743782563213,0.002508428881451641,1.042370502540469,1.0397623326753407,0.0026081698651283514,0.5961956977844238
1030,2011-12-02 00:00:00,0.003259863704442978,0.008270937949419022,-4.9457931215850115,1.0,0.4308832883834839,3.561627295312064e-07,0.22804726660251617,0.3410690724849701,-0.4749176179036262,0.0065077370982489224,1.049153975729972,1.042370502540469,0.006783473189502898,0.5949739813804626
1031,2011-12-05 00:00:00,0.004966781008988619,0.008610346354544163,-11.830458694079951,1.0,0.43684887886047363,3.5504930906427035e-07,0.2260025590658188,0.3371482491493225,0.7361117973372577,-0.0050410640719178446,1.0438651233170098,1.049153975729972,-0.005288852412962175,0.5963078141212463
1032,2011-12-07 00:00:00,-0.0041015008464455605,0.008772490546107292,-2.0070376052023216,1.0,0.4314623177051544,3.558097034783714e-07,0.22719305753707886,0.34134429693222046,-0.0208416772211317,0.0012417660721892876,1.0451613596110865,1.0438651233170098,0.0012962362940767136,0.5952246189117432
1033,2011-12-08 00:00:00,0.003346820827573538,0.00858002807945013,-4.337034798140149,1.0,0.4340316355228424,3.5534412745619193e-07,0.23053061962127686,0.3354373872280121,-0.437458467023157,-0.006973289957868833,1.037873146397758,1.0451613596110865,-0.007288213213328509,0.5950177311897278
1034,2011-12-09 00:00:00,-0.007330889347940683,0.008828402496874332,-0.033161703004640344,1.0,0.43264105916023254,3.5347642324268236e-07,0.227927565574646,0.3394310176372528,-1.6500853816191383,-0.007049863262569844,1.0305562826317607,1.037873146397758,-0.007316863765997272,0.5952668786048889
1035,2011-12-12 00:00:00,-0.004485086537897587,0.008876423351466656,1.2339244140507744,1.0,0.43393459916114807,3.584937076084316e-07,0.23143528401851654,0.3346298038959503,-3.542295651345502,-0.0022943176976246704,1.0281918591141204,1.0305562826317607,-0.002364423517640324,0.5948433876037598
1036,2011-12-13 00:00:00,-0.003788965754210949,0.00877496600151062,2.831382995775307,1.0,0.43466371297836304,3.5512641716195503e-07,0.22828879952430725,0.33704712986946106,-3.510424616795069,0.00044395505876693164,1.0286483300913571,1.0281918591141204,0.0004564709772367781,0.5955241918563843
1037,2011-12-14 00:00:00,-0.0004854711005464196,0.008614469319581985,2.8407325037078563,1.0,0.4326302409172058,3.582491956422018e-07,0.23333477973937988,0.33403462171554565,-2.768998923334157,-0.007842943059445329,1.0205806998102571,1.0286483300913571,-0.008067630281100024,0.5943005681037903
1038,2011-12-15 00:00:00,-0.005230482667684555,0.008823792450129986,4.408717139252707,1.0,0.43700042366981506,3.583577097288071e-07,0.23004427552223206,0.33295491337776184,-3.2607282875000982,-0.0016893463494042082,1.0188565855307603,1.0205806998102571,-0.0017241142794968134,0.5956078767776489
1039,2011-12-16 00:00:00,6.255414336919785e-05,0.008609447628259659,3.3308746267527876,1.0,0.4339953362941742,3.596462363475439e-07,0.229942187666893,0.33606216311454773,-2.736208992587134,-0.0025926871373175286,1.0162150091666835,1.0188565855307603,-0.002641576364076803,0.5951160788536072
1040,2011-12-19 00:00:00,-0.0012434003874659538,0.008694073185324669,2.4681390282692766,1.0,0.4331337809562683,3.5512192653186503e-07,0.23062855005264282,0.336237370967865,-3.0747461088199253,0.003997368072392593,1.0202771945990126,1.0162150091666835,0.004062185432329057,0.5948529243469238
1041,2011-12-20 00:00:00,0.00042373756878077984,0.008658483624458313,2.033132456361809,1.0,0.4306454062461853,3.5899611816603283e-07,0.23257116973400116,0.3367830216884613,-1.6190198532349371,-0.005125572993607497,1.0150476893643823,1.0202771945990126,-0.005229505234630283,0.5941107869148254
1042,2011-12-21 00:00:00,-0.005201179534196854,0.008747713640332222,3.8641398217164484,1.0,0.4328573942184448,3.6045338447365793e-07,0.22742998600006104,0.3397122621536255,-1.4876112913966872,0.013110296766454477,1.0283552658040531,1.0150476893643823,0.013307576439670843,0.5953942537307739
1043,2011-12-22 00:00:00,0.01303279772400856,0.009586980566382408,3.888636343071719,1.0,0.4360930919647217,3.539477972935856e-07,0.22400997579097748,0.339896559715271,1.5987424971423392,0.002493878541590888,1.0309198589345738,1.0283552658040531,0.0025645931305207093,0.596562922000885
1044,2011-12-23 00:00:00,0.0024711964651942253,0.00918314978480339,18.70655246045536,1.0,0.4313773810863495,3.565573081232287e-07,0.23078419268131256,0.3378380835056305,0.9457734023764612,0.0004955441376481851,1.031430725227054,1.0309198589345738,0.0005108662924802054,0.5945438146591187
1045,2011-12-27 00:00:00,-0.0015665433602407575,0.00901555735617876,5.753826225050884,1.0,0.43388205766677856,3.5776480444837944e-07,0.22497139871120453,0.34114620089530945,1.3075566130674314,0.004225880064809173,1.0357894277670228,1.031430725227054,0.0043587025399687285,0.5960255861282349
1046,2011-12-28 00:00:00,0.00455624470487237,0.009157289750874043,5.31606049751554,1.0,0.4327743649482727,3.5670493048201024e-07,0.22433090209960938,0.34289437532424927,1.517135037341196,0.0010892054650815108,1.0369176152724202,1.0357894277670228,0.0011281875053974488,0.595982015132904
1047,2011-12-29 00:00:00,-0.0009240468498319387,0.008502991870045662,-88.2122069007263,1.0,0.4318487346172333,3.547547180460242e-07,0.2290370762348175,0.33911389112472534,0.23276882738372615,-0.007733789993115581,1.0288983121957411,1.0369176152724202,-0.008019303076679085,0.5949365496635437
1048,2011-12-30 00:00:00,-0.0037691332399845123,0.008946361020207405,-0.9654805566606695,1.0,0.4373961389064789,3.5878562698599126e-07,0.2247062623500824,0.33789727091789246,-0.5704438128436101,0.002629234322841345,1.0316035269528796,1.0288983121957411,0.0027052147571384744,0.5966429710388184
1049,2012-01-03 00:00:00,0.00411188043653965,0.008942363783717155,-5.084705637075877,1.0,0.4336666166782379,3.555684600087261e-07,0.22593003511428833,0.3404029905796051,-0.9394502613913591,0.0159678568663415,1.0480760244140763,1.0316035269528796,0.016472497461196722,0.5958064794540405
1050,2012-01-04 00:00:00,0.013807876035571098,0.010001318529248238,8.220049582214275,1.0,0.4354741871356964,3.5581996371547575e-07,0.23130536079406738,0.33322015404701233,0.9419787365514742,-0.003835744870695601,1.044055872179331,1.0480760244140763,-0.004020152234745389,0.5951265096664429
1051,2012-01-05 00:00:00,-0.00072307582013309,0.00980532355606556,16.876476396407217,1.0,0.4343644678592682,3.5614809235084977e-07,0.23069064319133759,0.33494454622268677,-0.3635759302018915,0.0002466165798926667,1.0443133536677447,1.044055872179331,0.00025748148841375773,0.5950449705123901
1052,2012-01-06 00:00:00,0.00023167097242549062,0.009650061838328838,7.4878823558535395,1.0,0.4335494339466095,3.5543624221645587e-07,0.22978702187538147,0.33666324615478516,0.31262603880812745,-0.00021150764661914678,1.0440924734079775,1.0443133536677447,-0.00022088025976718662,0.5950708389282227
1053,2012-01-09 00:00:00,0.001231841160915792,0.00959740299731493,14.404618508445331,1.0,0.43218010663986206,3.513933393151092e-07,0.23158806562423706,0.3362314999103546,0.1301382955887761,0.001276497449308689,1.0454252547871252,1.0440924734079775,0.0013327813791477183,0.5945286154747009
1054,2012-01-10 00:00:00,0.002832455327734351,0.009353711269795895,4.530646406879928,1.0,0.43393176794052124,3.5713850365937105e-07,0.23113617300987244,0.33493170142173767,1.248660201996435,0.007017644682481006,1.0527616777673134,1.0454252547871252,0.0073364229801882175,0.5948948860168457
1055,2012-01-11 00:00:00,0.006427322514355183,0.00930031668394804,1.523408080685361,1.0,0.4334157705307007,3.537963664257404e-07,0.22465258836746216,0.3419312834739685,3.1637287474777605,0.0009677043491636006,1.0537804398215216,1.0527616777673134,0.0010187620542081444,0.5960159301757812
1056,2012-01-12 00:00:00,9.537982987239957e-05,0.00919647328555584,1.4357019735342473,1.0,0.42929235100746155,3.5825866007144214e-07,0.22916753590106964,0.34153980016708374,3.637460313166892,-0.00022988045888783226,1.0535381962904484,1.0537804398215216,-0.00024224353107316077,0.5945242643356323
1057,2012-01-13 00:00:00,-0.0032772806007415056,0.009326951578259468,1.0690624777155657,1.0,0.4314165711402893,3.556391163783701e-07,0.23053927719593048,0.33804380893707275,3.563461394428361,0.005386968379757606,1.059213573240732,1.0535381962904484,0.005675376950283528,0.5945941805839539
1058,2012-01-16 00:00:00,0.004426681436598301,0.009166865609586239,1.1354075302119908,1.0,0.4296254813671112,3.5482241855788743e-07,0.2283300757408142,0.3420441448688507,5.679795231516058,0.0021002114909236536,1.0614381457585944,1.059213573240732,0.0022245725178624554,0.5947325825691223
1059,2012-01-17 00:00:00,0.0031444928608834743,0.009162558242678642,1.079254996945166,1.0,0.43276190757751465,3.500242371501372e-07,0.2249697744846344,0.3422680199146271,6.296063336634487,0.002502429712316623,1.064094320112327,1.0614381457585944,0.0026561743537325544,0.5958537459373474
1060,2012-01-18 00:00:00,0.004636853933334351,0.009271648712456226,0.7854035069752932,1.0,0.4344619810581207,3.536466124387516e-07,0.22582198679447174,0.33971571922302246,7.205510761313734,0.004834892912687128,1.0692391021990686,1.064094320112327,0.005144782086741628,0.5959526300430298
1061,2012-01-19 00:00:00,0.004032738506793976,0.009181933477520943,1.0458984493231087,1.0,0.4320945143699646,3.5666045050675166e-07,0.2264348566532135,0.34147027134895325,7.292665778275947,-0.002813335283916474,1.0662309741059088,1.0692391021990686,-0.0030081280931597565,0.5954664945602417
1062,2012-01-20 00:00:00,-0.002039281651377678,0.008951371535658836,1.0770887199647505,1.0,0.4351303279399872,3.5788119134849694e-07,0.2222244143486023,0.34264492988586426,7.863447647689595,0.004695304010090329,1.0712372526743108,1.0662309741059088,0.005006278568401967,0.5967642664909363
1063,2012-01-23 00:00:00,0.0010452992282807827,0.007979188114404678,1.0620238141211713,1.0,0.43012967705726624,3.530812193730526e-07,0.22670623660087585,0.34316369891166687,7.34436484308696,-0.002969696176126524,1.0680560035013196,1.0712372526743108,-0.0031812491729912296,0.5951206088066101
1064,2012-01-24 00:00:00,-0.0031023940537124872,0.008155479095876217,0.5199912446444882,1.0,0.4304012060165405,3.5336302062205505e-07,0.22834135591983795,0.34125709533691406,6.254314365094739,0.002861447652400262,1.0711121898451705,1.0680560035013196,0.003056186343850964,0.5948456525802612
1065,2012-01-25 00:00:00,0.002843211404979229,0.008184351958334446,0.28084345233489366,1.0,0.43463006615638733,3.5668261944010737e-07,0.22418534755706787,0.34118425846099854,6.661643236179301,-3.2587861606536705e-05,1.0710772845893628,1.0711121898451705,-3.4905255807737845e-05,0.5962961316108704
1066,2012-01-27 00:00:00,2.471363404765725e-05,0.008047254756093025,-0.14016456847482212,1.0,0.43107467889785767,3.5421820143710647e-07,0.22711539268493652,0.34180960059165955,5.957162584651229,-0.0003554931317012455,1.07069652397117,1.0710772845893628,-0.00038076061819269924,0.5951811671257019
1067,2012-01-30 00:00:00,0.0014694936107844114,0.007992617785930634,0.24355310257268026,1.0,0.43554624915122986,3.59718683284882e-07,0.22672851383686066,0.33772486448287964,5.703545202019641,-0.0018965206000944868,1.0686659259570093,1.07069652397117,-0.0020305980141608337,0.5959567427635193
1068,2012-01-31 00:00:00,0.0004185819998383522,0.007580794394016266,0.1588530291266458,1.0,0.4328030049800873,3.5730732861338765e-07,0.2241894155740738,0.3430072069168091,7.300263101152559,0.005410533308730869,1.0744479785453054,1.0686659259570093,0.005782052588296116,0.5960144996643066
1069,2012-02-01 00:00:00,0.005449474789202213,0.007766721770167351,0.9498711732701639,1.0,0.4333050549030304,3.5498572970027453e-07,0.22630514204502106,0.3403894603252411,7.701897021997789,0.0015582338195989642,1.0761222197228744,1.0744479785453054,0.0016742411775689803,0.5956779718399048
1070,2012-02-02 00:00:00,0.0016601302195340395,0.006385623011738062,1.1706559025558756,1.0,0.4345535933971405,3.576041649466788e-07,0.22536583244800568,0.34008023142814636,7.340123121946622,0.0026837135726762718,1.0790102235298031,1.0761222197228744,0.002888003806928774,0.5960546731948853
1071,2012-02-03 00:00:00,0.0022170874290168285,0.006267874035984278,1.3284228611944635,1.0,0.43209466338157654,3.559994752322382e-07,0.22745707631111145,0.34044790267944336,9.868301996111303,0.005698176234306018,1.085158613942094,1.0790102235298031,0.006148390412290761,0.5952707529067993
1072,2012-02-06 00:00:00,0.004710106644779444,0.006415120325982571,1.5117880354211573,1.0,0.4332970082759857,3.5513315310709004e-07,0.2268119901418686,0.33989065885543823,10.988770548319676,0.002189622182029005,1.0875347013142014,1.085158613942094,0.0023760873721074827,0.5955801010131836
1073,2012-02-07 00:00:00,0.0007536036428064108,0.006426223088055849,1.5664119913691503,1.0,0.42793917655944824,3.566044028957549e-07,0.22925736010074615,0.3428031802177429,11.774809196840271,-0.0038370309143226367,1.0833617970448601,1.0875347013142014,-0.004172904269341249,0.5943104028701782
1074,2012-02-08 00:00:00,-0.0029805218800902367,0.006643844302743673,0.796148160225799,1.0,0.432962566614151,3.5496248074196046e-07,0.2245347648859024,0.3425023555755615,9.459507773996888,0.003789077880487879,1.0874667392666084,1.0833617970448601,0.004104942221748287,0.5959700345993042
1075,2012-02-09 00:00:00,0.004210387356579304,0.006531363818794489,1.1985171536292585,1.0,0.431640088558197,3.549341727193678e-07,0.22418147325515747,0.34417811036109924,9.183783096742891,0.0016649218969861934,1.0892772864530575,1.0874667392666084,0.0018105471864491296,0.5958431363105774
1076,2012-02-10 00:00:00,0.002204197458922863,0.00650832150131464,1.1175377586636397,1.0,0.43321529030799866,3.567848239072191e-07,0.2263948768377304,0.3403894603252411,9.432545740775938,-0.006678067059522119,1.0820030196877097,1.0892772864530575,-0.007274266765347814,0.5956467986106873
1077,2012-02-13 00:00:00,-0.004398064687848091,0.006655251141637564,-0.02738938034675176,1.0,0.4339839816093445,3.5749027915699116e-07,0.22467201948165894,0.34134364128112793,6.514953729951163,-0.00022928314764480984,1.0817549346295945,1.0820030196877097,-0.00024808505811524384,0.5960999131202698
1078,2012-02-14 00:00:00,0.000214787432923913,0.006450683809816837,-0.11302452438942483,1.0,0.4320397675037384,3.572348248326307e-07,0.22800320386886597,0.33995670080184937,5.392801092795224,0.005823158846057996,1.0880541654464497,1.0817549346295945,0.006299230816855239,0.595159113407135
1079,2012-02-15 00:00:00,0.0019841939210891724,0.006753807421773672,0.6650419724708692,1.0,0.431755006313324,3.530683159169712e-07,0.22815507650375366,0.3400896191596985,6.025622981948704,0.009313320841963346,1.0981875629826872,1.0880541654464497,0.010133397536237432,0.5950865745544434
1080,2012-02-16 00:00:00,0.008773989975452423,0.0071366517804563046,1.1907125942580639,1.0,0.4339463412761688,3.5499670048011467e-07,0.2295675277709961,0.3364858031272888,6.8212089003370115,-0.000572229668018398,1.0975591474780997,1.0981875629826872,-0.0006284155045874762,0.5951750874519348
1081,2012-02-17 00:00:00,-0.001955124083906412,0.0071771410293877125,0.7862097193941169,1.0,0.43174925446510315,3.5271887099952437e-07,0.22603949904441833,0.34221091866493225,5.736356106394047,0.0018227966946136043,1.0995597746642658,1.0975591474780997,0.002000627186166115,0.5954910516738892
1082,2012-02-21 00:00:00,-0.0001714327372610569,0.007123530376702547,1.3946778535959306,1.0,0.4331170916557312,3.5627184047370974e-07,0.2269645631313324,0.33991798758506775,6.922729771404433,0.0020800476438620485,1.1018469113828417,1.0995597746642658,0.002287136718575944,0.595522940158844
1083,2012-02-22 00:00:00,0.00036082800943404436,0.006860631518065929,1.457008331808209,1.0,0.43112799525260925,3.545762581325107e-07,0.2274671494960785,0.341404527425766,6.46888952803283,-0.0002470169118007348,1.1015747365615147,1.1018469113828417,-0.0002721748213270203,0.5951215624809265
1084,2012-02-23 00:00:00,-8.205519407056272e-05,0.00663428008556366,0.9998930372988442,1.0,0.4315539002418518,3.5640260875879903e-07,0.22539491951465607,0.34305083751678467,7.274556953611733,2.9544902871325718e-05,1.101607282480112,1.1015747365615147,3.254591859724876e-05,0.5955883860588074
1085,2012-02-24 00:00:00,-0.0004790769889950752,0.006477104499936104,-0.3816794378052318,1.0,0.43129363656044006,3.5405489029471937e-07,0.22316938638687134,0.34553664922714233,6.616449663702129,-0.0022164854542693346,1.0991655859621776,1.101607282480112,-0.0024416965179343553,0.5959986448287964
1086,2012-02-27 00:00:00,-0.004490220453590155,0.006671798415482044,-0.9787253828194298,1.0,0.43052420020103455,3.5849734558723867e-07,0.22801291942596436,0.34146252274513245,6.024507050881041,-0.005067857810587273,1.0935951710622305,1.0991655859621776,-0.00557041489994714,0.5949265956878662
1087,2012-02-28 00:00:00,-0.00421538483351469,0.0070035215467214584,-2.511237985474494,1.0,0.43420371413230896,3.5838581879943376e-07,0.2268666923046112,0.33892926573753357,4.690571217375601,0.004899923521562322,1.0989537037639854,1.0935951710622305,0.005358532701754903,0.5957133769989014
1088,2012-02-29 00:00:00,0.002350370166823268,0.007161876652389765,-1.7164892267571887,1.0,0.4321036636829376,3.5437196288512496e-07,0.22608689963817596,0.34180915355682373,6.072578768384707,-0.0010378716828244317,1.0978131308341137,1.0989537037639854,-0.001140572929871686,0.5955353379249573
1089,2012-03-01 00:00:00,-0.00011196530977031216,0.006861967034637928,-2.632153824948618,1.0,0.43237796425819397,3.533735366545443e-07,0.22809025645256042,0.33953142166137695,4.84227472000256,-0.005410785202831336,1.0918730997903225,1.0978131308341137,-0.00594003104379115,0.5951952934265137
1090,2012-03-02 00:00:00,-0.0036547044292092323,0.006868951488286257,-7.7248727593841755,1.0,0.4347529411315918,3.588638151086343e-07,0.2266194224357605,0.33862733840942383,3.1692802931028137,0.0004416847807648949,1.0923553635210266,1.0918730997903225,0.0004822637307040356,0.5958480834960938
1091,2012-03-05 00:00:00,0.0021515002008527517,0.006876055151224136,-2.689678524090499,1.0,0.43334251642227173,3.5722993629860866e-07,0.22628062963485718,0.34037646651268005,2.743719001159957,-0.0042786215507295555,1.0876815883216104,1.0923553635210266,-0.004673775199416141,0.59568852186203
1092,2012-03-06 00:00:00,-0.0013772877864539623,0.0069288285449147224,2.8168437594426,1.0,0.4335840940475464,3.5883340387954377e-07,0.22756174206733704,0.3388538658618927,0.7643127449400963,-0.00322755438963207,1.084171036836701,1.0876815883216104,-0.003510551484909419,0.59548419713974
1093,2012-03-07 00:00:00,-0.004854896105825901,0.006981451064348221,4.814119611928457,1.0,0.43271133303642273,3.5900202988159435e-07,0.22723069787025452,0.3400575816631317,-0.3150455821778974,0.00028444285339435105,1.0844794215399864,1.084171036836701,0.0003083847032854248,0.5954091548919678
1094,2012-03-09 00:00:00,0.00017952985945157707,0.006777685601264238,8.994459799104268,1.0,0.4297598898410797,3.562549011348892e-07,0.22831828892230988,0.34192147850990295,0.5171233163201192,0.011850184073617376,1.0973307023092853,1.0844794215399864,0.012851280769298867,0.5947546362876892
1095,2012-03-12 00:00:00,0.009433372877538204,0.007280945777893066,11.879635932221678,1.0,0.4334002435207367,3.5828225009026937e-07,0.2290036678314209,0.33759573101997375,1.8401958380487118,0.0031038807027157223,1.1007366859006806,1.0973307023092853,0.003405983591395323,0.5951884984970093
1096,2012-03-13 00:00:00,0.0032025096006691456,0.007289072033017874,9.203872761191505,1.0,0.43365567922592163,3.5533011555344274e-07,0.22749018669128418,0.3388538062572479,2.0846021346355523,0.006145804706063851,1.107501598605026,1.1007366859006806,0.006764912704345427,0.5955089926719666
1097,2012-03-14 00:00:00,0.005223747342824936,0.0071809180080890656,4.224750289453491,1.0,0.4331080913543701,3.553514034138061e-07,0.2269141972064972,0.3399773836135864,4.416878776044711,-0.003485639237178373,1.1036412475776907,1.107501598605026,-0.003860351027335396,0.5955311059951782
1098,2012-03-15 00:00:00,-0.0029850322753190994,0.007253163028508425,6.486708802200153,1.0,0.43183937668800354,3.5584045576797507e-07,0.22616276144981384,0.34199753403663635,3.759738547168349,-0.0011338190812836269,1.1023899180722954,1.1036412475776907,-0.0012513295053953044,0.5954806208610535
1099,2012-03-16 00:00:00,-0.002816645661368966,0.007040142081677914,10.760691794338207,1.0,0.43256911635398865,3.5687153854269127e-07,0.22602659463882446,0.34140393137931824,2.6168252063902724,-0.0026960868828126427,1.0994177790744357,1.1023899180722954,-0.0029721389978596413,0.5956178903579712
1100,2012-03-19 00:00:00,-0.0038911448791623116,0.006354874465614557,0.619127155316274,1.0,0.43311089277267456,3.567957378436404e-07,0.2255108803510666,0.3413778841495514,0.5134308662459105,-0.001781672119412936,1.097458977069872,1.0994177790744357,-0.0019588020045637755,0.5958011746406555
1101,2012-03-20 00:00:00,-0.00045467272866517305,0.006331087090075016,2.947266102113568,1.0,0.43223655223846436,3.568014790289453e-07,0.2297060638666153,0.3380570411682129,0.27782276078892815,-0.010372636154267645,1.0860754344064913,1.097458977069872,-0.011383542663380597,0.5948746800422668
1102,2012-03-21 00:00:00,-0.006214670836925507,0.006698152516037226,5.143031122457059,1.0,0.4339088797569275,3.5606367987384147e-07,0.22918753325939178,0.33690324425697327,-1.810513564913069,0.01295992861637374,1.1001508945083966,1.0860754344064913,0.014075460101905302,0.5952374935150146
1103,2012-03-22 00:00:00,0.011975911445915699,0.007765286602079868,5.04664719528553,1.0,0.4328173100948334,3.563733059763763e-07,0.23088346421718597,0.3362989127635956,0.08556889448214619,-0.006408068994060878,1.093101051672509,1.1001508945083966,-0.00704984283588761,0.5947562456130981
1104,2012-03-23 00:00:00,-0.0072182840667665005,0.008364764973521233,2.8145849311370768,1.0,0.4324958920478821,3.5571713397075655e-07,0.22936421632766724,0.33813953399658203,-0.7781831368628842,0.005938526376082942,1.0995924610995902,1.093101051672509,0.006491409427081152,0.5949781537055969
1105,2012-03-26 00:00:00,0.004354055039584637,0.008640239015221596,-2.8617976207175344,1.0,0.43554848432540894,3.552429745923291e-07,0.22938024997711182,0.335070937871933,0.051345544370729884,-0.008259615029684975,1.0905102506813638,1.0995924610995902,-0.009082210418226433,0.5954748392105103
1106,2012-03-27 00:00:00,-0.008734475821256638,0.009047876112163067,3.0490925348337545,1.0,0.4314866364002228,3.567586190911243e-07,0.22900015115737915,0.3395128846168518,-0.7447781935451037,0.003692618886462329,1.0945370894289106,1.0905102506813638,0.004026838747546835,0.5948871970176697
1107,2012-03-28 00:00:00,0.0039235977455973625,0.0090181864798069,35.76462578676863,1.0,0.4379040002822876,3.571041702343791e-07,0.22761161625385284,0.3344840705394745,0.38117684454699285,-0.00495385868007836,1.0891149073677755,1.0945370894289106,-0.005422182061135095,0.5961933732032776
1108,2012-03-29 00:00:00,-0.005866751540452242,0.008957948535680771,7.00189527201331,1.0,0.43185776472091675,3.570502826732991e-07,0.22690878808498383,0.34123310446739197,-0.9192501522290653,-0.00132670067566798,1.0876699778842907,1.0891149073677755,-0.001444929483484847,0.5953391790390015
1109,2012-03-30 00:00:00,0.001341147581115365,0.009084251709282398,3.172005725613203,1.0,0.4318055212497711,3.6039844530932896e-07,0.23003263771533966,0.3381614685058594,-0.9463130068351604,0.009935693707278759,1.0984767336391517,1.0876699778842907,0.010806755754861008,0.5947471857070923
1110,2012-04-02 00:00:00,0.007151752710342407,0.010004627518355846,-1.931911121273514,1.0,0.43386873602867126,3.5625342320599884e-07,0.22772163152694702,0.33840930461883545,1.0324231341240058,0.0011338492264170164,1.0997222406338254,1.0984767336391517,0.0012455069946737396,0.5954998731613159
1111,2012-04-03 00:00:00,0.001347787445411086,0.00998131837695837,8.492548315316068,1.0,0.4304927587509155,3.535593862125097e-07,0.23001138865947723,0.3394955098628998,1.1123351552699179,0.0017822377284337776,1.1016822071018808,1.0997222406338254,0.0019599664680554074,0.5945472717285156
1112,2012-04-04 00:00:00,0.003896340960636735,0.009940149262547493,3.500476548073729,1.0,0.43961045145988464,3.5641355111692974e-07,0.224626362323761,0.3357628285884857,1.9051767331349674,0.0006021343471422913,1.1023455677984124,1.1016822071018808,0.0006633606965316119,0.5970352292060852
1113,2012-04-09 00:00:00,0.0009615257731638849,0.00984062161296606,3.9699542797667626,1.0,0.4294801652431488,3.538312114415021e-07,0.22677487134933472,0.3437446057796478,2.3974619717547734,-0.0035093556666984105,1.0984770451333992,1.1023455677984124,-0.003868522665013252,0.5950129628181458
1114,2012-04-10 00:00:00,-0.003476378507912159,0.009962229989469051,3.5435272494651406,1.0,0.43588030338287354,3.589315156204975e-07,0.22849054634571075,0.33562880754470825,1.918704228207776,0.0009194912870202909,1.099487085205391,1.0984770451333992,0.0010100400719919023,0.5956897139549255
1115,2012-04-11 00:00:00,-0.0005325282108969986,0.009484123438596725,7.396517398723055,1.0,0.43193498253822327,3.564975372682966e-07,0.22539448738098145,0.342670202255249,0.5663552867047659,-0.0004669440747058218,1.0989736862257389,1.099487085205391,-0.0005133989796521909,0.5956453680992126
1116,2012-04-12 00:00:00,-0.0027174390852451324,0.009505162946879864,1.5794546077974325,1.0,0.4300422966480255,3.5607925497060933e-07,0.22985754907131195,0.3400998115539551,0.06520558487385109,0.009044050030834416,1.108912859226535,1.0989736862257389,0.009939173000796053,0.5945071578025818
1117,2012-04-13 00:00:00,0.008363140746951103,0.009936903603374958,-6.5261380055787,1.0,0.43703898787498474,3.5360469041734177e-07,0.22663921117782593,0.33632147312164307,0.4590566957099323,-0.0024910232645620756,1.1061505314958295,1.108912859226535,-0.002762327730705394,0.596221923828125
1118,2012-04-16 00:00:00,-0.00047872145660221577,0.010027849115431309,5.0695453221480165,1.0,0.43073394894599915,3.5857931379723595e-07,0.23163147270679474,0.33763423562049866,0.5827378550711637,0.002205378565577787,1.108590012168293,1.1061505314958295,0.0024394806724634677,0.5942909717559814
1119,2012-04-17 00:00:00,0.0011169316712766886,0.009967909194529057,4.746027675407222,1.0,0.43725600838661194,3.5167880696462817e-07,0.22573426365852356,0.33700940012931824,1.0484278561865497,0.006957137521321766,1.1163026253377115,1.108590012168293,0.007712613169418514,0.5964261293411255
1120,2012-04-18 00:00:00,0.0041997069492936134,0.010132716037333012,3.2411436200456474,1.0,0.42887890338897705,3.5578716506279306e-07,0.23046669363975525,0.34065407514572144,2.3065209657711647,0.0024262624680175815,1.119011068500518,1.1163026253377115,0.0027084431628063843,0.5942198634147644
1121,2012-04-19 00:00:00,-0.0013788084033876657,0.010326276533305645,3.936144914270966,1.0,0.4331417977809906,3.5352539384803094e-07,0.22746066749095917,0.3393971920013428,2.8775341705938273,0.004177770236524214,1.1236860396368404,1.119011068500518,0.004674971136322537,0.5954331159591675
1122,2012-04-20 00:00:00,0.0018961387686431408,0.010182568803429604,1.0644049790076822,1.0,0.4343332350254059,3.5664248798639164e-07,0.22265905141830444,0.343007355928421,5.31222514525945,0.0007239660317786001,1.1244995501599213,1.1236860396368404,0.0008135105230808737,0.5965538620948792
1123,2012-04-23 00:00:00,-0.0002190085651818663,0.00944023858755827,2.832287602976354,1.0,0.4303763806819916,3.5473109960548754e-07,0.22804896533489227,0.3415743112564087,3.932686202333469,-0.009524057784803364,1.1137897514652129,1.1244995501599213,-0.01070979869470845,0.5948976278305054
1124,2012-04-24 00:00:00,-0.006039685569703579,0.009411425329744816,-0.677016155109256,1.0,0.4336778521537781,3.57009270146591e-07,0.22673866152763367,0.339583158493042,3.281058396885024,0.0068290846459329035,1.1213959159557414,1.1137897514652129,0.007606164490528533,0.5956539511680603
1125,2012-04-25 00:00:00,0.006235839799046516,0.009387168101966381,0.17996824581945106,1.0,0.42844370007514954,3.552855787347653e-07,0.22804339230060577,0.34351253509521484,3.3725722402347373,-0.002043489944903998,1.1191043546772295,1.1213959159557414,-0.0022915612785119333,0.5946164131164551
1126,2012-04-26 00:00:00,-0.0015729118604213,0.008974372409284115,0.06619089900887686,1.0,0.4300277531147003,3.550686074049736e-07,0.22646082937717438,0.34351107478141785,4.755747712239543,0.001144754250247404,1.1203854541437166,1.1191043546772295,0.0012810994664871345,0.5951539278030396
1127,2012-04-27 00:00:00,-0.00021991462563164532,0.00879022665321827,-0.5184561929267287,1.0,0.435179740190506,3.590608628201153e-07,0.22608090937137604,0.3387390375137329,4.377377852985841,-0.0015269832603613809,1.1186746443100868,1.1203854541437166,-0.0017108098336298116,0.5960185527801514
1128,2012-04-30 00:00:00,-0.0018957719439640641,0.008535327389836311,-0.7769903119509723,1.0,0.4321320652961731,3.559089236659929e-07,0.22651727497577667,0.34135034680366516,5.154362458716775,0.0031655093747096075,1.1222158193839002,1.1186746443100868,0.003541175073813463,0.5954563021659851
1129,2012-05-02 00:00:00,0.005407311953604221,0.008553793653845787,1.44329689718467,1.0,0.43533948063850403,3.548394147401268e-07,0.2277580350637436,0.3369021415710449,6.004678197219422,-0.003006188693010614,1.1188422268765508,1.1222158193839002,-0.0033735925073494766,0.595732569694519
1130,2012-05-03 00:00:00,-0.0014911331236362457,0.007460087072104216,0.06792132047975581,1.0,0.4318239092826843,3.5570144518715097e-07,0.22893057763576508,0.33924517035484314,3.93129343219685,-0.002481577256905787,1.1160657334522681,1.1188422268765508,-0.0027764934242826556,0.594952404499054
1131,2012-05-04 00:00:00,-0.005598721094429493,0.007679010275751352,-2.3532607535995926,1.0,0.4300849139690399,3.5588820423981815e-07,0.22750815749168396,0.3424065411090851,3.1762319831055437,-0.004883554849126948,1.1106153652277229,1.1160657334522681,-0.0054503682245452545,0.5949581861495972
1132,2012-05-07 00:00:00,-0.005535894073545933,0.007749661803245544,12.249770742131071,1.0,0.4329632520675659,3.622760118560109e-07,0.22660410404205322,0.340432345867157,1.8471980915187,0.006057718405401591,1.1173431603669846,1.1106153652277229,0.006727795139261694,0.5955675840377808
1133,2012-05-08 00:00:00,0.0032159234397113323,0.008035687729716301,22.18300893448853,1.0,0.4322337508201599,3.550157998688519e-07,0.22760702669620514,0.3401589095592499,2.7423411802533493,-0.005726491807744982,1.1109447039127032,1.1173431603669846,-0.006398456454281387,0.5952638387680054
1134,2012-05-09 00:00:00,-0.006323737092316151,0.008208222687244415,17.63317053840561,1.0,0.432943731546402,3.572179991806479e-07,0.22571364045143127,0.3413422703742981,2.283356150596853,-0.0018616202004662075,1.1088765468102983,1.1109447039127032,-0.0020681571024048218,0.5957360863685608
1135,2012-05-10 00:00:00,-0.00048132031224668026,0.008222619071602821,16.741651582185202,1.0,0.4321530759334564,3.5768948691838887e-07,0.22625067830085754,0.34159594774246216,1.7876046755078974,-1.9080479153776864e-05,1.1088553889144628,1.1088765468102983,-2.1157895835566265e-05,0.5955110788345337
1136,2012-05-11 00:00:00,0.000135533744469285,0.008211355656385422,54.08024801626782,1.0,0.43143850564956665,3.561440280464012e-07,0.22830022871494293,0.34026095271110535,1.85858324475728,-0.0008708265998329523,1.107889768146428,1.1088553889144628,-0.0009656207680348583,0.5950106978416443
1137,2012-05-14 00:00:00,-0.0012440632563084364,0.007503781002014875,1.8292898115805596,1.0,0.4337369501590729,3.588297090573178e-07,0.22836965322494507,0.3378930687904358,0.14608849824816758,-0.0046127880227434526,1.102779307493402,1.107889768146428,-0.0051104606530258945,0.5953588485717773
1138,2012-05-15 00:00:00,-0.00202825921587646,0.007513882126659155,3.3639479570427784,1.0,0.43675556778907776,3.5841065937347594e-07,0.2246040552854538,0.3386400640010834,-0.22600806374070173,0.006207515438935607,1.109624827070406,1.102779307493402,0.006845519577004078,0.5965563654899597
1139,2012-05-16 00:00:00,0.0036542462185025215,0.007639919873327017,-0.015569313133037234,1.0,0.4344961941242218,3.529596881435282e-07,0.22690607607364655,0.3385973870754242,0.492272948700652,-0.0027178623383374845,1.1066090195432272,1.109624827070406,-0.003015807527178893,0.5957528352737427
1140,2012-05-17 00:00:00,2.764211967587471e-05,0.007409237325191498,-0.16203439596831598,1.0,0.43494606018066406,3.5872372450285184e-07,0.22973990440368652,0.33531370759010315,-1.338049008273667,-0.00023133377556805446,1.1063530235006587,1.1066090195432272,-0.00025599604256854036,0.5953097939491272
1141,2012-05-18 00:00:00,-0.0013136030174791813,0.007135611958801746,0.27003936693756303,1.0,0.4333728551864624,3.5625055261334637e-07,0.2285737544298172,0.33805304765701294,-1.8541396643133332,0.0066165675533222945,1.1136732830184732,1.1063530235006587,0.007320259517814565,0.595262885093689
1142,2012-05-22 00:00:00,0.005199325270950794,0.007127165328711271,-2.1964117771307374,1.0,0.4320965111255646,3.5610582926892675e-07,0.23075616359710693,0.3371469974517822,-1.329558791872381,-0.0025346804984813787,1.1108504770663266,1.1136732830184732,-0.0028228059521466786,0.5946628451347351
1143,2012-05-23 00:00:00,-0.002229952020570636,0.007160816341638565,-1.7646688546405522,1.0,0.43230441212654114,3.5704567835637135e-07,0.2300630360841751,0.3376321792602539,-1.9234553791805977,0.00034857650619390945,1.1112376934445263,1.1108504770663266,0.0003872163781997173,0.5948206186294556
1144,2012-05-24 00:00:00,0.0004243393777869642,0.0065180454403162,-1.4962067786510784,1.0,0.4347788095474243,3.5919916285820364e-07,0.22711676359176636,0.33810412883758545,-0.16718835295539017,0.004106929526613401,1.1158014683388193,1.1112376934445263,0.004563774894293049,0.5957592129707336
1145,2012-05-25 00:00:00,0.004982530139386654,0.006510087288916111,-4.101281916405373,1.0,0.43404120206832886,3.534609618327522e-07,0.22698833048343658,0.3389701247215271,-0.785324650171124,0.001508578199065136,1.1174847421084402,1.1158014683388193,0.0016832737696208522,0.5956645011901855
1146,2012-05-28 00:00:00,0.001703052083030343,0.006338018923997879,-11.161198788801158,1.0,0.43458059430122375,3.571008733160852e-07,0.22923915088176727,0.3361799418926239,-0.029081618381533475,0.00031858714101340446,1.1178407583775547,1.1174847421084402,0.000356016269114523,0.5953384041786194
1147,2012-05-29 00:00:00,-0.0004534588661044836,0.006358123850077391,-4.603985479194116,1.0,0.4328279197216034,3.566842394775449e-07,0.2286088913679123,0.33856284618377686,-0.2110707081839127,-0.00212220673204333,1.1154684691947734,1.1178407583775547,-0.0023722891827813175,0.5951696038246155
1148,2012-05-30 00:00:00,-0.0028702933341264725,0.00647888844832778,-3.1418352859900094,0.0,0.43173155188560486,3.5857050306731253e-07,0.2276204228401184,0.34064769744873047,-0.3385567314209368,0.0008919835392577902,1.1164634487078562,1.1154684691947734,0.0009949795130828054,0.5951840281486511
1149,2012-05-31 00:00:00,0.0040755243971943855,0.006444929167628288,-4.835638419754069,1.0,0.4345846176147461,3.5447962432044733e-07,0.2290307879447937,0.33638426661491394,-0.8607242268159845,-0.0031901182734341837,1.1129017982585119,1.1164634487078562,-0.0035616504493443113,0.5953765511512756
1150,2012-06-01 00:00:00,-0.0036533595994114876,0.006542269140481949,0.5766108245392182,1.0,0.4314859211444855,3.551565725956607e-07,0.23032771050930023,0.3381860852241516,-0.9121022908066483,-0.004887713357166312,1.1074622532739493,1.1129017982585119,-0.005439544984562561,0.5946434140205383
1151,2012-06-04 00:00:00,-0.003938706591725349,0.0069238850846886635,4.111784141723666,1.0,0.43386298418045044,3.573316575966601e-07,0.22777718305587769,0.33835944533348083,-1.3911145229475237,-0.005886462005377124,1.1009432187976629,1.1074622532739493,-0.006519034476286434,0.5954885482788086
1152,2012-06-05 00:00:00,-0.006171314045786858,0.006950546521693468,6.890854186123491,1.0,0.43407198786735535,3.5869334169547074e-07,0.22794362902641296,0.3379840850830078,-1.5830989616284137,-7.200414866403992e-05,1.100863946318466,1.1009432187976629,-7.927247919692348e-05,0.5954914093017578
1153,2012-06-06 00:00:00,0.0001862040371634066,0.006625710055232048,3.683000689343017,1.0,0.43381670117378235,3.5653675922731054e-07,0.23264673352241516,0.3335362374782562,-3.119192338366393,0.004973519792663916,1.106339114944511,1.100863946318466,0.005475168626045024,0.5946156978607178
1154,2012-06-07 00:00:00,0.0051402985118329525,0.00657403189688921,-29.485022451791163,1.0,0.43721988797187805,3.569048487861437e-07,0.22880040109157562,0.33397936820983887,-0.6376003874305964,0.009091052355750584,1.1163969017616864,1.106339114944511,0.010057786817175396,0.5958632826805115
1155,2012-06-08 00:00:00,0.008149015717208385,0.007059826049953699,1.377199575165155,1.0,0.43448948860168457,3.5450344171295e-07,0.22841818630695343,0.3370920419692993,1.6549550617584836,0.003266344134954746,1.1200434382340374,1.1163969017616864,0.003646536472351025,0.5954720973968506
1156,2012-06-11 00:00:00,-0.0012687065172940493,0.0073440405540168285,2.884120073353511,1.0,0.43504250049591064,3.5573489753915055e-07,0.2287721484899521,0.3361850082874298,2.294153345002802,-0.006676412411059873,1.1125655663220855,1.1200434382340374,-0.007477871911951928,0.5954989790916443
1157,2012-06-12 00:00:00,-0.004368940833956003,0.007442564237862825,5.97651162617384,1.0,0.43335840106010437,3.5926058217228274e-07,0.2273249626159668,0.3393162786960602,1.0869918688586666,0.012337622255478076,1.1262919800138194,1.1125655663220855,0.013726413691733885,0.5954928398132324
1158,2012-06-13 00:00:00,0.008075629360973835,0.007984394207596779,4.098405950113609,1.0,0.431428462266922,3.529111722855305e-07,0.2283676713705063,0.34020349383354187,3.713827159579739,0.0038626917649242642,1.130642498769919,1.1262919800138194,0.004350518756099708,0.594996452331543
1159,2012-06-14 00:00:00,0.003182715969160199,0.007924588397145271,3.7019981527121884,1.0,0.4318279027938843,3.547903020262311e-07,0.2254914492368698,0.34268030524253845,3.3828333059352476,-0.006189625036292834,1.123644245652436,1.130642498769919,-0.006998253117483033,0.5956101417541504
1160,2012-06-15 00:00:00,-0.006150117609649897,0.008056208491325378,-0.24340086874113875,1.0,0.4322245121002197,3.5894547067982785e-07,0.22449739277362823,0.3432777523994446,2.7306001221411806,-0.0018937562458991586,1.121516337344063,1.123644245652436,-0.00212790830837295,0.5958663821220398
1161,2012-06-18 00:00:00,-0.0013271719217300415,0.00806262157857418,-0.2707023644456189,1.0,0.4335152804851532,3.565386919035518e-07,0.22356662154197693,0.34291771054267883,2.452021765021027,0.004408846483436868,1.1264609307040794,1.121516337344063,0.004944593360016292,0.5962467193603516
1162,2012-06-19 00:00:00,0.0018269236898049712,0.007930224761366844,4.220958285904283,1.0,0.43194782733917236,3.551026281911618e-07,0.2301989644765854,0.3378528356552124,2.168915556326411,0.0014248349517063108,1.128065951609878,1.1264609307040794,0.0016050209057987264,0.5947394371032715
1163,2012-06-20 00:00:00,-3.1931325793266296e-05,0.007915566675364971,-1.3309035469786987,1.0,0.43469351530075073,3.547122844338446e-07,0.22792719304561615,0.33737891912460327,2.8284035985125784,-0.0010715100008664713,1.1268572176610911,1.128065951609878,-0.0012087339487869553,0.5955953001976013
1164,2012-06-21 00:00:00,-0.0011091510532423854,0.007990390062332153,-4.543577871699573,1.0,0.433438777923584,3.551290888026415e-07,0.22684407234191895,0.3397168517112732,2.5821341885855094,0.005210703825872187,1.1327289368763696,1.1268572176610911,0.005871719215278404,0.5955963134765625
1165,2012-06-22 00:00:00,0.0025975764729082584,0.007985850796103477,2.1772425859632247,1.0,0.437724769115448,3.553613225903973e-07,0.22817325592041016,0.33410167694091797,2.758289317018505,0.0053554592492084385,1.1387952205382101,1.1327289368763696,0.006066283661840588,0.5960620045661926
1166,2012-06-25 00:00:00,0.0009536275174468756,0.008278902620077133,5.9580964133928145,1.0,0.43416422605514526,3.5526628039406205e-07,0.23006238043308258,0.3357730805873871,3.3204400150108344,0.001070316293876994,1.1400140916181414,1.1387952205382101,0.0012188710799312386,0.5951225161552429
1167,2012-06-26 00:00:00,0.0017621710430830717,0.008293823339045048,3.2981287101366648,1.0,0.43366342782974243,3.57137309947575e-07,0.22886216640472412,0.3374740779399872,3.435365106173695,0.004539536403178834,1.1451892270871789,1.1400140916181414,0.005175135469037473,0.5952567458152771
1168,2012-06-27 00:00:00,0.0016579286893829703,0.008250586688518524,2.4455147281276894,1.0,0.42853718996047974,3.543439390796266e-07,0.2277587205171585,0.3437037467956543,4.462013106681826,0.0017090185822976611,1.147146376756518,1.1451892270871789,0.001957149669339131,0.5946851372718811
1169,2012-06-28 00:00:00,0.001352893654257059,0.008164015598595142,4.849669992493324,1.0,0.4304687976837158,3.568789281871432e-07,0.2296971082687378,0.33983370661735535,4.603145123635315,0.0023836782782757915,1.1498808046567952,1.147146376756518,0.0027344279002772254,0.5946016311645508
1170,2012-06-29 00:00:00,0.003362082177773118,0.00809881929308176,2.618991409611764,1.0,0.4314097464084625,3.556008039140579e-07,0.2260935753583908,0.3424963355064392,5.588979443796441,0.010760438262731542,1.1622540260648047,1.1498808046567952,0.01237322140800945,0.5954295992851257
1171,2012-07-02 00:00:00,0.00808706134557724,0.00828460417687893,2.5046729484107986,1.0,0.4290074408054352,3.5479439475238905e-07,0.22511611878871918,0.3458760678768158,7.911082273231333,0.0015628266031006977,1.1640704275762996,1.1622540260648047,0.0018164015114949805,0.5952771902084351
1172,2012-07-03 00:00:00,0.00021987775107845664,0.00799188669770956,1.8180392154214526,1.0,0.4286653697490692,3.5441362911114993e-07,0.2257857322692871,0.3455485701560974,9.77408882171387,0.0024525788206193333,1.1669254020526825,1.1640704275762996,0.002854974476382832,0.5950940847396851
1173,2012-07-04 00:00:00,0.0018936644773930311,0.007978244684636593,1.7544825412252887,1.0,0.43259313702583313,3.586877141970035e-07,0.22497548162937164,0.342430979013443,10.272136929131346,-0.0005883857829619421,1.1662387997363375,1.1669254020526825,-0.0006866023163449864,0.5958269834518433
1174,2012-07-05 00:00:00,0.001386473886668682,0.007816337049007416,1.9766293797491854,1.0,0.4301854372024536,3.5178769053345604e-07,0.2245611995458603,0.34525302052497864,9.254054889433208,-0.0006685916255325663,1.1654590622414627,1.1662387997363375,-0.0007797374948748104,0.5955559611320496
1175,2012-07-06 00:00:00,-0.0019486586097627878,0.007432226557284594,1.9129403065899528,1.0,0.430787593126297,3.5275175491733535e-07,0.22712117433547974,0.342090904712677,7.907131211061432,-0.002616517250802808,1.1624096185000035,1.1654590622414627,-0.0030494437414592124,0.5951370596885681
1176,2012-07-09 00:00:00,-0.0021035256795585155,0.007125853095203638,-0.1143244599328134,1.0,0.43119463324546814,3.5682597854247433e-07,0.22613921761512756,0.34266582131385803,6.7006401398954845,-0.00654600864002286,1.1548004750940568,1.1624096185000035,-0.00760914340594665,0.5953885912895203
1177,2012-07-10 00:00:00,-0.007667952682822943,0.007531347684562206,-2.1073235284960035,1.0,0.43134230375289917,3.57695967068139e-07,0.22560669481754303,0.34305065870285034,6.74642784291126,0.001956509132031936,1.157059852769253,1.1548004750940568,0.002259377675196239,0.5955151915550232
1178,2012-07-11 00:00:00,0.0019135335460305214,0.006889153737574816,-3.4164898005180673,1.0,0.4329243302345276,3.5516981711225526e-07,0.22813428938388824,0.3389410078525543,5.7671293944919615,-0.005023704146027486,1.1512471263896942,1.157059852769253,-0.005812726379558875,0.5952728390693665
1179,2012-07-12 00:00:00,-0.0038117533549666405,0.007020310964435339,-19.021691571884265,1.0,0.43065834045410156,3.549350537923601e-07,0.23006649315357208,0.3392748534679413,3.7921089674191726,-0.008783693753619315,1.1411349241967528,1.1512471263896942,-0.0101122021929414,0.5945625305175781
1180,2012-07-13 00:00:00,-0.008218985982239246,0.007208838127553463,-100.08339020188721,1.0,0.43314650654792786,3.576018343665055e-07,0.22755295038223267,0.3393001854419708,3.0868208194398212,0.0008019694307570546,1.1420500795223278,1.1411349241967528,0.0009151553255750677,0.5954165458679199
1181,2012-07-16 00:00:00,-0.0003830390051007271,0.007195469923317432,-41.7895715036264,1.0,0.4313585162162781,3.5710812085198995e-07,0.22704781591892242,0.34159335494041443,3.6065088758181894,0.0029212395108115796,1.145386281337954,1.1420500795223278,0.0033362018156262163,0.5952368378639221
1182,2012-07-17 00:00:00,-0.0004859416512772441,0.007242125459015369,76.57904882265946,1.0,0.4312490224838257,3.5908496442971227e-07,0.23040829598903656,0.3383422791957855,3.3760456245506565,0.001104500470594072,1.1466513610247038,1.145386281337954,0.001265079686749715,0.5945916175842285
1183,2012-07-18 00:00:00,0.0016192132607102394,0.007269134279340506,-41.88448837123737,1.0,0.4351402819156647,3.5663799735630164e-07,0.22479447722434998,0.3400648534297943,3.3033659668883306,-0.0009299102251280056,1.14558507819943,1.1466513610247038,-0.0010662828252738787,0.5962581038475037
1184,2012-07-19 00:00:00,0.0009723759721964598,0.00727247865870595,-8.226323986860866,1.0,0.42991966009140015,3.5670211673277663e-07,0.2267344892024994,0.3433455526828766,3.3579795256281706,0.0012856327961454639,1.147057879946738,1.14558507819943,0.0014728017473080168,0.595084547996521
1185,2012-07-20 00:00:00,-0.0011769800912588835,0.007080357987433672,-3.5445808300808257,1.0,0.4335072636604309,3.571438753624534e-07,0.2270110547542572,0.339481383562088,2.688523606720125,0.0004191182956698736,1.1475386328904158,1.147057879946738,0.0004807529436778868,0.5955755114555359
1186,2012-07-23 00:00:00,-0.0010753362439572811,0.0067449030466377735,0.2218303288443355,1.0,0.4313027262687683,3.5825323152494093e-07,0.22610580921173096,0.34259113669395447,1.776875396450222,-0.008325993957583822,1.1379842331668761,1.1475386328904158,-0.009554399723539664,0.5954112410545349
1187,2012-07-24 00:00:00,-0.006072931457310915,0.007195982616394758,2.1884610832058824,1.0,0.43210887908935547,3.5707728329725796e-07,0.22698229551315308,0.3409084975719452,-0.04909860105221964,0.004651503378202859,1.1432775706717935,1.1379842331668761,0.005293337504917339,0.595363438129425
1188,2012-07-25 00:00:00,0.00513557530939579,0.007227826863527298,1.2666370971247218,1.0,0.43443426489830017,3.5833608080793056e-07,0.22683969140052795,0.3387257158756256,-0.02621244511477716,-0.0006655342895549587,1.1425166802460323,1.1432775706717935,-0.0007608904257612181,0.5957553386688232
1189,2012-07-26 00:00:00,-0.002436988754197955,0.007228561211377382,2.0854868257261976,1.0,0.4331120252609253,3.5691331845555396e-07,0.22821101546287537,0.3386765718460083,-0.45007178254091773,-0.006699005523897461,1.134862954693919,1.1425166802460323,-0.007653725552113189,0.5952882170677185
1190,2012-07-27 00:00:00,-0.006045079790055752,0.007457370404154062,2.0782530774417753,1.0,0.4368497431278229,3.58892322083193e-07,0.22662296891212463,0.33652693033218384,-1.9819788052912843,0.005080471482865834,1.1406285935722025,1.134862954693919,0.005765638878283408,0.5961929559707642
1191,2012-07-30 00:00:00,0.005254436284303665,0.0067257750779390335,0.723344963551934,1.0,0.4334312975406647,3.5697240718945977e-07,0.2298176884651184,0.33675065636634827,-3.388471689521588,0.004055844244162721,1.1452548054881697,1.1406285935722025,0.004626211915967238,0.5950461030006409
1192,2012-07-31 00:00:00,0.0037367483600974083,0.006811938714236021,-1.1569983303970506,1.0,0.43473896384239197,3.546174696111848e-07,0.23211733996868134,0.33314335346221924,-2.7826701553474757,0.0012351746634460259,1.1466693952070985,1.1452548054881697,0.001414589718928827,0.5948621034622192
1193,2012-08-01 00:00:00,-0.0023056536447256804,0.006925440393388271,0.3030305849112011,1.0,0.43530887365341187,3.5952712096332107e-07,0.22937431931495667,0.3353164494037628,-3.0611918290169795,0.00048420070371291146,1.1472246133351838,1.1466693952070985,0.0005552181280852331,0.5954355597496033
1194,2012-08-02 00:00:00,0.001219519297592342,0.00690065510571003,-0.3115368655585624,1.0,0.43457600474357605,3.5491422067934764e-07,0.22807545959949493,0.33734819293022156,-2.853496663147227,-0.007180647353851488,1.1389867979511652,1.1472246133351838,-0.008237815384018576,0.5955488681793213
1195,2012-08-03 00:00:00,-0.0033135204575955868,0.007148190401494503,-0.7274836713644386,1.0,0.43457043170928955,3.5726048963624635e-07,0.22988298535346985,0.3355462849140167,-3.8770239229936236,-0.00041645723524941225,1.1385124586583049,1.1389867979511652,-0.0004743392928603374,0.595221757888794
1196,2012-08-06 00:00:00,-0.0003635066677816212,0.00715179368853569,0.17466355071950376,1.0,0.43355751037597656,3.593028736759152e-07,0.23031096160411835,0.33613112568855286,-3.485997083680398,0.0010621003782591565,1.1397216731712987,1.1385124586583049,0.001209214512993828,0.5949784517288208
1197,2012-08-07 00:00:00,-0.00026662275195121765,0.006894287653267384,1.249268208740805,1.0,0.43100523948669434,3.5522486996342195e-07,0.22968754172325134,0.33930686116218567,-2.199105405018131,0.005733678677029674,1.1462564710265095,1.1397216731712987,0.006534797855210828,0.5946856737136841
1198,2012-08-08 00:00:00,0.004421174060553312,0.006950534880161285,-0.49923696580713206,1.0,0.4335230886936188,3.5538135989554576e-07,0.2294171303510666,0.33705946803092957,-1.3828435621043136,0.00020643526786456867,1.1464930987881474,1.1462564710265095,0.00023662776163790866,0.5951332449913025
1199,2012-08-09 00:00:00,0.0030287960544228554,0.006885957904160023,-2.075805897867509,1.0,0.4346274435520172,3.548471738668013e-07,0.22839555144309998,0.33697667717933655,-0.44657032922783335,0.0006488376608293489,1.1472369866885221,1.1464930987881474,0.0007438879003747179,0.59549880027771
1200,2012-08-10 00:00:00,0.0019100472563877702,0.006490121595561504,10.354248425265045,1.0,0.4351891279220581,3.550773328697687e-07,0.22955401241779327,0.33525657653808594,1.4745763725206924,0.0022102893595374873,1.1497727123930677,1.1472369866885221,0.0025357257045455217,0.5953835844993591
1201,2012-08-13 00:00:00,0.0024214042350649834,0.006501724943518639,7.456648748282561,1.0,0.4330599904060364,3.544139985933725e-07,0.22906464338302612,0.3378750681877136,1.761907830947396,-3.152702446695965e-05,1.1497364634806326,1.1497727123930677,-3.624891243503292e-05,0.595122754573822
1202,2012-08-14 00:00:00,0.000993636203929782,0.006390383467078209,6.67409196148866,1.0,0.433503657579422,3.5570198519963014e-07,0.22718410193920135,0.3393119275569916,1.1511547676709428,0.0009289564328665012,1.1508045185644842,1.1497364634806326,0.001068055083851549,0.595542311668396
1203,2012-08-16 00:00:00,0.0004559090593829751,0.006385695189237595,5.427086684490313,1.0,0.4335934519767761,3.573934748146712e-07,0.2270381599664688,0.3393680155277252,1.1173948794406259,0.0010198036437385483,1.151978113205747,1.1508045185644842,0.0011735946412627651,0.595583975315094
1204,2012-08-17 00:00:00,0.0005499682738445699,0.006270064972341061,4.171425105400948,1.0,0.43228986859321594,3.559632943961333e-07,0.22905084490776062,0.3386589586734772,1.5332265431537315,0.00044052264212735004,1.1524855856478493,1.151978113205747,0.0005074724421023635,0.595003068447113
1205,2012-08-21 00:00:00,0.00023391455761156976,0.0061668031848967075,2.488653585033407,1.0,0.43271705508232117,3.5387856200941314e-07,0.2301735281944275,0.3371090590953827,1.3439130803663804,0.0006008025551449414,1.1531780019324742,1.1524855856478493,0.0006924162846249082,0.5948667526245117
1206,2012-08-22 00:00:00,0.0021339270751923323,0.006316515617072582,1.634037711601383,1.0,0.43174248933792114,3.5531562048163323e-07,0.22851479053497314,0.3397423326969147,1.3970844719749922,-0.001379202704155702,1.151587535713836,1.1531780019324742,-0.0015904662186381202,0.59501713514328
1207,2012-08-23 00:00:00,0.0012835848610848188,0.005798823200166225,1.0322342276916108,1.0,0.4325188994407654,3.55515823002861e-07,0.22647809982299805,0.3410026729106903,3.3184730346751943,-0.0024979618888286703,1.1487109139379728,1.151587535713836,-0.0028766217758633417,0.5955230593681335
1208,2012-08-24 00:00:00,0.0002695162547752261,0.005761410109698772,1.3567321278002038,1.0,0.4330347180366516,3.558943149073457e-07,0.2285229116678238,0.3384420573711395,1.5356820599560312,-0.0029235356501123855,1.145352616629402,1.1487109139379728,-0.0033582973085708456,0.595218300819397
1209,2012-08-27 00:00:00,-0.0048805344849824905,0.006065938621759415,-0.3574610147342182,1.0,0.4314488172531128,3.5857007674167107e-07,0.22791491448879242,0.3406359553337097,0.9580762106916941,0.004593307192193974,1.150613573040964,1.145352616629402,0.00526095641156199,0.5950850248336792
1210,2012-08-29 00:00:00,0.003631050232797861,0.005622390192002058,0.47762212556579453,1.0,0.43480026721954346,3.574663764993602e-07,0.22507581114768982,0.3401235342025757,4.113324292594034,-0.007400274680602781,1.142098716549231,1.150613573040964,-0.008514856491733003,0.5961496829986572
1211,2012-08-30 00:00:00,-0.004936323966830969,0.005975042935460806,-1.8126194804069706,1.0,0.4329661726951599,3.5648432117341144e-07,0.22700995206832886,0.34002357721328735,0.6374707777326513,-0.0015638817584958664,1.140312609200018,1.142098716549231,-0.0017861073492129176,0.5954907536506653
1212,2012-08-31 00:00:00,0.0001258526463061571,0.00591642688959837,-3.5028091695354373,1.0,0.4330640137195587,3.5705139111996687e-07,0.22965694963932037,0.33727872371673584,-0.8206991258449544,-0.0048444706683097305,1.1347883982120448,1.140312609200018,-0.005524210987973177,0.5950157046318054
1213,2012-09-03 00:00:00,-0.005001225043088198,0.006028474774211645,-11.296238047721655,1.0,0.4312951862812042,3.587279877592664e-07,0.22985400259494781,0.3388504683971405,-2.2583767304029116,0.002809714082628645,1.1379768291553047,1.1347883982120448,0.0031884309432599345,0.5946999192237854
1214,2012-09-04 00:00:00,0.006209729705005884,0.006327904295176268,0.013061083374320513,1.0,0.435000479221344,3.585830086194619e-07,0.2292872667312622,0.33571192622184753,-1.6771036651743079,0.0006919584933162692,1.1387642618874358,1.1379768291553047,0.0007874327321311103,0.5953994989395142
1215,2012-09-05 00:00:00,-0.0010419314494356513,0.006037177983671427,-1.6617155338303762,1.0,0.43388551473617554,3.561987114153453e-07,0.22593604028224945,0.34017807245254517,0.2514370229953289,0.00018178863651474586,1.138971276289916,1.1387642618874358,0.00020701440248016567,0.5958396196365356
1216,2012-09-06 00:00:00,-0.002052148338407278,0.006105705630034208,-0.7417223962139288,1.0,0.43339577317237854,3.576466269805678e-07,0.22723278403282166,0.33937108516693115,0.41091771719007664,-0.0010456775726956913,1.137780279570355,1.138971276289916,-0.0011909967195609106,0.5955160856246948
1217,2012-09-07 00:00:00,-0.00030961603624746203,0.005869499873369932,-0.9294833950283495,1.0,0.4353795647621155,3.5681543408827565e-07,0.22772039473056793,0.3368997275829315,-0.18308948711300685,0.0067984192983907565,1.1455153869803147,1.137780279570355,0.007735107409959641,0.5957460403442383
1218,2012-09-10 00:00:00,0.009844662621617317,0.006419682875275612,3.402915474300706,1.0,0.432592511177063,3.564943824585498e-07,0.228749617934227,0.33865755796432495,0.13714511125532414,-0.0015473196394554245,1.1437429085247417,1.1455153869803147,-0.0017724784555730455,0.5951063632965088
1219,2012-09-11 00:00:00,-0.0021111266687512398,0.006344271823763847,1.7799048803109454,1.0,0.43297910690307617,3.566776740626665e-07,0.2271428108215332,0.33987775444984436,-0.3213977107688215,0.004397476219571761,1.148772490766283,1.1437429085247417,0.005029582241541375,0.5954675674438477
1220,2012-09-12 00:00:00,0.003464072709903121,0.0067509012296795845,3.132023012783201,1.0,0.4337524473667145,3.569853106455412e-07,0.22672580182552338,0.33952146768569946,0.6210841572828959,0.000995383664206928,1.1499159601374822,1.148772490766283,0.001143469371199135,0.5956681966781616
1221,2012-09-13 00:00:00,0.0028232145123183727,0.006793426349759102,4.693074934206122,1.0,0.4331473112106323,3.555228147433809e-07,0.2273932546377182,0.339459091424942,0.32469054928082414,0.00115951867013675,1.15124930916235,1.1499159601374822,0.0013333490248677027,0.5954466462135315
1222,2012-09-14 00:00:00,0.0006866938201710582,0.006793398410081863,5.1698788009376315,1.0,0.4353066086769104,3.5616193372334237e-07,0.22503943741321564,0.3396535813808441,0.6138285445215859,0.008320221403238959,1.1608279583049066,1.15124930916235,0.009578649142556683,0.5962374806404114
1223,2012-09-17 00:00:00,0.007213702891021967,0.007585842162370682,2.663381062650562,1.0,0.43342840671539307,3.5325263070262736e-07,0.22801822423934937,0.3385530710220337,2.178575617993776,0.005730641477449838,1.167480247150952,1.1608279583049066,0.006652288846045407,0.5953744053840637
1224,2012-09-18 00:00:00,0.0051583657041192055,0.007660812698304653,3.402163825285349,1.0,0.43348240852355957,3.52872376652158e-07,0.22862008213996887,0.3378972113132477,3.0654238905438924,-0.00031068803949152457,1.1671175250018195,1.167480247150952,-0.00036272214913246614,0.5952719449996948
1225,2012-09-20 00:00:00,0.0002599151339381933,0.007671218831092119,2.83544488170112,1.0,0.43378329277038574,3.5685386023942556e-07,0.22696442902088165,0.33925193548202515,2.9011298480367835,-0.003397825669581911,1.1631518631159494,1.1671175250018195,-0.003965661885870109,0.5956279635429382
1226,2012-09-21 00:00:00,-0.000954930204898119,0.007631320506334305,2.512609473584992,1.0,0.4314820170402527,3.5464191228129494e-07,0.22766537964344025,0.340852290391922,2.027530263875726,0.008393625245303404,1.1729149239583212,1.1631518631159494,0.009763060842371774,0.5951374173164368
1227,2012-09-24 00:00:00,0.009246906265616417,0.00810880959033966,3.0274075651998786,1.0,0.434912770986557,3.5559082789404783e-07,0.22966797649860382,0.3354188799858093,3.699062911332719,-0.0005464161663130129,1.1722740242821605,1.1729149239583212,-0.0006408996761606556,0.595317006111145
1228,2012-09-25 00:00:00,-0.00010325922630727291,0.00807022675871849,1.9956530009582403,1.0,0.4323030412197113,3.5245980711806624e-07,0.22642038762569427,0.34127625823020935,4.101964655237803,0.0033189499647006127,1.1761647431136713,1.1722740242821605,0.003890718831510709,0.5955011248588562
1229,2012-09-26 00:00:00,0.002811797196045518,0.007757165934890509,1.288172322580967,1.0,0.4331059455871582,3.573196920569899e-07,0.22668464481830597,0.34020906686782837,5.3763970199369195,0.004811776077249474,1.18182418448749,1.1761647431136713,0.0056594413738186855,0.5955744385719299
1230,2012-09-27 00:00:00,0.0037885962519794703,0.007900726050138474,1.684258001047607,1.0,0.4324157238006592,3.5478203130878683e-07,0.22826381027698517,0.3393201231956482,5.4049690551948215,-0.0009401515362789103,1.1807130906648324,1.18182418448749,-0.0011110938226575051,0.5951687693595886
1231,2012-09-28 00:00:00,5.581113509833813e-05,0.007515008561313152,1.5754441950847748,1.0,0.42903372645378113,3.5470267789605714e-07,0.23181435465812683,0.33915162086486816,7.460943068048952,-0.0013224393629492903,1.1791516691973878,1.1807130906648324,-0.0015614214674446458,0.5939963459968567
1232,2012-10-01 00:00:00,-0.0003341396222822368,0.0075015961192548275,0.6272863568139897,1.0,0.4323292672634125,3.539877013736259e-07,0.22582672536373138,0.3418436646461487,7.521757366289671,0.0015773377148118328,1.1810115895966962,1.1791516691973878,0.001859920399308379,0.5956201553344727
1233,2012-10-03 00:00:00,0.0013009558897465467,0.007167366798967123,0.663484712977031,1.0,0.42872053384780884,3.5682731436281756e-07,0.2251555472612381,0.3461236357688904,9.745647071093137,0.005588116870211879,1.1876112203844371,1.1810115895966962,0.006599630787740951,0.5952292680740356
1234,2012-10-04 00:00:00,0.0063771335408091545,0.00739994365721941,0.970266657677889,1.0,0.43487879633903503,3.539037436439685e-07,0.2247745245695114,0.3403463363647461,10.139282039648155,-0.00015693102865443898,1.1874248473339806,1.1876112203844371,-0.00018637305045654529,0.5962204337120056
1235,2012-10-05 00:00:00,0.002684864215552807,0.007424147799611092,0.8091704679503748,1.0,0.4305996000766754,3.581562850740738e-07,0.22631478309631348,0.34308525919914246,9.88948086673024,0.0052176916348591895,1.193620464026939,1.1874248473339806,0.006195616692958428,0.5952662229537964
1236,2012-10-08 00:00:00,0.0010350716765969992,0.007468045689165592,0.8359741185849708,1.0,0.43178966641426086,3.5573253853726783e-07,0.22462886571884155,0.3435811400413513,10.926631184995625,0.0003302938557359081,1.1940147095322877,1.193620464026939,0.0003942455053487226,0.5957754850387573
1237,2012-10-09 00:00:00,-0.00014479775563813746,0.007462747860699892,0.8476414671793393,1.0,0.43110984563827515,3.5360588412913785e-07,0.2244449257850647,0.3444448709487915,11.410862345260783,-0.001508384714034361,1.192213675996097,1.1940147095322877,-0.0018010335361906549,0.5957126021385193
1238,2012-10-10 00:00:00,-0.002025578636676073,0.0069799041375517845,0.7689570504812386,1.0,0.4296204149723053,3.549785105860792e-07,0.22814957797527313,0.3422296643257141,9.644391737158717,-0.001479501901552882,1.1904497935954035,1.192213675996097,-0.0017638824006935838,0.59476637840271
1239,2012-10-11 00:00:00,-0.001879202900454402,0.006983228027820587,-0.03179934947300057,1.0,0.4329138994216919,3.5446083757051383e-07,0.222387433052063,0.34469836950302124,9.66453472547211,0.005711476697660478,1.1972490198512584,1.1904497935954035,0.00679922625585494,0.5963954925537109
1240,2012-10-12 00:00:00,0.005457732826471329,0.006983290426433086,0.22487608557824934,1.0,0.4327501058578491,3.5613967952485837e-07,0.2256247103214264,0.3416248559951782,9.795721481001666,-0.004914592738792023,1.1913650285117716,1.1972490198512584,-0.005883991339486805,0.5957236886024475
1241,2012-10-15 00:00:00,-0.002228453289717436,0.0070914095267653465,-0.08543142519632042,1.0,0.4335974454879761,3.5676904985848523e-07,0.22515535354614258,0.3412468433380127,7.736849477490076,-0.0007480678017023346,1.1904738066938678,1.1913650285117716,-0.0008912218179037978,0.5959455370903015
1242,2012-10-16 00:00:00,-0.0007533497409895062,0.007102664560079575,-0.15460687434288872,1.0,0.4331151247024536,3.5821295796267805e-07,0.22340862452983856,0.343475878238678,7.266713588945708,-0.0034842270313589774,1.1863259256764602,1.1904738066938678,-0.004147881017407595,0.5962178707122803
1243,2012-10-17 00:00:00,-0.005832602269947529,0.006568312644958496,-0.87552647064824,1.0,0.4315195381641388,3.538748671871872e-07,0.22577334940433502,0.34270671010017395,5.008632202488891,-0.0018689793954955736,1.1841087069650287,1.1863259256764602,-0.0022172187114315456,0.5955086946487427
1244,2012-10-18 00:00:00,-0.0025639981031417847,0.006550289690494537,-1.4620136409926554,1.0,0.4323022961616516,3.5684087151821586e-07,0.2291288673877716,0.3385685086250305,3.42587032596018,0.0012917029016823456,1.1856382236177228,1.1841087069650287,0.001529516652694074,0.5949907302856445
1245,2012-10-19 00:00:00,0.0029794746078550816,0.006603151094168425,-1.775837499887117,1.0,0.43316376209259033,3.570146702713828e-07,0.22647640109062195,0.3403594493865967,3.8009008845459102,-0.004553653456663587,1.1802392380223934,1.1856382236177228,-0.005398985595329364,0.5956231951713562
1246,2012-10-22 00:00:00,-0.007626395672559738,0.007040106691420078,-4.506290026633631,1.0,0.43172869086265564,3.5731704883801285e-07,0.22555771470069885,0.34271320700645447,3.486154531099915,0.0026349060129113866,1.1833490574873327,1.1802392380223934,0.0031098194649392674,0.5955823063850403
1247,2012-10-23 00:00:00,0.0036239018663764,0.006428764201700687,-5.688380871897873,1.0,0.43623146414756775,3.5916653473577753e-07,0.2269897758960724,0.3367784321308136,2.429686219121478,-0.0027344809920816227,1.1801132119826359,1.1833490574873327,-0.0032358455046967993,0.5960217118263245
1248,2012-10-25 00:00:00,-0.0011385767720639706,0.006524685770273209,-3.3824048307478805,1.0,0.4303821921348572,3.5684610111275106e-07,0.22859567403793335,0.34102174639701843,1.874329937594083,0.0010249746045438712,1.1813227980554049,1.1801132119826359,0.0012095860727689978,0.5947946310043335
1249,2012-10-29 00:00:00,0.0031204689294099808,0.006539429072290659,0.6504005570394458,1.0,0.43434375524520874,3.57884630375338e-07,0.22672484815120697,0.33893105387687683,1.3052996465158269,-0.005860649114183714,1.1743994796454165,1.1813227980554049,-0.006923318409988388,0.5957624316215515
1250,2012-10-30 00:00:00,-0.004679187200963497,0.006653242278844118,10.424979004883264,1.0,0.4323573708534241,3.5658015917761077e-07,0.22574402391910553,0.34189826250076294,-1.3304164177699624,-0.001351065970027876,1.172812788473249,1.1743994796454165,-0.0015866911721673649,0.5956405401229858
1251,2012-10-31 00:00:00,-0.0046697864308953285,0.006871675606817007,2.052107619452841,1.0,0.4336642920970917,3.601625166993472e-07,0.22918029129505157,0.3371550738811493,-1.4364048121327222,0.005386100660995874,1.1791296762084693,1.172812788473249,0.006316887735220211,0.5951989889144897
1252,2012-11-01 00:00:00,0.004611768759787083,0.007002387661486864,4.689184109901664,1.0,0.43289777636528015,3.5677064147421333e-07,0.22721609473228455,0.33988574147224426,0.2256251844514201,-0.005315954045706062,1.1728614770358168,1.1791296762084693,-0.006268199172652533,0.5954409837722778
1253,2012-11-02 00:00:00,-0.001773215364664793,0.007177258841693401,2.4997205782826013,1.0,0.4325503408908844,3.595488635710353e-07,0.23005279898643494,0.337396502494812,-1.2875917996050132,0.0037879951031212222,1.177304270567468,1.1728614770358168,0.0044427935316511125,0.5948617458343506
1254,2012-11-05 00:00:00,0.004667496308684349,0.0068062650971114635,1.033294971124773,1.0,0.4360411465167999,3.556527587988967e-07,0.22675201296806335,0.3372064530849457,-1.699011075775533,0.004974898877232237,1.1831612402612748,1.177304270567468,0.0058569696938068905,0.596034049987793
1255,2012-11-06 00:00:00,0.0029985737055540085,0.006808524485677481,-3.421962708132839,1.0,0.4302751123905182,3.573187825622881e-07,0.2295689880847931,0.34015557169914246,-0.48570480974096103,-0.0027241636758449372,1.1799381153878874,1.1831612402612748,-0.003223124873387384,0.5945960283279419
1256,2012-11-07 00:00:00,-0.0011920253746211529,0.006680338177829981,-4.1171785764099305,1.0,0.43592098355293274,3.571092008769483e-07,0.22697408497333527,0.33710458874702454,-2.324709141226001,0.006246885970460747,1.1873090542469158,1.1799381153878874,0.0073709388590283975,0.595973014831543
1257,2012-11-08 00:00:00,0.004141439683735371,0.007048201747238636,-7.4284239074205445,1.0,0.43377622961997986,3.560712968919688e-07,0.2262701690196991,0.33995330333709717,-0.875680174196521,-0.0029759757371512485,1.183775651308977,1.1873090542469158,-0.003533402937938801,0.5957585573196411
1258,2012-11-09 00:00:00,-0.0037435702979564667,0.007085966411978006,-4.2423751309543265,1.0,0.43258580565452576,3.5458947422739584e-07,0.22976699471473694,0.33764687180519104,-1.1659542448987428,-0.006826465530984427,1.1756946476288976,1.183775651308977,-0.008081003680079357,0.5949191451072693
1259,2012-11-12 00:00:00,-0.0037508653476834297,0.00726705277338624,0.7407271126382637,0.0,0.4361819624900818,3.5847051549353637e-07,0.22680449485778809,0.33701321482658386,-2.1332098427582613,0.00023187288406267825,1.1759672593376205,1.1756946476288976,0.00027261170872283635,0.5960476994514465
1260,2012-11-15 00:00:00,-0.001724942703731358,0.006763958837836981,1.6145509199020218,0.0,0.4309631288051605,3.571985587313975e-07,0.22870589792728424,0.34033066034317017,-3.3641695395424605,-0.0016847646826712026,1.1739860312311108,1.1759672593376205,-0.0019812281065096915,0.5948618054389954
1261,2012-11-16 00:00:00,-0.003011707914993167,0.006713049951940775,1.9831332374516966,0.0,0.4335579574108124,3.550354392700683e-07,0.2293870747089386,0.33705464005470276,-2.7900502702289263,-0.002094915417326537,1.1715266297945588,1.1739860312311108,-0.002459401436551989,0.5951443314552307
1262,2012-11-19 00:00:00,-0.003694312646985054,0.0068335323594510555,3.307822813268339,0.0,0.4329073131084442,3.578578571250546e-07,0.2311248928308487,0.33596742153167725,-3.057416540154591,0.0018584359705826614,1.1737038370238644,1.1715266297945588,0.002177207229305589,0.5947281122207642
1263,2012-11-20 00:00:00,-0.0006889093201607466,0.006689372472465038,3.647607709128068,0.0,0.4348854124546051,3.5340323734089907e-07,0.22803089022636414,0.3370833694934845,-1.951963069576768,-0.0031317132645056756,1.1700281331488556,1.1737038370238644,-0.003675703875008818,0.5956077575683594
1264,2012-11-21 00:00:00,-0.0016764769097790122,0.006697316654026508,3.2650291347677545,0.0,0.4362759292125702,3.5698573697118263e-07,0.22747740149497986,0.3362463116645813,-2.203506970581018,0.003039267453806449,1.1735841615739728,1.1700281331488556,0.0035560284251172636,0.5959398150444031
1265,2012-11-22 00:00:00,0.004579619504511356,0.0067757004871964455,1.5453611210256397,0.0,0.43653106689453125,3.56368929033124e-07,0.23048889636993408,0.3329797089099884,-1.7963912000839743,-0.005379384699682244,1.1672710008914124,1.1735841615739728,-0.006313160682560381,0.5954493880271912
1266,2012-11-23 00:00:00,-0.00412068422883749,0.006365010980516672,2.758726900058806,0.0,0.433068186044693,3.570359297100367e-07,0.22994014620780945,0.3369913697242737,-1.9507011846353826,0.0014538154167897943,1.16896799746808,1.1672710008914124,0.0016969965766675532,0.5949652791023254
1267,2012-11-26 00:00:00,-0.0014896343927830458,0.006314311176538467,1.0264474335449285,0.0,0.43249791860580444,3.5973221201857086e-07,0.22925078868865967,0.33825093507766724,-2.2080141116806478,-0.0024921309098521194,1.166054776188962,1.16896799746808,-0.0029132212791180834,0.5949991941452026
1268,2012-11-27 00:00:00,0.00021669641137123108,0.006294332444667816,0.8386122926498855,0.0,0.43312716484069824,3.571337003904773e-07,0.22798673808574677,0.33888575434684753,-2.1622617348479927,0.0028928318135998943,1.1694279765419215,1.166054776188962,0.0033732003529596266,0.5953323841094971
1269,2012-11-29 00:00:00,0.005739898420870304,0.00650340411812067,-2.1279019209914134,0.0,0.4331343173980713,3.562779511412373e-07,0.22923322021961212,0.3376321494579315,-1.7432676533941116,0.007334987470472454,1.1780057160974764,1.1694279765419215,0.008577739555554853,0.595103919506073
1270,2012-11-30 00:00:00,0.005763823166489601,0.006879100110381842,20.652981429808698,0.0,0.43159425258636475,3.5537058806767163e-07,0.22811228036880493,0.34029313921928406,0.92055877438933,0.006838214398426468,1.1860611717467229,1.1780057160974764,0.008055455649246479,0.595069944858551
1271,2012-12-03 00:00:00,0.00483683729544282,0.006891909521073103,5.638020798686957,0.0,0.4316709637641907,3.557806564913335e-07,0.22816485166549683,0.34016385674476624,2.3839106500969525,0.0011402992604998552,1.1874136364237733,1.1860611717467229,0.0013524646770504134,0.5950718522071838
1272,2012-12-04 00:00:00,0.0017096358351409435,0.006789582781493664,9.382222861318684,0.0,0.43420782685279846,3.582684655611956e-07,0.22592100501060486,0.3398708701133728,1.6238511309763162,-0.00363127240593486,1.183101814051397,1.1874136364237733,-0.004311822372376373,0.595893383026123
1273,2012-12-05 00:00:00,-0.00030019355472177267,0.006741516292095184,7.666644191641014,1.0,0.4318966269493103,3.5563505207392154e-07,0.22610679268836975,0.3419962525367737,2.013954661625349,0.0008701745066501676,1.184131319088756,1.183101814051397,0.001029505037358991,0.595500111579895
1274,2012-12-06 00:00:00,-0.0001921075163409114,0.006560713052749634,10.740470814843139,1.0,0.43274208903312683,3.554658292159729e-07,0.22720548510551453,0.3400520980358124,1.4454437177534443,0.005018376556015891,1.190073735939715,1.184131319088756,0.005942416850959198,0.5954187512397766
1275,2012-12-07 00:00:00,0.002022471744567156,0.006679684855043888,9.432048412038984,1.0,0.4328402578830719,3.5550223742575326e-07,0.22555693984031677,0.34160247445106506,1.454208281280908,0.0006234039144017434,1.1908156325651267,1.190073735939715,0.0007418966254115755,0.5957506895065308
1276,2012-12-10 00:00:00,0.001344160409644246,0.006650201510637999,3.075777279668587,1.0,0.43154171109199524,3.5647079243972257e-07,0.22658425569534302,0.3418737053871155,2.157848498393853,0.005340225976372626,1.1971748571392216,1.1908156325651267,0.006359224574094879,0.595353901386261
1277,2012-12-11 00:00:00,0.005369930528104305,0.006644765380769968,4.586598608612482,1.0,0.4330165386199951,3.5505681239555997e-07,0.2297622114419937,0.3372209668159485,1.9495804244848383,-0.0018606522697915961,1.194947331023948,1.1971748571392216,-0.002227526115273548,0.5949890613555908
1278,2012-12-12 00:00:00,-0.0013760937144979835,0.006592735648155212,3.000147338440644,1.0,0.43098315596580505,3.5359857974981423e-07,0.23077598214149475,0.33824053406715393,2.222026332427645,0.0004840171069329102,1.1955257059740474,1.194947331023948,0.0005783749500993807,0.5944835543632507
1279,2012-12-13 00:00:00,-0.00048613426042720675,0.00635514734312892,2.1445308710525466,1.0,0.43310052156448364,3.5267987641418586e-07,0.2281077653169632,0.3387913703918457,4.134466767236313,-0.003283982513550221,1.1915996204611288,1.1955257059740474,-0.00392608551291862,0.5953056216239929
1280,2012-12-14 00:00:00,-0.001297450391575694,0.0063965716399252415,1.073065273785858,1.0,0.43263572454452515,3.5583295243668545e-07,0.22570466995239258,0.3416592478752136,3.2376046131417504,0.002228482689224709,1.194255079587813,1.1915996204611288,0.002655459126684301,0.5956906080245972
1281,2012-12-17 00:00:00,0.002416175091639161,0.00635763444006443,0.9908047527025738,1.0,0.43271636962890625,3.5546111121220747e-07,0.2278200387954712,0.3394632935523987,4.125192101195363,-0.0018234483678636337,1.1920774171121258,1.194255079587813,-0.002177662475687292,0.5952988862991333
1282,2012-12-18 00:00:00,-0.0027745626866817474,0.006241458468139172,-0.7180751154995483,1.0,0.431784451007843,3.5780297480414447e-07,0.22856131196022034,0.3396538496017456,4.212448481210048,0.004576633927196649,1.197533119063126,1.1920774171121258,0.0054557019510002025,0.5950149893760681
1283,2012-12-19 00:00:00,0.003916079644113779,0.006266135722398758,0.2932142919206053,1.0,0.43023982644081116,3.5626689509626885e-07,0.22786763310432434,0.34189221262931824,4.733301274224169,0.002925411058009253,1.2010363956919656,1.197533119063126,0.0035032766288396466,0.5949119925498962
1284,2012-12-20 00:00:00,0.001002343837171793,0.006436922121793032,0.4854854919722876,1.0,0.4309658408164978,3.5401336617724155e-07,0.22559815645217896,0.343435674905777,6.259510128654149,-3.867254434464229e-07,1.201035931220633,1.2010363956919656,-4.644713327284222e-07,0.5954613089561462
1285,2012-12-21 00:00:00,0.0006774573121219873,0.006429366767406464,0.9117069724791148,1.0,0.4308653175830841,3.5543351373235055e-07,0.22752998769283295,0.34160441160202026,5.5641373586286695,-0.006860520315359553,1.192796199815017,1.201035931220633,-0.008239731405615958,0.5950700640678406
1286,2012-12-24 00:00:00,-0.00588121498003602,0.006817291025072336,-0.5768405867205751,1.0,0.432047039270401,3.562500978659955e-07,0.22726339101791382,0.34068918228149414,5.033434745744303,-0.0033060403541081973,1.1888527674442015,1.192796199815017,-0.003943432370815403,0.5953002572059631
1287,2012-12-26 00:00:00,-0.0030127055943012238,0.006902357563376427,-0.6698142718734253,1.0,0.4324668347835541,3.5775499895862595e-07,0.22535251080989838,0.3421803116798401,3.871523918800829,0.003065104050209877,1.192496724876798,1.1888527674442015,0.0036439574325963786,0.5957337617874146
1288,2012-12-27 00:00:00,0.002906345296651125,0.006955464370548725,-0.769764336804565,1.0,0.4348490834236145,3.5853304325428326e-07,0.22403272986412048,0.34111785888671875,5.116473365401737,-0.0039184094370633415,1.1878240344563735,1.192496724876798,-0.004672690420424397,0.596360445022583
1289,2012-12-28 00:00:00,-0.0030448909383267164,0.0069351159036159515,-2.457336641444278,1.0,0.43364253640174866,3.5788249874713074e-07,0.22475746273994446,0.34159964323043823,3.5307865928326665,-0.00655218514444611,1.1800411914635924,1.1878240344563735,-0.007782842992781092,0.5960302948951721
1290,2012-12-31 00:00:00,-0.003182987216860056,0.006436544470489025,-10.500474147448937,1.0,0.4332716166973114,3.5958009902969934e-07,0.2284315526485443,0.3382965326309204,0.6319562365348705,0.0016921507829057436,1.1820379990895886,1.1800411914635924,0.0019968076259961887,0.5952728986740112
1291,2013-01-02 00:00:00,0.002082118997350335,0.00612314697355032,-8.958532512497234,1.0,0.431574285030365,3.5612939086604456e-07,0.23091156780719757,0.3375137746334076,-0.4882129704111665,0.010348551899996838,1.1942703806709356,1.1820379990895886,0.012232381581346985,0.5945519804954529
1292,2013-01-03 00:00:00,0.008242075331509113,0.007258052472025156,3.322332931058036,1.0,0.43386268615722656,3.5582576174419955e-07,0.22941122949123383,0.3367256820201874,1.374176595858918,0.0015174208484256546,1.1960825914452229,1.1942703806709356,0.0018122107742872817,0.5951895117759705
1293,2013-01-04 00:00:00,0.0026573350187391043,0.007142134476453066,2.3720851035543693,1.0,0.4342338442802429,3.535117230057949e-07,0.2245437502861023,0.3412220776081085,2.407232579404164,0.0036242965020816253,1.2004175493975986,1.1960825914452229,0.0043349579523757065,0.5961639285087585
1294,2013-01-07 00:00:00,0.0032072956673800945,0.0071836779825389385,3.5179552580604456,1.0,0.4330456852912903,3.5816492527374066e-07,0.22727495431900024,0.3396790623664856,2.897353728671296,-0.002565270350628923,1.1973381538497543,1.2004175493975986,-0.0030793955478443102,0.5954530239105225
1295,2013-01-08 00:00:00,-0.0024786326102912426,0.006990435998886824,5.331154874092013,1.0,0.4331749379634857,3.573361766484595e-07,0.2270260602235794,0.3397986590862274,1.4746075392323905,-0.0010116432640960848,1.196126874771567,1.1973381538497543,-0.0012112790781872995,0.5955203175544739
1296,2013-01-09 00:00:00,-0.0008649836527183652,0.006987293250858784,5.3297773907748445,1.0,0.433119535446167,3.577760878670233e-07,0.22627344727516174,0.340606689453125,1.1591679148506384,0.0022334129862771057,1.1987983200669168,1.196126874771567,0.0026714452953497947,0.5956552028656006
1297,2013-01-10 00:00:00,0.001258443808183074,0.006647496018558741,3.8116532805031915,1.0,0.432182639837265,3.541862554357067e-07,0.22507567703723907,0.34274131059646606,0.5842146757750296,0.0022323894829059387,1.2014745048287594,1.1987983200669168,0.002676184761842615,0.595745325088501
1298,2013-01-11 00:00:00,0.002108420245349407,0.006669014226645231,1.7343503260386666,1.0,0.4309224784374237,3.5639243378682295e-07,0.2289496511220932,0.34012752771377563,1.3893089320275795,0.00010497032328937728,1.2016006239959551,1.2014745048287594,0.00012611916719573735,0.5948099493980408
1299,2013-01-14 00:00:00,-0.0004652267671190202,0.006663976702839136,-0.23661714400903788,1.0,0.43453648686408997,3.569422233340447e-07,0.2288861870765686,0.3365769386291504,1.3229850011562398,0.005012043814427436,1.2076230989708663,1.2016006239959551,0.006022474974911152,0.5953947305679321
1300,2013-01-15 00:00:00,0.003631283063441515,0.006770555395632982,1.8283126049518088,1.0,0.4337731897830963,3.5448067592369625e-07,0.22804981470108032,0.3381766378879547,2.9568125130016893,-0.0005380507376299137,1.2069733364716861,1.2076230989708663,-0.0006497624991801398,0.595423698425293
1301,2013-01-16 00:00:00,0.0028108388651162386,0.006869178265333176,2.921058472191994,1.0,0.4356054663658142,3.530356877945451e-07,0.2283095270395279,0.33608463406562805,2.420382138161491,0.00283038258351187,1.210389532781999,1.2069733364716861,0.003416196310312758,0.5956763029098511
1302,2013-01-17 00:00:00,0.0026512471958994865,0.006851040292531252,2.3569846834998223,1.0,0.4335496723651886,3.5489580341163673e-07,0.22740472853183746,0.3390452563762665,3.3416686374426927,-0.0010568217357579401,1.209110366815021,1.210389532781999,-0.0012791659669779687,0.5955080389976501
1303,2013-01-18 00:00:00,-0.0012621342903003097,0.006795605178922415,2.259056156277692,1.0,0.4323430359363556,3.5700574585462164e-07,0.22942335903644562,0.33823326230049133,2.266135132449297,-0.00032406136003515496,1.2087185408651182,1.209110366815021,-0.00039182594990272435,0.594943106174469
1304,2013-01-21 00:00:00,0.0009558230522088706,0.006570898462086916,2.7045191126928416,1.0,0.43382343649864197,3.558009495918668e-07,0.22805586457252502,0.33812031149864197,1.6317087318209704,-0.0006112375566221795,1.2079797266975558,1.2087185408651182,-0.0007388141675623849,0.5954306125640869
1305,2013-01-22 00:00:00,-6.236950866878033e-05,0.006558303255587816,1.6623004011025988,1.0,0.4321213662624359,3.5650518270813336e-07,0.22876355051994324,0.3391147255897522,1.4904449898786967,-0.0073858309133333355,1.199057792689433,1.2079797266975558,-0.0089219340081228,0.5950297713279724
1306,2013-01-23 00:00:00,-0.004686505999416113,0.006265928503125906,-0.7148734973606711,1.0,0.4312368333339691,3.5584793067755527e-07,0.22731056809425354,0.3414522707462311,1.3742497774092017,0.0017324086159831165,1.2011350507405498,1.199057792689433,0.0020772580511168037,0.5951679944992065
1307,2013-01-24 00:00:00,0.0018225405365228653,0.006071449723094702,-0.7071211653725032,1.0,0.4311425983905792,3.5894041161554924e-07,0.22881904244422913,0.3400380611419678,2.4199348447846685,-0.0011882658242171606,1.1997077830094856,1.2011350507405498,-0.0014272677310642745,0.594868004322052
1308,2013-01-25 00:00:00,0.0006780974799767137,0.005975113715976477,-0.3219369446331924,1.0,0.43219807744026184,3.552948442120396e-07,0.22805683314800262,0.33974480628967285,1.5624017009738504,0.005552277142615303,1.206368893110907,1.1997077830094856,0.006661110101421341,0.5951735973358154
1309,2013-01-28 00:00:00,0.0052614170126616955,0.006043899804353714,0.4946877007205521,1.0,0.4342561364173889,3.5678093013302714e-07,0.22666816413402557,0.33907535672187805,3.4752438517973663,0.0022244430028244278,1.2090523919540126,1.206368893110907,0.0026834988431057027,0.5957591533660889
1310,2013-01-29 00:00:00,0.0019510171841830015,0.005812237970530987,0.6816075512672543,1.0,0.43319687247276306,3.5585986779551604e-07,0.22519537806510925,0.34160739183425903,5.828274566009491,0.001850806367236002,1.211290113819363,1.2090523919540126,0.0022377218653504283,0.5958759188652039
1311,2013-01-30 00:00:00,0.0017167865298688412,0.005966951604932547,1.5693366328000515,1.0,0.4341891407966614,3.5698349165613763e-07,0.22693584859371185,0.33887460827827454,5.849976127560713,0.001962777834777052,1.2136676072062522,1.211290113819363,0.0023774933868891956,0.5956979990005493
1312,2013-01-31 00:00:00,0.0018250911962240934,0.004650229588150978,2.013104185812361,1.0,0.43406084179878235,3.5590829838838545e-07,0.22609876096248627,0.33984002470970154,4.852457906134196,0.00340468008342687,1.2177997571364076,1.2136676072062522,0.0041321499301554265,0.5958361625671387
1313,2013-02-01 00:00:00,0.002366000786423683,0.004687100183218718,2.340337629517858,1.0,0.4312288165092468,3.5511959595169174e-07,0.22804272174835205,0.34072816371917725,5.294516933600437,-0.0005295109837680778,1.2171549187889739,1.2177997571364076,-0.0006448383474337849,0.5950272679328918
1314,2013-02-04 00:00:00,7.013871800154448e-05,0.0046264538541436195,1.6443886936930703,1.0,0.4332561492919922,3.5390968378123944e-07,0.22741158306598663,0.33933189511299133,4.209814101537607,0.0004031886974518173,1.2176456618952776,1.2171549187889739,0.0004907431063037038,0.5954604148864746
1315,2013-02-05 00:00:00,0.00018049261416308582,0.0045611122623085976,1.1224526830603394,1.0,0.43152645230293274,3.55956871089802e-07,0.2266835868358612,0.341789573431015,5.235818677808577,-0.005634294763613212,1.2107850873185246,1.2176456618952776,-0.006860574576752931,0.5953323841094971
1316,2013-02-06 00:00:00,-0.004440519027411938,0.004890285432338715,0.00026224539799281186,1.0,0.43370193243026733,3.578807934445649e-07,0.22643885016441345,0.33985888957977295,3.4917450623350144,-0.002695827644757287,1.2075210194082715,1.2107850873185246,-0.0032640679102531323,0.5957146883010864
1317,2013-02-07 00:00:00,-0.00253798789344728,0.004996932577341795,-1.1971129457816347,1.0,0.43414849042892456,3.564448149973032e-07,0.22688664495944977,0.3389644920825958,2.165970068902335,0.0005166995417045239,1.2081449449655983,1.2075210194082715,0.000623925557326821,0.595700740814209
1318,2013-02-08 00:00:00,-0.001341103226877749,0.005058533512055874,-2.901172593231614,1.0,0.43246883153915405,3.5587902402767213e-07,0.22873026132583618,0.3388005197048187,1.72990895762394,-0.0011590644359773528,1.2067446271263829,1.2081449449655983,-0.0014003178392154592,0.595090389251709
1319,2013-02-11 00:00:00,-0.002687752014026046,0.00528130354359746,-4.864586250372228,1.0,0.43467605113983154,3.578256269065605e-07,0.22761081159114838,0.3377127945423126,1.400020267738978,-0.0009112394183243833,1.2056449938542941,1.2067446271263829,-0.0010996332720887292,0.5956507921218872
1320,2013-02-12 00:00:00,-0.002963865641504526,0.00511598214507103,-24.219298474912524,0.0,0.43426215648651123,3.5861677361026523e-07,0.22870896756649017,0.33702853322029114,-0.1660710411001529,-0.0015091382246990026,1.2038255089086516,1.2056449938542941,-0.0018194849456425466,0.5953819751739502
1321,2013-02-13 00:00:00,-0.0016717358957976103,0.005017552524805069,20.60105115999555,0.0,0.4344262480735779,3.55416375441564e-07,0.2290370613336563,0.33653637766838074,-0.42930531213402573,0.0014186501038990773,1.2055333160919413,1.2038255089086516,0.0017078071832896669,0.5953493714332581
1322,2013-02-14 00:00:00,0.0009423792944289744,0.00498743774369359,7.952726505130878,0.0,0.43514227867126465,3.575867708605074e-07,0.228358194231987,0.3364992141723633,-0.8396558804044079,0.002213355607266987,1.2082015900168606,1.2055333160919413,0.0026682739249193066,0.5955904722213745
1323,2013-02-15 00:00:00,0.0010753176175057888,0.005055866204202175,13.72266752593973,0.0,0.43360230326652527,3.564155690582993e-07,0.22702905535697937,0.3393683433532715,0.07198262641694153,0.0004702786677106552,1.2087697814509395,1.2082015900168606,0.0005681914340789351,0.5955871343612671
1324,2013-02-18 00:00:00,-0.00013869942631572485,0.005039272829890251,4.17499502327787,0.0,0.4339866042137146,3.576666358640068e-07,0.2280188500881195,0.33799421787261963,0.3001102472867378,0.002300716176865558,1.21155081764123,1.2087697814509395,0.0027810361902904646,0.595463752746582
1325,2013-02-19 00:00:00,-0.001918936613947153,0.0051573398523032665,1.5222914630907725,0.0,0.43209782242774963,3.5626399608190695e-07,0.22798381745815277,0.3399180769920349,1.0746147722616965,-0.0010158293170275945,1.2103200888016012,1.21155081764123,-0.0012307288396287142,0.5951718091964722
1326,2013-02-20 00:00:00,0.0018557209987193346,0.005166706629097462,3.552346182082944,0.0,0.43495410680770874,3.5809060250358016e-07,0.22785106301307678,0.3371944725513458,3.4688950499117355,-0.001668218282231071,1.2083010107021108,1.2103200888016012,-0.0020190780994904234,0.5956519842147827
1327,2013-02-21 00:00:00,0.0005179840372875333,0.005257247947156429,7.5205671984085,0.0,0.4337407648563385,3.5701296496881696e-07,0.22687432169914246,0.339384526014328,2.257667973839319,-0.005439060007976559,1.2017289889972034,1.2083010107021108,-0.006572021704907449,0.5956382155418396
1328,2013-02-22 00:00:00,-0.0038339628372341394,0.005479112267494202,3.7305173774311773,0.0,0.4319511651992798,3.585473677958362e-07,0.22858519852161407,0.33946332335472107,0.7645024493814954,-0.00627480714062123,1.1941883713559522,1.2017289889972034,-0.007540617641251135,0.5950364470481873
1329,2013-02-25 00:00:00,-0.0011957158567383885,0.00537730660289526,1.7889695841540263,0.0,0.4355364143848419,3.585027741337399e-07,0.22919638454914093,0.3352668285369873,-2.6160046613190686,0.0026959863886391044,1.197407886950599,1.1941883713559522,0.003219515594646838,0.5955054759979248
1330,2013-02-26 00:00:00,0.00042199576273560524,0.005411484744399786,0.7599745972166582,0.0,0.4343106150627136,3.5732600167648343e-07,0.22928285598754883,0.3364061713218689,-2.474138678878386,-0.0016071517340449093,1.1954834707887274,1.197407886950599,-0.001924416161871667,0.5952860116958618
1331,2013-02-27 00:00:00,0.0008949913899414241,0.005309649743139744,1.0158082628370464,0.0,0.43599173426628113,3.5685630450643657e-07,0.22927720844745636,0.33473071455955505,-3.5165626355650317,0.005469941948408774,1.202022695974224,1.1954834707887274,0.006539225185496544,0.5955681800842285
1332,2013-02-28 00:00:00,0.0030065099708735943,0.0055632698349654675,0.2478146826300798,0.0,0.4351707994937897,3.570366686744819e-07,0.23080633580684662,0.33402249217033386,-2.2240154919474846,-0.0071233019876072445,1.1934603253148417,1.202022695974224,-0.008562370659382257,0.5951606631278992
1333,2013-03-01 00:00:00,-0.005632908083498478,0.005852104164659977,0.5165888009748516,0.0,0.4333162009716034,3.5680020005202095e-07,0.23143790662288666,0.3352455496788025,-4.72750461338968,0.005119044042323662,1.1995697012828943,1.1934603253148417,0.0061093759680526105,0.5947402715682983
1334,2013-03-04 00:00:00,0.0022605161648243666,0.006203228607773781,-0.22109610504646612,0.0,0.43517935276031494,3.560323875717586e-07,0.22882136702537537,0.3359989523887634,-3.0290633528046405,-0.0004655670051429972,1.1990112212096078,1.1995697012828943,-0.0005584800732865158,0.595512866973877
1335,2013-03-05 00:00:00,-0.0004900264902971685,0.00619616499170661,-0.00874446037959025,0.0,0.43083104491233826,3.56909424681362e-07,0.2308838814496994,0.3382847309112549,-3.2639669251322223,0.0033393901884808397,1.2030151875175936,1.1990112212096078,0.004003966307985829,0.5944403409957886
1336,2013-03-06 00:00:00,0.0036610462702810764,0.006204401142895222,-1.1477612175253442,0.0,0.43554243445396423,3.5686471733242797e-07,0.22746796905994415,0.33698922395706177,-1.2175057575655728,-0.0009020169310451909,1.2019300474501482,1.2030151875175936,-0.0010851400674454226,0.5958192944526672
1337,2013-03-07 00:00:00,-0.00015317669021897018,0.0061530363745987415,0.19187546411742482,0.0,0.43359673023223877,3.56785676558502e-07,0.22630690038204193,0.34009602665901184,-0.8182857588990508,0.0032614985149008735,1.2058501405149216,1.2019300474501482,0.003920093064773367,0.5957232713699341
1338,2013-03-08 00:00:00,0.0037417239509522915,0.006147387903183699,-15.630058548751716,0.0,0.43430909514427185,3.5615835258795414e-07,0.22931641340255737,0.3363741636276245,-0.14371881934897882,0.0029180344757402388,1.2093688527975204,1.2058501405149216,0.0035187122825988126,0.5952797532081604
1339,2013-03-11 00:00:00,0.0034651686437427998,0.006114502903074026,10.638223965657133,0.0,0.434050977230072,3.5367403938835196e-07,0.22777242958545685,0.3381762206554413,0.7957695910668863,-0.0017172293839162744,1.2072920890675034,1.2093688527975204,-0.002076763730016973,0.5955196619033813
1340,2013-03-12 00:00:00,-0.0016785101033747196,0.006066384259611368,7.0459711252583626,0.0,0.4300101697444916,3.5384155694373476e-07,0.23027488589286804,0.33971455693244934,0.6265788504785619,-0.0017515926330377019,1.2051774051383681,1.2072920890675034,-0.002114683929135275,0.5944251418113708
1341,2013-03-13 00:00:00,-0.002612391486763954,0.006010800134390593,2.638017993388405,1.0,0.43564894795417786,3.562208519269916e-07,0.22671224176883698,0.3376384675502777,0.5527001478019761,-0.0030765879075592695,1.2014695709072558,1.2051774051383681,-0.003707834231112317,0.5959766507148743
1342,2013-03-14 00:00:00,-0.0016807643696665764,0.006091331131756306,3.154945094629277,1.0,0.433859646320343,3.5600831438387104e-07,0.22841916978359222,0.3377208709716797,-0.4599912877113717,0.004371280801406696,1.2067215317760371,1.2014695709072558,0.005251960868781325,0.5953695178031921
1343,2013-03-15 00:00:00,0.00280292727984488,0.006157910451292992,0.3599969832991036,1.0,0.43530210852622986,3.5564292488743376e-07,0.2278602421283722,0.3368373215198517,0.03120014732107504,0.0036901015222803313,1.2111744567374123,1.2067215317760371,0.004452924961375171,0.5957076549530029
1344,2013-03-18 00:00:00,0.003630730090662837,0.006198889575898647,0.2616359018273648,1.0,0.43204113841056824,3.5521645713743055e-07,0.22955487668514252,0.3384036421775818,0.7315345960518049,-0.0003985654571321273,1.210691724436396,1.2111744567374123,-0.0004827323010163642,0.5948714017868042
1345,2013-03-19 00:00:00,0.0009466857882216573,0.006042368710041046,1.2437372534156281,1.0,0.43463897705078125,3.5786607099907997e-07,0.22908414900302887,0.3362765312194824,0.14277832295986703,-0.008446692490087448,1.200465383739788,1.210691724436396,-0.010226340696607883,0.5953758955001831
1346,2013-03-20 00:00:00,-0.009575456380844116,0.006727796513587236,10.318914399497691,1.0,0.4315209984779358,3.563567645414878e-07,0.22724159061908722,0.34123706817626953,-1.2769831097538478,-0.010678506942223609,1.1876462058056236,1.200465383739788,-0.012819177934164427,0.5952242016792297
1347,2013-03-21 00:00:00,-0.006271190010011196,0.007412408944219351,4.084275808359421,1.0,0.4327661395072937,3.611916383761127e-07,0.23064367473125458,0.33658984303474426,-2.6184588055199836,0.001601824846140909,1.189548607006508,1.1876462058056236,0.0019024012008843627,0.594790518283844
1348,2013-03-22 00:00:00,0.0036973021924495697,0.0073201279155910015,39.83422449315049,1.0,0.4336196184158325,3.5497276940077427e-07,0.22844235599040985,0.33793768286705017,-1.458515740485418,-0.0036394274939277604,1.185219331100805,1.189548607006508,-0.004329275905702978,0.5953266024589539
1349,2013-03-25 00:00:00,-0.0023648212663829327,0.007203970570117235,28.127148109559695,1.0,0.4318777322769165,3.5968463407698437e-07,0.23033155500888824,0.3377903997898102,-1.0400802324699976,-0.002184899494256709,1.1826297459836996,1.185219331100805,-0.0025895851171053863,0.5947044491767883
1350,2013-03-26 00:00:00,-0.0008560099522583187,0.007171151228249073,19.168060832727893,1.0,0.4353368580341339,3.588407082588674e-07,0.22708933055400848,0.33757349848747253,-1.9333630560310786,-0.005409626038520354,1.1762321613158975,1.1826297459836996,-0.006397584667802159,0.5958553552627563
1351,2013-03-28 00:00:00,-0.00202471693046391,0.007215654477477074,5.104767195952857,1.0,0.4321821630001068,3.595084479002253e-07,0.23175235092639923,0.3360651433467865,-2.5455231894972687,-0.0008736866077949657,1.175204503028898,1.1762321613158975,-0.0010276582869994666,0.5945000648498535
1352,2013-04-01 00:00:00,-0.0009669901337474585,0.007010446395725012,0.9960678169918155,1.0,0.43426063656806946,3.5618444371721125e-07,0.23029977083206177,0.33543920516967773,-3.8811616510845144,0.0008161158965565019,1.1761636061055247,1.175204503028898,0.0009591030766267217,0.5950964093208313
1353,2013-04-02 00:00:00,0.0013126482954248786,0.006766411941498518,6.212010684562248,1.0,0.43340256810188293,3.5654366570270213e-07,0.22794686257839203,0.33865028619766235,-2.5218102618333638,0.0040273002385546874,1.180900370076973,1.1761636061055247,0.004736763971448177,0.5953835844993591
1354,2013-04-03 00:00:00,0.0017270782263949513,0.006685096304863691,0.876216238425053,1.0,0.4335501790046692,3.563115171800746e-07,0.22855158150196075,0.3378978967666626,-2.8092985835426694,-0.005111498670091641,1.1748641994058138,1.180900370076973,-0.006036170671159136,0.5952953696250916
1355,2013-04-04 00:00:00,-0.004466505721211433,0.006958817131817341,2.3057912892787207,1.0,0.4363102912902832,3.5910963447349786e-07,0.22482316195964813,0.3388662040233612,-3.624568798802284,-0.013939812170754573,1.1584868131399528,1.1748641994058138,-0.016377386265860938,0.5964414477348328
1356,2013-04-05 00:00:00,-0.010366713628172874,0.007922759279608727,2.352945027591181,1.0,0.4344043433666229,3.626792306477e-07,0.22829179465770721,0.3373035192489624,-5.862140049278476,-0.0035818434863599258,1.1543372946942736,1.1584868131399528,-0.0041495184456792344,0.595481276512146
1357,2013-04-08 00:00:00,-0.00143999804276973,0.007976238615810871,2.3035197315877562,1.0,0.4344741404056549,3.5811734733215417e-07,0.22896157205104828,0.33656394481658936,-6.292021496080312,-0.0016472262794053893,1.1524358399671555,1.1543372946942736,-0.0019014547271181126,0.595370888710022
1358,2013-04-09 00:00:00,0.0009341023396700621,0.007959448732435703,2.111438440189779,1.0,0.4339597821235657,3.5684692534232454e-07,0.2301841825246811,0.3358556628227234,-7.333591620297016,-0.006247827105290482,1.1452356200891005,1.1524358399671555,-0.00720021987805497,0.5950671434402466
1359,2013-04-10 00:00:00,-0.006709001958370209,0.00810643658041954,2.4524203735694847,1.0,0.43747851252555847,3.5899071804124105e-07,0.22779764235019684,0.33472347259521484,-9.043893002944918,0.002958894625194164,1.148624251609963,1.1452356200891005,0.0033886315208624396,0.5960864424705505
1360,2013-04-11 00:00:00,0.0021343764383345842,0.00826345570385456,1.9219848467323424,1.0,0.43908804655075073,3.5861924629898567e-07,0.22948430478572845,0.33142727613449097,-7.956124654120163,0.005916416470062247,1.155419991050101,1.148624251609963,0.0067957394401381155,0.5960749983787537
1361,2013-04-12 00:00:00,0.007050676736980677,0.008518868125975132,-0.35047677467613075,1.0,0.43724995851516724,3.563274333373556e-07,0.2343563288450241,0.3283933103084564,-6.2100606859153515,-0.0028013614761461803,1.1521832419984042,1.155419991050101,-0.0032367490516969077,0.5949391722679138
1362,2013-04-15 00:00:00,-0.0026933178305625916,0.008468902669847012,-0.12202509818539854,1.0,0.43652108311653137,3.561458754575142e-07,0.2319670021533966,0.33151155710220337,-6.181357087679084,0.0006580144756791473,1.152941395250274,1.1521832419984042,0.0007581532518698975,0.5951968431472778
1363,2013-04-16 00:00:00,0.0012600920163094997,0.008390639908611774,-0.1665801274680515,1.0,0.43603041768074036,3.5609889437182574e-07,0.2278674989938736,0.3361017405986786,-6.984636089185737,0.003666521129387146,1.1571686792369043,1.152941395250274,0.0042272839866301926,0.595827579498291
1364,2013-04-17 00:00:00,0.004237059969455004,0.008526821620762348,-1.962616718114514,1.0,0.4344620108604431,3.5653619079312193e-07,0.23057332634925842,0.3349643349647522,-6.992238880486855,0.004056764571040983,1.1618630401375507,1.1571686792369043,0.004694360900646455,0.5950818657875061
1365,2013-04-18 00:00:00,0.001918500056490302,0.008580890484154224,-2.0071041746423988,1.0,0.43584907054901123,3.592792268136691e-07,0.23049145936965942,0.3336591422557831,-6.05092294071414,0.004165820236453843,1.1667031527021434,1.1618630401375507,0.0048401125645927134,0.5953311324119568
1366,2013-04-22 00:00:00,0.006744961254298687,0.008314250037074089,-6.422218744350995,1.0,0.4343647360801697,3.5726330338547996e-07,0.2277197688817978,0.3379151523113251,-4.115527891335965,0.00411743948308696,1.1715069823281212,1.1667031527021434,0.004803829625977807,0.5955801010131836
1367,2013-04-23 00:00:00,0.0029058787040412426,0.007705103140324354,33.5492100170033,1.0,0.4338243901729584,3.5503342132869875e-07,0.2283782809972763,0.33779698610305786,-1.962621461176228,-0.003292557387377215,1.1676497283590928,1.1715069823281212,-0.0038572539690284735,0.5953713655471802
1368,2013-04-25 00:00:00,-0.003772424766793847,0.007663923781365156,-8.85677157513579,1.0,0.4314934313297272,3.543887316936889e-07,0.22980354726314545,0.3387027084827423,-2.766624657372807,0.001404153372930983,1.16928928766357,1.1676497283590928,0.0016395593044773449,0.594740092754364
1369,2013-04-26 00:00:00,0.001541272853501141,0.007661700248718262,-24.432210290635627,1.0,0.4333518147468567,3.5567543932302215e-07,0.22893564403057098,0.3377121686935425,-1.9508088716051815,-0.006078701662377117,1.1621815269268498,1.16928928766357,-0.007107760736720259,0.595193088054657
1370,2013-04-29 00:00:00,-0.007251674309372902,0.00795704498887062,-0.08480686174624631,1.0,0.4333239495754242,3.574326399302663e-07,0.22700078785419464,0.3396749198436737,-2.5145683971503847,-0.001044558308843091,1.1609675605565144,1.1621815269268498,-0.0012139663703354397,0.5955485701560974
1371,2013-04-30 00:00:00,-0.0007356767309829593,0.007915765978395939,4.408213308191689,1.0,0.43662405014038086,3.5507119378053176e-07,0.2279355823993683,0.335440069437027,-1.8900930606523259,0.004983825783977824,1.1667536206191778,1.1609675605565144,0.005786060062663356,0.5959154367446899
1372,2013-05-02 00:00:00,0.002552603604272008,0.008159085176885128,9.841129734286,1.0,0.434413880109787,3.5528105968296586e-07,0.22767193615436554,0.3379138708114624,-0.8470666919810231,-0.0002120954984030643,1.166506157428499,1.1667536206191778,-0.0002474631906788094,0.5955969095230103
1373,2013-05-03 00:00:00,0.0016548777930438519,0.008122531697154045,3.2283966595610925,1.0,0.43529242277145386,3.5703388334695774e-07,0.2284688949584961,0.3362383246421814,-1.0360201030523144,-0.00800094534293827,1.1571730054207126,1.166506157428499,-0.009333152007786394,0.5955953001976013
1374,2013-05-06 00:00:00,-0.007405110169202089,0.008306490257382393,3.757819162168649,1.0,0.4337671101093292,3.551896838871471e-07,0.22885577380657196,0.33737680315971375,-2.860267197969516,0.00732596625873283,1.1656504158139411,1.1571730054207126,0.00847741039322858,0.5952747464179993
1375,2013-05-07 00:00:00,0.006885141134262085,0.00834056455641985,-21.30614832543394,1.0,0.4305059611797333,3.582193812690093e-07,0.2334660142660141,0.33602774143218994,-0.8467560800231468,0.00496509501732989,1.1714379808854474,1.1656504158139411,0.00578756507150624,0.5939329862594604
1376,2013-05-08 00:00:00,0.006352435797452927,0.007355709094554186,2.4843710829583587,1.0,0.4337106943130493,3.559488277460332e-07,0.22732774913311005,0.3389612138271332,2.327668173407463,-0.001459863126717087,1.1697278417719168,1.1714379808854474,-0.0017101391135305732,0.5955480933189392
1377,2013-05-09 00:00:00,0.0002374854520894587,0.007298566401004791,1.731786080879662,1.0,0.4325637221336365,3.5633567563309043e-07,0.22532223165035248,0.342113733291626,2.7819407291602807,-0.00031343440112419074,1.1693612088263527,1.1697278417719168,-0.00036663294556404935,0.5957543849945068
1378,2013-05-10 00:00:00,-0.00034231890458613634,0.007284929975867271,1.382981945645535,1.0,0.4303215444087982,3.574169227249513e-07,0.2274635285139084,0.3422146439552307,3.0553175272575297,0.00010458269504209916,1.1694835037730495,1.1693612088263527,0.0001222949466967993,0.5950018167495728
1379,2013-05-13 00:00:00,0.0009102672920562327,0.006833482533693314,2.3225689538470764,1.0,0.4304867684841156,3.573918831989431e-07,0.22875405848026276,0.3407588303089142,4.545795490111926,-0.0014103507605217613,1.1678341218240855,1.1694835037730495,-0.0016493819489640238,0.5947805047035217
1380,2013-05-14 00:00:00,-0.004285768140107393,0.0068726446479558945,0.6466816020873104,1.0,0.4305800497531891,3.5549052768146794e-07,0.22705815732479095,0.3423614799976349,3.662006501364374,0.0020681714721206834,1.1702494030390111,1.1678341218240855,0.002415281214925624,0.5951184630393982
1381,2013-05-15 00:00:00,0.0016821210738271475,0.006715073250234127,-0.5802275375494865,1.0,0.4299617409706116,3.5493965810928785e-07,0.2259524017572403,0.3440855145454407,3.0327263830832707,0.005891405901255364,1.1771438172780158,1.1702494030390111,0.006894414239004609,0.5952448844909668
1382,2013-05-16 00:00:00,0.004730381071567535,0.0070644826628267765,0.5438225945555074,1.0,0.4334816038608551,3.551635074927617e-07,0.22611075639724731,0.3404073119163513,4.6780442260828385,0.00629493966910899,1.1845538665896456,1.1771438172780158,0.007410049311629807,0.5957428216934204
1383,2013-05-17 00:00:00,0.006061417981982231,0.007362297270447016,1.47811803114907,1.0,0.4333866834640503,3.55662223228137e-07,0.22518977522850037,0.3414232134819031,5.586271340983869,-0.0010447932084851619,1.1833162527547478,1.1845538665896456,-0.0012376138348977328,0.5959062576293945
1384,2013-05-20 00:00:00,0.00342062721028924,0.007394449785351753,1.9506295760755994,1.0,0.43231168389320374,3.585084868973354e-07,0.2254037708044052,0.342284232378006,4.679351746349872,0.0005325787963315065,1.1839464619003195,1.1833162527547478,0.0006302091455716585,0.595700204372406
1385,2013-05-21 00:00:00,0.0012728289002552629,0.007309206295758486,2.9650652731709823,1.0,0.431059867143631,3.555495595719549e-07,0.22464410960674286,0.3442957103252411,4.0618195314181404,-0.0006184049125567137,1.1832143035920761,1.1839464619003195,-0.000732158308243358,0.5956652760505676
1386,2013-05-22 00:00:00,-0.0037319527473300695,0.0071703409776091576,3.7069021197842615,1.0,0.42789191007614136,3.543975992670312e-07,0.22848686575889587,0.3436209261417389,3.1688816710569823,0.003333455671805652,1.1871584960233468,1.1832143035920761,0.003944192431270643,0.594451904296875
1387,2013-05-23 00:00:00,0.0017257527215406299,0.007153692189604044,3.042359190950042,1.0,0.4325318932533264,3.556436354301695e-07,0.2262650579214096,0.3412027060985565,2.961544672939437,-0.0034206080855370136,1.1830976920730354,1.1871584960233468,-0.004060803950311387,0.5955661535263062
1388,2013-05-24 00:00:00,-0.003431155579164624,0.00713797751814127,-0.2512376065934826,1.0,0.4315997064113617,3.547202140907757e-07,0.22524499893188477,0.3431549668312073,2.961228714258839,0.0030343196666737793,1.1866875886676889,1.1830976920730354,0.0035898965946534744,0.5956248641014099
1389,2013-05-27 00:00:00,0.0024192826822400093,0.007037874311208725,-0.5487424191148529,1.0,0.4330752193927765,3.538687849413691e-07,0.228721484541893,0.33820298314094543,3.2266060276938875,0.0019097883778416147,1.1889539108326552,1.1866875886676889,0.002266322164966361,0.5951881408691406
1390,2013-05-28 00:00:00,0.0015795276267454028,0.006734440103173256,-0.26697855119288244,1.0,0.43187353014945984,3.568056570202316e-07,0.2289365977048874,0.3391895592212677,5.261775423753016,0.0012767031255753736,1.1904718520067803,1.1889539108326552,0.0015179411741250703,0.594959020614624
1391,2013-05-29 00:00:00,0.002161717973649502,0.006739566568285227,0.7288439215599205,1.0,0.433374285697937,3.5458407410260406e-07,0.22564709186553955,0.3409782946109772,5.8185154643622905,-0.001505207701715805,1.1886799446064638,1.1904718520067803,-0.0017919074003165392,0.5958154201507568
1392,2013-05-30 00:00:00,-0.003047910751774907,0.006530531216412783,-0.06759488624604908,1.0,0.4328271746635437,3.547153539784631e-07,0.2243715524673462,0.34280094504356384,4.4537638546099645,0.00478325279331937,1.1943657012718654,1.1886799446064638,0.005685756665401609,0.5959818959236145
1393,2013-05-31 00:00:00,0.00215296377427876,0.006884130649268627,1.088608445924022,1.0,0.4327894151210785,3.5761925687438634e-07,0.22751612961292267,0.339694082736969,5.42155828720311,-0.0065039304519396435,1.186597629816611,1.1943657012718654,-0.007768071455254377,0.5953673720359802
1394,2013-06-03 00:00:00,-0.005393677391111851,0.006831538863480091,-0.47705122916272047,1.0,0.43279173970222473,3.584330556805071e-07,0.22569237649440765,0.34151557087898254,6.083184240601691,-0.005942347765405254,1.179546454042635,1.186597629816611,-0.0070511757739759595,0.5957168936729431
1395,2013-06-04 00:00:00,-0.005657210014760494,0.006787111517041922,-4.438742359448598,1.0,0.4314700961112976,3.583799639272911e-07,0.2253085821866989,0.343220978975296,2.998725851200453,0.001219046129939949,1.18098437558252,1.179546454042635,0.0014379215398849787,0.5955929756164551
1396,2013-06-05 00:00:00,0.0011918514501303434,0.006600734777748585,-11.764457284718992,1.0,0.4279460310935974,3.563507959825074e-07,0.22967636585235596,0.34237727522850037,2.225958368374135,-0.0022396760878331534,1.1783393531164232,1.18098437558252,-0.002645022466096769,0.5942316651344299
1397,2013-06-06 00:00:00,-0.0036464377772063017,0.006715236697345972,199.61192600752966,1.0,0.43071189522743225,3.580233283173584e-07,0.228742778301239,0.34054499864578247,2.003285934233162,-0.00449000520203191,1.1730486032911716,1.1783393531164232,-0.005290749825251684,0.5948166847229004
1398,2013-06-07 00:00:00,-0.00030297471676021814,0.006842870730906725,293.56731366975526,1.0,0.43382659554481506,3.5771049056165793e-07,0.22544847428798676,0.34072455763816833,0.9636053764588357,-0.0005906931785166769,1.172355691483139,1.1730486032911716,-0.000692911808032548,0.5959242582321167
1399,2013-06-10 00:00:00,-0.0016543206293135881,0.006874692626297474,14.631404342853976,1.0,0.43284541368484497,3.5564505651564104e-07,0.22690516710281372,0.34024909138679504,0.8135278866244823,0.0003574747237831133,1.1727747790101275,1.172355691483139,0.00041908752698849305,0.595491886138916
1400,2013-06-11 00:00:00,-0.00040855188854038715,0.006767342332750559,-17.14721532355813,1.0,0.4371289312839508,3.579939971132262e-07,0.22689013183116913,0.3359805941581726,1.1813428296118695,-0.008446026833715203,1.1628694917567035,1.1727747790101275,-0.009905287253423989,0.5961910486221313
1401,2013-06-12 00:00:00,-0.0065818289294838905,0.007181251421570778,7.056051566303835,1.0,0.43287885189056396,3.5782585428023594e-07,0.22771485149860382,0.33940598368644714,-1.0253772678257853,-0.0009328342769336917,1.1617847272351924,1.1628694917567035,-0.0010847645215110724,0.595344066619873
1402,2013-06-13 00:00:00,-0.0015918865101411939,0.006735455710440874,3.1317096645518845,1.0,0.43225088715553284,3.5965004485660756e-07,0.23006387054920197,0.33768489956855774,-2.559765613766586,-0.0029608331606508775,1.1583448764892568,1.1617847272351924,-0.0034398507459356686,0.5948119759559631
1403,2013-06-14 00:00:00,-0.0021472724620252848,0.006245307624340057,2.2858545184018455,1.0,0.4328325390815735,3.575179050585575e-07,0.22901974618434906,0.33814737200737,-5.02083033364322,0.0071435561412600546,1.1666195781453987,1.1583448764892568,0.00827470165614197,0.5950946807861328
1404,2013-06-17 00:00:00,0.0073007987812161446,0.006693895906209946,0.7709258016301148,1.0,0.43518614768981934,3.581498049243237e-07,0.2286859154701233,0.33612754940986633,-2.699403374185629,0.004497905380599132,1.1718669226230511,1.1666195781453987,0.005247344477652405,0.5955383777618408
1405,2013-06-18 00:00:00,0.005247324705123901,0.006971718743443489,-0.6448100765210214,1.0,0.4325549602508545,3.555479679562268e-07,0.2266094982624054,0.34083521366119385,-1.7510113750589047,-0.002929058654359107,1.1684344556715849,1.1718669226230511,-0.003432466951466262,0.5955033898353577
1406,2013-06-19 00:00:00,-0.0014415041077882051,0.006957013625651598,-2.55696778066767,1.0,0.43268144130706787,3.5863416769643663e-07,0.22843019664287567,0.3388880491256714,-2.2041108234754727,-0.004641625299683927,1.1630110207411173,1.1684344556715849,-0.005423434930467597,0.595179557800293
1407,2013-06-20 00:00:00,-0.0031053938437253237,0.006975929252803326,-1.4315943678516203,1.0,0.4337595999240875,3.558468222308875e-07,0.2285461276769638,0.3376938998699188,-3.80880414413448,-0.006221550065817816,1.1557752894484785,1.1630110207411173,-0.00723573129263877,0.5953301191329956
1408,2013-06-21 00:00:00,-0.006104538217186928,0.00716054905205965,-0.3986765015739242,1.0,0.43126311898231506,3.583548107144452e-07,0.22838161885738373,0.34035494923591614,-4.200089818876423,0.0009567321819681229,1.1568810568630175,1.1557752894484785,0.0011057674145389385,0.5949684977531433
1409,2013-06-24 00:00:00,0.004474682733416557,0.007340962998569012,0.21901844469574824,1.0,0.43583256006240845,3.5635764561448013e-07,0.22656948864459991,0.3375976085662842,-4.734372086465851,-0.002516907201216001,1.1539692946000486,1.1568810568630175,-0.0029117622629688533,0.5960334539413452
1410,2013-06-25 00:00:00,-0.001133377430960536,0.007438923232257366,1.4852447020937902,1.0,0.43352341651916504,3.59284769047008e-07,0.22906717658042908,0.3374090790748596,-5.6824281796019935,0.003091564942931946,1.157536865616454,1.1539692946000486,0.0035675710164053687,0.5951967835426331
1411,2013-06-26 00:00:00,0.001625049626454711,0.007551206275820732,0.8393146093664947,1.0,0.4360733926296234,3.5816844956571003e-07,0.23013801872730255,0.3337882459163666,-5.22179886158283,0.0022544330811609115,1.160146455018963,1.157536865616454,0.002609589402509105,0.5954310297966003
1412,2013-06-27 00:00:00,0.001515656360425055,0.007511480245739222,-0.09641427494959716,1.0,0.43433523178100586,3.546596190062701e-07,0.23140493035316467,0.3342595398426056,-4.387753782101594,0.006460066086661165,1.1676410777885913,1.160146455018963,0.007494622769628201,0.5949157476425171
1413,2013-06-28 00:00:00,0.005383810959756374,0.0075306338258087635,-3.818569719000163,1.0,0.4346615970134735,3.536285362315539e-07,0.23196278512477875,0.33337530493736267,-3.868655136317331,0.015923617870763573,1.1862341481215033,1.1676410777885913,0.01859307033291202,0.594875156879425
1414,2013-07-01 00:00:00,0.013289556838572025,0.00881178304553032,13.227948572283239,1.0,0.4356047511100769,3.512691364448983e-07,0.22817137837409973,0.3362235426902771,0.295968884449636,0.0012197529628448223,1.1876810607383022,1.1862341481215033,0.0014469126167988566,0.5957012176513672
1415,2013-07-02 00:00:00,-0.00029767921660095453,0.008687999099493027,7.411034676282404,1.0,0.4330247938632965,3.5735601500164194e-07,0.22828836739063263,0.3386865258216858,1.3649937275592714,-0.0022145546538158145,1.1850508761179952,1.1876810607383022,-0.0026301846203069523,0.5952601432800293
1416,2013-07-03 00:00:00,-0.0019120167708024383,0.00871928222477436,8.451614592350483,1.0,0.43607258796691895,3.5624472616291314e-07,0.22480185329914093,0.33912524580955505,0.8370734685564883,-0.003974500781338652,1.1803408904849382,1.1850508761179952,-0.004709985633057023,0.5964068174362183
1417,2013-07-04 00:00:00,-0.000868598697707057,0.008785706013441086,5.5266708354989875,1.0,0.4283302426338196,3.5715430612981436e-07,0.2265881448984146,0.34508129954338074,0.6196503810674483,0.005557615955738893,1.1869007718511084,1.1803408904849382,0.00655988136617025,0.5948866009712219
1418,2013-07-05 00:00:00,0.005343473516404629,0.00879000686109066,3.674292609705434,1.0,0.4314150810241699,3.559500498795387e-07,0.22868935763835907,0.33989521861076355,2.0489514975116645,0.005144325864101296,1.1930065761898638,1.1869007718511084,0.006105804338755405,0.5949341058731079
1419,2013-07-08 00:00:00,0.0007309643551707268,0.009100561961531639,0.6203557542682345,1.0,0.4295464754104614,3.541234150361561e-07,0.2261931449174881,0.3442600667476654,2.845630367047086,-0.0017892202956749648,1.1908720246108713,1.1930065761898638,-0.0021345515789925606,0.595137357711792
1420,2013-07-09 00:00:00,0.0001296673435717821,0.009097891859710217,0.6896257419238834,1.0,0.4339653551578522,3.5550456800592656e-07,0.22677208483219147,0.3392622172832489,2.515977437804583,0.0037612355215985716,1.1953511747715158,1.1908720246108713,0.004479150160644485,0.5956931710243225
1421,2013-07-10 00:00:00,0.004946192726492882,0.008799082599580288,1.310391860466825,1.0,0.43588560819625854,3.542360786923382e-07,0.2268909215927124,0.3372231423854828,4.563418172544768,-0.003066652830047034,1.1916854477085026,1.1953511747715158,-0.0036657270630131578,0.5959824919700623
1422,2013-07-11 00:00:00,-0.0026170462369918823,0.008847462013363838,1.1242773199250815,1.0,0.4308472275733948,3.535383541475312e-07,0.23088152706623077,0.3382708728313446,4.220933352138865,0.00741946781988867,1.2005271195392055,1.1916854477085026,0.008841671830702946,0.5944432616233826
1423,2013-07-12 00:00:00,0.007455180399119854,0.009007258340716362,1.065497338353922,1.0,0.4357093572616577,3.537342934123444e-07,0.22555670142173767,0.33873361349105835,5.698887758624068,0.0008336236998078839,1.2015279073983156,1.2005271195392055,0.0010007878591100638,0.5962037444114685
1424,2013-07-15 00:00:00,0.000453797634691,0.008624698966741562,1.252322908220035,1.0,0.4305325150489807,3.565563702068175e-07,0.22572831809520721,0.3437388241291046,4.906315292611368,-0.0005652730385808935,1.2008487160671608,1.2015279073983156,-0.0006791913311547937,0.5953720808029175
1425,2013-07-16 00:00:00,-0.0007985691190697253,0.00848296657204628,1.3948618705608955,1.0,0.4340432286262512,3.558961054750398e-07,0.22580945491790771,0.3401469886302948,4.122521597295807,-0.008856478827755199,1.190213424837975,1.2008487160671608,-0.010635291229185828,0.5958886742591858
1426,2013-07-17 00:00:00,-0.0048432378098368645,0.008981754072010517,-0.059130961971237905,1.0,0.42963534593582153,3.60640598273676e-07,0.22857020795345306,0.34179410338401794,3.028069832576538,0.008586761404042242,1.2004335035369467,1.190213424837975,0.01022007869897168,0.5946881771087646
1427,2013-07-18 00:00:00,0.005956354551017284,0.00911335926502943,1.0050284537800789,1.0,0.42840683460235596,3.542409672263602e-07,0.23053903877735138,0.3410537838935852,4.859880457601293,0.0014990248983783871,1.2022329832475962,1.2004335035369467,0.001799479710649532,0.594136655330658
1428,2013-07-19 00:00:00,-0.0009146499796770513,0.008911878801882267,-0.015433207912411057,1.0,0.4291877746582031,3.539981037192774e-07,0.22524653375148773,0.3455653786659241,6.255557196905875,-0.0012626637945413188,1.200714967187046,1.2022329832475962,-0.0015180160605501314,0.5952760577201843
1429,2013-07-22 00:00:00,-0.0010166894644498825,0.008815834298729897,-0.19943131258229174,1.0,0.43122148513793945,3.591437973682332e-07,0.22595401108264923,0.34282419085502625,5.881956782437076,-0.0021227521325206666,1.1981661469299003,1.200714967187046,-0.0025488202571457563,0.5954288840293884
1430,2013-07-23 00:00:00,-0.001605783705599606,0.008632000535726547,-0.3034214043383528,1.0,0.43322011828422546,3.5404309528530575e-07,0.22497090697288513,0.34180864691734314,5.967146263203066,0.004907827386414043,1.204046539559277,1.1981661469299003,0.005880392629376674,0.5959234237670898
1431,2013-07-24 00:00:00,0.005933537147939205,0.008548476733267307,0.9213259291885679,1.0,0.4324663281440735,3.5641105000649986e-07,0.22789321839809418,0.3396401107311249,6.1903299523484465,-0.004546748524277611,1.1985720427323743,1.204046539559277,-0.005474496826902708,0.5952460169792175
1432,2013-07-25 00:00:00,-0.003792013507336378,0.008647250011563301,-0.18033071595593447,1.0,0.43408486247062683,3.571122988432762e-07,0.22286921739578247,0.3430456221103668,5.0163957386224975,-0.0010939133018730285,1.1972609088315762,1.1985720427323743,-0.0013111339007980671,0.5964735150337219
1433,2013-07-26 00:00:00,-0.002407377352938056,0.008453361690044403,-0.498734250835491,1.0,0.43150410056114197,3.5618276683635486e-07,0.22328446805477142,0.34521111845970154,3.9917274491869192,-0.004756180377509689,1.191566519990232,1.1972609088315762,-0.0056943888413441,0.5960054397583008
1434,2013-07-29 00:00:00,-0.002137480303645134,0.006898394785821438,-2.0723707335147874,1.0,0.43208494782447815,3.582933914003661e-07,0.2280857414007187,0.3398289680480957,1.1183014607257213,-0.0011581063020045246,1.1901865592941738,1.191566519990232,-0.00137996069605828,0.5951505899429321
1435,2013-07-30 00:00:00,-0.0013017631135880947,0.006972638890147209,-2.2007837457344777,1.0,0.4309353530406952,3.5900427519663936e-07,0.2305298149585724,0.33853450417518616,0.6898208652697959,-0.0034876153010698907,1.1860356464388517,1.1901865592941738,-0.0041509128553220975,0.5945206880569458
1436,2013-07-31 00:00:00,-0.0046868156641721725,0.007075591012835503,-14.472551617049714,1.0,0.43347635865211487,3.580442751172086e-07,0.22666221857070923,0.33986109495162964,0.4525027805969536,-0.0006866172980680707,1.1852212938478814,1.1860356464388517,-0.0008143525909702909,0.5956366658210754
1437,2013-08-01 00:00:00,0.0008945040171965957,0.006895032245665789,-6.73763231373225,1.0,0.4326648712158203,3.547285132299294e-07,0.22646573185920715,0.34086906909942627,1.0602502163916616,0.00419291280138423,1.1901908233833294,1.1852212938478814,0.004969529535447936,0.5955479145050049
1438,2013-08-02 00:00:00,0.0033581163734197617,0.006791986059397459,-4.145942085964126,1.0,0.4334184527397156,3.578817313609761e-07,0.23039525747299194,0.3361859619617462,0.8248471579160193,-0.003017252877155374,1.186599716697112,1.1901908233833294,-0.0035911066862173158,0.5949407815933228
1439,2013-08-05 00:00:00,-0.0021901438012719154,0.0063422005623579025,-19.2460940434634,1.0,0.4348298907279968,3.562838344350894e-07,0.22745205461978912,0.3377177119255066,-0.7077199040003135,0.001120637833248006,1.1879294652325643,1.186599716697112,0.001329748535452202,0.5957052111625671
1440,2013-08-06 00:00:00,0.0013034697622060776,0.006349579431116581,-2.6553053927101793,1.0,0.43513426184654236,3.5833738820656436e-07,0.22753585875034332,0.3373294770717621,-0.16459231056351342,-0.004621448545264806,1.182439510333588,1.1879294652325643,-0.00548995489897619,0.5957395434379578
1441,2013-08-07 00:00:00,-0.006592114921659231,0.006619028747081757,1.3514836504975498,1.0,0.4337785243988037,3.556096714874002e-07,0.22719021141529083,0.339030921459198,-1.7543173083223307,0.0019367315717411238,1.1847295782649252,1.182439510333588,0.0022900679313371253,0.5955846905708313
1442,2013-08-08 00:00:00,0.0002704904181882739,0.006601279601454735,2.3120789204478753,1.0,0.434666246175766,3.5871110526386474e-07,0.2276953011751175,0.33763810992240906,-0.8054881919214044,0.00442924857261584,1.189977040058391,1.1847295782649252,0.005247461793465691,0.5956336259841919
1443,2013-08-12 00:00:00,0.00347339641302824,0.00631549209356308,1.4037328217151182,1.0,0.432039350271225,3.549696430127369e-07,0.22943958640098572,0.33852073550224304,-1.4816272920151257,-0.00022009770920461413,1.189715128837868,1.189977040058391,-0.0002619112205228813,0.5948922634124756
1444,2013-08-13 00:00:00,3.483198815956712e-05,0.006256444845348597,0.545999545787005,1.0,0.4333793818950653,3.577459040116082e-07,0.229997918009758,0.3366223871707916,-1.6911013513396596,0.004297435068689515,1.1948278523542863,1.189715128837868,0.005112723516418338,0.5950053930282593
1445,2013-08-14 00:00:00,0.006165146362036467,0.006730177905410528,-3.2715779690480282,1.0,0.43520843982696533,3.554345084921806e-07,0.2271023392677307,0.3376888632774353,-0.6812695133922202,-0.0005245881565585364,1.194201059813815,1.1948278523542863,-0.000626792540471266,0.5958318710327148
1446,2013-08-16 00:00:00,0.0005540556740015745,0.0059411171823740005,32.319406295111776,1.0,0.43218493461608887,3.570903857053054e-07,0.22789378464221954,0.33992093801498413,1.0237010955886265,-0.01391956524810034,1.177578300242386,1.194201059813815,-0.016622759571429002,0.5952021479606628
1447,2013-08-19 00:00:00,-0.01148289069533348,0.0074206325225532055,0.31114323906929964,1.0,0.43590793013572693,3.5689515698322793e-07,0.22664862871170044,0.33744314312934875,-3.306123360490298,-0.005732456379890505,1.170827884002341,1.177578300242386,-0.006750416240045132,0.5960311889648438
1448,2013-08-20 00:00:00,-0.004455604124814272,0.007477268576622009,1.8666721652299987,1.0,0.43294379115104675,3.5755493854594533e-07,0.2286069095134735,0.33844900131225586,-4.565080546600669,0.005200380057801768,1.176916633981425,1.170827884002341,0.0060887499790840405,0.5951883792877197
1449,2013-08-21 00:00:00,0.00507065374404192,0.007608411367982626,1.2207637823279074,1.0,0.43424323201179504,3.5696209010893654e-07,0.23219804465770721,0.33355844020843506,-3.20097698677174,-0.004150914657376381,1.1720313534749214,1.176916633981425,-0.004885280506503609,0.5947641134262085
1450,2013-08-22 00:00:00,-0.0034936440642923117,0.007857594639062881,3.5674780173312963,1.0,0.43689408898353577,3.589470907172654e-07,0.22801488637924194,0.33509066700935364,-3.5085354245092284,0.009007200957147798,1.1825880754037479,1.1720313534749214,0.010556721928826507,0.5959471464157104
1451,2013-08-23 00:00:00,0.007870474830269814,0.008138490840792656,1.9169421611958133,1.0,0.4346369206905365,3.5669026487994415e-07,0.23095780611038208,0.33440494537353516,-2.5714539629970177,0.005681896135902864,1.1893074180197492,1.1825880754037479,0.006719342616001267,0.5950440764427185
1452,2013-08-26 00:00:00,0.005180010572075844,0.008623272180557251,-8.898348452190403,1.0,0.433202862739563,3.552228804437618e-07,0.23293906450271606,0.3338576853275299,-0.8876689745618689,0.0025125242348504884,1.1922955817302112,1.1893074180197492,0.002988163710462066,0.594463050365448
1453,2013-08-27 00:00:00,0.0002178012509830296,0.008603081107139587,-30.494006959044153,1.0,0.435491681098938,3.5611537896329537e-07,0.22967471182346344,0.3348332345485687,-0.3156769996981451,-0.0008765812102213832,1.1912504378262365,1.1922955817302112,-0.001045143903974699,0.595413088798523
1454,2013-08-28 00:00:00,-0.0026281047612428665,0.008743626065552235,-11.725583376216665,1.0,0.43288350105285645,3.537377608608949e-07,0.22560352087020874,0.34151268005371094,0.2583110285796089,0.0012675439061637928,1.192760400059418,1.1912504378262365,0.001509962233181561,0.595748245716095
1455,2013-08-29 00:00:00,0.0016978303901851177,0.008703086525201797,87.86754235211035,1.0,0.43328800797462463,3.582290730719251e-07,0.2282678335905075,0.3384438157081604,0.6531598438292734,0.00325967991993803,1.196648417184789,1.192760400059418,0.0038880171253710127,0.5953057408332825
1456,2013-08-30 00:00:00,0.002859060186892748,0.00863882526755333,3.614708957018566,1.0,0.43340110778808594,3.5587382285484637e-07,0.2275511622428894,0.339047372341156,1.7317629111814565,0.006118493775525868,1.203970103076827,1.196648417184789,0.007321685892037966,0.595457136631012
1457,2013-09-02 00:00:00,0.007051827386021614,0.008864511735737324,2.579320939074604,1.0,0.43220433592796326,3.5758787930717517e-07,0.2270108312368393,0.34078449010849,2.7370198628810476,0.0029366638953127744,1.2075057586095688,1.203970103076827,0.0035356555327417105,0.5953726172447205
1458,2013-09-03 00:00:00,0.0012524412013590336,0.009053437039256096,3.366361944280832,1.0,0.43273791670799255,3.547386313584866e-07,0.22547794878482819,0.3417838215827942,2.5533091387115907,-0.006470631014099726,1.1996924343982056,1.2075057586095688,-0.00781332421136316,0.5957504510879517
1459,2013-09-04 00:00:00,-0.0073806908912956715,0.00961669348180294,3.1457891049053925,1.0,0.4307750463485718,3.5507071061147144e-07,0.22916793823242188,0.34005671739578247,1.9718904636681869,0.00985433920436396,1.2115146105876746,1.1996924343982056,0.011822176189469014,0.5947467088699341
1460,2013-09-05 00:00:00,0.010107718408107758,0.010044733993709087,3.522590119111291,1.0,0.43527746200561523,3.535173220825527e-07,0.229899063706398,0.3348231613636017,3.111636978512929,0.006721803315129948,1.2196581735134513,1.2115146105876746,0.00814356292577667,0.5953373908996582
1461,2013-09-06 00:00:00,0.0072018858045339584,0.010095374658703804,2.4667026421366103,1.0,0.43395984172821045,3.5092534744762816e-07,0.22596389055252075,0.34007593989372253,4.722401599092625,0.002530672607141904,1.2227447290432385,1.2196581735134513,0.003086555529787205,0.5958459377288818
1462,2013-09-10 00:00:00,0.0023234300315380096,0.010083702392876148,1.7083943459372943,1.0,0.4364610016345978,3.5542615250960807e-07,0.2255057394504547,0.33803293108940125,4.816787437563478,0.008568890092995884,1.2332222942382,1.2227447290432385,0.010477565194961569,0.5963365435600281
1463,2013-09-11 00:00:00,0.009287946857511997,0.010867568664252758,2.3016584851689568,1.0,0.43299898505210876,3.5711261148207996e-07,0.22643381357192993,0.3405669033527374,5.234344998813773,-0.004275311586920516,1.2279498846743948,1.2332222942382,-0.005272409563805258,0.5956057906150818
1464,2013-09-12 00:00:00,-0.002726543927565217,0.010921376757323742,3.021882861494145,1.0,0.4302494525909424,3.5759768479692866e-07,0.2279929220676422,0.34175726771354675,4.580682247499741,-0.004416213282364634,1.2225269960836176,1.2279498846743948,-0.0054228885907772195,0.5948894023895264
1465,2013-09-13 00:00:00,-0.006081853993237019,0.01091361977159977,1.7845115815338906,1.0,0.4318561553955078,3.533816936851508e-07,0.22595736384391785,0.3421861529350281,3.3587876835794175,0.002178490398676347,1.2251902594067083,1.2225269960836176,0.0026632633230907476,0.5955231785774231
1466,2013-09-16 00:00:00,0.0012530817184597254,0.010913525708019733,0.7015880058100056,1.0,0.425989031791687,3.5262135611446865e-07,0.23031899333000183,0.3436916172504425,3.7094364712360504,0.003302925744615326,1.2292369718565548,1.2251902594067083,0.004046712449846446,0.593832790851593
1467,2013-09-17 00:00:00,0.004911881405860186,0.009695748798549175,0.6725247786001861,1.0,0.4328380525112152,3.538532666880201e-07,0.2265285849571228,0.34063300490379333,7.263618459763108,0.0026479097032747756,1.2324918803619578,1.2292369718565548,0.003254908505402998,0.5955626368522644
1468,2013-09-18 00:00:00,0.0008948677568696439,0.009546307846903801,-0.15587758173149985,1.0,0.43268105387687683,3.5779780205302814e-07,0.22353874146938324,0.34377986192703247,9.234510498786433,0.00033253134749622326,1.2329017225477128,1.2324918803619578,0.0004098421857550161,0.5961267352104187
1469,2013-09-19 00:00:00,0.00028282887069508433,0.009518292732536793,0.1258211606794715,1.0,0.4316796362400055,3.5722675306715246e-07,0.22704479098320007,0.34127524495124817,8.435272437584365,0.013684605719593623,1.2497734965117862,1.2329017225477128,0.016871773964073356,0.5952860116958618
1470,2013-09-20 00:00:00,0.011270768940448761,0.010182520374655724,1.3574836538699804,1.0,0.43273434042930603,3.5275829191050434e-07,0.22560462355613708,0.34166064858436584,10.729287831525351,-0.0025159651904249625,1.2466291098986468,1.2497734965117862,-0.003144386613139316,0.5957251191139221
1471,2013-09-23 00:00:00,-0.0031364229507744312,0.010026234202086926,1.2978044715116435,1.0,0.42828568816185,3.5255749253337854e-07,0.22664768993854523,0.34506627917289734,8.912644068259567,-0.006855417043873824,1.2380829474512585,1.2466291098986468,-0.008546162447388372,0.5948684811592102
1472,2013-09-24 00:00:00,-0.007019329816102982,0.010136057622730732,0.28984399618780327,1.0,0.4334467947483063,3.557245804586273e-07,0.22298972308635712,0.34356313943862915,6.443090363490802,0.0004387931650600141,1.2386262097863774,1.2380829474512585,0.0005432623351189214,0.5963523983955383
1473,2013-09-25 00:00:00,0.0016469083493575454,0.010114585980772972,0.3682827797594907,1.0,0.4299235939979553,3.5643236628857267e-07,0.22569872438907623,0.344377338886261,6.110553655120078,0.0013013611755647858,1.2402381098468303,1.2386262097863774,0.0016119000604528644,0.5952898263931274
1474,2013-09-26 00:00:00,0.0005051378975622356,0.00992909912019968,0.360971653418594,1.0,0.42964550852775574,3.5661744846038346e-07,0.22879904508590698,0.3415551483631134,6.514516620711535,-0.0026379670971020674,1.2369664025204823,1.2402381098468303,-0.0032717073263479612,0.5946462750434875
1475,2013-09-27 00:00:00,-0.0004933300078846514,0.00993533618748188,-0.9993040851267181,1.0,0.4316432774066925,3.6033421224601625e-07,0.22385171055793762,0.34450462460517883,5.814412951110353,0.003032622988268674,1.240717655268482,1.2369664025204823,0.0037512527479997004,0.5959101915359497
1476,2013-09-30 00:00:00,0.00015187676763162017,0.00998244620859623,-0.6655549023122925,1.0,0.42897072434425354,3.54953073156139e-07,0.2243235558271408,0.3467053771018982,5.763459477212362,-0.004726005382868936,1.2348540169510627,1.240717655268482,-0.005863638317419317,0.5954339504241943
1477,2013-10-01 00:00:00,-0.004614562727510929,0.010012619197368622,-0.5711244722440152,1.0,0.4332527220249176,3.557624950190075e-07,0.22849731147289276,0.3382495939731598,4.125719150151121,0.0015687996377726776,1.2367912554855576,1.2348540169510627,0.0019372385344949006,0.5952576994895935
1478,2013-10-03 00:00:00,0.001532852416858077,0.009871991351246834,-0.5859887187522793,1.0,0.4327668249607086,3.5752185567616834e-07,0.22862786054611206,0.33860498666763306,3.9414862325654267,0.006261606768900307,1.2445355559826226,1.2367912554855576,0.007744300497064982,0.5951564311981201
1479,2013-10-04 00:00:00,0.006381047889590263,0.009412798099219799,0.3512886375083256,1.0,0.4344595968723297,3.542378692600323e-07,0.2232017070055008,0.34233835339546204,6.0221712432792875,-0.0009944801773799083,1.2432978900421534,1.2445355559826226,-0.001237665940469146,0.5964643359184265
1480,2013-10-07 00:00:00,-0.001908077159896493,0.00899705570191145,0.28491410507073794,1.0,0.4348323345184326,3.5773567219621327e-07,0.22482576966285706,0.3403415381908417,4.624131692791324,0.0028512592616594112,1.2468428546661376,1.2432978900421534,0.003544964623984237,0.5962031483650208
1481,2013-10-08 00:00:00,0.0032040197402238846,0.008547447621822357,1.040437223475451,1.0,0.43224555253982544,3.6081797816223116e-07,0.22761967778205872,0.3401343822479248,4.082931174129141,0.001823780179534218,1.2491168219514717,1.2468428546661376,0.002273967285334022,0.5952632427215576
1482,2013-10-09 00:00:00,0.0031257192604243755,0.008560054004192352,2.6716232613242505,1.0,0.4319842755794525,3.5729536307371745e-07,0.22595037519931793,0.3420650362968445,3.9672532418423527,0.009191138701480472,1.2605976279163802,1.2491168219514717,0.011480805964908525,0.5955438613891602
1483,2013-10-10 00:00:00,0.005925999954342842,0.008013470098376274,4.429372879047347,1.0,0.4320765435695648,3.5331845538166817e-07,0.22678156197071075,0.34114155173301697,4.010587253488303,-0.0009671950910209448,1.2593783840789068,1.2605976279163802,-0.001219243837473405,0.5953969955444336
1484,2013-10-11 00:00:00,-0.0011304052313789725,0.007967534475028515,2.207302191662147,1.0,0.4293992221355438,3.525165368500893e-07,0.22863447666168213,0.3419659435749054,4.678633518678972,0.005433664524463255,1.2662214237273521,1.2593783840789068,0.006843039648445348,0.5946411490440369
1485,2013-10-14 00:00:00,0.0036210231482982635,0.007800182793289423,2.2337814605872626,1.0,0.4344112277030945,3.585140007089649e-07,0.22515080869197845,0.34043756127357483,6.543004151246019,0.002932139253126742,1.2699341612670132,1.2662214237273521,0.0037127375396610596,0.5960736274719238
1486,2013-10-15 00:00:00,0.006095334887504578,0.008038343861699104,2.257741655819355,1.0,0.43356752395629883,3.530188905642717e-07,0.22541476786136627,0.34101736545562744,6.659558301268218,-0.0039770005482315796,1.2648836324114363,1.2699341612670132,-0.005050528855576886,0.595890462398529
1487,2013-10-17 00:00:00,-0.0038768197409808636,0.008112682960927486,1.8940881402322227,1.0,0.4333154559135437,3.5583192925514595e-07,0.22837111353874207,0.33831313252449036,5.225536513953347,-0.008708945860616435,1.2538678293367853,1.2648836324114363,-0.011015803074650998,0.595291018486023
1488,2013-10-18 00:00:00,-0.0035389484837651253,0.008526219986379147,0.2596685096115858,1.0,0.4332888424396515,3.572033335785818e-07,0.22579553723335266,0.3409152626991272,2.9817889845284187,0.0036876088363559933,1.2584916034238702,1.2538678293367853,0.00462377408708492,0.5957735180854797
1489,2013-10-21 00:00:00,0.0021272816229611635,0.008621808141469955,0.8913559027574183,1.0,0.4318166673183441,3.5426779732006253e-07,0.2274296134710312,0.34075334668159485,3.4743903503053026,0.0033827436821618484,1.262748757944406,1.2584916034238702,0.004257154520535877,0.5952333211898804
1490,2013-10-22 00:00:00,0.0012640859931707382,0.00753751490265131,0.83982968114698,1.0,0.43461307883262634,3.557808554432995e-07,0.2294483631849289,0.3359382152557373,2.2455571142937885,0.0010788738042801782,1.2641111045007396,1.262748757944406,0.0013623465563334936,0.5953062772750854
1491,2013-10-23 00:00:00,-0.0004369021044112742,0.007517990190535784,-1.4204449990874566,1.0,0.4337497055530548,3.563092718650296e-07,0.22907547652721405,0.33717450499534607,2.9327984131085487,0.006649712156937104,1.2725170794800573,1.2641111045007396,0.00840597497931772,0.5952318906784058
1492,2013-10-24 00:00:00,0.003327046986669302,0.007139270193874836,0.4788520865485125,1.0,0.43280524015426636,3.5316944035912456e-07,0.22934310138225555,0.33785131573677063,5.609616249897632,-0.0008545191177716793,1.2714296893079506,1.2725170794800573,-0.0010873901721066837,0.595031201839447
1493,2013-10-25 00:00:00,-0.0008645772468298674,0.007179750129580498,1.0622482465415408,1.0,0.4313521683216095,3.543826778695802e-07,0.23043246567249298,0.3382149934768677,5.317703188551378,0.00036455052262507337,1.2718931896656689,1.2714296893079506,0.0004635003577182495,0.594603419303894
1494,2013-10-28 00:00:00,-0.0010239880066365004,0.007163315545767546,0.4802968203885202,1.0,0.43361157178878784,3.567223814116005e-07,0.22554489970207214,0.34084323048591614,5.10865930928917,0.001264273227936874,1.2735012101741585,1.2718931896656689,0.001608020508489627,0.5958721041679382
1495,2013-10-29 00:00:00,-0.0003285277634859085,0.007181304041296244,0.14144441704531022,1.0,0.4316865801811218,3.540428679116303e-07,0.22464071214199066,0.34367233514785767,5.976392990313748,0.013346536063122638,1.2904980400021782,1.2735012101741585,0.016996829828019644,0.5957578420639038
1496,2013-10-30 00:00:00,0.012164870277047157,0.008137148804962635,1.7103055944551746,1.0,0.4338121712207794,3.58130080257979e-07,0.2265324592590332,0.3396550416946411,6.79518790065513,0.0100521010396184,1.3034702566917096,1.2904980400021782,0.012972216689531413,0.595714271068573
1497,2013-10-31 00:00:00,0.009240321815013885,0.008158042095601559,1.709348181503108,1.0,0.433987557888031,3.5477037840792036e-07,0.22379237413406372,0.3422197699546814,9.100304351689443,0.0063780892919924614,1.3117839063783456,1.3034702566917096,0.00831364968663606,0.5962739586830139
1498,2013-11-01 00:00:00,0.006535128224641085,0.008244739845395088,2.1311233358322026,1.0,0.4312828481197357,3.5442812418295944e-07,0.22478604316711426,0.343930721282959,9.758708596934847,0.005401922787878766,1.3188700617549833,1.3117839063783456,0.007086155376637704,0.5956693291664124
1499,2013-11-05 00:00:00,0.004525122232735157,0.008140933699905872,2.6754059870899365,1.0,0.4288046658039093,3.5063433756477025e-07,0.22768358886241913,0.3435113728046417,9.66345192407932,-0.0017416888819380416,1.3165730004317038,1.3188700617549833,-0.002297061323279559,0.5947380661964417
1500,2013-11-06 00:00:00,-0.0015352163463830948,0.008119973354041576,2.5551208058900956,1.0,0.4291491210460663,3.560437278338213e-07,0.227680504322052,0.34317004680633545,9.484208406704504,-0.0008325527420016687,1.315476883970149,1.3165730004317038,-0.0010961164615548302,0.5947882533073425
1501,2013-11-07 00:00:00,-0.0016018319875001907,0.008145320229232311,1.5740967209887209,1.0,0.43217578530311584,3.5404525533522246e-07,0.22182755172252655,0.34599629044532776,8.76482056937367,-0.00254481863600009,1.3121292338805943,1.315476883970149,-0.0033476500895546213,0.5964032411575317
1502,2013-11-08 00:00:00,-0.003419717075303197,0.008254790678620338,0.48595076563937484,1.0,0.43203410506248474,3.5607479276222875e-07,0.22335116565227509,0.3446144163608551,7.8926122262511695,-0.0035062196423641945,1.307528620587442,1.3121292338805943,-0.004600613293152422,0.5960690379142761
1503,2013-11-11 00:00:00,-0.002342978958040476,0.007900751195847988,-0.6075757451262832,1.0,0.4331915080547333,3.5691920174940606e-07,0.22727328538894653,0.3395349085330963,6.050540176046589,-0.003405455273339464,1.3030758903514201,1.307528620587442,-0.0044527302360217735,0.5954762697219849
1504,2013-11-12 00:00:00,-0.0047255693934857845,0.008060799911618233,-2.1622899823061545,1.0,0.4320228397846222,3.568575266399421e-07,0.2274145931005478,0.34056222438812256,5.561019493368049,-0.002437901487734151,1.2998991196997018,1.3030758903514201,-0.003176770651718286,0.5952678322792053
1505,2013-11-13 00:00:00,-0.003857571631669998,0.00808872003108263,-3.5985552080315,1.0,0.43091824650764465,3.563078792012675e-07,0.22966763377189636,0.33941376209259033,4.346839591431565,-0.0020854112238555267,1.2971882954856002,1.2998991196997018,-0.002710824214101626,0.5946758985519409
1506,2013-11-14 00:00:00,-9.128544479608536e-05,0.007895019836723804,-5.004148437779085,1.0,0.4336453974246979,3.551892291397962e-07,0.23024976253509521,0.33610454201698303,3.5693214477975843,0.00403638763427816,1.3024242502808288,1.2971882954856002,0.005235954795228537,0.5950037837028503
1507,2013-11-18 00:00:00,0.006774777080863714,0.008039865642786026,-0.764722806879551,1.0,0.43377596139907837,3.574149616270006e-07,0.22904692590236664,0.33717676997184753,4.889527257789841,0.009774172541467951,1.3151543696252657,1.3024242502808288,0.012730119344436908,0.5952413082122803
1508,2013-11-19 00:00:00,0.008996933698654175,0.00822458229959011,0.8174804433435138,1.0,0.4340331256389618,3.551343183971767e-07,0.2254936546087265,0.34047287702560425,8.200760401864043,0.0022272665862783647,1.31808356900853,1.3151543696252657,0.0029291993832643026,0.5959479212760925
1509,2013-11-20 00:00:00,0.0033057595137506723,0.008152850903570652,1.6853539752105093,1.0,0.43232476711273193,3.573012179458601e-07,0.22675874829292297,0.3409161865711212,7.970019096191835,0.0017839780543216222,1.320435001169403,1.31808356900853,0.0023514321608730793,0.5954393744468689
1510,2013-11-21 00:00:00,0.0006724815466441214,0.008043995127081871,2.2266978147764185,1.0,0.4293038845062256,3.551265876922116e-07,0.22616589069366455,0.3445298671722412,7.67380386914063,-0.007456120998320381,1.3105896780302666,1.320435001169403,-0.009845323139136442,0.5951080918312073
1511,2013-11-22 00:00:00,-0.008657109923660755,0.008826028555631638,1.6376664029799866,1.0,0.4267948567867279,3.569659838831285e-07,0.22705301642417908,0.346151739358902,5.76536046567375,-0.0018158802350420888,1.3082098041376813,1.3105896780302666,-0.002379873892585316,0.594582200050354
1512,2013-11-25 00:00:00,-4.947406705468893e-05,0.008643504232168198,0.7198983372290073,1.0,0.4322371482849121,3.5561114941629057e-07,0.22582247853279114,0.3419400453567505,4.575213615563832,0.004979253353396107,1.3147237121918796,1.3082098041376813,0.00651390805419827,0.5956070423126221
1513,2013-11-26 00:00:00,0.005664846394211054,0.008743878453969955,0.12384670784875726,1.0,0.43241462111473083,3.547330038600194e-07,0.224666029214859,0.3429190218448639,5.435905177285278,-0.009342857040853358,1.3024404365006508,1.3147237121918796,-0.012283275691228779,0.5958612561225891
1514,2013-11-27 00:00:00,-0.006989184767007828,0.009171772748231888,-1.5416278636102172,1.0,0.435319185256958,3.607812573136471e-07,0.2235782891511917,0.3411022126674652,3.6314703234706394,-0.001033524668161867,1.3010943321807158,1.3024404365006508,-0.001346104319934982,0.5965238213539124
1515,2013-11-28 00:00:00,-0.0006332634948194027,0.009135936386883259,-1.7790516815473865,1.0,0.436788946390152,3.594460338263161e-07,0.22477272152900696,0.3384380042552948,3.3154106667798913,0.0005703812819031207,1.301836452033782,1.3010943321807158,0.0007421198530661588,0.5965296626091003
1516,2013-11-29 00:00:00,0.0023337346501648426,0.008220002986490726,0.09236716303657465,1.0,0.4334985017776489,3.5555260069486394e-07,0.2305694967508316,0.3359316289424896,1.7701945827967303,0.007534749303438559,1.3116454633339345,1.301836452033782,0.009809011300152548,0.5949229598045349
1517,2013-12-02 00:00:00,0.005347519181668758,0.008340404368937016,2.2329010530095026,1.0,0.4369945228099823,3.5364729455977795e-07,0.22777555882930756,0.3352295756340027,1.4222132378259222,0.0029560321561690195,1.3155227295010428,1.3116454633339345,0.003877266167108262,0.5960073471069336
1518,2013-12-03 00:00:00,0.0015568326925858855,0.008198977448046207,1.2251275566802913,1.0,0.43388819694519043,3.5420089261606336e-07,0.2269480675458908,0.3391633927822113,0.8819650079888924,-0.0040904095433589305,1.310141702773786,1.3155227295010428,-0.00538102672725671,0.5956476926803589
1519,2013-12-04 00:00:00,-0.00473377201706171,0.008217844180762768,-3.8867026960866053,1.0,0.43559473752975464,3.5858838032254425e-07,0.22842015326023102,0.3359847664833069,-0.7543483923822426,0.0044809822266911326,1.3160124244583622,1.310141702773786,0.005870721684576141,0.5956545472145081
1520,2013-12-05 00:00:00,0.0030076410621404648,0.008273257873952389,53.75594014341369,1.0,0.43287885189056396,3.573228184450272e-07,0.22901110351085663,0.3381096422672272,0.3388838784321138,0.006381417610367146,1.3244104493192628,1.3160124244583622,0.008398024860900577,0.5951036214828491
1521,2013-12-06 00:00:00,0.0037695933133363724,0.008663125336170197,6.035224825666366,1.0,0.4295925796031952,3.5451310509415634e-07,0.2304536998271942,0.33995333313941956,1.5217371343121735,0.0008464723642749306,1.3255315261635685,1.3244104493192628,0.001121076844305735,0.5943289995193481
1522,2013-12-09 00:00:00,0.00021980400197207928,0.00864350888878107,1.5967117207052226,1.0,0.43319863080978394,3.5386545960136573e-07,0.22469449043273926,0.34210652112960815,2.0682885267394124,0.005450152076045045,1.3327558745627521,1.3255315261635685,0.007224348399183622,0.5959744453430176
1523,2013-12-10 00:00:00,0.003490133211016655,0.008651920594274998,1.4940958264214868,1.0,0.4318162500858307,3.5420322319623665e-07,0.22516505420207977,0.3430183231830597,3.5127542051166927,-0.005153856249642708,1.325887042369389,1.3327558745627521,-0.006868832193363206,0.5956728458404541
1524,2013-12-11 00:00:00,-0.004263852257281542,0.008638784289360046,1.5690942019442198,1.0,0.43384939432144165,3.567627402389917e-07,0.2271694839000702,0.3389807641506195,3.1721763922311665,-0.002737024318186676,1.3222580572912552,1.325887042369389,-0.003628985078133695,0.595599889755249
1525,2013-12-12 00:00:00,-0.004643826745450497,0.008607352152466774,-0.378857316481507,1.0,0.43375131487846375,3.570185072021559e-07,0.22663919627666473,0.33960914611816406,3.118255832231725,0.0016627004692735259,1.324456576383614,1.3222580572912552,0.002198519092358797,0.5956844091415405
1526,2013-12-13 00:00:00,0.0011415008921176195,0.00855912547558546,-0.9947086340191783,1.0,0.43114137649536133,3.5331785852577013e-07,0.22687089443206787,0.34198734164237976,3.7618838628092424,0.0015413777605044476,1.3264980642952056,1.324456576383614,0.002041487911591533,0.5952382683753967
1527,2013-12-16 00:00:00,0.002110988600179553,0.00825691968202591,-0.7435274750170909,1.0,0.4333127737045288,3.5551420296542346e-07,0.22828544676303864,0.3384014666080475,3.3702678136052255,0.005114006660783099,1.3332817842315272,1.3264980642952056,0.006783719936321653,0.5953064560890198
1528,2013-12-17 00:00:00,0.0036795043852180243,0.0076272799633443356,-1.2484471660887213,1.0,0.434011846780777,3.5825016198032245e-07,0.2265704870223999,0.33941730856895447,2.769228815461785,-0.0007697492645988291,1.332255491558612,1.3332817842315272,-0.0010262926729152078,0.5957387089729309
1529,2013-12-18 00:00:00,0.0017409075517207384,0.00767595274373889,3.382080081001163,1.0,0.43262729048728943,3.556711760666076e-07,0.22926846146583557,0.33810392022132874,2.248777892880818,0.0002461892980272218,1.3325834786028716,1.332255491558612,0.00032798704425962555,0.5950165390968323
1530,2013-12-19 00:00:00,0.003307483159005642,0.00775277940556407,6.4757034284952795,1.0,0.4322555363178253,3.570934836716333e-07,0.23069052398204803,0.3370535969734192,1.9785986950625465,0.0013796935439600588,1.3344220354250877,1.3325834786028716,0.0018385568222161197,0.5946999788284302
1531,2013-12-20 00:00:00,0.0014492273330688477,0.006941779982298613,2.8076617458809836,1.0,0.4285162687301636,3.548572351519397e-07,0.22864589095115662,0.34283751249313354,3.8122567021796896,0.0006498262174663427,1.3352891778488718,1.3344220354250877,0.0008671424237840508,0.5945104956626892
1532,2013-12-23 00:00:00,0.001535681658424437,0.0069313645362854,2.4540101847352687,1.0,0.43203264474868774,3.5730519698518037e-07,0.22658434510231018,0.3413826823234558,4.319836699667933,0.0019563718880619696,1.3379015000588488,1.3352891778488718,0.0026123222099769805,0.5954282283782959
1533,2013-12-24 00:00:00,0.0018693821039050817,0.006733499933034182,2.5895736918586723,1.0,0.43023648858070374,3.568529507447238e-07,0.2275383174419403,0.3422248363494873,3.8214363747925955,0.0006580968130314169,1.3387819687721874,1.3379015000588488,0.000880468713338578,0.5949747562408447
1534,2013-12-26 00:00:00,0.001500618876889348,0.006153848022222519,1.6248848782835217,1.0,0.43177589774131775,3.577038114599418e-07,0.22757191956043243,0.34065181016921997,7.072153447931167,-0.0001829443927365837,1.3385370461179036,1.3387819687721874,-0.0002449226542837746,0.5952000021934509
1535,2013-12-27 00:00:00,-0.0005906970473006368,0.006140831857919693,0.9676122799308097,1.0,0.4319654405117035,3.57410101514688e-07,0.22569987177848816,0.3423343002796173,7.323490359340388,-0.0019098792535460207,1.3359806019834202,1.3385370461179036,-0.0025564441344834155,0.5955899357795715
1536,2013-12-30 00:00:00,-0.0038899476639926434,0.006259419955313206,0.09657244265161621,1.0,0.429349809885025,3.550409246599884e-07,0.22722576558589935,0.34342408180236816,6.554480850711084,0.0035701617339711778,1.3407502688059492,1.3359806019834202,0.004769666822528995,0.5949057936668396
1537,2013-12-31 00:00:00,0.0026686883065849543,0.005593964364379644,0.4175357075684193,1.0,0.4335312843322754,3.546231823747803e-07,0.22652167081832886,0.3399467170238495,6.097518772742359,-0.0014467226383074738,1.3388105750397508,1.3407502688059492,-0.0019396937661984026,0.595672070980072
1538,2014-01-02 00:00:00,-0.002684284234419465,0.0054880185052752495,-1.1214336591975904,0.0,0.4335519075393677,3.5793505048786756e-07,0.22691701352596283,0.33953070640563965,4.898307986081409,-0.006750890215063476,1.3297724118288914,1.3388105750397508,-0.009038163210859373,0.5956003069877625
1539,2014-01-03 00:00:00,-0.0068419682793319225,0.005948767997324467,-5.287864676269649,1.0,0.43582069873809814,3.568145530152833e-07,0.2247491031885147,0.3394298553466797,3.8864026075302474,-0.0073651770935995176,1.3199784025215886,1.3297724118288914,-0.009794009307302787,0.5963761210441589
1540,2014-01-06 00:00:00,-0.005267690867185593,0.006479272153228521,-212.51233920447126,1.0,0.43431156873703003,3.5844936974172015e-07,0.2280450016260147,0.3376430869102478,0.9710713905032657,0.00015047933368483868,1.3201770319920785,1.3199784025215886,0.000198629470489875,0.5955114960670471
1541,2014-01-07 00:00:00,-0.0005333435256034136,0.005943966563791037,12.65388125586864,1.0,0.43333086371421814,3.568924853425415e-07,0.23059885203838348,0.3360700011253357,-0.44085532312549275,0.001520944485924547,1.322184947969331,1.3201770319920785,0.0020079159772525834,0.5948903560638428
1542,2014-01-08 00:00:00,-0.0009023619350045919,0.006041510961949825,12.670362967760646,1.0,0.43519511818885803,3.559800347829878e-07,0.22813130915164948,0.33667322993278503,-0.263863146494815,0.002596839015297947,1.3256184494276575,1.322184947969331,0.003433501458326438,0.5956404805183411
1543,2014-01-09 00:00:00,0.002751019550487399,0.0060852509923279285,7.36467235483928,1.0,0.43553492426872253,3.5667065390043717e-07,0.22987216711044312,0.3345925807952881,-0.9744470489849426,-0.0021333896743069847,1.3227903887155776,1.3256184494276575,-0.0028280607120798607,0.5953856706619263
1544,2014-01-10 00:00:00,-2.5005429051816463e-05,0.005983544047921896,9.796966197679298,1.0,0.4355422556400299,3.5571761713981687e-07,0.2296818047761917,0.3347755968570709,-0.2563558579130635,-0.0034011882524412895,1.318291329585036,1.3227903887155776,-0.004499059130541605,0.5954204201698303
1545,2014-01-13 00:00:00,-0.0037770213093608618,0.005920166615396738,13.137758208688634,1.0,0.4349914491176605,3.582889860354044e-07,0.22824080288410187,0.33676740527153015,-0.4524425280225523,0.006122065036421542,1.3263619948417062,1.318291329585036,0.008070665256670218,0.5955868363380432
1546,2014-01-14 00:00:00,0.007690003141760826,0.0064271362498402596,3.962185278372213,1.0,0.43413183093070984,3.560581944839214e-07,0.22816893458366394,0.33769887685775757,0.6717925627551569,-0.0036636340059637007,1.3215026899331863,1.3263619948417062,-0.004859304908519935,0.595459520816803
1547,2014-01-15 00:00:00,-0.005513425916433334,0.0066297915764153,-2.4561941650208694,1.0,0.43222227692604065,3.570658009266481e-07,0.22752001881599426,0.34025731682777405,-0.5759481561837589,0.003210198862720004,1.3257449763654912,1.3215026899331863,0.004242286432304843,0.5952785015106201
1548,2014-01-16 00:00:00,0.006346067413687706,0.006970203947275877,22.653521732316726,1.0,0.4360760748386383,3.5885938132196316e-07,0.2254476398229599,0.33847594261169434,-1.0794121814842441,0.0008362690132770467,1.3268536558087334,1.3257449763654912,0.001108679443242222,0.5962842702865601
1549,2014-01-17 00:00:00,0.0005514468066394329,0.006916023325175047,-59.52960690849862,1.0,0.43206048011779785,3.580049110496475e-07,0.22835396230220795,0.33958521485328674,-0.6704358876370895,0.0006904955441842109,1.327769842345854,1.3268536558087334,0.0009161865371205558,0.5950965881347656
1550,2014-01-20 00:00:00,0.00017643907631281763,0.006779892835766077,-10.611532440656989,1.0,0.4352039098739624,3.569587647689332e-07,0.22933687269687653,0.3354588449001312,-0.5562787665880097,0.002413175064299944,1.3309739834205325,1.327769842345854,0.0032041410746785903,0.5954246520996094
1551,2014-01-21 00:00:00,-0.0009902184829115868,0.006804193370044231,-0.38492642348225004,1.0,0.4322769045829773,3.525170768625685e-07,0.2272837907075882,0.34043896198272705,-0.29548051149651955,-0.002346720474987518,1.3278505595219638,1.3309739834205325,-0.003123423898568678,0.5953317880630493
1552,2014-01-22 00:00:00,-0.0014096727827563882,0.006792142521589994,-2.1073855911051385,1.0,0.4330756962299347,3.563410757578822e-07,0.22971071302890778,0.3372132182121277,-1.0079827775431167,-0.0001187007450829114,1.3276929426711899,1.3278505595219638,-0.00015761685077397836,0.5950078368186951
1553,2014-01-23 00:00:00,0.0003073410480283201,0.006776802241802216,0.523169940019671,1.0,0.43639087677001953,3.551479039742844e-07,0.2277429699897766,0.33586585521698,-1.5345223192010637,3.0065052014416338e-05,1.3277328598285705,1.3276929426711899,3.991715738060897e-05,0.5959108471870422
1554,2014-01-24 00:00:00,7.31076579540968e-05,0.006770479492843151,0.6215170085192137,1.0,0.4327153265476227,3.566534587662318e-07,0.22915224730968475,0.3381321430206299,-1.6881843046593221,-0.002452108216484561,1.3244771151736883,1.3277328598285705,-0.003255744654882209,0.5950517654418945
1555,2014-01-27 00:00:00,-0.0033638696186244488,0.00697629339993,1.4714033036989371,1.0,0.43472015857696533,3.5783793350674387e-07,0.22853116691112518,0.33674830198287964,-2.2230178924159567,-0.002855236325608579,1.3206954200020071,1.3244771151736883,-0.003781695171681143,0.5954893231391907
1556,2014-01-28 00:00:00,-0.004766696598380804,0.007232582196593285,2.362102806838864,1.0,0.431420236825943,3.579266660835856e-07,0.2290751188993454,0.33950430154800415,-2.433337418504042,0.005408642910949446,1.3278385899229244,1.3206954200020071,0.007143169920917236,0.5948629975318909
1557,2014-01-29 00:00:00,0.00532919354736805,0.007298204116523266,0.7535514225089623,1.0,0.4318399429321289,3.544695914570184e-07,0.23297427594661713,0.3351854085922241,-1.9091384492204035,-0.002297741532715447,1.324787560046116,1.3278385899229244,-0.0030510298768082755,0.5942322611808777
1558,2014-01-30 00:00:00,-0.0014484270941466093,0.0073114847764372826,1.438392952512277,1.0,0.4330417811870575,3.575623850338161e-07,0.23012156784534454,0.3368363082408905,-2.1013819032146124,0.0017811526050062199,1.327147208859772,1.324787560046116,0.0023596488136559124,0.5949284434318542
1559,2014-01-31 00:00:00,0.003118029795587063,0.006913330871611834,2.7355843490426097,1.0,0.43423008918762207,3.5667335396283306e-07,0.22938242554664612,0.33638715744018555,-0.19726760207353894,-0.00043212353301580464,1.3265737173190475,1.327147208859772,-0.0005734915407245023,0.5952548980712891
1560,2014-02-03 00:00:00,-0.0008532301289960742,0.006357632111757994,1.9986694143836798,1.0,0.43282750248908997,3.5650199947667716e-07,0.2278953492641449,0.33927682042121887,1.71738856309426,-0.004603318458423766,1.3204670760396529,1.3265737173190475,-0.006106641279394642,0.595302164554596
1561,2014-02-04 00:00:00,-0.004973916336894035,0.00656269071623683,-2.787992075117139,1.0,0.4319891631603241,3.5948670529251103e-07,0.22904367744922638,0.33896681666374207,0.3472116103309933,-1.0897268607479305e-05,1.320452686555238,1.3204670760396529,-1.4389484414900622e-05,0.5949572324752808
1562,2014-02-05 00:00:00,0.0009071457898244262,0.006454161833971739,-101.17130506938372,1.0,0.43405401706695557,3.560014647518983e-07,0.22662366926670074,0.3393220007419586,-0.08199881295627887,-0.006794763911689983,1.3114805222935384,1.320452686555238,-0.008972164261699556,0.5957353711128235
1563,2014-02-06 00:00:00,-0.0067893825471401215,0.006492363754659891,3.651275835510173,1.0,0.4301431179046631,3.587902597246284e-07,0.22971630096435547,0.3401401937007904,-2.3945364333762478,0.0022062921588932305,1.3143740314864159,1.3114805222935384,0.0028935091928774526,0.5945485830307007
1564,2014-02-07 00:00:00,0.00017910939641296864,0.006579029839485884,5.008928910723555,1.0,0.436136394739151,3.5698695910468814e-07,0.22616583108901978,0.33769744634628296,-1.2913868533975785,0.005856104014049013,1.3220711425281653,1.3143740314864159,0.007697111041749416,0.5961589813232422
1565,2014-02-10 00:00:00,0.0062090614810585976,0.006701046135276556,-22.962557368842432,1.0,0.43297073245048523,3.5793232200376224e-07,0.2280912846326828,0.3389376997947693,0.9408890095539277,-0.00026843344706539707,1.3217162544141108,1.3220711425281653,-0.0003548881140544857,0.5952882170677185
1566,2014-02-11 00:00:00,-0.0023934533819556236,0.006225813180208206,0.8113868659187602,0.0,0.4353080093860626,3.5824575661536073e-07,0.2298324555158615,0.3348591923713684,-0.5845552138293717,0.0005432655364434602,1.322434297304091,1.3217162544141108,0.0007180428899802305,0.5953542590141296
1567,2014-02-12 00:00:00,-0.0020216095726937056,0.00608198344707489,3.3139497862671004,0.0,0.4339038133621216,3.556035323981632e-07,0.2264951914548874,0.33960068225860596,0.45460058624054933,0.00315167378467196,1.3266021788108553,1.322434297304091,0.004167881506764282,0.5957358479499817
1568,2014-02-13 00:00:00,0.00499246409162879,0.005793119315057993,-3.887614486207332,0.0,0.435403972864151,3.5524868735592463e-07,0.22998449206352234,0.3346112370491028,0.49633666067840604,-0.0074987955792060745,1.3166542602570233,1.3266021788108553,-0.009947918553832036,0.5953437089920044
1569,2014-02-14 00:00:00,-0.008484937250614166,0.006488568615168333,0.41929064120721304,0.0,0.435931533575058,3.564697692581831e-07,0.22599148750305176,0.3380766212940216,-1.5082093546510897,0.0033482477565451862,1.3210627449300745,1.3166542602570233,0.004408484673051216,0.5961579084396362
1570,2014-02-18 00:00:00,0.0030536744743585587,0.00654042512178421,1.4569500003323204,0.0,0.4339458644390106,3.5662100117406226e-07,0.2286628931760788,0.3373908996582031,-0.8682947301679734,0.006136820803879672,1.3291698702663917,1.3210627449300745,0.008107125336317189,0.5953388810157776
1571,2014-02-19 00:00:00,0.005396309774369001,0.00680187763646245,-1.6922704449147834,1.0,0.4334266781806946,3.564219070995023e-07,0.23205901682376862,0.33451396226882935,0.012009916705874563,-0.0003841581261860849,1.328659258859647,1.3291698702663917,-0.0005106114067445766,0.5946508646011353
1572,2014-02-20 00:00:00,-0.004353499971330166,0.007030843291431665,-0.24445528635421773,1.0,0.43384039402008057,3.564655912668968e-07,0.22972695529460907,0.3364323079586029,0.41174167797746436,0.0010348462085898458,1.3300342168561858,1.328659258859647,0.0013749579965387504,0.595129132270813
1573,2014-02-21 00:00:00,-0.000877039972692728,0.007142853923141956,1.903001472883877,1.0,0.43466290831565857,3.5341585657988617e-07,0.2270345687866211,0.3383021950721741,0.6343971454135345,-0.0003828605226671167,1.3295249992607552,1.3300342168561858,-0.0005092175954306555,0.5957557559013367
1574,2014-02-24 00:00:00,0.0006404811865650117,0.007138251326978207,-1.4703929385313284,1.0,0.43330803513526917,3.5632652384265384e-07,0.23261520266532898,0.3340764343738556,0.5936349990003393,0.003177238123431181,1.3337492167744613,1.3295249992607552,0.004224217513706163,0.5945357084274292
1575,2014-02-25 00:00:00,0.0033241454511880875,0.007018787320703268,-4.33367044055787,0.0,0.4354892671108246,3.545954427863762e-07,0.2302064448595047,0.33430397510528564,1.8022023100683855,0.0024733038888851144,1.3370479838991072,1.3337492167744613,0.0032987671246458294,0.5953193306922913
1576,2014-02-26 00:00:00,0.003492965828627348,0.006665441673249006,2.003066708156855,0.0,0.4337991178035736,3.5701847878044646e-07,0.2265990823507309,0.33960145711898804,2.9085337485602176,-0.003301951490796484,1.332633116315405,1.3370479838991072,-0.004414867583702131,0.5956995487213135
1577,2014-02-28 00:00:00,-0.002689747605472803,0.006587751675397158,-4.3574232655895715,1.0,0.4344053566455841,3.601456057822361e-07,0.22790227830410004,0.3376920521259308,1.0755542373642537,0.00878291114275287,1.344337514561893,1.332633116315405,0.011704398246487946,0.5955530405044556
1578,2014-03-03 00:00:00,0.007656939327716827,0.006841111462563276,8.981160892153644,1.0,0.4328583776950836,3.5477560800245556e-07,0.22860047221183777,0.33854085206985474,3.171357926416338,-0.00417773528047527,1.3387212282984413,1.344337514561893,-0.005616286263451675,0.5951759815216064
1579,2014-03-04 00:00:00,-0.004602926783263683,0.00698629766702652,-13.133175933806996,1.0,0.4297066628932953,3.5677254572874517e-07,0.23188114166259766,0.3384118676185608,1.919616789698734,0.0006329907349620356,1.3395686264326512,1.3387212282984413,0.0008473981342098647,0.5940868854522705
1580,2014-03-05 00:00:00,-0.0010523052187636495,0.007051126565784216,-4.701672569772836,1.0,0.4342586100101471,3.5488972116581863e-07,0.22790619730949402,0.33783480525016785,2.156632652276324,0.0005353048393583748,1.3402857040010332,1.3395686264326512,0.0007170775683820185,0.5955284237861633
1581,2014-03-06 00:00:00,-0.0012224707752466202,0.006931074429303408,-5.598050651494228,1.0,0.4312892258167267,3.525794340930588e-07,0.22876547276973724,0.339944988489151,3.240632228754656,0.008117043556654213,1.3511648614387706,1.3402857040010332,0.010879157437737375,0.5949005484580994
1582,2014-03-07 00:00:00,0.004260272718966007,0.007280345540493727,4.2723520903942855,1.0,0.4337020516395569,3.5666943176693167e-07,0.22969666123390198,0.3366008996963501,4.554546968710911,0.004120836780445503,1.356732791296233,1.3511648614387706,0.005567929857462461,0.5951119065284729
1583,2014-03-10 00:00:00,0.005497504025697708,0.007151565980166197,0.6774596798490344,1.0,0.43479713797569275,3.563804966688622e-07,0.2252359390258789,0.3399665951728821,7.172289849061428,-0.0004276306191449697,1.3561526108126767,1.356732791296233,-0.0005801804835563473,0.5961183309555054
1584,2014-03-11 00:00:00,-0.0025563384406268597,0.007116703316569328,1.3810146431163892,1.0,0.4335452914237976,3.535296571044455e-07,0.2251223474740982,0.34133201837539673,6.588384580706458,0.00017218104350691377,1.356386114584361,1.3561526108126767,0.0002335037716842958,0.5959439277648926
1585,2014-03-12 00:00:00,-3.73827715520747e-05,0.006984443869441748,2.9621866376305594,1.0,0.4326229393482208,3.556012586614088e-07,0.22743074595928192,0.3399460017681122,5.594178895966343,-6.282293740333955e-05,1.3563009024243897,1.356386114584361,-8.521215997125964e-05,0.5953575968742371
1586,2014-03-13 00:00:00,-0.00018129975069314241,0.006966560147702694,2.728865389921324,1.0,0.431479811668396,3.550309486399783e-07,0.22730961441993713,0.3412102460861206,5.635902183135298,-0.00010955898622333482,1.3561523074725064,1.3563009024243897,-0.0001485949518833518,0.5952049493789673
1587,2014-03-14 00:00:00,-0.0003947609511669725,0.006860640365630388,0.7849178233134888,1.0,0.43294864892959595,3.5536322684492916e-07,0.22630876302719116,0.3407422602176666,5.494105278809752,0.0002625080131024582,1.3565083083202052,1.3561523074725064,0.000356000847698823,0.5956219434738159
1588,2014-03-18 00:00:00,0.002292840974405408,0.00674019381403923,-0.3828340207283979,1.0,0.4314725697040558,3.567863018361095e-07,0.2294888198375702,0.33903828263282776,4.909816400186365,0.0004671150476081021,1.357141953763227,1.3565083083202052,0.0006336454430218019,0.5947946310043335
1589,2014-03-19 00:00:00,-0.0005815648473799229,0.005969747435301542,0.25731458994246126,1.0,0.43276917934417725,3.5564485756367503e-07,0.22790850698947906,0.3393220007419586,7.709047318912049,-0.00016991934428778332,1.3569113490923381,1.357141953763227,-0.0002306046708888676,0.5952905416488647
1590,2014-03-20 00:00:00,0.00109979254193604,0.005968144163489342,0.5915804377119915,1.0,0.4325747489929199,3.5451714097689546e-07,0.22650258243083954,0.34092235565185547,6.866699233374768,-0.005811198556856412,1.3490260678187107,1.3569113490923381,-0.00788528127362742,0.5955269932746887
1591,2014-03-21 00:00:00,-0.004077785182744265,0.005827782675623894,-1.178766961347458,0.0,0.431436687707901,3.559458150448336e-07,0.22880761325359344,0.3397553265094757,3.7542638553235563,-0.008289470103594043,1.3378433565605585,1.3490260678187107,-0.011182711258152178,0.5949152708053589
1592,2014-03-24 00:00:00,-0.005941811483353376,0.006021704990416765,-7.120047562198449,1.0,0.43330472707748413,3.567860460407246e-07,0.22900134325027466,0.33769363164901733,1.6980388990658193,0.0036475681711463093,1.3427232314059283,1.3378433565605585,0.0048798748453697804,0.5951735973358154
1593,2014-03-25 00:00:00,0.00725936982780695,0.006468241102993488,-0.7359189697761107,1.0,0.4349770247936249,3.5891957850253675e-07,0.2280220091342926,0.3370005786418915,2.1978289258220403,0.005051326368369802,1.3495057646701518,1.3427232314059283,0.0067825332642235114,0.5956243872642517
1594,2014-03-26 00:00:00,0.0015484555624425411,0.006582553964108229,-0.03420740583319226,1.0,0.4323509931564331,3.561555104170111e-07,0.22729367017745972,0.3403550386428833,3.2034084053266163,-0.0041708169449936605,1.3438772231594989,1.3495057646701518,-0.005628541510652951,0.5953413844108582
1595,2014-03-27 00:00:00,-0.0014494452625513077,0.006864508613944054,-1.2793540595426205,1.0,0.43420669436454773,3.6009799941894016e-07,0.2267957478761673,0.33899715542793274,1.7428096240764985,-0.00044836138817094806,1.3432746805021918,1.3438772231594989,-0.0006025426573070813,0.5957271456718445
1596,2014-03-28 00:00:00,0.0009487486095167696,0.006846309173852205,1.6379508866221422,1.0,0.43048661947250366,3.5641085105453385e-07,0.22887957096099854,0.34063348174095154,1.1942663715560167,0.005763355381433355,1.3510164498608073,1.3432746805021918,0.00774176935861548,0.5947569012641907
1597,2014-03-31 00:00:00,0.003751511452719569,0.006954079959541559,3.9479757855812014,1.0,0.4303985834121704,3.568070496839937e-07,0.23060880601406097,0.33899223804473877,2.8622080966849417,0.005717466175075181,1.3587408407148567,1.3510164498608073,0.007724390854049412,0.5944233536720276
1598,2014-04-01 00:00:00,0.00655685318633914,0.007051051594316959,4.085870569187357,1.0,0.4340858459472656,3.5464648817651323e-07,0.22575193643569946,0.34016185998916626,2.426141401391066,0.0006514601995344371,1.3596260062940644,1.3587408407148567,0.0008851655792077029,0.5959064960479736
1599,2014-04-02 00:00:00,-0.002145693637430668,0.006928114220499992,2.257723803767588,1.0,0.43279966711997986,3.555687442258204e-07,0.224076509475708,0.34312349557876587,3.521198767878581,-0.001788502286076854,1.3571943120735979,1.3596260062940644,-0.002431694220466518,0.5960365533828735
1600,2014-04-03 00:00:00,-0.00206205272115767,0.006879985798150301,2.2441379271403816,1.0,0.4340745210647583,3.568276270016213e-07,0.22525493800640106,0.3406701385974884,2.9801994438448767,-0.0005979548933885415,1.3563827710934144,1.3571943120735979,-0.0008115409801834339,0.5960004925727844
1601,2014-04-04 00:00:00,-0.001950140343979001,0.006867437157779932,1.4025117949140224,1.0,0.43244171142578125,3.5632342587632593e-07,0.22842295467853546,0.33913499116897583,2.7309745736804274,-0.0003744500214933888,1.3558748735356252,1.3563827710934144,-0.0005078975577892386,0.59514319896698
1602,2014-04-07 00:00:00,0.0002088842447847128,0.00647309236228466,0.3122836432078597,1.0,0.43382522463798523,3.5386764807299187e-07,0.22679027915000916,0.33938419818878174,1.0974826377308764,-0.0004908000799478396,1.3552094100392946,1.3558748735356252,-0.000665463496330565,0.5956674814224243
1603,2014-04-09 00:00:00,-0.0017665327759459615,0.00632104929536581,-59.13996590546688,1.0,0.4332875907421112,3.547663141034718e-07,0.2255883365869522,0.3411237299442291,0.04577845613698564,0.0024518256953478534,1.3585321472934062,1.3552094100392946,0.003322737254111585,0.5958134531974792
1604,2014-04-10 00:00:00,0.0033697686158120632,0.006341965403407812,-1.3648191131033973,1.0,0.43523913621902466,3.572028788312309e-07,0.22870662808418274,0.33605384826660156,0.6957083562974278,0.00010358162423296235,1.3586728662597956,1.3585321472934062,0.00014071896638934156,0.5955434441566467
1605,2014-04-11 00:00:00,-0.00022060814080759883,0.0063455780036747456,-0.2289827030988407,1.0,0.43489140272140503,3.574461118205363e-07,0.22798767685890198,0.33712056279182434,0.6823852116931537,-0.003370932711900365,1.354092871450149,1.3586728662597956,-0.004579994809646548,0.5956166386604309
1606,2014-04-15 00:00:00,-0.003438247600570321,0.006400305777788162,-2.45594373899696,1.0,0.4338251054286957,3.5661574315781763e-07,0.22857722640037537,0.3375973105430603,-0.07401826954191937,-0.001491555181529991,1.3520731672114648,1.354092871450149,-0.00201970423868425,0.5953349471092224
1607,2014-04-16 00:00:00,-0.0007679086993448436,0.006421642377972603,-4.286786789762276,1.0,0.4331987202167511,3.546999209902424e-07,0.22889024019241333,0.33791065216064453,-0.386824796850442,0.0011990516702999887,1.3536943728009774,1.3520731672114648,0.0016212055895126198,0.5951768159866333
1608,2014-04-17 00:00:00,0.0003325372817926109,0.006381813902407885,-4.297346038791911,1.0,0.4326658546924591,3.566151463019196e-07,0.23013260960578918,0.33720120787620544,-0.17163743729131659,0.006023929377686921,1.3618489321017027,1.3536943728009774,0.008154559300725284,0.5948658585548401
1609,2014-04-21 00:00:00,0.0038631726056337357,0.006669312249869108,-0.18054424992387982,1.0,0.4351285696029663,3.554011129835999e-07,0.2270439714193344,0.3378271162509918,1.0155080521880993,0.002459589219331315,1.3651985210534578,1.3618489321017027,0.003349588951755189,0.5958296656608582
1610,2014-04-22 00:00:00,0.0063649918884038925,0.006951010320335627,2.4477587427508625,1.0,0.43356308341026306,3.578271332571603e-07,0.2289864867925644,0.3374501168727875,1.5622861974446278,-0.0023751005736777353,1.3619560372629198,1.3651985210534578,-0.003242483790538042,0.5952178835868835
1611,2014-04-23 00:00:00,-0.002273809863254428,0.006759305018931627,2.467618267092326,1.0,0.4337190091609955,3.5668981013259327e-07,0.2279118299484253,0.3383687734603882,2.3860185659333615,-0.0030654158365645,1.3577810756575894,1.3619560372629198,-0.004174961605330374,0.5954405069351196
1612,2014-04-25 00:00:00,-0.0054254718124866486,0.006525562610477209,0.9009097811100705,1.0,0.4308719038963318,3.5721274116440327e-07,0.22515098750591278,0.34397679567337036,4.053233496604232,-0.00037807558145830367,1.3572677317879172,1.3577810756575894,-0.0005133438696722781,0.5955364108085632
1613,2014-04-28 00:00:00,-0.0022778352722525597,0.00599033385515213,0.31704203300171846,1.0,0.4318324327468872,3.570873161606869e-07,0.2286154329776764,0.33955180644989014,3.078385619822478,-0.0016787661355689432,1.354989196682891,1.3572677317879172,-0.0022785351050260694,0.595012366771698
1614,2014-04-29 00:00:00,-0.003030224936082959,0.005908893886953592,18.82615716386935,1.0,0.43351203203201294,3.5672402987074747e-07,0.22567546367645264,0.34081220626831055,1.3882762728143072,-0.0026254019439186926,1.351431805411931,1.354989196682891,-0.0035573912709601085,0.5958313941955566
1615,2014-04-30 00:00:00,-0.0007174001075327396,0.0055906930938363075,80.82202591721779,1.0,0.4322018623352051,3.5801824083137035e-07,0.22823412716388702,0.33956363797187805,1.8702020692983796,0.009045783312775502,1.3636565646856802,1.351431805411931,0.01222475927374922,0.5951409339904785
1616,2014-05-02 00:00:00,0.00725270202383399,0.00613160477951169,-2.9855706741338777,1.0,0.43511125445365906,3.5737622283704695e-07,0.2275804877281189,0.33730795979499817,3.802244629050251,-0.00043882424351593396,1.3630581591252664,1.3636565646856802,-0.000598405560413795,0.5957275629043579
1617,2014-05-05 00:00:00,0.0006073846016079187,0.005965156480669975,2.9583937136793383,1.0,0.43219536542892456,3.554027330210374e-07,0.22762154042720795,0.34018275141716003,2.4934347399256622,-0.0015730648942908765,1.3609139801862697,1.3630581591252664,-0.002144178938996655,0.5952551364898682
1618,2014-05-06 00:00:00,-0.0018175020813941956,0.005521268583834171,-1.5575446625172955,1.0,0.4344499707221985,3.555275043254369e-07,0.22649580240249634,0.3390538692474365,0.6995129714306203,-0.002220954711120382,1.3578914518705454,1.3609139801862697,-0.00302252831572436,0.5958226919174194
1619,2014-05-07 00:00:00,-0.0019620887469500303,0.005410707555711269,-2.35585898532426,1.0,0.43162286281585693,3.568870852177497e-07,0.22933821380138397,0.339038610458374,-0.047809267519092424,0.0023703835436656995,1.3611101754221437,1.3578914518705454,0.003218723551598357,0.5948457717895508
1620,2014-05-08 00:00:00,0.0006637766491621733,0.00543324975296855,-6.3588645655965506,1.0,0.43462318181991577,3.5526900887816737e-07,0.2285335510969162,0.33684292435646057,1.0375666113417252,0.003019874201737771,1.3652205569266238,1.3611101754221437,0.004110381504480065,0.5954729914665222
1621,2014-05-09 00:00:00,0.0014367597177624702,0.005414105951786041,-10.648874285556062,1.0,0.4335498809814453,3.5662651498569176e-07,0.226697638630867,0.3397521674633026,1.9496546000397994,0.003837310351339829,1.3704593319015803,1.3652205569266238,0.005238774974956506,0.595641553401947
1622,2014-05-12 00:00:00,0.005950650200247765,0.005910372361540794,2.780844850922808,1.0,0.43128326535224915,3.561080461622623e-07,0.22907473146915436,0.33964166045188904,2.9590259343278063,0.009973586945822177,1.384127727204014,1.3704593319015803,0.013668395302433689,0.5948419570922852
1623,2014-05-13 00:00:00,0.009038767777383327,0.006739892531186342,3.5700793791127814,1.0,0.4320215880870819,3.540151851666451e-07,0.22864435613155365,0.33933374285697937,4.726717757421116,0.0013726580261765875,1.3860276612380142,1.384127727204014,0.001899934034000239,0.5950363874435425
1624,2014-05-14 00:00:00,0.00271405465900898,0.006743879988789558,4.861698195022755,1.0,0.4309474229812622,3.559244987627608e-07,0.22865532338619232,0.340396910905838,4.52194654918584,0.006633458701435835,1.3952218184878844,1.3860276612380142,0.00919415724987016,0.5948688983917236
1625,2014-05-15 00:00:00,0.005469550844281912,0.006918232422322035,4.477751085878624,1.0,0.433247834444046,3.5378789675633016e-07,0.22515060007572174,0.3416012227535248,5.635655678917274,0.002138943638651858,1.3982061193210473,1.3952218184878844,0.002984300833162923,0.5958924889564514
1626,2014-05-16 00:00:00,0.0033389460295438766,0.006903635337948799,3.6871783485960177,1.0,0.43232080340385437,3.53023068555558e-07,0.2250136286020279,0.3426652252674103,7.014410323498686,0.0018372512162354582,1.4007749752143177,1.3982061193210473,0.002568855893270383,0.5957783460617065
1627,2014-05-19 00:00:00,0.0019480736227706075,0.006942005828022957,2.8604023284745397,1.0,0.43190985918045044,3.5496628925102414e-07,0.22686849534511566,0.34122130274772644,7.840582737686292,0.005046309846337138,1.4078437197642444,1.4007749752143177,0.0070687445499266754,0.5953548550605774
1628,2014-05-20 00:00:00,0.004939593840390444,0.007196518592536449,2.040801438668942,1.0,0.43077898025512695,3.5550417010199453e-07,0.22605794668197632,0.34316274523735046,8.527469927660109,-0.0004266817424275482,1.4072430185528297,1.4078437197642444,-0.0006007012114146448,0.5953431129455566
1629,2014-05-21 00:00:00,0.0012763319537043571,0.006989644840359688,2.026720718346053,1.0,0.42995160818099976,3.5585765090218047e-07,0.22636467218399048,0.3436833918094635,7.335928487134782,0.0005834123316439399,1.4080640214834732,1.4072430185528297,0.0008210029306434663,0.5951618552207947
1630,2014-05-22 00:00:00,-0.0003784220898523927,0.0067865788005292416,1.6632289081543674,1.0,0.4294429421424866,3.5335835946170846e-07,0.22734485566616058,0.3432118892669678,6.9265296160155225,0.003281591113782456,1.4126847118640102,1.4080640214834732,0.004620690380537029,0.5948960781097412
1631,2014-05-23 00:00:00,0.0010910748969763517,0.00680196937173605,1.1788805562114115,1.0,0.4299062490463257,3.528333252234006e-07,0.227889284491539,0.34220409393310547,8.325543856938559,-0.00047945946786887017,1.4120073868037935,1.4126847118640102,-0.0006773250602167824,0.5948584675788879
1632,2014-05-26 00:00:00,-0.0015749793965369463,0.0066269864328205585,0.6304023147926195,1.0,0.4325007200241089,3.5168167755728064e-07,0.22535920143127441,0.34213969111442566,9.235579423641195,-0.0015714989328041717,1.4097884187023197,1.4120073868037935,-0.002218968101473706,0.5957375168800354
1633,2014-05-27 00:00:00,-0.0011313592549413443,0.006598606705665588,-0.08171271068016829,1.0,0.43292325735092163,3.544037667779776e-07,0.2257358729839325,0.3413405120372772,8.83064627911266,0.0006165166619582774,1.4106575767522855,1.4097884187023197,0.0008691580499657903,0.5957285761833191
1634,2014-05-28 00:00:00,-0.002622776199132204,0.006662852130830288,-0.5198229612829796,1.0,0.43186715245246887,3.5654852581501473e-07,0.2251233011484146,0.34300920367240906,9.585061641264211,0.00011585312334450037,1.4108210058385218,1.4106575767522855,0.0001634290862362331,0.5956887006759644
1635,2014-05-29 00:00:00,0.0011459627421572804,0.006574985571205616,-0.3308210874691922,1.0,0.4323725402355194,3.563381483218109e-07,0.22609670460224152,0.341530442237854,10.600731560928796,-0.004478315694607327,1.4045029039857935,1.4108210058385218,-0.006318101852728297,0.5955743193626404
1636,2014-05-30 00:00:00,-0.004113722126930952,0.006440251134335995,-1.2754473601097336,1.0,0.4300474226474762,3.564637154340744e-07,0.2265273630619049,0.343424916267395,7.593912817729158,-0.003519454065628036,1.3995598205301742,1.4045029039857935,-0.004943083455619224,0.5951437950134277
1637,2014-06-02 00:00:00,-0.000649056164547801,0.006543406751006842,-1.1905990416535495,1.0,0.43089792132377625,3.5613066984296893e-07,0.22616687417030334,0.34293487668037415,6.525708594002015,0.0076365519403527315,1.4102476317932837,1.3995598205301742,0.01068781126310947,0.5953392386436462
1638,2014-06-03 00:00:00,0.0058044022880494595,0.0068902974016964436,-0.0537507864484272,1.0,0.43101027607917786,3.5580106327870453e-07,0.22595979273319244,0.34302958846092224,8.231766986045288,0.009941010081081725,1.4242669177177625,1.4102476317932837,0.014019285924478764,0.5953964591026306
1639,2014-06-04 00:00:00,0.007087454199790955,0.007278756704181433,0.8953760153853858,1.0,0.43261435627937317,3.5572713841247605e-07,0.2255924791097641,0.3417927920818329,10.11703856006888,-0.00396675750454345,1.4186171962334326,1.4242669177177625,-0.0056497214843298504,0.5957092046737671
1640,2014-06-05 00:00:00,-0.000987566658295691,0.0073981694877147675,0.7180295180047582,1.0,0.4322052597999573,3.5715129342861474e-07,0.22427807748317719,0.3435163199901581,8.325730928063377,0.004976941873060081,1.4256775715592098,1.4186171962334326,0.007060375325777191,0.5959073305130005
1641,2014-06-06 00:00:00,0.006188224069774151,0.0074613685719668865,1.566705030931155,1.0,0.43141937255859375,3.5640553619487036e-07,0.22468876838684082,0.34389153122901917,8.617898634643355,0.009815465113375943,1.4396712600257717,1.4256775715592098,0.013993688466561904,0.5957089066505432
1642,2014-06-09 00:00:00,0.006481098476797342,0.007620074786245823,2.181129063366326,1.0,0.43042755126953125,3.5396692510403227e-07,0.22608762979507446,0.343484491109848,9.079280636181538,0.0023841360861072136,1.4431036322289306,1.4396712600257717,0.00343237220315884,0.5952857136726379
1643,2014-06-10 00:00:00,0.002994727110490203,0.006976315751671791,2.23095085153793,1.0,0.4320688545703888,3.569175817119685e-07,0.22254587709903717,0.3453849256038666,8.359355954301082,-0.0010310418349200878,1.4416157320119773,1.4431036322289306,-0.0014879002169532196,0.5962389707565308
1644,2014-06-11 00:00:00,-0.00021540990564972162,0.006952779833227396,1.6026745825216606,1.0,0.4317575991153717,3.558544960924337e-07,0.22085534036159515,0.34738677740097046,7.804123702521446,-0.0031605666156149237,1.437059409456835,1.4416157320119773,-0.004556322555142378,0.5965478420257568
1645,2014-06-12 00:00:00,-0.0017655128613114357,0.006946849171072245,1.8966617361719997,1.0,0.4308694005012512,3.5781238238996593e-07,0.226283460855484,0.3428467810153961,5.922548903735766,0.0008483253611695218,1.4382785033993846,1.437059409456835,0.0012190939425495984,0.5953121185302734
1646,2014-06-13 00:00:00,0.0002997614210471511,0.006875457242131233,1.2076278044360715,1.0,0.4328925609588623,3.561476376034989e-07,0.22738628089427948,0.33972081542015076,5.650516444126626,-0.0018198843897270223,1.4356610028029682,1.4382785033993846,-0.002617500596416411,0.595408022403717
1647,2014-06-16 00:00:00,-0.00045034964568912983,0.007083704695105553,0.14743433054948757,1.0,0.43115752935409546,3.5578236179389933e-07,0.22568683326244354,0.3431553244590759,4.899753251286087,0.0034172298653489808,1.4405669864582633,1.4356610028029682,0.004905983655295154,0.5954720377922058
1648,2014-06-17 00:00:00,-4.279310815036297e-05,0.0069487327709794044,-0.47171898380754906,1.0,0.43245741724967957,3.539462909429858e-07,0.22590751945972443,0.34163472056388855,4.650470117064933,0.006165199501681151,1.4494483693253142,1.4405669864582633,0.008881382867050869,0.5956239104270935
1649,2014-06-18 00:00:00,0.004792758263647556,0.007317827083170414,0.5163342614903317,1.0,0.43350639939308167,3.5499115824677574e-07,0.2289809286594391,0.337512344121933,5.7498769939375505,0.002713085497808132,1.4533808466759524,1.4494483693253142,0.003932477350638175,0.5952097177505493
1650,2014-06-19 00:00:00,0.0023889834992587566,0.007373480591922998,1.1307513706495387,1.0,0.43366244435310364,3.557165371148585e-07,0.22921636700630188,0.3371208608150482,6.153055951037427,0.0027516312135156262,1.4573800147787916,1.4533808466759524,0.00399916810283929,0.5951921939849854
1651,2014-06-20 00:00:00,0.0025060265325009823,0.007317200303077698,1.4071930838766769,1.0,0.4349289834499359,3.534347854383668e-07,0.22451797127723694,0.3405526876449585,6.064745139417042,-0.0009949332385909004,1.4559300189608302,1.4573800147787916,-0.001449995817961458,0.596278190612793
1652,2014-06-23 00:00:00,0.0011959337862208486,0.007267875596880913,1.5001090697749724,1.0,0.43014776706695557,3.545308402408409e-07,0.2281198799610138,0.34173205494880676,5.959995743701636,0.0008605659619662642,1.4571829427781529,1.4559300189608302,0.0012529238173226709,0.5948500633239746
1653,2014-06-24 00:00:00,0.0026404589880257845,0.007244796492159367,1.655404616216038,1.0,0.4322223365306854,3.565692452411895e-07,0.22775918245315552,0.3400181531906128,6.498271328353052,0.003974136015991059,1.4629739859929354,1.4571829427781529,0.005791043214782521,0.5952333211898804
1654,2014-06-25 00:00:00,0.003040632698684931,0.007115096785128117,1.228101832054729,1.0,0.4291725158691406,3.5629886951937806e-07,0.2255128175020218,0.3453143239021301,7.077846416951207,-0.00010711916211081363,1.462817273445366,1.4629739859929354,-0.00015671254756943753,0.595220148563385
1655,2014-06-26 00:00:00,0.0018812367925420403,0.00714540621265769,1.1530207972623987,1.0,0.4316234588623047,3.5579134305407933e-07,0.2263954132795334,0.3419807553291321,7.035159911026046,-0.003948739339020402,1.4570409893319136,1.462817273445366,-0.0057762841134523235,0.5954028367996216
1656,2014-06-27 00:00:00,-0.0045544360764324665,0.00708540016785264,0.43521504065753935,1.0,0.43138587474823,3.579935992092942e-07,0.22535566985607147,0.3432581424713135,7.199048623600753,0.0008156914416448391,1.4582294851970374,1.4570409893319136,0.0011884958651238176,0.5955712199211121
1657,2014-06-30 00:00:00,0.002001857152208686,0.006992396432906389,0.4853505309192917,1.0,0.4320167899131775,3.5534927178559883e-07,0.2268461436033249,0.34113675355911255,8.354792368121956,0.008433758843118255,1.4705278410131137,1.4582294851970374,0.0122983558160763,0.5953754782676697
1658,2014-07-01 00:00:00,0.009480365552008152,0.007201053202152252,1.054154421409202,1.0,0.4323616325855255,3.522239069297939e-07,0.22750578820705414,0.3401322662830353,8.39306801761297,-0.0010512405331010166,1.4689819625415872,1.4705278410131137,-0.0015458784715265406,0.5953028202056885
1659,2014-07-02 00:00:00,0.0010956974001601338,0.006842136848717928,1.0166015725805546,1.0,0.4335339665412903,3.573303786197357e-07,0.22654195129871368,0.33992376923561096,6.859847732900084,0.006275857942585672,1.4782010846587188,1.4689819625415872,0.009219122117131606,0.595668613910675
1660,2014-07-03 00:00:00,0.00546248396858573,0.007027943152934313,1.1876169610895522,1.0,0.43452557921409607,3.5538059250939114e-07,0.22345498204231262,0.34201911091804504,9.253550982148798,0.0031590878674003786,1.4828708517708422,1.4782010846587188,0.004669767112123413,0.5964241027832031
1661,2014-07-04 00:00:00,0.0016617682995274663,0.006985182408243418,1.9270751080571684,1.0,0.43152087926864624,3.571984450445598e-07,0.2268979400396347,0.3415807783603668,8.98163806988601,0.0017375663383381035,1.485447438246982,1.4828708517708422,0.002576586476139786,0.5952901840209961
1662,2014-07-07 00:00:00,-0.00027166283689439297,0.006521021481603384,2.0418581732452563,1.0,0.43292394280433655,3.5451674307296344e-07,0.22542259097099304,0.34165310859680176,8.26674533784244,-0.0066451509816023435,1.4755764157445963,1.485447438246982,-0.009871022502385696,0.5957896709442139
1663,2014-07-08 00:00:00,-0.00396497268229723,0.006668170914053917,0.5861472945402687,1.0,0.42989596724510193,3.5379059681872604e-07,0.22670863568782806,0.34339505434036255,5.228968543120923,-0.007429091059318882,1.4646142241870463,1.4755764157445963,-0.01096219155754996,0.5950861573219299
1664,2014-07-09 00:00:00,-0.008236769586801529,0.0073859840631484985,-1.1166359285401009,1.0,0.4288266599178314,3.571476838715171e-07,0.2286316603422165,0.34254130721092224,3.4441235975936486,0.004926459875491451,1.4718295873955778,1.4646142241870463,0.0072153632085314445,0.59455806016922
1665,2014-07-10 00:00:00,0.0019166541751474142,0.007317534647881985,-1.5575287278698078,1.0,0.43415001034736633,3.5668875852934434e-07,0.22608806192874908,0.3397616147994995,5.0448209238647275,-0.0014407325089174083,1.4697090746614305,1.4718295873955778,-0.002120512734147262,0.5958523154258728
1666,2014-07-11 00:00:00,-0.0026300023309886456,0.007345978170633316,-2.648730983530696,1.0,0.43175047636032104,3.5619996197056025e-07,0.22664178907871246,0.34160739183425903,4.539241744822324,-0.007856027620896322,1.4581629995762084,1.4697090746614305,-0.011546075085222096,0.595374345779419
1667,2014-07-14 00:00:00,-0.007053264416754246,0.007551715709269047,-6.000485841545913,1.0,0.43586501479148865,3.5736508152695023e-07,0.22547468543052673,0.33866000175476074,3.077338979921476,-0.0026665589608806384,1.454274721963264,1.4581629995762084,-0.003888277612944524,0.5962446928024292
1668,2014-07-15 00:00:00,-0.0018508238717913628,0.007419370114803314,-6.208470408825055,1.0,0.4342043101787567,3.5495378369887476e-07,0.22706450521945953,0.3387308418750763,1.990786457714786,0.006467669995799508,1.4636804909481553,1.454274721963264,0.009405768984891427,0.5956763029098511
1669,2014-07-16 00:00:00,0.005710564088076353,0.00721356924623251,-1.2581570586216002,1.0,0.4356714189052582,3.566453301573347e-07,0.23004262149333954,0.3342856764793396,2.051030658990293,0.00610861576519528,1.47262155267037,1.4636804909481553,0.00894106172221476,0.5953789949417114
1670,2014-07-17 00:00:00,0.004408807959407568,0.007355826906859875,-0.39186801636486496,1.0,0.4353006184101105,3.562648771548993e-07,0.2258116453886032,0.33888739347457886,2.5810423209941318,-0.00018722562637818463,1.4723458401777534,1.47262155267037,-0.0002757124926167087,0.5960890650749207
1671,2014-07-18 00:00:00,0.0016315871616825461,0.007379018235951662,0.8393939653357897,1.0,0.43352773785591125,3.5730593594962556e-07,0.22677400708198547,0.339697927236557,2.0851507109063863,-0.001821165873335362,1.4696644541798745,1.4723458401777534,-0.0026813859978789267,0.5956235527992249
1672,2014-07-21 00:00:00,-0.001496393233537674,0.007355140522122383,3.0913188217300163,1.0,0.4325501322746277,3.5815912724501686e-07,0.228000208735466,0.3394492566585541,1.9362448196838091,-0.00020326453408092693,1.4693657235193402,1.4696644541798745,-0.0002987306605342077,0.5952390432357788
1673,2014-07-22 00:00:00,-0.0012263536918908358,0.007328333333134651,5.1536928793224845,1.0,0.431397020816803,3.592330699575541e-07,0.2274876832962036,0.34111490845680237,1.7539146846265032,-0.0016510373725844296,1.4669397457958153,1.4693657235193402,-0.0024259777235249302,0.5951583385467529
1674,2014-07-23 00:00:00,-8.348451228812337e-05,0.007316235452890396,3.331560350403669,1.0,0.43200644850730896,3.5473664183882647e-07,0.22535502910614014,0.34263819456100464,0.8064824309385216,0.005556997416681808,1.4750915261736306,1.4669397457958153,0.008151780377815276,0.595663845539093
1675,2014-07-24 00:00:00,0.007112792227417231,0.0076244608499109745,2.6059893412731863,1.0,0.4322262406349182,3.571121851564385e-07,0.22666069865226746,0.3411127030849457,1.7263905481415203,0.0017665379736211406,1.477697331369183,1.4750915261736306,0.002605805195552424,0.595443069934845
1676,2014-07-25 00:00:00,0.0019327139016240835,0.007460273336619139,1.5996329095737523,1.0,0.4322454333305359,3.569441275885765e-07,0.2273053526878357,0.34044885635375977,2.732504074206243,0.0005025507925129347,1.478439949334157,1.477697331369183,0.0007426179649738796,0.5953227877616882
1677,2014-07-28 00:00:00,-0.00010400742758065462,0.007460420485585928,2.2619195207944984,1.0,0.4343908131122589,3.5801880926555896e-07,0.22644035518169403,0.3391684889793396,2.6731687817924703,0.001519904193439503,1.4806870364128983,1.478439949334157,0.0022470870787414388,0.5958237051963806
1678,2014-07-30 00:00:00,-0.0008064818102866411,0.006959361489862204,10.036019037276315,1.0,0.4317464828491211,3.5447544632916106e-07,0.22706322371959686,0.3411899507045746,1.6096124753456262,0.0063358842812593075,1.4900684981323713,1.4806870364128983,0.009381461719472961,0.5952926278114319
1679,2014-07-31 00:00:00,0.004273783881217241,0.007060375064611435,7.771113923249366,1.0,0.4346819221973419,3.5220472227592836e-07,0.2270757257938385,0.33824196457862854,2.8457290657045697,-0.004100110199000917,1.4839590530859688,1.4900684981323713,-0.00610944504640254,0.5957511067390442
1680,2014-08-01 00:00:00,-0.0028815611731261015,0.006782319862395525,-4.935239521469566,1.0,0.4329412281513214,3.5613518889476836e-07,0.22811082005500793,0.3389476239681244,1.0163290611734754,-0.001666956410352527,1.4814853580297265,1.4839590530859688,-0.0024736950562422866,0.59527987241745
1681,2014-08-04 00:00:00,-0.002821550937369466,0.006864524446427822,1.4532525854874507,1.0,0.43324559926986694,3.568779050056037e-07,0.22818994522094727,0.3385641574859619,0.14741467079672096,0.0036443114572448643,1.4868843520937347,1.4814853580297265,0.0053989940640082335,0.5953134298324585
1682,2014-08-05 00:00:00,0.0010927524417638779,0.0069415816105902195,0.9007886471625886,1.0,0.4322586953639984,3.5556308830564376e-07,0.22848287224769592,0.3392581045627594,0.49423330258256715,0.00019392374493998332,1.4871726942755854,1.4868843520937347,0.00028834218185069815,0.59510338306427
1683,2014-08-06 00:00:00,-0.0004903983790427446,0.006794248707592487,2.065842390804506,1.0,0.43149664998054504,3.558432695172087e-07,0.22997500002384186,0.33852800726890564,1.825039583736027,-0.0016898464313834793,1.4846596008053128,1.4871726942755854,-0.0025130934702726204,0.5947092175483704
1684,2014-08-07 00:00:00,0.00018536928109824657,0.006131912115961313,-2.8825440749860465,1.0,0.4330892562866211,3.5553716770664323e-07,0.22646619379520416,0.34044426679611206,3.1589114517245216,-0.005857973820871276,1.47596250373089,1.4846596008053128,-0.008697097074422677,0.5956135988235474
1685,2014-08-08 00:00:00,-0.002373845549300313,0.00626698462292552,-6.967538964482308,1.0,0.43166354298591614,3.563025359198946e-07,0.22930148243904114,0.3390346169471741,0.8688655177092842,0.0005803907286836552,1.4768191386839402,1.47596250373089,0.0008566349530501061,0.5948588252067566
1686,2014-08-11 00:00:00,-0.0014258681330829859,0.006254788488149643,-3.2260903046914633,1.0,0.4334004521369934,3.5705230061466864e-07,0.22894485294818878,0.33765438199043274,1.2762737755878786,0.00040722209881871585,1.4774205320731708,1.4768191386839402,0.0006013933892305978,0.5951992869377136
1687,2014-08-12 00:00:00,0.0017901764949783683,0.0057469638995826244,-0.7360693491575717,1.0,0.43371662497520447,3.5747819993048324e-07,0.22642314434051514,0.33985984325408936,3.348713775333584,0.002482546981176448,1.481088297954997,1.4774205320731708,0.003667765881826268,0.5957199335098267
1688,2014-08-13 00:00:00,0.0009746942669153214,0.005998405162245035,-0.22059231092754322,1.0,0.43129029870033264,3.559552794740739e-07,0.22686660289764404,0.34184277057647705,4.654461936415784,0.001287070237447674,1.482994562622327,1.481088297954997,0.0019062646673300154,0.5952615141868591
1689,2014-08-14 00:00:00,0.002912238473072648,0.005810616072267294,0.5957541190357161,1.0,0.43267133831977844,3.5716979596145393e-07,0.22828011214733124,0.33904820680618286,3.649268372202187,0.0011887997514112847,1.484757546189717,1.482994562622327,0.0017629835673897976,0.5952058434486389
1690,2014-08-18 00:00:00,0.0017610470531508327,0.005517920013517141,2.415201586068591,1.0,0.433337539434433,3.5833861034006986e-07,0.22718124091625214,0.3394809067249298,2.5675229380205677,0.005381661898637535,1.4927480093047607,1.484757546189717,0.007990463115043811,0.5955166220664978
1691,2014-08-19 00:00:00,0.006322444882243872,0.005789289716631174,3.7576050255116047,1.0,0.4330679774284363,3.547326343777968e-07,0.22568993270397186,0.341241717338562,3.893509100381406,-0.002004595864441683,1.4897556528186549,1.4927480093047607,-0.0029923564861058516,0.5957598090171814
1692,2014-08-20 00:00:00,-0.0036474221851676702,0.0058951592072844505,2.663949448593449,1.0,0.42965853214263916,3.5540040244086413e-07,0.22669753432273865,0.34364357590675354,3.867015982747565,0.004034980578564884,1.4957667879445853,1.4897556528186549,0.0060111351259304335,0.5950538516044617
1693,2014-08-21 00:00:00,0.003649699268862605,0.005912191700190306,2.5321640742695712,1.0,0.43218907713890076,3.570944215880445e-07,0.22702258825302124,0.3407880365848541,4.827700919922338,-0.0018156989456412642,1.493050925764789,1.4957667879445853,-0.0027158621797962468,0.5953680872917175
1694,2014-08-22 00:00:00,-0.0013703327858820558,0.005935014225542545,1.669837158820236,0.0,0.4321257770061493,3.5737639336730354e-07,0.22605302929878235,0.3418208658695221,4.781180185465119,0.002019280871395912,1.4960658149392059,1.493050925764789,0.003014889174416835,0.5955452919006348
1695,2014-08-25 00:00:00,0.0025542534422129393,0.0055481912568211555,2.605379660625958,1.0,0.43486636877059937,3.558433832040464e-07,0.22608254849910736,0.33905068039894104,4.096724042843068,0.0051016473278036045,1.5036982151062088,1.4960658149392059,0.007632400167002951,0.5959676504135132
1696,2014-08-26 00:00:00,0.005323679186403751,0.005789497401565313,1.7454074385476228,1.0,0.4319971799850464,3.5275130016998446e-07,0.22784572839736938,0.3401567041873932,4.772978310095454,-0.00535383727987826,1.4956476595444868,1.5036982151062088,-0.008050555561722073,0.5951821804046631
1697,2014-08-27 00:00:00,-0.0036251249257475138,0.005862086080014706,2.2924425092698524,0.0,0.4322497248649597,3.556217507139081e-07,0.22866220772266388,0.3390877842903137,3.009013148587235,0.0020450687201956086,1.498706361789455,1.4956476595444868,0.003058702244968181,0.5950686931610107
1698,2014-08-28 00:00:00,0.000482662464492023,0.005703265313059092,1.060980320318973,1.0,0.43271777033805847,3.549523057699844e-07,0.22796276211738586,0.3393191397190094,3.122264787246387,0.0020132466366287183,1.5017236273316217,1.498706361789455,0.003017265542166747,0.5952723026275635
1699,2014-09-01 00:00:00,0.0027899183332920074,0.005560404621064663,2.6869117593283467,0.0,0.4334389865398407,3.5651069651976286e-07,0.2289867252111435,0.33757397532463074,2.251536798049052,0.0028016276480067326,1.505930897765619,1.5017236273316217,0.004207270433997268,0.595197856426239
1700,2014-09-02 00:00:00,0.0028647505678236485,0.005506589077413082,1.849248224753381,0.0,0.4353035092353821,3.533814947331848e-07,0.22693666815757751,0.33775952458381653,4.179622047203187,0.0032077455203607386,1.5107615408568995,1.505930897765619,0.004830643091280562,0.5958782434463501
1701,2014-09-03 00:00:00,0.0012466860935091972,0.005384539254009724,0.7153806302046442,0.0,0.43219950795173645,3.550066480784153e-07,0.22622500360012054,0.34157511591911316,5.516272412736251,0.004356250547296492,1.517342796646092,1.5107615408568995,0.006581255789192442,0.5955230593681335
1702,2014-09-04 00:00:00,0.001917319605126977,0.005275340285152197,1.7033741320556859,0.0,0.43083178997039795,3.564394148725114e-07,0.2286902666091919,0.3404775559902191,5.623153963331154,0.0007986663180115094,1.5185546472306506,1.517342796646092,0.001211850584558638,0.5948446989059448
1703,2014-09-05 00:00:00,-0.0018405267037451267,0.0053827776573598385,1.3621198084799393,0.0,0.43215009570121765,3.5710775136976736e-07,0.227444589138031,0.34040501713752747,5.79623958937636,0.004282578789670977,1.5250579771538368,1.5185546472306506,0.006503329923186252,0.595281720161438
1704,2014-09-08 00:00:00,0.0020232333336025476,0.005350569728761911,1.1126724876363496,0.0,0.43054309487342834,3.543008517681301e-07,0.22647307813167572,0.3429834842681885,7.370751547743597,0.004272844028490486,1.5315743120246204,1.5250579771538368,0.006516334870783513,0.5952268838882446
1705,2014-09-09 00:00:00,0.004603525623679161,0.00539805181324482,1.0850879182242619,0.0,0.4337538778781891,3.5381984275772993e-07,0.225376695394516,0.34086906909942627,11.621732601832301,-0.0017120875500704624,1.5289521227129952,1.5315743120246204,-0.002622189311625167,0.595926821231842
1706,2014-09-10 00:00:00,-0.0005068322643637657,0.005372208543121815,0.820043648014568,0.0,0.4316592216491699,3.554965815055766e-07,0.22391986846923828,0.34442058205604553,10.562718892781312,-0.0007813956072462158,1.5277574062406174,1.5289521227129952,-0.001194716472377788,0.5958987474441528
1707,2014-09-11 00:00:00,-0.001489589107222855,0.005381055176258087,0.414125565534635,0.0,0.4322566092014313,3.5633541983770556e-07,0.22548618912696838,0.3422568440437317,10.036298763432107,0.005955565709407029,1.5368560658615167,1.5277574062406174,0.009098659620899285,0.5956757068634033
1708,2014-09-12 00:00:00,0.005231136921793222,0.005283190868794918,1.2641713123708689,0.0,0.4313789904117584,3.562922472610808e-07,0.22780825197696686,0.34081241488456726,10.456722381279212,-0.0034880130059271597,1.5314954919155537,1.5368560658615167,-0.00536057394596301,0.5950945615768433
1709,2014-09-15 00:00:00,-0.003262365236878395,0.005352804437279701,0.7313104992091694,0.0,0.4331091344356537,3.538862074492499e-07,0.22592225670814514,0.3409683108329773,8.495866505202388,-0.005239755496100784,1.5234708299945356,1.5314954919155537,-0.008024661921018028,0.5957212448120117
1710,2014-09-16 00:00:00,-0.004145350772887468,0.0056405821815133095,-0.8729227405468224,1.0,0.43239977955818176,3.5493977179612557e-07,0.22524644434452057,0.3423534631729126,6.217228729379289,-0.0023890388547948005,1.5198311989875322,1.5234708299945356,-0.0036396310070034854,0.5957444310188293
1711,2014-09-17 00:00:00,-0.002325697336345911,0.005385412834584713,-2.2883201100303934,1.0,0.4320667088031769,3.575839571112738e-07,0.22832059860229492,0.33961233496665955,4.471360611937253,-5.1211021515285005e-05,1.5197533668793013,1.5198311989875322,-7.783210823086861e-05,0.5951037406921387
1712,2014-09-18 00:00:00,0.001276240567676723,0.005319582298398018,-0.8380682038098348,1.0,0.43341290950775146,3.557436230039457e-07,0.22804974019527435,0.33853697776794434,4.999763395781244,-0.0010141915835820692,1.5182120458054917,1.5197533668793013,-0.001541321073809554,0.5953660607337952
1713,2014-09-19 00:00:00,-0.002029665745794773,0.005327106919139624,-4.316405749983283,0.0,0.4317614734172821,3.586783350328915e-07,0.22722485661506653,0.3410132825374603,3.8768538461162594,0.00306575321523761,1.5228665092663325,1.5182120458054917,0.004654463460840752,0.5952639579772949
1714,2014-09-22 00:00:00,0.0014382468070834875,0.005336711183190346,-1.8476454098680468,0.0,0.4317106008529663,3.5641269846564683e-07,0.22636310756206512,0.3419259190559387,5.083115081475322,-0.0016081801192786571,1.520417465621815,1.5228665092663325,-0.002449043644517479,0.5954222679138184
1715,2014-09-23 00:00:00,-0.0034927628003060818,0.005392914637923241,-3.1690657772847297,1.0,0.432986855506897,3.56379757704417e-07,0.22589169442653656,0.341121107339859,4.1487021387409255,-0.006173080663979813,1.5110318059636079,1.520417465621815,-0.009385659658207146,0.5957082509994507
1716,2014-09-24 00:00:00,-0.005524424836039543,0.0054327077232301235,7.629641350691166,1.0,0.43288618326187134,3.5794857922155643e-07,0.22697104513645172,0.34014248847961426,1.3896835002783834,0.00448900795768048,1.5178148397648867,1.5110318059636079,0.0067830338012788705,0.5954856872558594
1717,2014-09-25 00:00:00,0.0049570524133741856,0.005468027200549841,-4.415587036404727,1.0,0.4321083724498749,3.5631819628179073e-07,0.22699934244155884,0.34089192748069763,3.7601105287563663,2.971539464380335e-05,1.5178599422318466,1.5178148397648867,4.510246695987874e-05,0.5953601002693176
1718,2014-09-26 00:00:00,-0.0015972153050825,0.005612552165985107,-7.908800034646161,0.0,0.4317154884338379,3.5689021160578704e-07,0.22759686410427094,0.3406873047351837,3.296069685070623,0.00280032589159096,1.5221104447278873,1.5178599422318466,0.004250502496040642,0.5951860547065735
1719,2014-09-29 00:00:00,0.002000495558604598,0.005743558518588543,-10.879800732645766,0.0,0.43397057056427,3.584560772651457e-07,0.22550009191036224,0.34052902460098267,3.4542519360978976,0.0008986606203211789,1.5234783054443437,1.5221104447278873,0.0013678607164564482,0.5959368348121643
1720,2014-09-30 00:00:00,0.0017081445548683405,0.005674875341355801,32.878206505328954,1.0,0.4326191842556,3.576859910481289e-07,0.2264363020658493,0.34094417095184326,3.031616629707909,0.0010898160732224493,1.5251386165888225,1.5234783054443437,0.0016603111444788432,0.595546543598175
1721,2014-10-01 00:00:00,0.002507860539481044,0.005625789985060692,26.43523497379278,1.0,0.43477943539619446,3.55121329675967e-07,0.2273026704788208,0.3379175662994385,2.551797300671174,-0.00048826657669120976,1.5243939423775212,1.5251386165888225,-0.0007446742113013105,0.5957247018814087
1722,2014-10-07 00:00:00,-0.0003948868252336979,0.005545877851545811,-19.575990394957277,1.0,0.4316551983356476,3.554125385107909e-07,0.22897911071777344,0.3393653333187103,1.4271944249453896,-0.0015658297449676617,1.522007000999498,1.5243939423775212,-0.0023869413780233106,0.5949171781539917
1723,2014-10-08 00:00:00,-0.0007913983426988125,0.005478733219206333,108.20700067242558,1.0,0.43275490403175354,3.584422358926531e-07,0.22881725430488586,0.3384275436401367,0.8312187186684814,-0.00028208420348330154,1.521577666866925,1.522007000999498,-0.00042933413257295605,0.5951195955276489
1724,2014-10-09 00:00:00,-0.0020237937569618225,0.005457258317619562,-1.0421190503142808,1.0,0.43409067392349243,3.554364411684219e-07,0.22593365609645844,0.3399753272533417,-0.3275837674176475,0.0031830138758213167,1.5264208696937023,1.521577666866925,0.004843202826777304,0.5958724617958069
1725,2014-10-10 00:00:00,0.005045654252171516,0.005286966450512409,-5.0816012931626595,1.0,0.4326235055923462,3.5776199069914583e-07,0.22963234782218933,0.3377437889575958,-0.6190156939258314,-0.0009035591385371244,1.5250416581676367,1.5264208696937023,-0.0013792115260655713,0.5949495434761047
1726,2014-10-13 00:00:00,0.001705822185613215,0.005391202867031097,-11.7430484827737,1.0,0.43518367409706116,3.5946325738223095e-07,0.22858278453350067,0.3362332284450531,-0.4136389921319463,-0.0011211677991463942,1.5233318305681423,1.5250416581676367,-0.0017098275994944512,0.5955566167831421
1727,2014-10-14 00:00:00,0.00023707553918939084,0.005385118070989847,32.080069426126954,1.0,0.43152308464050293,3.5603653714133543e-07,0.22795920073986053,0.3405173718929291,-0.5066840846507752,-0.00020589490763145424,1.5230181843015953,1.5233318305681423,-0.00031364626654695194,0.5950878858566284
1728,2014-10-16 00:00:00,-0.0031496791634708643,0.005312989931553602,-0.9236513628606207,1.0,0.4324762523174286,3.54740109287377e-07,0.22922584414482117,0.3382975459098816,-2.466033336536726,-0.003793813628966136,1.5172401371568287,1.5230181843015953,-0.005778047144766596,0.5950003266334534
1729,2014-10-17 00:00:00,-0.00404871441423893,0.005405639298260212,0.0970726411809135,1.0,0.4321048855781555,3.5753410543293285e-07,0.22928375005722046,0.338610976934433,-2.532133801001816,0.004542503407784171,1.5241322056502906,1.5172401371568287,0.006892068493461911,0.5949311256408691
1730,2014-10-20 00:00:00,0.005005218088626862,0.005624608602374792,-1.9872360781990956,1.0,0.4343019723892212,3.544099627106334e-07,0.22908002138137817,0.336617648601532,0.4051582036842719,0.0034591015398539593,1.5294043337097964,1.5241322056502906,0.005272128059505832,0.5953211784362793
1731,2014-10-21 00:00:00,0.0027608696836978197,0.0057141720317304134,0.5758287119881498,1.0,0.4341386556625366,3.5466828762764635e-07,0.2276492863893509,0.33821168541908264,2.1556066720710527,-0.0005274963971021451,1.5285975784340522,1.5294043337097964,-0.0008067552757442531,0.5955566763877869
1732,2014-10-22 00:00:00,0.002173165325075388,0.005752537399530411,1.6899943670355166,1.0,0.43587127327919006,3.5774610296357423e-07,0.22792455554008484,0.3362038731575012,2.0050833120927654,0.0018006671997887747,1.531350073955215,1.5285975784340522,0.0027524955211628566,0.5957905650138855
1733,2014-10-27 00:00:00,0.0026537999510765076,0.005813281983137131,3.059545371695089,1.0,0.4335838854312897,3.5328440617377055e-07,0.22596020996570587,0.340455561876297,2.861655617489268,-2.16157709789222e-05,1.5313169726427278,1.531350073955215,-3.310131248723813e-05,0.5957877039909363
1734,2014-10-28 00:00:00,-0.001698523061349988,0.005785063374787569,5.424237756727251,1.0,0.4297005534172058,3.566848079117335e-07,0.23063881695270538,0.33966028690338135,1.9908982165017843,0.005267218236455706,1.5393827533268258,1.5313169726427278,0.008065780684098023,0.5943112969398499
1735,2014-10-29 00:00:00,0.004014676436781883,0.005797963589429855,2.5490594701472515,1.0,0.4341851472854614,3.5495162364895805e-07,0.2269536554813385,0.3388608396053314,3.8523439010734997,-0.0015869454954680062,1.5369398368006326,1.5393827533268258,-0.0024429165261932173,0.5956940054893494
1736,2014-10-30 00:00:00,-0.0018722140230238438,0.005496485158801079,1.0984707347634615,1.0,0.43141621351242065,3.546135474152834e-07,0.2267635315656662,0.3418199121952057,6.009471394974841,3.058487500795515e-05,1.536986843913436,1.5369398368006326,4.700711280336556e-05,0.5953003764152527
1737,2014-10-31 00:00:00,0.00035104434937238693,0.005396529566496611,0.9456753210723747,1.0,0.4348500370979309,3.551406848600891e-07,0.22615565359592438,0.33899393677711487,4.801369849879623,0.005014297771659626,1.5446937536199412,1.536986843913436,0.007706909706505227,0.5959511995315552
1738,2014-11-03 00:00:00,0.0035004261881113052,0.005310908425599337,0.8728182777124429,1.0,0.4318709671497345,3.555174146185891e-07,0.22808101773262024,0.3400477170944214,6.082496298870233,0.00370748099009921,1.550420676347012,1.5446937536199412,0.005726922727070871,0.5951184034347534
1739,2014-11-05 00:00:00,0.004525018855929375,0.005203315056860447,1.8944730592597903,1.0,0.4335532486438751,3.55974634658196e-07,0.22918620705604553,0.3372602164745331,6.264001708842926,0.0048163622879091594,1.5578880640229644,1.550420676347012,0.007467387675952342,0.5951799154281616
1740,2014-11-07 00:00:00,0.006950169801712036,0.005549300462007523,1.9604468357944602,1.0,0.4337915778160095,3.550867404555902e-07,0.22557179629802704,0.340636283159256,7.148301143174765,-0.0012611825125448117,1.5559232828401164,1.5578880640229644,-0.001964781182848041,0.595894992351532
1741,2014-11-10 00:00:00,-0.002450190484523773,0.0056341588497161865,2.2897869483407285,1.0,0.4319186806678772,3.555402088295523e-07,0.22686542570590973,0.3412155508995056,6.324681380008201,0.001036614651353629,1.5575361757114907,1.5559232828401164,0.0016128928713743385,0.595356822013855
1742,2014-11-11 00:00:00,-0.0018965540220960975,0.00576544227078557,2.025311171301487,1.0,0.433964341878891,3.554136469574587e-07,0.2253122627735138,0.34072306752204895,6.831461092868198,0.002526894060357998,1.5614719046226888,1.5575361757114907,0.003935728911198089,0.5959721803665161
1743,2014-11-12 00:00:00,0.0016555110923945904,0.005724163260310888,1.4990335867712126,1.0,0.4295039772987366,3.559510730610782e-07,0.228363499045372,0.3421321511268616,8.266775280910391,0.003614592390056348,1.5671159890864248,1.5614719046226888,0.005644084463735988,0.5947083234786987
1744,2014-11-13 00:00:00,0.0008053032215684652,0.005852528382092714,0.77116259837266,1.0,0.43017399311065674,3.551369616161537e-07,0.2278541475534439,0.3419714868068695,9.377137893818906,-0.0034856335147243067,1.561653597073405,1.5671159890864248,-0.005462392013019901,0.5949047803878784
1745,2014-11-14 00:00:00,-0.0028719212859869003,0.005837149452418089,-1.0371054125980752,1.0,0.43180206418037415,3.569774662537384e-07,0.22593559324741364,0.34226194024086,6.868645791415734,0.0017969464388565282,1.5644598049433935,1.561653597073405,0.0028062078699886417,0.5955192446708679
1746,2014-11-17 00:00:00,0.002888532355427742,0.005761384963989258,0.1189505292983839,1.0,0.4330357015132904,3.559500214578293e-07,0.22599036991596222,0.3409735858440399,7.733187819638708,0.004210236146575896,1.5710465501640314,1.5644598049433935,0.006586745220637846,0.5956966876983643
1747,2014-11-18 00:00:00,0.0057556950487196445,0.005978727247565985,1.3145738657950072,0.0,0.4326167106628418,3.5468434589347453e-07,0.22629384696483612,0.341089129447937,9.2379787705177,-0.001586829827246894,1.5685535666382378,1.5710465501640314,-0.002492983525793635,0.5955736041069031
1748,2014-11-19 00:00:00,-0.00024156190920621157,0.005814311560243368,0.9064461387256348,0.0,0.43267035484313965,3.569120394786296e-07,0.2257729321718216,0.3415563702583313,8.654288449751904,-0.0009195350167162664,1.5671112267081186,1.5685535666382378,-0.0014423399301191075,0.5956826210021973
1749,2014-11-20 00:00:00,-0.0010786133352667093,0.005600780714303255,0.5757676591890013,1.0,0.43349358439445496,3.5534731068764813e-07,0.22427356243133545,0.34223252534866333,10.228172950653748,0.005072971448055075,1.5750611372171355,1.5671112267081186,0.007949910509016833,0.5961027145385742
1750,2014-11-21 00:00:00,0.0008059638785198331,0.005466426722705364,1.2165766573949532,0.0,0.43110132217407227,3.55941551788419e-07,0.22708944976329803,0.34180888533592224,10.27556210968048,-0.0041326981969048715,1.5685518848953433,1.5750611372171355,-0.006509252321792225,0.5951901078224182
1751,2014-11-24 00:00:00,-0.0018458005506545305,0.005589945707470179,0.6139330370307281,0.0,0.43249237537384033,3.5648443486024917e-07,0.2271001935005188,0.3404071033000946,7.299407703679584,0.0038997971801395526,1.5746689191129606,1.5685518848953433,0.006117034217617334,0.5953999757766724
1752,2014-11-25 00:00:00,0.0033518082927912474,0.005616412963718176,0.17024518119222612,0.0,0.43162673711776733,3.5589707181316044e-07,0.2274276316165924,0.3409452736377716,8.45336245784124,-0.0045071609599183216,1.567571632835938,1.5746689191129606,-0.007097286277022663,0.5952047109603882
1753,2014-11-26 00:00:00,-0.002435133093968034,0.005732113961130381,-0.2639257051617495,1.0,0.43155786395072937,3.5650020890898304e-07,0.2276005893945694,0.3408412039279938,6.143556170183219,-0.004122510303200322,1.5611093026285672,1.567571632835938,-0.006462330207370748,0.5951612591743469
1754,2014-11-27 00:00:00,-0.004103099927306175,0.005879105068743229,-1.0693129315897625,0.0,0.43331265449523926,3.586470427308086e-07,0.22566908597946167,0.34101787209510803,4.822604740434073,0.002286517141024458,1.56467880580804,1.5611093026285672,0.0035695031794729104,0.5958016514778137
1755,2014-11-28 00:00:00,0.0013763806782662868,0.005801979452371597,-1.1102740291661544,0.0,0.4327317476272583,3.583365923987003e-07,0.22602416574954987,0.3412437438964844,4.278748470493546,0.006425737868319459,1.5747330216622777,1.56467880580804,0.010054215854237603,0.5956433415412903
1756,2014-12-01 00:00:00,0.003515407908707857,0.006304257083684206,0.36756336329333283,0.0,0.43269774317741394,3.535136556820362e-07,0.2270423024892807,0.3402596116065979,5.945505893924791,0.0005725543472652195,1.5756346418996126,1.5747330216622777,0.0009016202373348658,0.5954428315162659
1757,2014-12-02 00:00:00,-0.003391060046851635,0.006562923081219196,-1.3599731249167093,0.0,0.4331797957420349,3.564360326890892e-07,0.2271670550107956,0.33965280652046204,6.086080466961523,0.0036449630844668235,1.5813777720039437,1.5756346418996126,0.00574313010433114,0.5954944491386414
1758,2014-12-03 00:00:00,0.0009465029579587281,0.0065434956923127174,-0.5401380162843189,0.0,0.43200913071632385,3.557941283816035e-07,0.22758430242538452,0.3404061794281006,5.875504792182997,0.0038254864546916068,1.587427311250495,1.5813777720039437,0.006049539246551383,0.5952334403991699
1759,2014-12-04 00:00:00,0.000566012691706419,0.006727615837007761,1.4515442216165027,0.0,0.4325939416885376,3.5513184570845624e-07,0.22662010788917542,0.34078559279441833,5.887352427707373,0.005112576152729531,1.595543154266186,1.587427311250495,0.008115843015690904,0.5955073833465576
1760,2014-12-05 00:00:00,0.0043012527748942375,0.006529978010803461,4.200527751463523,0.0,0.4321470260620117,3.5461997072161466e-07,0.22731100022792816,0.3405416011810303,5.926018910789076,0.004525783073998424,1.602764236467598,1.595543154266186,0.0072210822014120435,0.5953065752983093
1761,2014-12-08 00:00:00,0.0023488958831876516,0.00653809355571866,1.8258006456519522,0.0,0.43319758772850037,3.558384378266055e-07,0.22435709834098816,0.3424449563026428,7.21480655761086,-7.52601232434369e-05,1.6026436122336314,1.602764236467598,-0.00012062423396663746,0.5960409045219421
1762,2014-12-09 00:00:00,-0.0014483571285381913,0.006478642579168081,2.4635322747807398,0.0,0.4315507709980011,3.5639811812870903e-07,0.2238573580980301,0.34459152817726135,6.916480779114479,-0.005221147797006109,1.5942759730682319,1.6026436122336314,-0.00836763916539951,0.595895528793335
1763,2014-12-10 00:00:00,-0.005510848015546799,0.006662932224571705,0.27514651575017146,0.0,0.432146281003952,3.573120466171531e-07,0.22685441374778748,0.34099897742271423,4.768637352046841,-0.0017829115883690738,1.59143351996079,1.5942759730682319,-0.0028424531074418002,0.5953936576843262
1764,2014-12-11 00:00:00,-0.005987024400383234,0.006905693095177412,8.238875800443902,0.0,0.4300605356693268,3.548073266301799e-07,0.22802859544754028,0.34191054105758667,3.6129787294961475,-0.0037863197193218623,1.5854078438421728,1.59143351996079,-0.0060256761186172625,0.5948545336723328
1765,2014-12-12 00:00:00,-0.0008779972558841109,0.006939185783267021,43.18733185259191,0.0,0.43275773525238037,3.5687742183654336e-07,0.22869092226028442,0.33855095505714417,3.5362639826350355,-0.005554729558446159,1.5766013320297902,1.5854078438421728,-0.008806511812382567,0.5951433181762695
1766,2014-12-15 00:00:00,-0.006132055073976517,0.007106163073331118,7.916466057812736,0.0,0.4320017397403717,3.562848860383383e-07,0.22797870635986328,0.34001919627189636,1.8511003444029224,0.009471235297705771,1.5915336942161207,1.5766013320297902,0.014932362186330428,0.5951578617095947
1767,2014-12-16 00:00:00,0.005880258046090603,0.007187173701822758,5.071928775986087,0.0,0.43439388275146484,3.591329686969402e-07,0.22968490421772003,0.33592087030410767,2.6771487106013505,-0.005360313680113027,1.5830025743826532,1.5915336942161207,-0.008531119833467438,0.5952277183532715
1768,2014-12-17 00:00:00,-0.007256684359163046,0.0075549716129899025,3.3871830797910785,0.0,0.4340505003929138,3.5633982520266727e-07,0.22732259333133698,0.33862659335136414,1.8972169929401594,-0.0011392705536176218,1.5811991061633581,1.5830025743826532,-0.0018034682192951124,0.595603346824646
1769,2014-12-18 00:00:00,0.0005724979564547539,0.0075826141983270645,2.0398208170750904,0.0,0.4339568018913269,3.575124480903469e-07,0.2303881049156189,0.33565476536750793,1.8822455896802501,0.0034756952307957167,1.5866948723555885,1.5811991061633581,0.005495766192230356,0.5950304865837097
1770,2014-12-19 00:00:00,0.004260484129190445,0.007817637175321579,0.9017250994915155,0.0,0.43075504899024963,3.5468119108372775e-07,0.22959506511688232,0.3396495580673218,1.6153798114460989,0.004317594784668977,1.5935455778613319,1.5866948723555885,0.006850705505743404,0.5946643352508545
1771,2014-12-22 00:00:00,0.002116068499162793,0.007753349374979734,-2.8192655631933072,0.0,0.4320944845676422,3.583871830414864e-07,0.2287662923336029,0.33913883566856384,3.15145526495235,0.006544674143142526,1.60397481440068,1.5935455778613319,0.01042923653934813,0.5950250625610352
1772,2014-12-23 00:00:00,0.005233637988567352,0.00818806141614914,-3.2705613375650975,1.0,0.4338049292564392,3.566529187537526e-07,0.22536814212799072,0.3408266007900238,3.5214432574551693,-0.004861882480705071,1.5961764773510532,1.60397481440068,-0.007798337049626847,0.5959364175796509
1773,2014-12-24 00:00:00,-0.0011742927599698305,0.008221830241382122,-9.243337681579046,0.0,0.4282304346561432,3.579949350296374e-07,0.228620246052742,0.34314897656440735,3.4432072510710237,-0.003244322466188998,1.5909979661455806,1.5961764773510532,-0.005178511205472525,0.5944743156433105
1774,2014-12-26 00:00:00,-0.0030365397688001394,0.008157161995768547,-8.005234508211977,0.0,0.43136686086654663,3.5686056776285113e-07,0.22774851322174072,0.3408842980861664,3.6435084232578974,0.0008505851699662781,1.5923512454210307,1.5909979661455806,0.0013532792754500367,0.5951040983200073
1775,2014-12-29 00:00:00,0.000273104349616915,0.008134139701724052,-2.842998276137552,0.0,0.42950984835624695,3.542386082244775e-07,0.22618597745895386,0.3443038761615753,3.3851315394766126,-0.0009803974802067295,1.5907901082724158,1.5923512454210307,-0.0015611371486148329,0.5951336026191711
1776,2014-12-30 00:00:00,-0.0019698594696819782,0.007714883890002966,0.26208895602201804,0.0,0.4322773218154907,3.5625961913865467e-07,0.22722500562667847,0.34049734473228455,2.1730344523684173,-0.0012469374823044221,1.5888064924599319,1.5907901082724158,-0.001983615812483963,0.5953429937362671
1777,2014-12-31 00:00:00,-0.00351541955024004,0.007632840424776077,3.6206960288701455,0.0,0.43393874168395996,3.5692096389539074e-07,0.2245253622531891,0.3415355384349823,1.8344141183242513,0.0017996044450334647,1.5916657156860607,1.5888064924599319,0.0028592232261288597,0.596121609210968
1778,2015-01-02 00:00:00,0.0013376814313232899,0.00757320923730731,2.7591760681267714,0.0,0.433403342962265,3.55726342604612e-07,0.23105746507644653,0.3355388641357422,1.5267640696452487,0.0032455770774320047,1.5968315894478258,1.5916657156860607,0.0051658737617650274,0.5948212742805481
1779,2015-01-05 00:00:00,0.004226205870509148,0.0074680945836007595,-0.2212448303105101,0.0,0.43741708993911743,3.552805480921961e-07,0.22906972467899323,0.3335128426551819,1.4437622828875518,-0.00201619866163405,1.5936120597343262,1.5968315894478258,-0.0032195297134995915,0.5958501696586609
1780,2015-01-06 00:00:00,6.61464873701334e-05,0.0073625617660582066,-0.054655829279141574,0.0,0.4325724244117737,3.54829325033279e-07,0.22899286448955536,0.3384343683719635,0.09025520836516929,-0.01264745927117572,1.5734569161147818,1.5936120597343262,-0.020155143619544402,0.5950583815574646
1781,2015-01-07 00:00:00,-0.01447090320289135,0.00876242108643055,1.8029366356681322,1.0,0.43467938899993896,3.568100339634839e-07,0.2275967001914978,0.3377235531806946,-2.6984943108515624,0.0015077313875830889,1.5758292664942177,1.5734569161147818,0.00237235037943595,0.5956539511680603
1782,2015-01-08 00:00:00,-0.0004713088274002075,0.008792242035269737,1.4089802351712046,1.0,0.4331037998199463,3.6048385254616733e-07,0.2301320731639862,0.33676376938819885,-2.4230213645103627,0.0023585577512439393,1.5795459508253447,1.5758292664942177,0.0037166843311269293,0.5949365496635437
1783,2015-01-09 00:00:00,0.0017239185981452465,0.008719101548194885,1.8593890058364941,1.0,0.4322828948497772,3.5565190614761377e-07,0.23274946212768555,0.3349672853946686,-1.19648956782517,0.005071909666944041,1.5875572652027181,1.5795459508253447,0.008011314377373457,0.5943432450294495
1784,2015-01-12 00:00:00,0.004221893381327391,0.008526214398443699,3.972107737436211,1.0,0.43389809131622314,3.575910909603408e-07,0.22878296673297882,0.33731862902641296,-0.0712982605539218,0.0015513168290735013,1.590020069505345,1.5875572652027181,0.0024628043026269086,0.5953091979026794
1785,2015-01-13 00:00:00,0.001424608868546784,0.008449525572359562,4.526988360509583,1.0,0.4327835142612457,3.5657220109897025e-07,0.2278168946504593,0.3393992483615875,0.7778455531419858,-0.0033823489806343865,1.5846420667440655,1.590020069505345,-0.005378002761279532,0.5953099727630615
1786,2015-01-14 00:00:00,-0.002834517741575837,0.008405165746808052,-4.7919977708450086,1.0,0.43334153294563293,3.568576403267798e-07,0.2293800264596939,0.3372780680656433,1.1685459922865298,-0.0013147397439324804,1.5825586748390097,1.5846420667440655,-0.002083391905055798,0.5951105356216431
1787,2015-01-15 00:00:00,-0.0003564408980309963,0.008139216341078281,-1.736104493555611,1.0,0.4328850507736206,3.585141996609309e-07,0.22999969124794006,0.33711493015289307,-0.7196299747758544,0.0039183691928939,1.588759723996446,1.5825586748390097,0.006201049157436245,0.594925045967102
1788,2015-01-16 00:00:00,0.003149258904159069,0.00808697659522295,28.87489257254174,1.0,0.4334592819213867,3.5441195223029354e-07,0.22564946115016937,0.34089091420173645,1.0059298673332768,0.0013638117671155303,1.5909264932031515,1.588759723996446,0.0021667692067055544,0.5958282351493835
1789,2015-01-19 00:00:00,0.0027320138178765774,0.008108268491923809,5.606272803051705,1.0,0.4368481934070587,3.574157005914458e-07,0.22520771622657776,0.33794376254081726,1.4805331995602584,0.00457843131753477,1.5982104408835285,1.5909264932031515,0.00728394768037699,0.5964568853378296
1790,2015-01-20 00:00:00,0.004098945297300816,0.007903502322733402,9.788428833198227,1.0,0.4348861575126648,3.587394985515857e-07,0.22639620304107666,0.3387173116207123,1.6659570870277034,0.0011982528331579978,1.6001255010723,1.5982104408835285,0.0019150601887714114,0.5959116220474243
1791,2015-01-21 00:00:00,0.001200512982904911,0.007833276875317097,23.292493699396005,1.0,0.4320835769176483,3.5728103853216453e-07,0.2296646684408188,0.3382514417171478,1.1074669852869716,0.0010554771539519336,1.6018143969821377,1.6001255010723,0.0016888959098377843,0.5948580503463745
1792,2015-01-22 00:00:00,0.0033780657686293125,0.007377913221716881,17785.558699395926,1.0,0.431853324174881,3.548129257069377e-07,0.23110558092594147,0.3370407521724701,0.059106200368607004,-0.0005907462261787177,1.6008681311720818,1.6018143969821377,-0.0009462658100558574,0.5945615768432617
1793,2015-01-23 00:00:00,0.002466132864356041,0.007300061173737049,15.232506532184143,1.0,0.4303656816482544,3.529247578626382e-07,0.23058255016803741,0.3390514552593231,0.9421355259587225,0.004722997761311021,1.6084290277717617,1.6008681311720818,0.007560896599679845,0.5944231152534485
1794,2015-01-27 00:00:00,0.0054555837996304035,0.007415248081088066,5.471154710921384,1.0,0.43416211009025574,3.549484119957924e-07,0.2267523556947708,0.3390852212905884,2.5807529548808237,0.003615030627457605,1.6142435479692485,1.6084290277717617,0.00581452019748685,0.5957282781600952
1795,2015-01-28 00:00:00,-0.0012695705518126488,0.007711805868893862,4.2407506011298155,1.0,0.4349386990070343,3.5689126320903597e-07,0.22477947175502777,0.34028154611587524,3.1002694485440383,-0.0013805299672848825,1.6120150363767807,1.6142435479692485,-0.002228511592467841,0.5962290167808533
1796,2015-01-29 00:00:00,0.001439776737242937,0.007762138266116381,3.276488064239811,1.0,0.4344029128551483,3.54846690697741e-07,0.22957348823547363,0.3360232412815094,3.0308247774782298,0.0014730627402335106,1.6143896356635634,1.6120150363767807,0.0023745992867827415,0.5952491164207458
1797,2015-01-30 00:00:00,0.002289331052452326,0.007648585829883814,2.0964252948552438,1.0,0.43141674995422363,3.550259179974091e-07,0.23047283291816711,0.3381100594997406,3.5995735274168945,-0.005515516755127958,1.6054854425787561,1.6143896356635634,-0.008904193084807277,0.5946062207221985
1798,2015-02-02 00:00:00,-0.0021802487317472696,0.008124088868498802,1.408228688637077,1.0,0.43023720383644104,3.545166862295446e-07,0.23014825582504272,0.3396141529083252,1.9808117774572496,0.0023618391026114516,1.6092773408757122,1.6054854425787561,0.003791898296956031,0.5944830179214478
1799,2015-02-03 00:00:00,0.0038387393578886986,0.00809065718203783,1.0358423249157722,1.0,0.43346938490867615,3.5514446494744334e-07,0.2285679578781128,0.3379622995853424,1.814276207603227,-0.0014582744912255974,1.6069305727802057,1.6092773408757122,-0.0023467680955064907,0.5952793955802917
1800,2015-02-04 00:00:00,0.0013799999142065644,0.00808850396424532,1.57239778706243,1.0,0.43138405680656433,3.5667429187924427e-07,0.22901426255702972,0.3396013677120209,1.9328456042398012,0.0023493785645860576,1.6107058610226734,1.6069305727802057,0.003775288242467756,0.5948687195777893
1801,2015-02-05 00:00:00,0.0029101790860295296,0.006292953155934811,0.9524505575565976,1.0,0.4344823956489563,3.568240742879425e-07,0.22753207385540009,0.33798518776893616,7.17528074436343,-0.00018943260335690937,1.6104007408181777,1.6107058610226734,-0.0003051202044956902,0.5956339240074158
1802,2015-02-06 00:00:00,0.0014570861821994185,0.006242793053388596,0.8110238164774196,1.0,0.4330701529979706,3.5564906397667073e-07,0.22754120826721191,0.33938831090927124,6.634525822451368,-0.0019241404065133416,1.6073021036820905,1.6104007408181777,-0.0030986371360872678,0.595406711101532
1803,2015-02-09 00:00:00,0.000873674638569355,0.006499476730823517,1.1727665592472234,0.0,0.43174487352371216,3.5611910220723075e-07,0.22955672442913055,0.33869799971580505,5.269010231970764,-0.008458123568550024,1.593707343877157,1.6073021036820905,-0.01359475980493352,0.5948245525360107
1804,2015-02-10 00:00:00,-0.0065182168036699295,0.007162611000239849,0.016478451338629855,1.0,0.4320341646671295,3.5583565249908133e-07,0.2264280468225479,0.3415374457836151,1.2167284964311285,-0.003151708371300299,1.5886844431000566,1.593707343877157,-0.005022900777100325,0.5954586267471313
1805,2015-02-11 00:00:00,-0.00409893412142992,0.0073189870454370975,-1.1078364996028962,0.0,0.43018466234207153,3.588049253266945e-07,0.23003186285495758,0.3397831320762634,0.08803770540717215,-0.0005309193818361368,1.5878409797375932,1.5886844431000566,-0.0008434633624634369,0.594496488571167
1806,2015-02-12 00:00:00,-0.0008309973636642098,0.007160475477576256,-1.7029837606800762,0.0,0.43509602546691895,3.5812996657114127e-07,0.22655795514583588,0.3383456766605377,0.7881490576623212,0.004559967516180263,1.5950814830260565,1.5878409797375932,0.0072405032884632625,0.5959151387214661
1807,2015-02-13 00:00:00,0.004509272985160351,0.007242352701723576,-0.9231379517305486,0.0,0.4344165027141571,3.5774993989434734e-07,0.22650225460529327,0.33908089995384216,2.156071029984585,0.006138364126951457,1.6048726739810282,1.5950814830260565,0.009791190954971718,0.5958160758018494
1808,2015-02-16 00:00:00,0.005514926742762327,0.00704109575599432,-0.19883059278769405,0.0,0.4369245171546936,3.565658914794767e-07,0.2256094217300415,0.33746573328971863,2.5738281583870015,-0.00534727359522047,1.5962909807077585,1.6048726739810282,-0.00858169327326963,0.5963939428329468
1809,2015-02-18 00:00:00,-0.005422530695796013,0.007232390809804201,-0.0640763665353948,0.0,0.43459606170654297,3.561719665867713e-07,0.22729016840457916,0.3381134271621704,1.0099662742474538,0.006117718945950035,1.6060566402836836,1.5962909807077585,0.009765659575925012,0.595697283744812
1810,2015-02-19 00:00:00,0.002603478729724884,0.007264474406838417,1.3421761466203344,0.0,0.43434616923332214,3.548499876160349e-07,0.22903940081596375,0.33661413192749023,1.3121866466690386,-0.0010200359461349784,1.6044184047790655,1.6060566402836836,-0.0016382355046180574,0.5953357815742493
1811,2015-02-20 00:00:00,-0.00128797790966928,0.007294754963368177,1.4337728925887767,0.0,0.4321442246437073,3.552774501258682e-07,0.2273605465888977,0.34049487113952637,0.8344084514546554,-0.003381792119415028,1.5989925952615391,1.6044184047790655,-0.005425809517526359,0.5952967405319214
1812,2015-02-23 00:00:00,-0.0015328931622207165,0.00724295387044549,-0.043113193090922056,0.0,0.43830791115760803,3.598284479267022e-07,0.22476504743099213,0.3369266986846924,-0.06971431582570209,0.0013539909957138718,1.6011576168377364,1.5989925952615391,0.0021650215761972458,0.5967853665351868
1813,2015-02-24 00:00:00,0.002966435858979821,0.0071999868378043175,-0.883993629605381,0.0,0.4355374574661255,3.555009584488289e-07,0.22388231754302979,0.3405798375606537,0.320502507834065,0.002101321339174733,1.6045221635053797,1.6011576168377364,0.003364546667643298,0.5964987874031067
1814,2015-02-25 00:00:00,0.0031461315229535103,0.007076787296682596,2.409177824281184,0.0,0.4345046579837799,3.5862518643625663e-07,0.22979778051376343,0.3356972336769104,-0.20154219910716015,-0.0006309703508352582,1.6035097575929498,1.6045221635053797,-0.0010124059124299034,0.5952259302139282
1815,2015-02-26 00:00:00,0.001271592453122139,0.00677086878567934,1.4805026043528844,0.0,0.4342452883720398,3.5591128266787564e-07,0.22792381048202515,0.3378306031227112,-1.134665577297754,-0.006501265532639966,1.5930849148746589,1.6035097575929498,-0.010424842718290916,0.5955231189727783
1816,2015-02-27 00:00:00,-0.004967177752405405,0.006939920596778393,0.5971477070598474,0.0,0.4319634735584259,3.56883276708686e-07,0.23053771257400513,0.33749842643737793,-2.080962503010474,0.0012353150668573676,1.5950528766727867,1.5930849148746589,0.0019679617981278597,0.5946807861328125
1817,2015-03-02 00:00:00,-0.0007276716642081738,0.006946793291717768,2.3260176302879114,0.0,0.43628382682800293,3.5572386991589156e-07,0.228784441947937,0.3349313735961914,-2.132949057441536,0.0020617696643692174,1.5983415083069756,1.5950528766727867,0.00328863163418891,0.5957053899765015
1818,2015-03-03 00:00:00,0.0009185537346638739,0.006474175024777651,-0.23889353889709614,0.0,0.4363737404346466,3.5678721133081126e-07,0.22850516438484192,0.33512070775032043,-0.6367126027265653,-0.002259233723618914,1.5947304812695486,1.5983415083069756,-0.003611027037426995,0.595770537853241
1819,2015-03-04 00:00:00,-0.001539561664685607,0.0064187985844910145,-32.25385999585513,1.0,0.4370405972003937,3.5692229971573397e-07,0.2273501306772232,0.33560892939567566,-1.6128689720685845,-0.004581287099856168,1.587424563087961,1.5947304812695486,-0.007305918181587545,0.596092164516449
1820,2015-03-05 00:00:00,-0.0051545994356274605,0.0066056568175554276,7.764697276695176,1.0,0.4330776631832123,3.5872085391019937e-07,0.22929520905017853,0.3376268148422241,-2.204593701821254,-0.000665426501277766,1.5863682487149031,1.587424563087961,-0.001056314373057976,0.5950835347175598
1821,2015-03-09 00:00:00,-6.030889926478267e-05,0.00643974868580699,2.95673215951339,1.0,0.4327249228954315,3.5867756764673686e-07,0.2324560284614563,0.3348187208175659,-2.864689725894186,-0.004309347447947087,1.5795320367507992,1.5863682487149031,-0.006836211964103889,0.5944663286209106
1822,2015-03-10 00:00:00,-0.00381526630371809,0.00671760318800807,2.7278892690801437,1.0,0.4321231544017792,3.570403919184173e-07,0.2301744520664215,0.33770209550857544,-3.6502550362507433,-0.0019032791428775786,1.5765257463697444,1.5795320367507992,-0.0030062903810548214,0.594771683216095
1823,2015-03-11 00:00:00,-0.0003086918732151389,0.006511874496936798,2.8376836264259127,1.0,0.4327795207500458,3.575993332560756e-07,0.22763921320438385,0.3395809233188629,-3.650834791157739,-0.0024096151090291507,1.5727269261115184,1.5765257463697444,-0.0037988202582259767,0.5953426957130432
1824,2015-03-12 00:00:00,-0.0023819971829652786,0.0058136493898928165,4.1867644296031505,1.0,0.4330042898654938,3.555288401457801e-07,0.22890232503414154,0.33809301257133484,-2.699798060105698,0.003269973127853154,1.5778697008973541,1.5727269261115184,0.005142774785835691,0.5951436161994934
1825,2015-03-13 00:00:00,0.0002588059287518263,0.0058670248836278915,3.6884237288609305,1.0,0.4335429072380066,3.599521960495622e-07,0.23075532913208008,0.3357013761997223,-1.2469507452712707,-0.0010118940159564715,1.576273063989057,1.5778697008973541,-0.0015966369082971443,0.5948973894119263
1826,2015-03-16 00:00:00,-0.0024169799871742725,0.006002123933285475,4.112918729931497,1.0,0.43367722630500793,3.56486140162815e-07,0.2277763932943344,0.33854609727859497,-1.3641214445964667,-0.0054701999153129455,1.567650535207914,1.576273063989057,-0.008622528781143002,0.5954590439796448
1827,2015-03-17 00:00:00,-0.003961768001317978,0.005904833320528269,2.085689690508544,0.0,0.43325307965278625,3.561240191629622e-07,0.2292172908782959,0.3375293016433716,-3.606073913009669,0.007168668008084245,1.5788885014475151,1.567650535207914,0.01123796623960116,0.5951259136199951
1828,2015-03-18 00:00:00,0.007425553165376186,0.00626172823831439,0.28729159961000805,1.0,0.43537619709968567,3.5469193448989245e-07,0.22945432364940643,0.33516913652420044,-3.277486691205131,9.018709995323171e-05,1.57903089682261,1.5788885014475151,0.00014239537509497247,0.5954326391220093
1829,2015-03-19 00:00:00,-0.0012269639410078526,0.006129708606749773,-0.02915263118941481,1.0,0.4330989420413971,3.5715777357836487e-07,0.22718948125839233,0.3397112190723419,-2.1891207786701656,0.00021021435818102674,1.5793628317891337,1.57903089682261,0.0003319349665236171,0.5954775214195251
1830,2015-03-20 00:00:00,0.0007920600473880768,0.005886165890842676,-0.19421543907473607,1.0,0.43669500946998596,3.5950401411355415e-07,0.22539500892162323,0.33790966868400574,-3.9128346723608693,0.0037185083129533947,1.5852357056083113,1.5793628317891337,0.00587287381917756,0.5963961482048035
1831,2015-03-23 00:00:00,0.002589619252830744,0.005955185741186142,-2.575837701084993,1.0,0.43171393871307373,3.5680363907886203e-07,0.22846567630767822,0.3398200571537018,-2.6214221088670473,-0.0003237678593276394,1.5847224572373768,1.5852357056083113,-0.0005132483709344715,0.5950219631195068
1832,2015-03-24 00:00:00,-4.943105159327388e-05,0.0059075490571558475,-5.264590317875736,1.0,0.4338255524635315,3.579278882170911e-07,0.23140375316143036,0.3347703516483307,-1.905698488822353,0.0033507044518892304,1.5900323938298508,1.5847224572373768,0.005309936592474029,0.5948306322097778
1833,2015-03-25 00:00:00,0.0035743722692131996,0.005920662544667721,-3.4248181140948146,1.0,0.4347831606864929,3.547177982454741e-07,0.2274085134267807,0.3378079831600189,-1.3802589850641962,0.0007860151321137376,1.5912821833519522,1.5900323938298508,0.0012497895221013078,0.5957056879997253
1834,2015-03-26 00:00:00,-0.0002692845882847905,0.005818146746605635,-2.6420031221279867,1.0,0.4332115948200226,3.5645703633235826e-07,0.2284761369228363,0.33831191062927246,-1.7220448186586386,-0.006616108035529811,1.5807540885118818,1.5912821833519522,-0.010528094840070334,0.5952550768852234
1835,2015-03-27 00:00:00,-0.007295139599591494,0.006540345493704081,0.31153586813806483,1.0,0.435892790555954,3.576884921585588e-07,0.22840438783168793,0.33570244908332825,-2.8668403227188666,0.0007498677211088545,1.5819394449778676,1.5807540885118818,0.0011853564659858318,0.595707356929779
1836,2015-03-30 00:00:00,0.000465911696664989,0.006307059898972511,1.0843307302854208,1.0,0.4337356984615326,3.5835242329085304e-07,0.23158542811870575,0.3346785306930542,-1.3780278539112307,0.0008744703997674019,1.5833228041967253,1.5819394449778676,0.0013833592188576826,0.594784140586853
1837,2015-03-31 00:00:00,0.0005393023602664471,0.006376070436090231,1.0019919818046639,1.0,0.4350079596042633,3.532482821810845e-07,0.22959697246551514,0.3353947699069977,-1.4583132195036375,0.0021652865055146187,1.586751151698526,1.5833228041967253,0.003428347501800655,0.5953455567359924
1838,2015-04-01 00:00:00,0.0021427925676107407,0.006319609470665455,1.6523292066964992,1.0,0.43521544337272644,3.5694301914190874e-07,0.22846467792987823,0.33631953597068787,-1.4353487042014286,0.0024346531939087868,1.5906143404579471,1.586751151698526,0.0038631887594211545,0.5955832600593567
1839,2015-04-06 00:00:00,0.001440030406229198,0.006412539165467024,1.4041381011624412,1.0,0.43477824330329895,3.561042660749081e-07,0.2292550951242447,0.3359663188457489,-0.3116692107974517,0.0003207914707172854,1.5911245959715667,1.5906143404579471,0.0005102555136196063,0.5953682661056519
1840,2015-04-07 00:00:00,0.0014457646757364273,0.0062118214555084705,-21.715663915895874,1.0,0.4328591525554657,3.5754578675550874e-07,0.23086433112621307,0.33627617359161377,0.8797560052175399,-0.0018976677421337351,1.5881051701520759,1.5911245959715667,-0.003019425819490884,0.59476637840271
1841,2015-04-08 00:00:00,-0.0017569644842296839,0.0062256790697574615,-5.428522529658216,1.0,0.43333420157432556,3.556457386366674e-07,0.2302745133638382,0.3363909423351288,0.5703160624692281,-0.0021804571992966038,1.5846423748005776,1.5881051701520759,-0.0034627953514982934,0.5949485301971436
1842,2015-04-09 00:00:00,-0.000999205862171948,0.005901587661355734,1138.3535160830827,1.0,0.4322624206542969,3.5502444006851874e-07,0.22771182656288147,0.3400254249572754,1.1196803156419648,0.0015464879651740926,1.5870930051623116,1.5846423748005776,0.0024506303617339853,0.5952484607696533
1843,2015-04-10 00:00:00,0.00023287796648219228,0.005885193590074778,2.63852343105296,1.0,0.43376320600509644,3.5716777802008437e-07,0.22712524235248566,0.33911120891571045,2.03075133158322,0.0011286961147967123,1.5888843508710593,1.5870930051623116,0.001791345708747727,0.5955945253372192
1844,2015-04-13 00:00:00,0.0005435892380774021,0.005844321101903915,-0.6145807148868879,1.0,0.4330540597438812,3.559882770787226e-07,0.22742177546024323,0.3395238220691681,2.9898240304766737,0.004364708184567467,1.5958193674016374,1.5888843508710593,0.006935016530578153,0.5954266786575317
1845,2015-04-16 00:00:00,0.003568646963685751,0.005701522342860699,0.9367415667644841,1.0,0.43272900581359863,3.558307639650593e-07,0.23047764599323273,0.33679303526878357,3.2197824823078087,-0.008724923420314057,1.5818959656284042,1.5958193674016374,-0.013923401773233257,0.594814121723175
1846,2015-04-17 00:00:00,-0.0066980100236833096,0.006060817278921604,-5.354897424127022,1.0,0.43359890580177307,3.560214736353373e-07,0.2275432050228119,0.338857501745224,1.0673323816886702,-0.00014100420844365136,1.5816729116399306,1.5818959656284042,-0.00022305398847355384,0.5954899787902832
1847,2015-04-20 00:00:00,-0.0005315775633789599,0.0059374794363975525,-1.944323348107199,1.0,0.4331710636615753,3.5559401112550404e-07,0.22869499027729034,0.3381336033344269,2.3469030280449497,-0.008405223566977593,1.5683785972077646,1.5816729116399306,-0.013294314432165999,0.5952082872390747
1848,2015-04-21 00:00:00,-0.004750394728034735,0.006027997937053442,5.041969018417678,1.0,0.43464964628219604,3.5699540035238897e-07,0.2286975383758545,0.3366524279117584,-1.1651534160548052,0.00022171878972132575,1.5687263362121624,1.5683785972077646,0.0003477390043977735,0.5954475402832031
1849,2015-04-22 00:00:00,-0.0017119222320616245,0.006027961149811745,6.019689851881897,1.0,0.435982882976532,3.587239518765273e-07,0.2275191694498062,0.33649763464927673,-1.1246419881955885,0.0036067064060349985,1.5743842715382945,1.5687263362121624,0.005657935326132124,0.5958831310272217
1850,2015-04-23 00:00:00,0.003098808228969574,0.006081430707126856,9.586477031573775,1.0,0.4341388940811157,3.560265895430348e-07,0.22898566722869873,0.3368751108646393,-0.37516956169356586,-0.003184173064589735,1.5693711595475486,1.5743842715382945,-0.005013111990745944,0.5953115224838257
1851,2015-04-24 00:00:00,-0.00553122628480196,0.006197761278599501,3.006591717437702,1.0,0.43351224064826965,3.5962702327196894e-07,0.2311260998249054,0.3353613615036011,-1.8991918629672775,0.0009092309627993789,1.5707980803979336,1.5693711595475486,0.0014269208503849828,0.5948271751403809
1852,2015-04-27 00:00:00,0.0006796366069465876,0.006210839841514826,2.781998503089022,1.0,0.4348011016845703,3.5636222150969843e-07,0.22766169905662537,0.33753684163093567,-1.6126770185370471,-0.006125311073220119,1.5611764535222792,1.5707980803979336,-0.009621626875654377,0.5956618189811707
1853,2015-04-28 00:00:00,-0.00682025495916605,0.0065309819765388966,1.8526098392336487,1.0,0.43057164549827576,3.5597028613665316e-07,0.22994306683540344,0.33948490023612976,-3.596895400910311,0.005102386212564536,1.5691421787341118,1.5611764535222792,0.007965725211832586,0.5945718884468079
1854,2015-04-29 00:00:00,0.0038677288684993982,0.006795360241085291,1.0416078154237811,1.0,0.435716837644577,3.5788252716884017e-07,0.22956128418445587,0.33472153544425964,-2.5271144030851995,0.0006876969715918779,1.5702212730584244,1.5691421787341118,0.001079094324312635,0.5954712629318237
1855,2015-04-30 00:00:00,0.0001304479083046317,0.0060808779671788216,2.883802586650117,1.0,0.431893914937973,3.555781518116419e-07,0.22606642544269562,0.3420392870903015,-1.1272392705273142,-0.004445253374576796,1.5632412416455292,1.5702212730584244,-0.00698003141289516,0.5955075621604919
1856,2015-05-04 00:00:00,-0.0033361862879246473,0.006204558536410332,1.5170040343154534,1.0,0.4374169707298279,3.6105868161939725e-07,0.2258731871843338,0.33670946955680847,-2.1658828095336773,0.008829658612439006,1.5770441281381444,1.5632412416455292,0.013802886492615185,0.5964273810386658
1857,2015-05-05 00:00:00,0.006769414991140366,0.006975647062063217,-0.2975485095554018,1.0,0.4348963499069214,3.5598961289906583e-07,0.22668269276618958,0.3384205996990204,-0.4260060844738863,-0.0018472354049299256,1.5741309563895107,1.5770441281381444,-0.0029131717486337028,0.5958593487739563
1858,2015-05-06 00:00:00,-0.0025357985869050026,0.006962744984775782,-1.5186772229576424,1.0,0.4320061504840851,3.5626587191472936e-07,0.23074115812778473,0.33725234866142273,-1.1833217042394137,-0.0063660387626153225,1.5641099777037024,1.5741309563895107,-0.010020978685808313,0.5946511030197144
1859,2015-05-07 00:00:00,-0.003839964745566249,0.007374242413789034,0.618911955648601,1.0,0.4358345568180084,3.5635440553960507e-07,0.2265731543302536,0.3375919461250305,-2.70382860239534,-0.0005877792542101634,1.563190626307505,1.5641099777037024,-0.0009193513961973654,0.5960330963134766
1860,2015-05-08 00:00:00,-0.0002922416024375707,0.00729522667825222,0.6498014319866098,1.0,0.4304812252521515,3.5658922570291907e-07,0.23016130924224854,0.3393571078777313,-2.884698778636046,0.003971689696682823,1.5693991344119618,1.563190626307505,0.0062085081044567225,0.5945178866386414
1861,2015-05-11 00:00:00,0.0031017058063298464,0.007524512708187103,-0.8511156034661587,1.0,0.43539613485336304,3.5529302522263606e-07,0.23071448504924774,0.33388903737068176,-1.777308883169212,0.008704680704682222,1.5830602527752227,1.5693991344119618,0.013661118363260893,0.5952149629592896
1862,2015-05-12 00:00:00,0.006838833447545767,0.007926156744360924,-1.8141222699333832,1.0,0.4360598027706146,3.5830905176226224e-07,0.22699129581451416,0.3369485139846802,0.14756858600661263,-0.005925154717915437,1.573680375849747,1.5830602527752227,-0.009379876925475594,0.5959928631782532
1863,2015-05-13 00:00:00,-0.0028792298398911953,0.008134489879012108,-1.134454229385253,1.0,0.43356674909591675,3.553527108124399e-07,0.2273026704788208,0.3391302227973938,-1.0145959114868173,-0.0014079607163578478,1.5714646957004474,1.573680375849747,-0.002215680149299626,0.5955299735069275
1864,2015-05-14 00:00:00,-0.00037043067277409136,0.008134652860462666,-2.2767270894756066,1.0,0.4355051815509796,3.57170591769318e-07,0.22996440529823303,0.3345300555229187,-1.4088982536701147,0.008104955688642557,1.5842013474253658,1.5714646957004474,0.012736651724918335,0.5953643918037415
1865,2015-05-15 00:00:00,0.00478301802650094,0.00823929812759161,-4.5769967270733085,1.0,0.4293367266654968,3.551444365257339e-07,0.23324036598205566,0.33742257952690125,-0.7822551641517412,-0.004087782231750103,1.5777254773058458,1.5842013474253658,-0.00647587011952,0.5937888026237488
1866,2015-05-18 00:00:00,-0.0034533676225692034,0.007926319725811481,-2.900762577262203,1.0,0.43494710326194763,3.5502063155945507e-07,0.22754748165607452,0.3375050723552704,-0.10117292037682923,0.00493058010087144,1.585504579148888,1.5777254773058458,0.007779101843042202,0.5957067012786865
1867,2015-05-19 00:00:00,0.0038729445077478886,0.008322477340698242,-3.2846184045724183,1.0,0.43290165066719055,3.5686096566678316e-07,0.22573533654212952,0.34136271476745605,0.6853822486961036,0.0036572808949129065,1.5913032147550061,1.585504579148888,0.005798635606118152,0.595725417137146
1868,2015-05-20 00:00:00,0.0015441139694303274,0.007869496941566467,6.512671817125081,1.0,0.43179482221603394,3.561965513654286e-07,0.22973279654979706,0.33847203850746155,2.680785234104935,-0.003628318993218471,1.5855294590769409,1.5913032147550061,-0.005773755678065262,0.5948001742362976
1869,2015-05-21 00:00:00,-0.00378717971034348,0.007895917631685734,6.430364372246264,1.0,0.43520066142082214,3.5818362675854587e-07,0.2271939069032669,0.3376050889492035,2.0142502035274843,-0.002012822703879369,1.5823380693840412,1.5855294590769409,-0.003191389692899671,0.5958136320114136
1870,2015-05-22 00:00:00,-0.0033337599597871304,0.007861894555389881,4.492771187608107,1.0,0.42994630336761475,3.5331433423380076e-07,0.22722092270851135,0.34283247590065,1.13418242524595,0.0012666769226477026,1.584342380500357,1.5823380693840412,0.0020043111163157157,0.594993531703949
1871,2015-05-25 00:00:00,-0.0004117703065276146,0.007746012415736914,-16.03192066076935,1.0,0.4315304160118103,3.5393659914007003e-07,0.22846217453479767,0.34000706672668457,1.865282813126548,-0.005173058466308222,1.5761464847353786,1.584342380500357,-0.008195895764978367,0.5949943661689758
1872,2015-05-26 00:00:00,-0.0030180918984115124,0.007861980237066746,11.365377051513116,1.0,0.43413105607032776,3.584319472338393e-07,0.2275310903787613,0.3383375108242035,0.8492924092548524,-0.004616345104869524,1.568870448626013,1.5761464847353786,-0.007276036109365558,0.5955774188041687
1873,2015-05-27 00:00:00,-0.0038212952204048634,0.007526194676756859,336.37186178954437,1.0,0.4333864152431488,3.5751776295001036e-07,0.22570589184761047,0.34090739488601685,1.1170317041440176,-0.00018959574732957396,1.5685729974608424,1.568870448626013,-0.00029745116517054804,0.5958060026168823
1874,2015-05-28 00:00:00,-0.0002611343516036868,0.00734508503228426,10.089888523346541,1.0,0.43467143177986145,3.5816839272229117e-07,0.22716733813285828,0.338160902261734,0.2562017815388868,0.0050197045188769,1.576446770424385,1.5685729974608424,0.007873772963542525,0.5957323312759399
1875,2015-05-29 00:00:00,0.005617782939225435,0.007451558485627174,-6.381163479935089,1.0,0.4332064092159271,3.56590277306168e-07,0.2299432009458542,0.33685001730918884,0.953786059228828,0.008778086374828131,1.590284956340489,1.576446770424385,0.013838185916104084,0.5949870347976685
1876,2015-06-01 00:00:00,0.008829200640320778,0.007920641452074051,2.2007008696630064,1.0,0.4336644411087036,3.5418975130596664e-07,0.2282647043466568,0.33807051181793213,2.9585355352026386,-0.0029716854145455107,1.585559129730761,1.590284956340489,-0.00472582660972809,0.5953665375709534
1877,2015-06-02 00:00:00,-0.0027990262024104595,0.0072407168336212635,7.99631286523064,1.0,0.4307781457901001,3.56235801746152e-07,0.22936394810676575,0.3398575782775879,1.1889585750851457,-0.006979423897729098,1.5744928404494556,1.585559129730761,-0.011066289281305375,0.594710648059845
1878,2015-06-03 00:00:00,-0.0076760184019804,0.0078009022399783134,-10.948665882479306,1.0,0.4326903820037842,3.5674850096256705e-07,0.22754260897636414,0.3397666811943054,0.34840762395096025,-0.0069523826682103,1.5635463637142937,1.5744928404494556,-0.010946476735161914,0.595346987247467
1879,2015-06-04 00:00:00,-0.007599940989166498,0.007877964526414871,2.836766520608153,1.0,0.4312325119972229,3.58612993522911e-07,0.22681380808353424,0.3419533669948578,0.2754089594653383,0.00028756485041370183,1.56399598469049,1.5635463637142937,0.0004496209761963854,0.5952630043029785
1880,2015-06-05 00:00:00,0.0009856115793809295,0.007947816513478756,8.609206300501556,1.0,0.4308677017688751,3.5947857668361394e-07,0.22830188274383545,0.3408300578594208,0.4102484574208174,0.001732855216864504,1.566706163291716,1.56399598469049,0.002710178601226021,0.5949234366416931
1881,2015-06-08 00:00:00,0.0008930775802582502,0.007768041919916868,10.71456065101954,1.0,0.4325202405452728,3.556389458481135e-07,0.22786888480186462,0.33961057662963867,0.05914040587957883,-0.0011049391984253587,1.5649750482394804,1.566706163291716,-0.0017311150522356655,0.5952590703964233
1882,2015-06-09 00:00:00,-0.001400410896167159,0.007349306717514992,4.143352946197535,1.0,0.43353062868118286,3.5815651244774926e-07,0.22881558537483215,0.3376534581184387,-1.6565274663624463,-0.00450229602225527,1.5579290673048631,1.5649750482394804,-0.00704598093461728,0.5952438116073608
1883,2015-06-10 00:00:00,-0.004296939354389906,0.007223780266940594,2.9085651630128684,1.0,0.43518930673599243,3.5740259818339837e-07,0.22748176753520966,0.33732861280441284,-1.4353320364132076,0.0014351623263271218,1.560164948409349,1.5579290673048631,0.002235881104485804,0.5957585573196411
1884,2015-06-11 00:00:00,0.0006679852958768606,0.0072855958715081215,0.8593727374923192,1.0,0.4336193799972534,3.561603705293237e-07,0.2301805317401886,0.3361997902393341,-0.9437401703908646,-0.005619739221797704,1.5513972282562989,1.560164948409349,-0.008767720153050051,0.5950118899345398
1885,2015-06-12 00:00:00,-0.004589674528688192,0.0073766144923865795,1.452046699797423,1.0,0.43332788348197937,3.5555206068238476e-07,0.22972944378852844,0.33694228529930115,-3.5781013558514068,0.0020222349453864474,1.5545345179454544,1.5513972282562989,0.003137289689155498,0.5950452089309692
1886,2015-06-15 00:00:00,-1.7169630154967308e-05,0.007397014182060957,1.8709727808699137,1.0,0.43568727374076843,3.5810762710752897e-07,0.22580894827842712,0.3385034501552582,-2.4414681483506526,0.0003736302378509748,1.555115339047142,1.5545345179454544,0.0005808211016875564,0.5961523652076721
1887,2015-06-16 00:00:00,0.001727343420498073,0.0069894324988126755,1.144489683191438,1.0,0.4335106313228607,3.5822532140628027e-07,0.2279967963695526,0.3384922444820404,-3.460816411990968,0.004539349324017117,1.5621745508102143,1.555115339047142,0.007059211763072337,0.5953914523124695
1888,2015-06-17 00:00:00,0.0026928181760013103,0.006991283502429724,-0.08913678956203112,1.0,0.43404221534729004,3.5946206367043487e-07,0.22884470224380493,0.3371127247810364,-3.2399400409824506,0.00017167742500800998,1.5624427409145105,1.5621745508102143,0.0002681901042962398,0.5953213572502136
1889,2015-06-18 00:00:00,0.00026535638608038425,0.006947018206119537,-0.017935517889527536,1.0,0.43212372064590454,3.569299735772802e-07,0.2294439822435379,0.3384320139884949,-2.53891639935574,0.0050069578448384,1.5702658258532431,1.5624427409145105,0.007823084938732627,0.5949047803878784
1890,2015-06-19 00:00:00,0.0022490944247692823,0.007055776659399271,-2.3129454770356577,1.0,0.43195098638534546,3.5360719152777165e-07,0.23026540875434875,0.3377832770347595,-1.1194453946245257,0.003200377896649842,1.5752912698941686,1.5702658258532431,0.00502544404092542,0.5947279930114746
1891,2015-06-22 00:00:00,0.002425338141620159,0.007119409274309874,-4.102590740269125,1.0,0.43642115592956543,3.546261666542705e-07,0.2268347591161728,0.3367437720298767,-0.7456604331569066,0.004084529383223234,1.5817255933731864,1.5752912698941686,0.006434323479017845,0.5960820317268372
1892,2015-06-23 00:00:00,0.0032056435011327267,0.0072268215008080006,-14.938194723054098,1.0,0.43557581305503845,3.542571391790261e-07,0.22628359496593475,0.33814024925231934,0.9666916365182965,0.0009994074807173625,1.5833063817636457,1.5817255933731864,0.0015807883904592757,0.5960447788238525
1893,2015-06-24 00:00:00,0.0006480162846855819,0.007170341908931732,22.44440386970265,1.0,0.43615928292274475,3.573943274659541e-07,0.22701896727085114,0.33682140707969666,2.0767129846077244,-0.0011596438176544321,1.5814703103065806,1.5833063817636457,-0.0018360714570651027,0.5960043668746948
1894,2015-06-25 00:00:00,0.0010938935447484255,0.007193127181380987,13.170965401026443,1.0,0.43377918004989624,3.580499878808041e-07,0.22796079516410828,0.3382596969604492,1.8774934735387787,0.003680490240134615,1.5872908963487267,1.5814703103065806,0.005820586042146081,0.5954411029815674
1895,2015-06-26 00:00:00,0.002771753119304776,0.007109417114406824,532.8619402158164,1.0,0.43221724033355713,3.56337892526426e-07,0.22884902358055115,0.33893340826034546,1.6271776550557704,-0.003395238825456892,1.5819016646701491,1.5872908963487267,-0.005389231678577522,0.5950289368629456
1896,2015-06-29 00:00:00,-0.0034990007989108562,0.006433755159378052,-1.377828606644907,1.0,0.43101924657821655,3.547203846210323e-07,0.2290058583021164,0.3399745523929596,-0.8724430561662819,-0.0030915181511170786,1.577011186960539,1.5819016646701491,-0.004890477709610153,0.5948142409324646
1897,2015-06-30 00:00:00,-0.003493225434795022,0.006508370861411095,0.7658013148617194,1.0,0.4317328631877899,3.561138157692767e-07,0.23107077181339264,0.33719602227211,-0.8801277330614423,0.00589691701148598,1.5863106910562303,1.577011186960539,0.009299504095691358,0.5945486426353455
1898,2015-07-01 00:00:00,0.005622526630759239,0.006233638618141413,28.339073886351905,1.0,0.4332595765590668,3.5394458564041997e-07,0.23071624338626862,0.33602383732795715,1.9643214027518232,0.004824325375559102,1.5939635699766137,1.5863106910562303,0.007652878920383355,0.5948578715324402
1899,2015-07-02 00:00:00,0.005940956063568592,0.00575641356408596,2.1141317191430757,1.0,0.43404319882392883,3.5681139820553653e-07,0.22933329641819,0.3366231620311737,4.981767137100139,0.0005800644429569957,1.5948881715669259,1.5939635699766137,0.0009246015903121574,0.5952330827713013
1900,2015-07-03 00:00:00,0.000517008185852319,0.005687527358531952,1.5161031216568206,1.0,0.4334423243999481,3.5348864457773743e-07,0.22718866169452667,0.33936870098114014,5.045361174070719,0.0030796428553598876,1.59979985752959,1.5948881715669259,0.004911685962664114,0.595531702041626
1901,2015-07-06 00:00:00,0.0035016676411032677,0.005783569999039173,3.0159792535112433,1.0,0.43183305859565735,3.557590559921664e-07,0.22854217886924744,0.33962446451187134,5.328522257633696,-0.0017062072895869251,1.5970702673507928,1.59979985752959,-0.0027295901787971477,0.5950261354446411
1902,2015-07-07 00:00:00,9.558425517752767e-05,0.005751246120780706,3.5775196632061133,1.0,0.4308258295059204,3.5489742344907427e-07,0.22854159772396088,0.34063220024108887,5.152203031688724,0.0033223350908144766,1.6023762699425088,1.5970702673507928,0.005306002591715986,0.5948718190193176
1903,2015-07-08 00:00:00,0.004108952358365059,0.005638950504362583,2.1845585094537188,1.0,0.4328453242778778,3.5610142390396504e-07,0.22631236910820007,0.34084197878837585,7.517917695151127,-0.0029781447846022324,1.597604161411209,1.6023762699425088,-0.0047721085312997236,0.5956052541732788
1904,2015-07-09 00:00:00,-0.006183224264532328,0.006088745314627886,0.4275839946198775,1.0,0.4288153350353241,3.5486439742271614e-07,0.22575370967388153,0.3454305827617645,6.082635027591829,-0.004135525802787199,1.5909972281790528,1.597604161411209,-0.006606933232156331,0.5951215028762817
1905,2015-07-10 00:00:00,-0.0019139773212373257,0.005721510387957096,-0.07187595342249432,1.0,0.43264585733413696,3.5722075608646264e-07,0.227616548538208,0.339737206697464,6.804027756002513,0.0029515657600394096,1.5956931611220637,1.5909972281790528,0.004695932943010961,0.5953260660171509
1906,2015-07-13 00:00:00,0.004082930739969015,0.005707047879695892,0.02943056185970103,1.0,0.4313175678253174,3.5520560004442814e-07,0.22760605812072754,0.3410760760307312,7.002876246342899,-0.0033014963870908742,1.5904249859157136,1.5956931611220637,-0.005268175206350145,0.5951237082481384
1907,2015-07-14 00:00:00,-0.0036314690951257944,0.005770143121480942,-0.6900765492350147,1.0,0.4324582517147064,3.551984377736517e-07,0.2270430475473404,0.3404983580112457,5.790503753271695,-0.004202870882661247,1.5837406350513514,1.5904249859157136,-0.006684350864362143,0.5954055786132812
1908,2015-07-15 00:00:00,-0.004357008263468742,0.005862685386091471,-3.569320840925368,1.0,0.43500223755836487,3.560590471352043e-07,0.22414545714855194,0.34085196256637573,3.574691395806355,-0.0010029547120422588,1.582152214918774,1.5837406350513514,-0.0015884201325775393,0.5963624715805054
1909,2015-07-16 00:00:00,-0.0009924276964738965,0.005903264507651329,-2.2346664382122725,1.0,0.433196097612381,3.581199052860029e-07,0.22749677300453186,0.3393068313598633,3.2682211791576177,0.004103043341068702,1.5886438540287535,1.582152214918774,0.00649163910997963,0.5954349637031555
1910,2015-07-17 00:00:00,0.0022229691967368126,0.00588954845443368,-0.8794215258447694,1.0,0.43608561158180237,3.55708380084252e-07,0.22604447603225708,0.3378695547580719,3.0892046438393947,0.004956342279505366,1.5965177167295526,1.5886438540287535,0.00787386270079904,0.5961732864379883
1911,2015-07-20 00:00:00,0.0029443083330988884,0.005976379849016666,-1.2024604943798807,1.0,0.43288248777389526,3.5541930287763535e-07,0.22665584087371826,0.3404613733291626,3.4421735839178345,0.003801618457761391,1.6025870679496148,1.5965177167295526,0.006069351220062247,0.5955451726913452
1912,2015-07-21 00:00:00,0.0032249907962977886,0.006035308353602886,0.9579632640978597,1.0,0.432769238948822,3.551564873305324e-07,0.2281387746334076,0.3390916585922241,3.361695437107338,-0.0001172138443185089,1.6023992225585253,1.6025870679496148,-0.00018784539108951392,0.5952475666999817
1913,2015-07-22 00:00:00,0.00037011969834566116,0.006074476987123489,2.5008868717778188,1.0,0.43175414204597473,3.578777807433653e-07,0.2264159917831421,0.3418295383453369,3.12773997419605,0.004023392826753458,1.6088463040961625,1.6023992225585253,0.006447081537637178,0.5954185724258423
1914,2015-07-23 00:00:00,0.005851659923791885,0.006357469130307436,3.4015238313166316,1.0,0.4328102767467499,3.562411450275249e-07,0.22616839408874512,0.34102094173431396,4.259979894437131,-0.005744437694263249,1.5996043867426364,1.6088463040961625,-0.009241917353526086,0.5956275463104248
1915,2015-07-24 00:00:00,-0.005742712877690792,0.006732150912284851,3.0670039860598166,1.0,0.43123742938041687,3.5479635585033975e-07,0.22532136738300323,0.34344086050987244,2.0122345415325125,-0.004702061454099793,1.592082948613925,1.5996043867426364,-0.007521438128711422,0.5955560803413391
1916,2015-07-27 00:00:00,-0.004906075075268745,0.006851505022495985,-0.6619262310407874,1.0,0.43184539675712585,3.5728328384720953e-07,0.22616228461265564,0.34199196100234985,1.6922581088775055,-0.008856408595896204,1.5779828115024408,1.592082948613925,-0.014100137111484168,0.5954816341400146
1917,2015-07-28 00:00:00,-0.005730373784899712,0.007322320248931646,-8.082896809688192,1.0,0.43324312567710876,3.5792888297692116e-07,0.22508259117603302,0.34167394042015076,0.4580898292031145,-0.0015668110670992164,1.5755104105696864,1.5779828115024408,-0.0024724009327543595,0.5959050059318542
1918,2015-07-29 00:00:00,-0.00032838480547070503,0.007050102110952139,46.97963268887861,1.0,0.4348231852054596,3.608910503771767e-07,0.22873766720294952,0.3364388346672058,-1.0637906869315945,0.0022551300438229394,1.579063391430918,1.5755104105696864,0.0035529808612315694,0.5954689383506775
1919,2015-07-30 00:00:00,0.002187898848205805,0.006772829219698906,12.416957070742976,1.0,0.4344881772994995,3.5565076927923656e-07,0.2293362319469452,0.33617526292800903,-1.6453962602291763,0.002804441752096043,1.5834917827350532,1.579063391430918,0.004428391304135193,0.5953057408332825
1920,2015-07-31 00:00:00,0.003053354797884822,0.006786644458770752,10.69320865799367,1.0,0.4316410720348358,3.576002427507774e-07,0.23216944932937622,0.3361891806125641,-1.1591394444720287,-0.001090171650289462,1.5817655048850492,1.5834917827350532,-0.00172627785000401,0.5943398475646973
1921,2015-08-03 00:00:00,7.03195109963417e-05,0.00666451919823885,0.5363505974206974,1.0,0.4366782009601593,3.5765233974416333e-07,0.2276724874973297,0.3356490135192871,-2.062110167639431,0.0024057105202983653,1.5855707748007961,1.5817655048850492,0.0038052699157469227,0.5959722399711609
1922,2015-08-04 00:00:00,0.0024515287950634956,0.00669053103774786,-9.245952693522646,1.0,0.43275344371795654,3.560271579772234e-07,0.22864140570163727,0.3386048376560211,-1.1696009783051697,-0.004071019860205638,1.5791158846868205,1.5855707748007961,-0.006454890113975598,0.5951517820358276
1923,2015-08-05 00:00:00,-0.0034880745224654675,0.0066490694880485535,-1.5813744539623362,1.0,0.43382003903388977,3.5812735177387367e-07,0.23045946657657623,0.33572015166282654,-2.702032598927182,0.0031048158356514755,1.584018748691925,1.5791158846868205,0.004902864005104535,0.5949952602386475
1924,2015-08-06 00:00:00,0.0031753198709338903,0.006322778295725584,-14.468185638891075,1.0,0.4327203929424286,3.57789275540199e-07,0.2264917939901352,0.34078750014305115,-1.4111458820569178,0.006293184505377747,1.593987270937421,1.584018748691925,0.009968522245495937,0.5955514907836914
1925,2015-08-07 00:00:00,0.002154139569029212,0.006700345780700445,6.678719169434644,1.0,0.43061572313308716,3.565901920410397e-07,0.2278803288936615,0.3415036201477051,0.683652280295631,-0.003817403974796685,1.5879023775935692,1.593987270937421,-0.0060848933438517605,0.5949655771255493
1926,2015-08-10 00:00:00,-0.0040998999029397964,0.0067060464061796665,-0.1386191676802847,1.0,0.4324706196784973,3.572389459804981e-07,0.22773128747940063,0.3397977352142334,-0.6388731083411614,-0.009996011264878812,1.572029687539616,1.5879023775935692,-0.015872690053953198,0.5952771306037903
1927,2015-08-11 00:00:00,-0.008062073960900307,0.007212462369352579,4.128144269974552,1.0,0.4320216476917267,3.575090090635058e-07,0.2275625467300415,0.34041544795036316,-1.7020197755283615,-0.0019846039928841375,1.5689098311447924,1.572029687539616,-0.0031198563948235947,0.595239520072937
1928,2015-08-12 00:00:00,-0.002312146360054612,0.007208564784377813,4.597986358496536,1.0,0.43306490778923035,3.5478223026075284e-07,0.22744856774806976,0.3394862115383148,-1.3399612239653669,-0.0010222504335785088,1.5673060123896592,1.5689098311447924,-0.0016038187551332683,0.5954233407974243
1929,2015-08-13 00:00:00,-0.003182600252330303,0.007254400756210089,6.112081333560547,1.0,0.4354926645755768,3.5797859254671494e-07,0.22732532024383545,0.3371816575527191,-1.3414668906204539,0.005147172894850005,1.5753732074145668,1.5673060123896592,0.008067195024907603,0.5958373546600342
1930,2015-08-14 00:00:00,0.003389533143490553,0.00739142345264554,6.355824241729944,1.0,0.4379241466522217,3.550893552528578e-07,0.22581516206264496,0.3362603485584259,-1.1371374713025701,0.0009094527146322751,1.5768059348546088,1.5753732074145668,0.0014327274400420809,0.596524178981781
1931,2015-08-17 00:00:00,-0.00011672032997012138,0.007331357337534428,3.416615112474012,1.0,0.43616384267807007,3.5776227491624013e-07,0.2290782630443573,0.33475759625434875,-1.9149302456654493,0.0023739438669374557,1.5805491836330074,1.5768059348546088,0.0037432487783986,0.595632791519165
1932,2015-08-18 00:00:00,0.0021572101395577192,0.007075502071529627,0.019751246627860267,1.0,0.43710198998451233,3.572690445707849e-07,0.230592280626297,0.332305371761322,-2.1803826536343784,-0.0010854760376338701,1.578833535367872,1.5805491836330074,-0.0017156482651354832,0.5955315232276917
1933,2015-08-19 00:00:00,-0.0011767932446673512,0.007052869535982609,-0.2922284509469662,1.0,0.4343363642692566,3.557161676326359e-07,0.2296524941921234,0.3360108435153961,-2.3720735628189002,0.0008652704396905353,1.5801996533552178,1.578833535367872,0.0013661179873458718,0.5952240228652954
1934,2015-08-20 00:00:00,-0.001514958217740059,0.0067348298616707325,-0.49738582777224205,1.0,0.4312938153743744,3.5421228972154495e-07,0.22982333600521088,0.33888253569602966,-3.0312779530826988,0.001990079385535637,1.5833443761103907,1.5801996533552178,0.0031447227551728574,0.59470534324646
1935,2015-08-21 00:00:00,-0.00018169160466641188,0.006502305157482624,0.20241528310371662,1.0,0.4321534037590027,3.5657697594615456e-07,0.22928796708583832,0.33855828642845154,-1.6394524064350036,-0.00769522114118637,1.5711601909935675,1.5833443761103907,-0.012184185116823176,0.5949380397796631
1936,2015-08-24 00:00:00,-0.005509150680154562,0.006717733573168516,1.4593569318024897,1.0,0.4343821704387665,3.5954215604760975e-07,0.22781918942928314,0.33779826760292053,-2.114982334344611,-0.014853200348825757,1.5478234338966408,1.5711601909935675,-0.02333675709692673,0.5955645442008972
1937,2015-08-25 00:00:00,-0.015412754379212856,0.008963042870163918,3.5587491828343483,1.0,0.4334346354007721,3.62211238780219e-07,0.22695936262607574,0.3396055996417999,-2.739896121349027,0.004043912556752405,1.554082696516611,1.5478234338966408,0.0062592626199702295,0.5955737829208374
1938,2015-08-26 00:00:00,0.0023689379449933767,0.00905673298984766,3.368140718042926,1.0,0.4331999719142914,3.5695080669029267e-07,0.2303362339735031,0.33646348118782043,-1.8109800037409864,-0.000172477697669704,1.5538146519111276,1.554082696516611,-0.000268044605483464,0.5949156880378723
1939,2015-08-27 00:00:00,-0.0004528948338702321,0.009038836695253849,2.8757011370433045,1.0,0.43234387040138245,3.561672770047153e-07,0.23226295411586761,0.3353928327560425,-2.201494219954404,0.006925874491942929,1.564576177174006,1.5538146519111276,0.010761525262878546,0.5944372415542603
1940,2015-08-28 00:00:00,0.006753072142601013,0.00937005877494812,2.1318933692774955,1.0,0.4385470747947693,3.577718814540276e-07,0.2272920310497284,0.33416056632995605,-1.4838986223950474,0.0014271895944901747,1.566809124013856,1.564576177174006,0.0022329468398498697,0.5963627099990845
1941,2015-08-31 00:00:00,-0.0006016627885401249,0.009455220773816109,1.2417314741976269,1.0,0.4337720274925232,3.5647815366246505e-07,0.22882048785686493,0.3374071419239044,-1.097720018938109,-0.00039589098172299053,1.5661888384115776,1.566809124013856,-0.0006202856022783365,0.5952819585800171
1942,2015-09-01 00:00:00,-6.87354477122426e-05,0.009441496804356575,-1.2220296906891395,1.0,0.43621647357940674,3.596113629100728e-07,0.232434943318367,0.3313482701778412,-1.5242440650314142,-0.003992971056633987,1.559935091710577,1.5661888384115776,-0.006253746701000651,0.5950651168823242
1943,2015-09-02 00:00:00,-0.00580698624253273,0.009702669456601143,0.024870644910325746,1.0,0.43371015787124634,3.5752577787206974e-07,0.22612760961055756,0.34016188979148865,-1.546929727834213,-0.0036702621653004197,1.5542097209631471,1.559935091710577,-0.005725370747429848,0.5957753658294678
1944,2015-09-03 00:00:00,-0.0029433604795485735,0.00968798715621233,0.30822929411512656,1.0,0.42923054099082947,3.55785971350997e-07,0.22994683682918549,0.3408223092556,-2.5746181278075,0.004526001304280491,1.5612440761873518,1.5542097209631471,0.0070343552242047025,0.5943688154220581
1945,2015-09-04 00:00:00,0.0040029725059866905,0.009657940827310085,0.661298637442116,1.0,0.4332326352596283,3.5766075257015473e-07,0.230333149433136,0.33643391728401184,-2.9008114144206067,-0.009676583314085385,1.5461365678105026,1.5612440761873518,-0.015107508376849266,0.5949215888977051
1946,2015-09-07 00:00:00,-0.008298501372337341,0.009976052679121494,1.4189808028886683,1.0,0.4305349588394165,3.6074590070711565e-07,0.22992359101772308,0.33954110741615295,-3.579800966524482,-0.004309499077153611,1.5394734936983698,1.5461365678105026,-0.006663074112132739,0.5945699214935303
1947,2015-09-08 00:00:00,-0.005020821467041969,0.009696832858026028,2.1300136327858277,1.0,0.4365379214286804,3.593141855162685e-07,0.22729091346263885,0.33617085218429565,-2.942823224561696,0.0035481469022948797,1.5449357718062007,1.5394734936983698,0.0054622781078308424,0.5960178971290588
1948,2015-09-09 00:00:00,0.0036261542700231075,0.009886723011732101,1.233825757854284,1.0,0.4333401918411255,3.5472783110890305e-07,0.2303730696439743,0.33628639578819275,-2.0434680657575277,0.00829214767558173,1.5577466073753066,1.5449357718062007,0.012810835569105894,0.594931960105896
1949,2015-09-10 00:00:00,0.009580370038747787,0.010429101064801216,-1.02194235622421,1.0,0.4353611469268799,3.5209504289923643e-07,0.2325734794139862,0.33206501603126526,-0.5810087391513451,-0.0015171737545495168,1.5553832351063581,1.5577466073753066,-0.0023633722689484493,0.5948923826217651
1950,2015-09-11 00:00:00,-0.003278108313679695,0.010277279652655125,0.6195073553116901,1.0,0.4362514317035675,3.5600413639258477e-07,0.22477120161056519,0.33897700905799866,-1.5796749762833504,-0.006433589926325034,1.545376537193403,1.5553832351063581,-0.010006697912955165,0.5964418053627014
1951,2015-09-14 00:00:00,-0.0018733764300122857,0.010362006723880768,-0.5131678261019115,1.0,0.4353600740432739,3.6136418657406466e-07,0.22907890379428864,0.33556067943573,-2.5707856351248544,0.006759164400367057,1.5558219912687632,1.545376537193403,0.010445454075360239,0.5954968929290771
1952,2015-09-15 00:00:00,0.005535829812288284,0.010627682320773602,-2.6816685092824564,1.0,0.43599167466163635,3.56149826075125e-07,0.2293972373008728,0.3346107006072998,-1.8717320022655288,-0.0031931690009097125,1.55085398871531,1.5558219912687632,-0.004968002553453088,0.5955469608306885
1953,2015-09-16 00:00:00,-0.002715717302635312,0.010698046535253525,-1.3294091809278328,1.0,0.4284564256668091,3.584452201721433e-07,0.23164628446102142,0.33989691734313965,-2.122593440183647,0.0020708009964740537,1.5540654987005276,1.55085398871531,0.0032115099852174644,0.5939400792121887
1954,2015-09-18 00:00:00,0.0004773307591676712,0.01067364402115345,0.37419679074447304,1.0,0.43345537781715393,3.533950234668737e-07,0.22623302042484283,0.3403112590312958,-1.9680936162448277,-0.001015914136981766,1.552486701590602,1.5540654987005276,-0.0015787971099254783,0.5957152843475342
1955,2015-09-21 00:00:00,-0.000934055307880044,0.010652937926352024,-0.09528069321674737,1.0,0.43049779534339905,3.561909238669614e-07,0.2313378006219864,0.3381640613079071,-2.378755746952121,0.0036270936949198695,1.5581177163173883,1.552486701590602,0.0056310147267861765,0.5943067073822021
1956,2015-09-22 00:00:00,0.0020057670772075653,0.010507671162486076,-1.338554118609652,1.0,0.43532508611679077,3.5570730005929363e-07,0.23155227303504944,0.33312228322029114,-0.8914253927194435,-0.013703389681645972,1.5367662220808147,1.5581177163173883,-0.021351494236573565,0.5950586795806885
1957,2015-09-23 00:00:00,-0.012795964255928993,0.009227286092936993,5.349900286994112,1.0,0.434204638004303,3.577832785595092e-07,0.2254319041967392,0.34036314487457275,-0.7475173106794852,0.011715135003959487,1.5547696458420162,1.5367662220808147,0.018003423761201454,0.5959868431091309
1958,2015-09-24 00:00:00,0.008616804145276546,0.009711862541735172,2.5098419553876283,1.0,0.4342274069786072,3.5455619240565284e-07,0.22905142605304718,0.3367207944393158,0.3192644915591697,0.004491443249329485,1.5617528054720957,1.5547696458420162,0.006983159630079561,0.5953141450881958
1959,2015-09-28 00:00:00,0.0026381949428468943,0.009792179800570011,1.7054536128039777,1.0,0.43286022543907166,3.5439197176856396e-07,0.22823341190814972,0.33890601992607117,0.9253453674953824,-0.0032768332549359958,1.556635201943135,1.5617528054720957,-0.005117603528960624,0.5952442288398743
1960,2015-09-29 00:00:00,1.7323996871709824e-05,0.009560019709169865,-0.24609721925110034,1.0,0.4356747269630432,3.606136829148454e-07,0.22781868278980255,0.3365062475204468,-0.42043678364688497,0.0006619515730850178,1.5576656190637808,1.556635201943135,0.0010304171206456658,0.5957770347595215
1961,2015-09-30 00:00:00,-0.0007366464706137776,0.00950962956994772,1.1342088009902438,1.0,0.4330868422985077,3.5473840398481116e-07,0.22529570758342743,0.3416171073913574,-0.5074489008814702,0.004200211542480403,1.5642081441762974,1.5576656190637808,0.006542525112516628,0.5958394408226013
1962,2015-10-01 00:00:00,0.004079744685441256,0.00964541919529438,-15.292708889676973,1.0,0.428191214799881,3.5604122672339145e-07,0.23446869850158691,0.33733975887298584,0.10414421378909205,-0.0009216107055626255,1.5627665532048962,1.5642081441762974,-0.0014415909714011743,0.5933982133865356
1963,2015-10-05 00:00:00,0.0003298590308986604,0.009324304759502411,10.939468235711145,1.0,0.43274885416030884,3.5667670772454585e-07,0.22784219682216644,0.33940860629081726,0.5190121676587904,0.008474639768100145,1.5760104367849432,1.5627665532048962,0.013243883580047022,0.5952997803688049
1964,2015-10-06 00:00:00,0.005778091959655285,0.009691636078059673,3.431983146042966,1.0,0.42959630489349365,3.5271136766823474e-07,0.2244281768798828,0.34597519040107727,2.106440309934238,0.0032259720330269914,1.58109460237777,1.5760104367849432,0.0050841655928268725,0.5954996347427368
1965,2015-10-07 00:00:00,0.003946811426430941,0.009515762329101562,4.881137086326632,1.0,0.4334622323513031,3.547893925315293e-07,0.2271565943956375,0.33938083052635193,1.8856402433679624,0.00218139089622027,1.58454358774946,1.58109460237777,0.0034489853716899166,0.5955408811569214
1966,2015-10-08 00:00:00,0.0009014577371999621,0.009038149379193783,2.980480876657069,1.0,0.4315046966075897,3.5597176406554354e-07,0.22750090062618256,0.34099408984184265,3.690314177125309,-0.003464918308213716,1.5790532736621044,1.58454358774946,-0.005490314087355674,0.5951721668243408
1967,2015-10-09 00:00:00,-0.0063132597133517265,0.009144578129053116,0.9833233673015085,1.0,0.4306800663471222,3.5735698133976257e-07,0.22378571331501007,0.3455338478088379,3.8628891008179207,0.0008442800057513189,1.5803864367690734,1.5790532736621044,0.0013331631069690708,0.5957843661308289
1968,2015-10-12 00:00:00,0.0020515182986855507,0.00898063462227583,1.4705531732182682,1.0,0.43170973658561707,3.5319877156325674e-07,0.22447843849658966,0.3438114821910858,3.464898444477359,-0.003821095977525002,1.5743476285126001,1.5803864367690734,-0.006038808256473294,0.5957937836647034
1969,2015-10-13 00:00:00,-0.004357619676738977,0.008486646227538586,-4.470517979610427,1.0,0.43106505274772644,3.57288598706873e-07,0.2295263707637787,0.3394082486629486,1.7891923117511315,0.0015012628315778098,1.5767111380912688,1.5743476285126001,0.00236350957866871,0.5947246551513672
1970,2015-10-14 00:00:00,-0.000292161013931036,0.008495536632835865,-5.037672761833371,1.0,0.4331839382648468,3.557827312761219e-07,0.22467122972011566,0.3421444892883301,2.2374196298261513,-0.000692795458116735,1.5756187997760371,1.5767111380912688,-0.0010923383152317,0.5959767699241638
1971,2015-10-15 00:00:00,0.0006250643637031317,0.008278614841401577,-3.74166681712349,1.0,0.43306031823158264,3.580803422664758e-07,0.2257447987794876,0.3411945104598999,3.1828799897291224,-0.003394558606195086,1.5702702694191746,1.5756187997760371,-0.0053485303568625575,0.5957480072975159
1972,2015-10-16 00:00:00,-0.002456802874803543,0.008112777024507523,-20.46321183729284,1.0,0.43217596411705017,3.5435567724562134e-07,0.22933878004550934,0.33848488330841064,1.6628815591914807,0.002852408635091619,1.5747493218950934,1.5702702694191746,0.004479052475918843,0.5949322581291199
1973,2015-10-19 00:00:00,0.003984455950558186,0.00815159548074007,-1.3201298898384057,1.0,0.43144553899765015,3.5666528219735483e-07,0.22859486937522888,0.3399592339992523,2.639551075474699,0.0024570554626535124,1.5786185683187657,1.5747493218950934,0.003869246423672257,0.5949563980102539
1974,2015-10-20 00:00:00,0.003997860476374626,0.008196331560611725,2.113684548335896,1.0,0.4306243062019348,3.558390915259224e-07,0.22777430713176727,0.34160101413726807,2.7089254203256186,-0.0012076418579811676,1.5767121624578777,1.5786185683187657,-0.001906405860887972,0.594987154006958
1975,2015-10-21 00:00:00,-0.0019451577682048082,0.008149799890816212,1.6695557294964902,1.0,0.43308284878730774,3.567310784546862e-07,0.22619836032390594,0.34071847796440125,2.6551354095035813,-0.002848205729440001,1.5722213618430874,1.5767121624578777,-0.004490800614790347,0.5956639647483826
1976,2015-10-23 00:00:00,-0.0006391050410456955,0.008101488463580608,1.583302898156087,1.0,0.4308798909187317,3.57607746082067e-07,0.22645650804042816,0.3426632285118103,1.6738205372893362,0.004079036610360909,1.578634510337637,1.5722213618430874,0.006413148494549548,0.59527987241745
1977,2015-10-26 00:00:00,0.0020240540616214275,0.006961722858250141,1.3342701172843863,1.0,0.42966827750205994,3.5805069842353987e-07,0.22771982848644257,0.3426115810871124,5.673277028855149,0.0019769608713882114,1.5817554089947976,1.578634510337637,0.003120898657160698,0.5948561429977417
1978,2015-10-27 00:00:00,0.004380823578685522,0.006322196219116449,1.7360201041140675,0.0,0.4317241609096527,3.542805586675968e-07,0.2266162633895874,0.34165918827056885,4.546264171678349,-0.004544736358705337,1.57456674767696,1.5817554089947976,-0.007188661317837575,0.5953752398490906
1979,2015-10-28 00:00:00,-0.0042775520123541355,0.006333815865218639,-0.16467765231784726,0.0,0.4297509491443634,3.5734791481445427e-07,0.22606202960014343,0.3441866338253021,2.306404817545261,0.0008948879070203031,1.5759758084182525,1.57456674767696,0.0014090607412924339,0.5951927304267883
1980,2015-10-29 00:00:00,0.001981450244784355,0.006244835443794727,1.0624350410625159,1.0,0.43249276280403137,3.574567699615727e-07,0.22521159052848816,0.3422953188419342,3.365482678480594,-0.00572644849017534,1.566951064129583,1.5759758084182525,-0.009024744288669506,0.5957652926445007
1981,2015-10-30 00:00:00,-0.0030903005972504616,0.006414115894585848,0.3804027233907254,1.0,0.4322725534439087,3.580153702387179e-07,0.22742712497711182,0.34029996395111084,1.6423028361227754,-0.005144666997045966,1.5588896227039695,1.566951064129583,-0.008061441425613491,0.5953038930892944
1982,2015-11-02 00:00:00,-0.0032027859706431627,0.006438950076699257,-4.912154504568095,1.0,0.43353769183158875,3.5741913961828686e-07,0.22638177871704102,0.340080201625824,-0.47596375453698014,-0.00129730114327542,1.5568672734141955,1.5588896227039695,-0.0020223492897739614,0.5956997275352478
1983,2015-11-03 00:00:00,-0.0020874938927590847,0.006433897651731968,-42.30274833475409,1.0,0.4317761957645416,3.5819331856146164e-07,0.22703014314174652,0.341193288564682,-0.5404386862230803,0.0018541077348221968,1.5597538730679243,1.5568672734141955,0.0028865996537288385,0.595303475856781
1984,2015-11-04 00:00:00,0.0013197498628869653,0.005777252838015556,5.891201043059879,0.0,0.43542203307151794,3.563189920896548e-07,0.22897502779960632,0.33560261130332947,-2.4874153596180446,0.0027302954995136464,1.5640124620479108,1.5597538730679243,0.004258588979986433,0.595525860786438
1985,2015-11-05 00:00:00,-0.0010506537510082126,0.005871092434972525,3.841456619899827,1.0,0.4330919682979584,3.5622051086647843e-07,0.229569211602211,0.33733847737312317,-2.605228561939046,-0.0017559718324396956,1.56126610021897,1.5640124620479108,-0.0027463618289407243,0.5950360894203186
1986,2015-11-06 00:00:00,-0.001378423534333706,0.005872808396816254,2.386546306512005,0.0,0.4340030252933502,3.567438966456393e-07,0.2295413464307785,0.3364552855491638,-3.745191042552203,0.0019522564414029553,1.5643140920198666,1.56126610021897,0.0030479918008965434,0.5951890349388123
1987,2015-11-09 00:00:00,0.0018855136586353183,0.005602970719337463,2.075373919585007,0.0,0.4346114993095398,3.542629940511688e-07,0.22858543694019318,0.33680272102355957,-2.2824703892957743,-0.0027705166457776542,1.559980133788701,1.5643140920198666,-0.004333958231165669,0.5954616069793701
1988,2015-11-10 00:00:00,-0.0014944339636713266,0.0055528124794363976,0.47305123917846215,1.0,0.4333047866821289,3.578161624773202e-07,0.22802835702896118,0.33866646885871887,-3.216086882091073,-0.009001410333955406,1.5459381124916503,1.559980133788701,-0.014042021297050677,0.5953527688980103
1989,2015-11-13 00:00:00,-0.011667385697364807,0.00635672127828002,4.096329932960521,1.0,0.4341672956943512,3.586181662740273e-07,0.2239515334367752,0.34188082814216614,-3.9575554006530873,0.0004480413509184711,1.5466307566920074,1.5459381124916503,0.0006926442003571953,0.5962700843811035
1990,2015-11-16 00:00:00,-0.00213765655644238,0.0063201687298715115,3.885428014741071,1.0,0.43435561656951904,3.594445843191352e-07,0.22685618698596954,0.33878788352012634,-4.249455696789309,0.005798766027363289,1.5555993065807883,1.5466307566920074,0.008968549888780819,0.5957396626472473
1991,2015-11-17 00:00:00,0.0034707847516983747,0.006478680297732353,3.2119166866913353,1.0,0.43324312567710876,3.563650068372226e-07,0.23019608855247498,0.33656045794487,-2.4632096016464087,0.002678875258009139,1.5597665630745636,1.5555993065807883,0.004167256493775362,0.5949476957321167
1992,2015-11-18 00:00:00,0.003075926098972559,0.0064117093570530415,5.111007023637821,1.0,0.4355681836605072,3.5717562241188716e-07,0.2281358689069748,0.33629560470581055,-1.1637326094460547,-6.47514154576978e-05,1.559665565981821,1.5597665630745636,-0.00010099709274258295,0.5957015752792358
1993,2015-11-19 00:00:00,1.228210749104619e-05,0.006206914316862822,2.6781912073579317,1.0,0.43370330333709717,3.549476446096378e-07,0.2273205816745758,0.33897581696510315,-1.8224253880739942,0.0069046276330930745,1.570434475947083,1.559665565981821,0.010768909965261919,0.5955483317375183
1994,2015-11-20 00:00:00,0.00571459298953414,0.006514721550047398,-4.452627737165627,1.0,0.4356940686702728,3.5531536468624836e-07,0.22899630665779114,0.33530929684638977,-0.7675654325017468,0.0024121284501998908,1.5742225656256896,1.570434475947083,0.0037880896786066653,0.5955677032470703
1995,2015-11-23 00:00:00,0.0027101957239210606,0.006551731843501329,-13.467909142616847,1.0,0.43364793062210083,3.5723962810152443e-07,0.22817997634410858,0.33817175030708313,-0.02050452865959984,0.0005304189561883277,1.5750575631157568,1.5742225656256896,0.000834997490067213,0.5953794717788696
1996,2015-11-24 00:00:00,-0.0005828386638313532,0.0066342889331281185,-9.950186848019316,1.0,0.43475013971328735,3.570168587430089e-07,0.22631695866584778,0.33893251419067383,0.6569245292926233,-0.0013390105253536788,1.572948544460707,1.5750575631157568,-0.0021090186550498657,0.5959045886993408
1997,2015-11-26 00:00:00,0.00017932220362126827,0.006434389855712652,-5.150801893660239,1.0,0.43355593085289,3.550921690020914e-07,0.22721289098262787,0.33923083543777466,-0.44528218819955745,6.030294704140182e-05,1.5730433978934824,1.572948544460707,9.485343277537694e-05,0.5955451130867004
1998,2015-11-27 00:00:00,0.0015260183718055487,0.006277894601225853,-4.199616163025314,1.0,0.43239399790763855,3.575997027382982e-07,0.2303704470396042,0.3372351825237274,-0.8356118385153388,0.002813239403607115,1.5774687455640204,1.5730433978934824,0.004425347670538038,0.5947795510292053
1999,2015-11-30 00:00:00,0.0029747828375548124,0.006236841436475515,-14.78957379248762,1.0,0.43067818880081177,3.561501955573476e-07,0.229781836271286,0.33953967690467834,0.7264755643502867,0.0010178005138479218,1.5790742940638345,1.5774687455640204,0.0016055484998140912,0.594618022441864
2000,2015-12-01 00:00:00,-5.47806266695261e-05,0.006274927873164415,-4.170339196747268,1.0,0.4296659827232361,3.56539828771929e-07,0.22984176874160767,0.34049192070961,0.7456940787717974,-0.0015551342077088082,1.5766186216126221,1.5790742940638345,-0.002455672451212365,0.5944533348083496
2001,2015-12-02 00:00:00,0.0017229598015546799,0.006188295781612396,27.133112324768433,1.0,0.4332910478115082,3.562936967682617e-07,0.2293790876865387,0.33732953667640686,1.7112856462925754,-0.0026783987995830927,1.5723958081890945,1.5766186216126221,-0.004222813423527594,0.5951026082038879
2002,2015-12-03 00:00:00,-0.0009748600423336029,0.005933729000389576,6.5669359480505625,1.0,0.43278196454048157,3.565671988781105e-07,0.22803081572055817,0.3391868770122528,2.3593344878991314,-0.004672986710037241,1.5650480234745086,1.5723958081890945,-0.00734778471458597,0.5952697396278381
2003,2015-12-04 00:00:00,-0.005664774216711521,0.006156093440949917,19.315842865749776,1.0,0.433666855096817,3.569975888240151e-07,0.22704388201236725,0.3392889201641083,1.4847893218578794,-0.0016898668429971009,1.562403300711941,1.5650480234745086,-0.002644722762567664,0.5955945253372192
2004,2015-12-07 00:00:00,-0.0015658591873943806,0.0062673757784068584,7.9262091106035975,1.0,0.43292227387428284,3.5634178630061797e-07,0.22882962226867676,0.33824774622917175,0.6863586600030579,-0.005172008026172792,1.55432253830054,1.562403300711941,-0.008080762411400988,0.5951438546180725
2005,2015-12-08 00:00:00,-0.002691660076379776,0.006357921287417412,7.4283556883676285,1.0,0.4310265779495239,3.5913123497266497e-07,0.23234893381595612,0.3366241455078125,-1.0596288187092016,-0.002569593275534632,1.5503285615581108,1.55432253830054,-0.003993976742429073,0.5942102074623108
2006,2015-12-09 00:00:00,-0.0029238564893603325,0.006382802501320839,8.524216330748057,1.0,0.43283191323280334,3.572290268039069e-07,0.22903020679950714,0.33813756704330444,-1.2433805675671503,-0.0019393739617675765,1.5473218947136405,1.5503285615581108,-0.0030066668444703737,0.5950927138328552
2007,2015-12-10 00:00:00,-0.0005860903766006231,0.0064934492111206055,5.998456066168717,1.0,0.4322487413883209,3.572438060928107e-07,0.23013120889663696,0.33761972188949585,-2.1052536872806256,0.002266476009723295,1.5508288626673286,1.5473218947136405,0.0035069679536881004,0.5947994589805603
2008,2015-12-11 00:00:00,0.002935650059953332,0.006500797811895609,4.269286924527479,1.0,0.43472862243652344,3.559822800980328e-07,0.2296045869588852,0.3356664478778839,-0.9841979390654916,-0.0017716579525516307,1.5480813243797373,1.5508288626673286,-0.0027475382875912224,0.5952975749969482
2009,2015-12-14 00:00:00,-0.004961216822266579,0.00585143081843853,-15.101821159974715,1.0,0.4318453073501587,3.587660160064843e-07,0.22852833569049835,0.3396260142326355,0.6399263921470116,0.004470621007038433,1.5550022092691134,1.5480813243797373,0.006920884889376033,0.5950306057929993
2010,2015-12-15 00:00:00,0.003913091961294413,0.005939738359302282,-0.7885528073072791,1.0,0.43523240089416504,3.558599246389349e-07,0.22819042205810547,0.3365768492221832,1.642692029415752,-0.0011826853265668458,1.5531631309734317,1.5550022092691134,-0.0018390782956816398,0.5956358313560486
2011,2015-12-16 00:00:00,-0.0013678709510713816,0.005811313632875681,-0.07836263776780233,1.0,0.43482962250709534,3.563830262010015e-07,0.22701679170131683,0.338153213262558,-0.13957038224493223,0.0011608736326853553,1.5549661570994378,1.5531631309734317,0.0018030261260060243,0.5957860350608826
2012,2015-12-17 00:00:00,0.0016874064458534122,0.005711947102099657,4.4081805022228755,1.0,0.4337729513645172,3.569176669770968e-07,0.22729450464248657,0.33893218636512756,-0.5744202098944922,0.0018118584445361297,1.5577835356621463,1.5549661570994378,0.0028173785627085834,0.5955642461776733
2013,2015-12-18 00:00:00,0.003594432258978486,0.005794311407953501,2.0525850000176367,1.0,0.43456146121025085,3.58061470251414e-07,0.22695788741111755,0.33848026394844055,-0.052803822399792116,-0.006394680320785273,1.5478220079426044,1.5577835356621463,-0.009961527719541952,0.5957536697387695
2014,2015-12-21 00:00:00,-0.005069392267614603,0.005686740390956402,-2.1216332662710378,1.0,0.4337786138057709,3.581312171263562e-07,0.2283461093902588,0.3378749191761017,-3.8674488012000605,0.007253584595171114,1.5590492658154838,1.5478220079426044,0.01122725787287937,0.5953698754310608
2015,2015-12-22 00:00:00,0.008362599648535252,0.006092077121138573,63.60268304181091,1.0,0.4365709722042084,3.5535762776817137e-07,0.22704534232616425,0.3363834023475647,-2.0983842141255415,-0.0031464828651632804,1.55414374401465,1.5590492658154838,-0.004905521800833812,0.5960684418678284
2016,2015-12-23 00:00:00,-0.0024240014608949423,0.006026894319802523,-17.727638018877176,1.0,0.43220946192741394,3.5684084309650643e-07,0.23022907972335815,0.33756113052368164,-2.976723938971528,0.0026310319154265738,1.558232745806313,1.55414374401465,0.0040890017916630494,0.5947755575180054
2017,2015-12-24 00:00:00,0.0032928769942373037,0.006114578805863857,17.979296143295684,1.0,0.43887391686439514,3.5625362215796486e-07,0.22848084568977356,0.33264490962028503,-1.897788512271809,-0.007243675098698943,1.5469454140675385,1.558232745806313,-0.011287331738774498,0.5962100625038147
2018,2015-12-28 00:00:00,-0.003916926681995392,0.006386550609022379,-0.2638005401897665,1.0,0.43410250544548035,3.553257954536093e-07,0.22933867573738098,0.33655843138694763,-3.362517336390248,0.00565814935671094,1.5556982622670117,1.5469454140675385,0.008752848199473195,0.5952417850494385
2019,2015-12-29 00:00:00,0.004349548369646072,0.006515463348478079,-16.50201363585837,1.0,0.43550312519073486,3.581560008569795e-07,0.23307621479034424,0.33142033219337463,-2.549844140216584,-0.0029126929856807537,1.551166990850671,1.5556982622670117,-0.0045312714163407986,0.5948335528373718
2020,2015-12-30 00:00:00,-0.0007550290320068598,0.006522268522530794,-0.7183804345657033,1.0,0.4347669184207916,3.558913590495649e-07,0.22897553443908691,0.3362571895122528,-3.4177261680021194,0.0015070575480160553,1.5535046887724657,1.551166990850671,0.0023376979217948346,0.5954166650772095
2021,2015-12-31 00:00:00,2.4823122657835484e-05,0.006435479503124952,-2.5271879528967967,1.0,0.43341314792633057,3.574294566988101e-07,0.23076491057872772,0.33582159876823425,-2.753731348403724,0.002629608529520322,1.5575897979527116,1.5535046887724657,0.0040851091802458495,0.5948743224143982
2022,2016-01-04 00:00:00,0.001366533455438912,0.006491403095424175,-1.7819405044263816,1.0,0.4354284405708313,3.553639089659555e-07,0.2286665290594101,0.33590468764305115,-1.6400167545847881,-0.003624466251207825,1.5519443662968064,1.5575897979527116,-0.005645431655905142,0.5955823063850403
2023,2016-01-05 00:00:00,-0.005514760036021471,0.006422283127903938,0.9404462606443413,1.0,0.4320678114891052,3.5677177834259055e-07,0.2309543341398239,0.336977481842041,-1.4692003600116859,-0.0018906493980311856,1.5490101836148895,1.5519443662968064,-0.0029341826819169192,0.5946228504180908
2024,2016-01-06 00:00:00,-0.0013797781430184841,0.006379008758813143,12.1317126010764,1.0,0.43569523096084595,3.5604975323622057e-07,0.22872455418109894,0.33557984232902527,-1.500840579786692,-0.008192776379033595,1.536319489571687,1.5490101836148895,-0.012690694043202555,0.5956165790557861
2025,2016-01-07 00:00:00,-0.006455020979046822,0.006933645810931921,8.209130753766056,1.0,0.43114280700683594,3.58307516989953e-07,0.2303186058998108,0.33853819966316223,-2.0270842488520815,-0.005012594118495861,1.5286185435341293,1.536319489571687,-0.0077009460375576655,0.5945913195610046
2026,2016-01-08 00:00:00,-0.003404442686587572,0.007273741532117128,9.75840917218011,1.0,0.43649888038635254,3.5846414903062396e-07,0.22961361706256866,0.3338871896266937,-2.3732047095255813,0.0054361406539127355,1.53692832894296,1.5286185435341293,0.008309785408830761,0.5955957770347595
2027,2016-01-11 00:00:00,0.005806333851069212,0.007484819740056992,-514.8475884650665,1.0,0.43445831537246704,3.5648761809170537e-07,0.22835053503513336,0.33719080686569214,-0.9438863312767658,0.001531776698060483,1.539282559943824,1.53692832894296,0.00235423100086396,0.5954793095588684
2028,2016-01-12 00:00:00,0.0005001825629733503,0.007479543797671795,8.394656288243015,1.0,0.43470796942710876,3.572839943899453e-07,0.22977428138256073,0.33551740646362305,-1.075536868548249,-0.0018571877213924282,1.5364238232737428,1.539282559943824,-0.0028587366700811856,0.5952639579772949
2029,2016-01-13 00:00:00,-0.0037831265944987535,0.007340734824538231,25.030956110643846,1.0,0.43684789538383484,3.5596318070929556e-07,0.22694136202335358,0.3362103998661041,-1.0817526776465645,0.0012549783702180406,1.538352001939439,1.5364238232737428,0.0019281786656961675,0.5961341261863708
2030,2016-01-14 00:00:00,0.0026579787954688072,0.007245202083140612,-2.9280753263339308,1.0,0.43301162123680115,3.5866605685441755e-07,0.23253510892391205,0.33445292711257935,-1.7160187593514882,0.0036558778975444017,1.5439760290219726,1.538352001939439,0.0056240270825336225,0.5945001244544983
2031,2016-01-15 00:00:00,0.003926798701286316,0.0072772386483848095,12.706532257354475,1.0,0.4350186586380005,3.530159915499098e-07,0.23022599518299103,0.3347550332546234,-0.7829855272888643,-0.0060267528368886936,1.5346708671089764,1.5439760290219726,-0.00930516191299624,0.5952362418174744
2032,2016-01-18 00:00:00,-0.004087498877197504,0.007611888460814953,1.0808193497499547,1.0,0.43389517068862915,3.599687374844507e-07,0.22680437564849854,0.33930015563964844,-2.0500170247440903,-0.006014302961817153,1.5254408915675084,1.5346708671089764,-0.009229975541467983,0.5956759452819824
2033,2016-01-19 00:00:00,-0.003031317610293627,0.007612522691488266,1.8113820500330757,1.0,0.4346518814563751,3.585556953566993e-07,0.22694657742977142,0.338401198387146,-3.324980209107626,0.005473543038355899,1.533790457939971,1.5254408915675084,0.008349566372462647,0.5957704186439514
2034,2016-01-20 00:00:00,0.0043991501443088055,0.007572030182927847,-238.31045185011035,1.0,0.4343291223049164,3.611311569784448e-07,0.2281910479068756,0.33747950196266174,-1.2776835673373048,-0.0024722734823878767,1.5299985084632666,1.533790457939971,-0.0037919494767044704,0.5954874753952026
2035,2016-01-21 00:00:00,-0.0034006743226200342,0.007278333883732557,0.7418040182928419,1.0,0.4340139925479889,3.5705204481928376e-07,0.229742631316185,0.33624306321144104,-3.172632184102332,0.005324166845079414,1.5381444757950478,1.5299985084632666,0.00814596733178119,0.5951547622680664
2036,2016-01-22 00:00:00,0.00236575398594141,0.007534999866038561,2.1337742748563833,1.0,0.4362773597240448,3.54191229234857e-07,0.22794915735721588,0.33577314019203186,-1.5329909053340294,0.006098009930983972,1.5475240960837342,1.5381444757950478,0.009379620288686441,0.5958542823791504
2037,2016-01-25 00:00:00,0.005568718072026968,0.007917963899672031,-4.956693447304683,1.0,0.4329753816127777,3.5248859830971924e-07,0.23129135370254517,0.33573296666145325,-0.883372349652088,0.0007532533488319171,1.5486897737915073,1.5475240960837342,0.001165677707773094,0.5947099924087524
2038,2016-01-27 00:00:00,0.0005495052901096642,0.007685286924242973,-128.08849516915276,1.0,0.4363511800765991,3.543074171830085e-07,0.2295854687690735,0.33406302332878113,0.5182809691998191,0.002516710749494111,1.55258737799284,1.5486897737915073,0.0038976042013327827,0.5955753326416016
2039,2016-01-28 00:00:00,0.002304816385731101,0.007552254479378462,-12.624659804712598,1.0,0.4356522262096405,3.581901921734243e-07,0.22605355083942413,0.3382938504219055,-0.0839746365444595,-0.004607520097386297,1.5454338004457897,1.55258737799284,-0.0071535775470503715,0.5961005091667175
2040,2016-01-29 00:00:00,-0.003645582590252161,0.0076592606492340565,-5.461788855906642,1.0,0.43381622433662415,3.569764430721989e-07,0.22725644707679749,0.3389270305633545,-0.3814441469773316,0.003873404284281623,1.55141989034951,1.5454338004457897,0.005986089903720293,0.5955783128738403
2041,2016-02-01 00:00:00,0.004026873968541622,0.0077809905633330345,-28.64697717383338,1.0,0.4350983202457428,3.558667458491982e-07,0.22820541262626648,0.33669593930244446,0.06279137101691537,-0.0013550462183778977,1.5493176446939756,1.55141989034951,-0.002102245655534407,0.5956109762191772
2042,2016-02-02 00:00:00,-0.0021937976125627756,0.007734164595603943,-0.870049027033285,1.0,0.4314393103122711,3.5621837923827115e-07,0.22938206791877747,0.33917829394340515,-0.6849771964575914,-0.0052054356384897416,1.5412527714109445,1.5493176446939756,-0.008064873283031071,0.5948091149330139
2043,2016-02-03 00:00:00,-0.003143409499898553,0.00781840831041336,4.384997490360622,1.0,0.4349709749221802,3.573338460682862e-07,0.22867968678474426,0.3363490104675293,-0.9288800507349879,-0.003656318763381794,1.5356174599837205,1.5412527714109445,-0.005635311427224066,0.5955038070678711
2044,2016-02-04 00:00:00,-0.0029198406264185905,0.007807131391018629,7.958525388436681,1.0,0.43145668506622314,3.560283801107289e-07,0.23302608728408813,0.3355168402194977,-1.2308561293812705,0.0011551474032314157,1.5373913245049775,1.5356174599837205,0.0017738645212570514,0.5941612720489502
2045,2016-02-05 00:00:00,0.0011104674777016044,0.007058029994368553,-3.45952826218886,1.0,0.43182462453842163,3.5616088212009345e-07,0.23269805312156677,0.33547696471214294,0.46323786157614677,0.007740053850339157,1.5492908161456902,1.5373913245049775,0.01189949164071269,0.5942774415016174
2046,2016-02-08 00:00:00,0.005452292505651712,0.0070210229605436325,-0.5437455730178288,1.0,0.43659454584121704,3.5508156770447385e-07,0.22556084394454956,0.33784422278404236,2.8022011396431874,-0.002306191272932523,1.5457178551862605,1.5492908161456902,-0.0035729609594297163,0.596348226070404
2047,2016-02-09 00:00:00,-0.004940245300531387,0.006979978643357754,-10.34386413161279,1.0,0.43365001678466797,3.5624492511487915e-07,0.22657305002212524,0.3397766053676605,1.3677927102549248,-0.0018293670195368428,1.5428901699204736,1.5457178551862605,-0.0028276852657869167,0.5956810116767883
2048,2016-02-10 00:00:00,-0.0002886164002120495,0.007124992553144693,-6.832675795296071,1.0,0.43649938702583313,3.5917625496040273e-07,0.2284574806690216,0.335042804479599,0.7603235063745799,-0.004782203440712451,1.5355117552412385,1.5428901699204736,-0.007378414679235057,0.5958004593849182
2049,2016-02-11 00:00:00,-0.0031329684425145388,0.007197176106274128,-4.5586351568611585,1.0,0.43228384852409363,3.599978413149074e-07,0.2288808822631836,0.33883488178253174,0.17170430107163226,-0.008276480674910824,1.522803121872886,1.5355117552412385,-0.012708633368352595,0.5950334668159485
2050,2016-02-12 00:00:00,-0.010587063618004322,0.008173679932951927,4.627497039678022,1.0,0.43179845809936523,3.5749204130297585e-07,0.22954124212265015,0.33865994215011597,-1.4492894605000841,0.0015469130138749954,1.5251587658396806,1.522803121872886,0.0023556439667946627,0.5948358178138733
2051,2016-02-15 00:00:00,0.0026319543831050396,0.008175810799002647,5.035593874168557,1.0,0.4332583248615265,3.5853508961736225e-07,0.228582501411438,0.33815881609916687,-1.8385149213351575,0.006789257573443841,1.535513461541362,1.5251587658396806,0.010354695701681349,0.5952429175376892
2052,2016-02-16 00:00:00,0.007926209829747677,0.00825247261673212,14.565567331489955,1.0,0.4320813715457916,3.5765890515904175e-07,0.23044905066490173,0.33746927976608276,0.3929435264048023,-0.0065284236527596295,1.5254889791399044,1.535513461541362,-0.01002448240145748,0.5947155356407166
2053,2016-02-17 00:00:00,-0.00524429464712739,0.008491682820022106,10.638861449168683,1.0,0.4375336170196533,3.585123522498179e-07,0.22663381695747375,0.33583226799964905,0.3203379938299521,0.0012601945573964546,1.5274113920487848,1.5254889791399044,0.0019224129088803998,0.5963068604469299
2054,2016-02-18 00:00:00,0.0043890271335840225,0.008453816175460815,1.115430107017781,1.0,0.43489643931388855,3.57565483000144e-07,0.22919028997421265,0.3359130024909973,-0.4099813699882864,0.0001903618275831409,1.5277021528728465,1.5274113920487848,0.00029076082406165327,0.5953995585441589
2055,2016-02-19 00:00:00,0.0010762165766209364,0.00839126668870449,33.00866220867759,1.0,0.4331274628639221,3.538664543611958e-07,0.23089243471622467,0.3359798192977905,0.05445567926436978,-0.005366306370363616,1.5195040350778668,1.5277021528728465,-0.008198117794979698,0.594805121421814
2056,2016-02-22 00:00:00,-0.00555016566067934,0.00822377484291792,-1.57162457125954,1.0,0.43495261669158936,3.582918282063474e-07,0.22732767462730408,0.3377193212509155,-1.870807063598812,-0.0022728488105628886,1.5160504321390946,1.5195040350778668,-0.003453602938772171,0.595748245716095
2057,2016-02-23 00:00:00,-0.0004561375535558909,0.0077852513641119,1.8315971591348226,1.0,0.4341915547847748,3.5851161328537273e-07,0.22781731188297272,0.33799079060554504,-3.5955928480861226,-0.0019280478669253531,1.5131274143372575,1.5160504321390946,-0.0029230178018371245,0.5955340266227722
2058,2016-02-24 00:00:00,-0.0016515941824764013,0.007861332967877388,0.591184903462703,1.0,0.43544262647628784,3.595793032218353e-07,0.22959642112255096,0.3349606394767761,-4.09976311379538,-0.0029665731825663233,1.5086386111280787,1.5131274143372575,-0.004488803209178771,0.5954186916351318
2059,2016-02-25 00:00:00,-0.0038955756463110447,0.00791868381202221,1.9922480501167033,1.0,0.43500465154647827,3.5788568197858694e-07,0.2292058914899826,0.33578914403915405,-5.242980416124041,-0.0014805403810266293,1.5064050107439277,1.5086386111280787,-0.002233600384150991,0.5954147577285767
2060,2016-02-26 00:00:00,-0.00039565953193232417,0.00776808662340045,2.6872929289435663,1.0,0.4323417842388153,3.560685684078635e-07,0.23035664856433868,0.33730122447013855,-4.714275912205465,0.0032295559728696688,1.5112700300439366,1.5064050107439277,0.0048650193000088215,0.5947736501693726
2061,2016-02-29 00:00:00,0.0008721405174583197,0.007858356460928917,1.055701714775169,1.0,0.4357043206691742,3.558068044640095e-07,0.2300332933664322,0.33426204323768616,-4.895219449680948,-0.002949826478819917,1.506812045692666,1.5112700300439366,-0.00445798435127065,0.5953861474990845
2062,2016-03-01 00:00:00,-0.0008019995875656605,0.007896737195551395,1.2016307596849645,1.0,0.4360485374927521,3.554699219421309e-07,0.23013123869895935,0.3338198661804199,-5.186052238905253,0.011499078579500388,1.5241389958106235,1.506812045692666,0.017326950117957596,0.595427930355072
2063,2016-03-02 00:00:00,0.009194710291922092,0.008753612637519836,-2.758927808606106,1.0,0.43882253766059875,3.580993563900847e-07,0.2289879471063614,0.3321892023086548,-1.5383333199331657,0.0060839016664075984,1.5334117075870726,1.5241389958106235,0.00927271177644906,0.5961126685142517
2064,2016-03-03 00:00:00,0.004045883193612099,0.008947870694100857,-210.67157416804284,1.0,0.43556806445121765,3.5393597386246256e-07,0.2265349179506302,0.3378967046737671,0.09119530880209487,0.004086716242254873,1.5396783261185325,1.5334117075870726,0.006266618531459933,0.5959964990615845
2065,2016-03-04 00:00:00,0.00336581957526505,0.009154561907052994,33.18495130562192,1.0,0.43453043699264526,3.5311416013428243e-07,0.2289211004972458,0.3365481495857239,0.5570215790680926,-2.1106717622676463e-05,1.5396458285628734,1.5396783261185325,-3.2497555659150024e-05,0.5953874588012695
2066,2016-03-08 00:00:00,0.00032930896850302815,0.008871513418853283,-20.731779704610663,1.0,0.43019890785217285,3.5628082173388975e-07,0.23015080392360687,0.3396499454975128,-0.716384304950076,-0.006132255958288257,1.530204326257015,1.5396458285628734,-0.009441502305858274,0.5944767594337463
2067,2016-03-09 00:00:00,-0.004355700220912695,0.008903022855520248,-19.902705856857352,1.0,0.43041956424713135,3.572864386569563e-07,0.2284909039735794,0.3410891592502594,-1.287636633536831,0.001190391469078289,1.5320258684329382,1.530204326257015,0.0018215421759231187,0.5948200821876526
2068,2016-03-10 00:00:00,0.0004889208357781172,0.008800214156508446,-8.851508521980255,1.0,0.43236657977104187,3.539710462518997e-07,0.2271253913640976,0.34050771594047546,-0.8082293279549193,0.0018315329198030916,1.534831824244963,1.5320258684329382,0.0028059558120248074,0.5953757762908936
2069,2016-03-11 00:00:00,0.00033265899401158094,0.008699986152350903,0.37555942283725124,1.0,0.42941176891326904,3.571543345515238e-07,0.2302652895450592,0.3403225839138031,0.27878122726436005,0.0015965916019391457,1.5372823238459414,1.534831824244963,0.0024504996009784286,0.5943366289138794
2070,2016-03-14 00:00:00,-0.00010031950660049915,0.007829451002180576,-1.0835072067944447,1.0,0.43673157691955566,3.5528077546587156e-07,0.22401517629623413,0.33925285935401917,2.0001465387666735,0.0033603417979928274,1.5424481178940765,1.5372823238459414,0.005165794048135108,0.5966655611991882
2071,2016-03-15 00:00:00,0.0022875824943184853,0.00787325855344534,-0.4543581880239799,1.0,0.43193957209587097,3.541757678249269e-07,0.22891083359718323,0.33914926648139954,2.336568145142459,0.0021897449768109034,1.5458256859122266,1.5424481178940765,0.0033775680181500345,0.5949740409851074
2072,2016-03-16 00:00:00,0.002571504097431898,0.007517599500715733,3.432725324893749,1.0,0.43365049362182617,3.5611003568192245e-07,0.23176558315753937,0.334583580493927,1.5516757325987627,0.003409451261930929,1.5510961032477852,1.5458256859122266,0.005270417335558664,0.594738781452179
2073,2016-03-17 00:00:00,0.002945283893495798,0.00714702857658267,2.188035110115123,1.0,0.4335252046585083,3.5374461049286765e-07,0.2257499247789383,0.34072452783584595,3.6548994856167334,0.0035486710802283827,1.5566004331320356,1.5510961032477852,0.005504329884250314,0.5958190560340881
2074,2016-03-18 00:00:00,0.003948054742068052,0.007033768575638533,3.2705064103287893,1.0,0.43018433451652527,3.556298509010958e-07,0.228290855884552,0.3415244519710541,4.072161176930981,0.0020116083831720477,1.5597317036125733,1.5566004331320356,0.00313127048053774,0.594822883605957
2075,2016-03-21 00:00:00,0.00455909688025713,0.007168921642005444,3.6791495911840855,1.0,0.43232858180999756,3.569215891729982e-07,0.2264837622642517,0.34118732810020447,4.414758946222266,0.004297101583407237,1.5664340291858574,1.5597317036125733,0.006702325573284096,0.5954927802085876
2076,2016-03-22 00:00:00,0.002545326016843319,0.007097164634615183,2.565944008725749,1.0,0.4291791319847107,3.5770790418609977e-07,0.2265121340751648,0.34430837631225586,6.657499579655916,0.0018711582700585705,1.5693650751740698,1.5664340291858574,0.0029310459882123663,0.595021665096283
2077,2016-03-23 00:00:00,0.0011860108934342861,0.007086143363267183,2.210827814640737,1.0,0.4298800528049469,3.5454320368444314e-07,0.22654856741428375,0.3435710370540619,7.693479175713439,0.006322744581792161,1.5792877696999805,1.5693650751740698,0.009922694525910769,0.5951152443885803
2078,2016-03-28 00:00:00,0.007973935455083847,0.007148780860006809,2.179402689377294,1.0,0.4300328195095062,3.548189226876275e-07,0.22821304202079773,0.341753751039505,9.390757746987505,-0.0036543837142942737,1.5735164461942048,1.5792877696999805,-0.005771323505775694,0.5948151350021362
2079,2016-03-29 00:00:00,-0.0010064763482660055,0.0071919625625014305,1.5263126663857143,1.0,0.428983211517334,3.525443617036217e-07,0.22657063603401184,0.3444458246231079,9.150457531189208,-0.0015762508517538354,1.5710361895556426,1.5735164461942048,-0.002480256638562217,0.5949821472167969
2080,2016-03-30 00:00:00,-0.00412595272064209,0.007345130667090416,0.7251594866158134,1.0,0.43196165561676025,3.560781181022321e-07,0.22515681385993958,0.3428811728954315,9.147958710540703,0.007506443503281668,1.582829083954153,1.5710361895556426,0.01179289439851039,0.595696210861206
2081,2016-03-31 00:00:00,0.006837957538664341,0.007304946426302195,1.029370924458589,1.0,0.4332774877548218,3.569765283373272e-07,0.22454196214675903,0.3421802222728729,9.606483179294464,0.0018510077467426278,1.5857589128503218,1.582829083954153,0.0029298288961687735,0.5960165858268738
2082,2016-04-01 00:00:00,0.0015284873079508543,0.0072329966351389885,1.0062737228753513,1.0,0.43425944447517395,3.552146097263176e-07,0.22374488413333893,0.34199532866477966,11.087040895835143,-0.004814310061621141,1.578124577760881,1.5857589128503218,-0.00763433508944078,0.5963252782821655
2083,2016-04-04 00:00:00,-0.0025911852717399597,0.0063434806652367115,0.07847433379085728,1.0,0.43315455317497253,3.5757943805947434e-07,0.225363627076149,0.34148144721984863,8.243966872492612,-0.003701028790538241,1.572283893263532,1.578124577760881,-0.005840684497349091,0.5958365797996521
2084,2016-04-05 00:00:00,-0.004091620445251465,0.006229954771697521,-0.39665825646018477,1.0,0.43098026514053345,3.5600868386609363e-07,0.2293352335691452,0.3396841585636139,5.915380312935317,-0.007406598942029885,1.5606386170431157,1.572283893263532,-0.011645276220416223,0.594747006893158
2085,2016-04-06 00:00:00,-0.007750840857625008,0.006653038319200277,-1.7960618808004216,1.0,0.4313364326953888,3.563921211480192e-07,0.22964170575141907,0.3390215039253235,3.0021251231445194,-0.004777409575687175,1.5531828071698668,1.5606386170431157,-0.0074558098732488975,0.5947453379631042
2086,2016-04-07 00:00:00,-0.004261798691004515,0.006727920845150948,-7.697217600496388,1.0,0.4318299889564514,3.570549722553551e-07,0.227640300989151,0.3405293822288513,1.9607478356806856,-0.0014482769328392209,1.5509333683377602,1.5531828071698668,-0.0022494388321065983,0.5951953530311584
2087,2016-04-08 00:00:00,-0.002936112927272916,0.006601499393582344,-8.367532011662396,1.0,0.43320587277412415,3.576987808173726e-07,0.2270210236310959,0.3397727906703949,3.0554006277927663,-0.0006601873992206908,1.5499094616709528,1.5509333683377602,-0.001023906666807406,0.5955261588096619
2088,2016-04-11 00:00:00,0.0008916206425055861,0.006580389570444822,-6.757163645518987,1.0,0.4361908435821533,3.5742715454034624e-07,0.22864072024822235,0.33516809344291687,2.7092134685742795,0.003577326764942379,1.5554539942714256,1.5499094616709528,0.005544532600472829,0.5957152843475342
2089,2016-04-12 00:00:00,0.0017784569645300508,0.006680402439087629,-4.029358886430387,1.0,0.43431979417800903,3.5594484870671295e-07,0.22821201384067535,0.33746781945228577,3.0280079328616667,0.007029646909210818,1.5663882866346754,1.5554539942714256,0.010934292363249831,0.5954821109771729
2090,2016-04-13 00:00:00,0.004354559350758791,0.006771512795239687,-0.04164227138913207,1.0,0.433935284614563,3.5587569868766877e-07,0.228219673037529,0.33784469962120056,3.918685078555116,0.005263130933839344,1.574632393280466,1.5663882866346754,0.008244106645790561,0.595418393611908
2091,2016-04-18 00:00:00,0.002294309437274933,0.007106233853846788,1.5333384074880212,1.0,0.4351252317428589,3.540517354849726e-07,0.22581562399864197,0.3390588164329529,4.2137235805431725,0.001985943641364729,1.5777595244693883,1.574632393280466,0.003127131188922272,0.596060037612915
2092,2016-04-20 00:00:00,0.0036712870933115482,0.007231727708131075,2.927278195073967,1.0,0.43246397376060486,3.554312399955961e-07,0.227844700217247,0.3396909832954407,4.160337889542611,0.0013877990283166497,1.5799491376043642,1.5777595244693883,0.0021896131349758985,0.5952547788619995
2093,2016-04-21 00:00:00,0.0026392810977995396,0.007278593257069588,3.3793604409679086,0.0,0.43507352471351624,3.5848836432705866e-07,0.22462886571884155,0.34029722213745117,3.816315224657055,-0.00523637425907586,1.5716759326095635,1.5799491376043642,-0.008273204994800665,0.5962795615196228
2094,2016-04-22 00:00:00,-0.003876382950693369,0.007354302331805229,3.7766760971540934,0.0,0.4329981505870819,3.5676347920343687e-07,0.2227565199136734,0.34424498677253723,2.0789716460792342,0.0008953705361427478,1.5730831649319867,1.5716759326095635,0.0014072323224232353,0.5963324904441833
2095,2016-04-25 00:00:00,-0.00028092076536267996,0.007274071220308542,3.721709730253899,1.0,0.4323258697986603,3.5629594208330673e-07,0.2268698513507843,0.34080395102500916,1.8634416312409792,-0.0015229898121967844,1.570687375298057,1.5730831649319867,-0.0023957896339297235,0.5954182744026184
2096,2016-04-26 00:00:00,-0.0007981463568285108,0.007195217534899712,3.772947497377461,1.0,0.43037164211273193,3.5773254580817593e-07,0.22835375368595123,0.34127429127693176,0.8053917835522018,0.006155507482690226,1.5803557531896713,1.570687375298057,0.009668377891614233,0.5948389172554016
2097,2016-04-27 00:00:00,0.007751820143312216,0.0075879828073084354,2.7169848896678714,1.0,0.4349716603755951,3.5415132515481673e-07,0.22836752235889435,0.3366604447364807,1.5494300998659636,-0.004587389704179157,1.5731060454785486,1.5803557531896713,-0.007249707711122655,0.5955605506896973
2098,2016-04-28 00:00:00,-0.0024473066441714764,0.007396070286631584,-0.5772579090845974,1.0,0.43511486053466797,3.5448067592369625e-07,0.22739219665527344,0.33749261498451233,-0.4210678362213518,-0.006505433657349569,1.5628723084637124,1.5731060454785486,-0.010233737014836208,0.5957628488540649
2099,2016-04-29 00:00:00,-0.006996307987719774,0.007943373173475266,1.3181090050158868,1.0,0.43504971265792847,3.578293501504959e-07,0.22979062795639038,0.3351593613624573,-0.9236655648222927,0.003120376811380998,1.567749058974192,1.5628723084637124,0.004876750510479644,0.5953182578086853
2100,2016-05-02 00:00:00,0.0001274211099371314,0.007946171797811985,2.2742638875508727,1.0,0.4345792233943939,3.5478336712913006e-07,0.22737686336040497,0.33804357051849365,-0.08194271103542888,-0.00010197515023291359,1.5675891875283756,1.567749058974192,-0.00015987144581641743,0.595678448677063
2101,2016-05-03 00:00:00,-0.002863390138372779,0.007713179104030132,1.278170108617657,1.0,0.43177497386932373,3.571495881260489e-07,0.2322293519973755,0.3359953761100769,-1.5607123884121241,-0.004879805235076917,1.5599396576046247,1.5675891875283756,-0.007649529923750897,0.5943509340286255
2102,2016-05-04 00:00:00,-0.003865012200549245,0.00782800279557705,3.3339299820311474,1.0,0.43654370307922363,3.5864624692294456e-07,0.22814780473709106,0.3353081941604614,-2.7674651039468676,-0.006158686395800417,1.5503324784570656,1.5599396576046247,-0.009607179147559153,0.5958635807037354
2103,2016-05-05 00:00:00,-0.006081098690629005,0.007776862010359764,3.4614608313422077,1.0,0.4316825270652771,3.568900694972399e-07,0.2295093536376953,0.3388077914714813,-2.9687146081548716,0.0046174649033350335,1.5574910842648415,1.5503324784570656,0.007158605807775942,0.5948235392570496
2104,2016-05-06 00:00:00,0.003894159337505698,0.007814005017280579,2.3824857019892582,1.0,0.43261268734931946,3.576332403554261e-07,0.23149104416370392,0.33589592576026917,-1.4311941423756336,-0.0033916933217142953,1.552208552155711,1.5574910842648415,-0.005282532109130544,0.5946157574653625
2105,2016-05-09 00:00:00,-0.0032715070992708206,0.007367405574768782,4.7443313851896285,1.0,0.43049609661102295,3.573761944153375e-07,0.2287282645702362,0.3407753109931946,-0.743107062105403,0.00708884562011014,1.5632119189521574,1.552208552155711,0.011003366796446423,0.5947867631912231
2106,2016-05-10 00:00:00,0.004463749937713146,0.008109603077173233,12.546690914920113,1.0,0.43178698420524597,3.5513028251443757e-07,0.2279142588376999,0.34029844403266907,1.4308708789274844,0.0013205619451661654,1.5652762371245559,1.5632119189521574,0.002064318172398494,0.5951369404792786
2107,2016-05-11 00:00:00,-0.0005666434299200773,0.007991009391844273,-7.614877500711194,1.0,0.43231436610221863,3.5547725474316394e-07,0.22527755796909332,0.3424076735973358,1.95309735473916,-0.00023943169935736197,1.5649014603751374,1.5652762371245559,-0.0003747767494184373,0.5957253575325012
2108,2016-05-12 00:00:00,0.002113679423928261,0.008025702089071274,12.992664362796605,1.0,0.4366634786128998,3.5954693089479406e-07,0.22541683912277222,0.33791932463645935,2.0057222193951962,-0.0015864380471033446,1.5624188411584308,1.5649014603751374,-0.002482619216706672,0.5963867902755737
2109,2016-05-13 00:00:00,0.0008526826277375221,0.007981976494193077,12.869400490808385,1.0,0.4328326880931854,3.5438569057077984e-07,0.22470468282699585,0.34246230125427246,1.1020241574004606,0.0009615135872711456,1.563921128103213,1.5624188411584308,0.0015022869447822718,0.595916748046875
2110,2016-05-16 00:00:00,0.002729850821197033,0.007856188341975212,-75.49712813236651,1.0,0.4306158721446991,3.587958588013862e-07,0.22855770587921143,0.3408260643482208,-0.05068668047148647,-0.0010443753904830766,1.5622878073643656,1.563921128103213,-0.0016333207388474769,0.5948370099067688
2111,2016-05-17 00:00:00,0.00023409604909829795,0.007468481082469225,-8.3530295568513,1.0,0.434794157743454,3.5770881368080154e-07,0.22649075090885162,0.3387147784233093,-1.3843114164036678,-0.0005004525766434398,1.5615059564057114,1.5622878073643656,-0.0007818509586541289,0.5958789587020874
2112,2016-05-18 00:00:00,-0.0008165081380866468,0.007313971407711506,-2.8988631264152094,1.0,0.43123239278793335,3.5751708082898404e-07,0.22764891386032104,0.34111830592155457,-1.9076631133293036,-0.0038319382658946743,1.555522361978938,1.5615059564057114,-0.005983594426773431,0.5951026082038879
2113,2016-05-19 00:00:00,-0.0009498514118604362,0.007307196501642466,-0.7703858926677438,1.0,0.43670448660850525,3.5670100828610884e-07,0.2271546572446823,0.336140513420105,-3.0031063175276898,-0.002659268414510696,1.5513858104936624,1.555522361978938,-0.004136551485275586,0.5960708856582642
2114,2016-05-20 00:00:00,-0.002703980542719364,0.007560232188552618,0.636077719058445,1.0,0.43288615345954895,3.5476389825817023e-07,0.23045045137405396,0.33666306734085083,-2.559514286895264,-0.0006326260814681905,1.5504043633675244,1.5513858104936624,-0.000981447126138013,0.594844400882721
2115,2016-05-23 00:00:00,-3.6905985325574875e-06,0.007503707893192768,1.8442954609645956,1.0,0.4334624111652374,3.567943736015877e-07,0.23151017725467682,0.3350270986557007,-2.8877854521192634,-0.0015283856483293556,1.5480347475894463,1.5504043633675244,-0.002369615778078149,0.5947518944740295
2116,2016-05-24 00:00:00,-0.0012039393186569214,0.007503049448132515,2.3654325442763797,1.0,0.4335358142852783,3.573831008907291e-07,0.2279246747493744,0.33853912353515625,-2.87582726929954,0.0015493424338850481,1.5504331835130152,1.5480347475894463,0.00239843592356892,0.5954088568687439
2117,2016-05-25 00:00:00,-0.0032344188075512648,0.0072571272030472755,1.5729457886633254,1.0,0.4340580403804779,3.577884228889161e-07,0.22974281013011932,0.3361988067626953,-4.208586345391962,0.005335001653430815,1.558704747110591,1.5504331835130152,0.00827156359757586,0.5951619744300842
2118,2016-05-26 00:00:00,0.007799322251230478,0.0076545774936676025,-0.2526954482477728,1.0,0.43700599670410156,3.552469536316494e-07,0.22753390669822693,0.33545973896980286,-1.7977300784803987,-0.001799131300260992,1.555900432612199,1.558704747110591,-0.0028043144983920243,0.5960529446601868
2119,2016-05-27 00:00:00,0.0004511703737080097,0.006926266942173243,-5.264448359409507,1.0,0.432513028383255,3.5959814681518765e-07,0.23040537536144257,0.3370812237262726,-0.8303801896080294,0.0007320251143576595,1.5570393908043112,1.555900432612199,0.0011389581921121827,0.5947923064231873
2120,2016-05-30 00:00:00,0.0021117031574249268,0.0069282399490475655,-26.05532140144743,1.0,0.43432721495628357,3.534853192377341e-07,0.22760267555713654,0.3380697965621948,-1.4371243559406086,0.006474403486898428,1.5671202920653728,1.5570393908043112,0.010080901261061648,0.5955957770347595
2121,2016-05-31 00:00:00,0.005090747028589249,0.0072482586838305,6.937699788157686,1.0,0.4297991693019867,3.56185154259947e-07,0.22932025790214539,0.34088024497032166,0.21834673433743468,0.001595590027393179,1.5696207735751178,1.5671202920653728,0.002500481509744912,0.5945708155632019
2122,2016-06-01 00:00:00,0.0012072125682607293,0.007066606543958187,5.499791139933806,1.0,0.43304768204689026,3.5591139635471336e-07,0.2275271862745285,0.33942481875419617,1.718536891168611,-0.00021033506729606355,1.5692906272840785,1.5696207735751178,-0.0003301462910392239,0.5954058170318604
2123,2016-06-02 00:00:00,-0.0007041725912131369,0.006877730134874582,1.865033723404674,1.0,0.4319010376930237,3.557873924364685e-07,0.22450953722000122,0.34358906745910645,3.468257771844142,0.0012604988591082833,1.5712687163293795,1.5692906272840785,0.001978089045300946,0.5958157777786255
2124,2016-06-03 00:00:00,0.002174536930397153,0.006757496390491724,2.505357503352879,1.0,0.43253105878829956,3.5481465943121293e-07,0.22755198180675507,0.3399165868759155,2.6750947661174966,0.0012275261502248114,1.573197489767704,1.5712687163293795,0.001928773438324427,0.5953203439712524
2125,2016-06-06 00:00:00,-0.001112247002311051,0.006709380075335503,1.4846134096273886,1.0,0.4346775710582733,3.549372991074051e-07,0.2250988930463791,0.3402232229709625,4.110870644398726,0.0015333788089211264,1.5756097974607617,1.573197489767704,0.0024123076930577803,0.5961257815361023
2126,2016-06-07 00:00:00,0.0008706603548489511,0.005761927925050259,0.679475868073864,1.0,0.4326421022415161,3.5551673249756277e-07,0.22730524837970734,0.3400523364543915,2.9280969932507457,-0.00288075705259494,1.571070848424589,1.5756097974607617,-0.00453894903617269,0.5953842997550964
2127,2016-06-08 00:00:00,-0.000743368174880743,0.005723142996430397,0.13708566717249204,1.0,0.43398866057395935,3.571168747384945e-07,0.22682102024555206,0.33918994665145874,1.4754070700558446,0.006780350382926681,1.5817232592533097,1.571070848424589,0.010652410828720704,0.5956876277923584
2128,2016-06-09 00:00:00,0.004514093976467848,0.005787493661046028,1.377358515357572,1.0,0.43440181016921997,3.569167006389762e-07,0.22812578082084656,0.3374720513820648,3.2402029628177136,0.0004913462770324006,1.5825004330880394,1.5817232592533097,0.0007771738347297497,0.595511257648468
2129,2016-06-10 00:00:00,0.0002756202011369169,0.005696821492165327,0.9519610216501635,1.0,0.4344600737094879,3.544797095855756e-07,0.2277676910161972,0.3377719223499298,3.8691802509569313,0.00117207401082009,1.5843552407177734,1.5825004330880394,0.001854807629734001,0.5955867171287537
2130,2016-06-13 00:00:00,-0.0007092053419910371,0.005618504714220762,1.3413476708989192,1.0,0.43276354670524597,3.565313875242282e-07,0.22748440504074097,0.3397516906261444,3.925563170384986,0.000120216322191391,1.5845457060778572,1.5843552407177734,0.00019046536008371362,0.5953693389892578
2131,2016-06-14 00:00:00,-0.0021267449483275414,0.005677183158695698,0.4752641787940462,1.0,0.4304323196411133,3.537170698564296e-07,0.22926349937915802,0.34030386805534363,4.287775353501518,0.0025356548345965013,1.5885635670581126,1.5845457060778572,0.004017860980255472,0.5946767330169678
2132,2016-06-15 00:00:00,0.0015474561369046569,0.005712149664759636,1.115828552342348,1.0,0.43238261342048645,3.5628127648124064e-07,0.230427086353302,0.3371899724006653,5.124590797570241,0.0032687913376667765,1.5937562498854452,1.5885635670581126,0.00519268282733254,0.5947675704956055
2133,2016-06-16 00:00:00,0.0043527428060770035,0.0059817819856107235,0.7482749747580307,1.0,0.4315035939216614,3.5696191957867995e-07,0.22828830778598785,0.3402077555656433,7.58597943918752,-0.0010000224038145822,1.5921624579293403,1.5937562498854452,-0.001593791956104873,0.5950228571891785
2134,2016-06-17 00:00:00,-0.003940494731068611,0.0057327705435454845,-0.2109253294446686,1.0,0.4315030574798584,3.5441195223029354e-07,0.22469010949134827,0.3438064754009247,8.465580580061692,-0.003098211092283809,1.5872296025414658,1.5921624579293403,-0.0049328553878744685,0.5957209467887878
2135,2016-06-20 00:00:00,-0.0008715970325283706,0.005801747087389231,-0.26379320920183885,1.0,0.43248844146728516,3.5651902408062597e-07,0.22611510753631592,0.34139612317085266,7.271887344680258,0.0019284958349667924,1.590290568219103,1.5872296025414658,0.0030609656776372507,0.5955884456634521
2136,2016-06-21 00:00:00,0.001303346361964941,0.005766579881310463,0.5239657366828943,1.0,0.4305167496204376,3.560758727871871e-07,0.22778639197349548,0.34169653058052063,8.533077522441863,0.00032635838777483883,1.5908095728850407,1.590290568219103,0.0005190046659375724,0.5949687957763672
2137,2016-06-22 00:00:00,-0.00016754162788856775,0.005412808619439602,0.12689431157963663,1.0,0.4323817789554596,3.5659809327626135e-07,0.22526107728481293,0.3423568606376648,8.142983126918141,0.0046027721873820315,1.598131706942537,1.5908095728850407,0.007322134057496266,0.5957388281822205
2138,2016-06-23 00:00:00,0.0016168772708624601,0.005125792231410742,-0.544062163051966,1.0,0.43232035636901855,3.5531994058146665e-07,0.22551092505455017,0.3421683609485626,8.064752359323144,-0.0014539876232131377,1.595808043220378,1.598131706942537,-0.002323663722158864,0.5956804752349854
2139,2016-06-24 00:00:00,-0.0016317786648869514,0.0050967601127922535,0.07636864342679879,1.0,0.43264561891555786,3.5687367017089855e-07,0.22574855387210846,0.3416054844856262,8.222696960664194,-0.014148483735910045,1.57322977907524,1.595808043220378,-0.022578264145137972,0.5956835746765137
2140,2016-06-27 00:00:00,-0.0101009551435709,0.006247095763683319,-42.48964394586421,1.0,0.43460774421691895,3.5814920806842565e-07,0.22563298046588898,0.339758962392807,2.2562851853582817,0.001803072740605094,1.5760664268045987,1.57322977907524,0.0028366477293586545,0.5960119962692261
2141,2016-06-28 00:00:00,0.0015693817986175418,0.005733290687203407,13.02554530305774,1.0,0.4316027760505676,3.5839252632285934e-07,0.22872668504714966,0.33967018127441406,1.4246229806989539,0.00271232826676715,1.5803412363243237,1.5760664268045987,0.00427480951972492,0.5949560403823853
2142,2016-06-29 00:00:00,0.0011656044516712427,0.005764311645179987,10.863868065183997,1.0,0.43346697092056274,3.5492720940055733e-07,0.22846482694149017,0.33806782960891724,1.639545603771248,0.002734817304841375,1.5846631808849778,1.5803412363243237,0.004321944560654156,0.5952979326248169
2143,2016-06-30 00:00:00,0.0025954311713576317,0.005883765872567892,-44.00074978964913,1.0,0.4357301592826843,3.579051792712562e-07,0.2252485752105713,0.3390209376811981,2.2164100375963836,0.004069535090090115,1.5911120233055631,1.5846631808849778,0.006448842420585299,0.5962657928466797
2144,2016-07-01 00:00:00,0.004146746825426817,0.0060413675382733345,-0.9768752102674014,1.0,0.4327326714992523,3.547239373347111e-07,0.22853834927082062,0.3387286365032196,2.713233541041854,-4.8605363765830134e-05,1.591034686726878,1.5911120233055631,-7.733657868502775e-05,0.5951675772666931
2145,2016-07-04 00:00:00,0.0016317407134920359,0.006045356392860413,8.386901787950578,1.0,0.43392226099967957,3.5709922485693824e-07,0.2295452505350113,0.3365321755409241,2.4632729401427493,0.006924836962967751,1.6020523425348883,1.591034686726878,0.011017655808010174,0.5951751470565796
2146,2016-07-05 00:00:00,0.005503300577402115,0.006319264881312847,6.0590231287477305,1.0,0.43233269453048706,3.5476094240038947e-07,0.22875554859638214,0.33891141414642334,3.342826480192927,-0.00625050076912248,1.5920387131356994,1.6020523425348883,-0.010013629399188817,0.5950643420219421
2147,2016-07-07 00:00:00,-0.003194947261363268,0.006580638699233532,5.712997018292733,1.0,0.4311577379703522,3.569516024981567e-07,0.22580482065677643,0.34303709864616394,2.6221813983687032,-0.0030826930484392223,1.58713094646187,1.5920387131356994,-0.004907766673829528,0.5954487323760986
2148,2016-07-08 00:00:00,-0.0005974562373012304,0.00652236957103014,12.652447109946038,1.0,0.43357399106025696,3.5821614119413425e-07,0.2252356857061386,0.341189980506897,0.9307435703553317,-0.00151819600716796,1.5847213705960987,1.58713094646187,-0.002409575865771174,0.5959262847900391
2149,2016-07-11 00:00:00,-0.0003442658926360309,0.0065207635052502155,6.861888828458556,1.0,0.4309481680393219,3.5739512327381817e-07,0.22776846587657928,0.34128299355506897,0.5776463344988788,0.0007492193974980577,1.5859086745865791,1.5847213705960987,0.0011873039904803928,0.5950368642807007
2150,2016-07-12 00:00:00,0.001887958263978362,0.006516746710985899,2.9961662299608007,1.0,0.43251940608024597,3.591156314541877e-07,0.23019206523895264,0.33728814125061035,0.48537336219313665,0.002044198452745949,1.5891505866453655,1.5859086745865791,0.0032419120587863226,0.5948317050933838
2151,2016-07-13 00:00:00,0.0028367319609969854,0.006477925926446915,0.25268160650907384,1.0,0.4330376982688904,3.5518999652595085e-07,0.22619669139385223,0.3407652676105499,0.8414307539701931,0.0024712641451472006,1.593077797511382,1.5891505866453655,0.0039272108660164395,0.595657229423523
2152,2016-07-14 00:00:00,0.002422754652798176,0.006607622839510441,2.4374926327984774,1.0,0.4316730797290802,3.535964765433164e-07,0.2292914092540741,0.33903518319129944,0.8236530233767985,0.0009591241994892918,1.5946057569786443,1.593077797511382,0.001527959467262363,0.5948622226715088
2153,2016-07-15 00:00:00,0.0026200469583272934,0.006329182535409927,4.460126617162733,1.0,0.43482494354248047,3.54771145794075e-07,0.23012655973434448,0.33504819869995117,0.3675735780847271,-7.802971074877263e-05,1.5944813303526688,1.5946057569786443,-0.00012442662597544896,0.5952211618423462
2154,2016-07-18 00:00:00,0.0011946767335757613,0.006163107696920633,3.227428517421285,1.0,0.4332633316516876,3.5662574759953714e-07,0.22727277874946594,0.33946356177330017,0.5612344748033042,-0.005260206157050806,1.5860940298414452,1.5944813303526688,-0.008387300511223605,0.5954875946044922
2155,2016-07-19 00:00:00,-0.005132581107318401,0.006352868862450123,1.6907303328591732,1.0,0.4343242645263672,3.5556857369556383e-07,0.22526422142982483,0.3404112160205841,0.17300907267983648,0.0017162825444354546,1.5888162153386953,1.5860940298414452,0.002722185497250118,0.5960380434989929
2156,2016-07-20 00:00:00,-0.0004837130836676806,0.00640051020309329,0.3296188426816686,1.0,0.43207576870918274,3.5845917523147364e-07,0.22779323160648346,0.34013065695762634,0.14395488361291744,-0.0010139555122522514,1.587205226379197,1.5888162153386953,-0.001610988959498405,0.5952041745185852
2157,2016-07-21 00:00:00,-0.0014513772912323475,0.006421006750315428,-2.0804293851844875,1.0,0.4325146973133087,3.563652910543169e-07,0.22846755385398865,0.33901745080947876,-0.1003245190806269,-0.003189351839880894,1.5821430704701758,1.587205226379197,-0.005062155909021149,0.5951464176177979
2158,2016-07-22 00:00:00,-0.0009639243362471461,0.006333502475172281,-7.444430535654603,1.0,0.4324696362018585,3.5608948678600427e-07,0.22862569987773895,0.33890432119369507,-1.513600168337415,0.003280655134523247,1.5873335362578642,1.5821430704701758,0.0051904657876884475,0.5951099395751953
2159,2016-07-25 00:00:00,0.000451602041721344,0.006585486698895693,-5.2666671237217,1.0,0.4327542185783386,3.5642392504087184e-07,0.22878658771514893,0.3384588360786438,-0.6428177071722554,0.007687445536270321,1.599536076365742,1.5873335362578642,0.012202540107877802,0.595125138759613
2160,2016-07-26 00:00:00,0.006717583630234003,0.005604719743132591,0.756602842333755,1.0,0.43333539366722107,3.536683834681753e-07,0.2284441888332367,0.3382200300693512,4.064190893113579,-0.0025000576893300375,1.595537143898663,1.599536076365742,-0.003998932467079053,0.5952807068824768
2161,2016-07-27 00:00:00,-0.001258930191397667,0.005861758254468441,0.7079397821404644,1.0,0.43443408608436584,3.574045877030585e-07,0.2266383320093155,0.3389272391796112,3.023475101569338,0.00031843843360412905,1.5960452242475234,1.595537143898663,0.0005080803488604069,0.5957932472229004
2162,2016-07-28 00:00:00,0.002335196128115058,0.0059011951088905334,1.392476221915861,1.0,0.43451303243637085,3.5511044416125515e-07,0.22515423595905304,0.34033238887786865,2.509659530495068,0.005068876394531685,1.6041353802093168,1.5960452242475234,0.00809015596179341,0.5960890054702759
2163,2016-07-29 00:00:00,0.004284291993826628,0.0058737387880682945,2.217100858638454,1.0,0.43286073207855225,3.563864083844237e-07,0.2280343472957611,0.3391045331954956,2.9568223627618653,0.0022309368436066457,1.6077141049311587,1.6041353802093168,0.0035787247218419527,0.5952814221382141
2164,2016-08-01 00:00:00,-0.000663835322484374,0.005840049125254154,2.5657258270780234,1.0,0.4344444274902344,3.5747669357988343e-07,0.22507590055465698,0.34047931432724,2.587791754218945,0.0046891892763178955,1.615252980671387,1.6077141049311587,0.007538875740228157,0.5960933566093445
2165,2016-08-02 00:00:00,0.0019717742688953876,0.005967595148831606,1.470849691437904,1.0,0.43086597323417664,3.5590502989180095e-07,0.22629137337207794,0.34284234046936035,3.554269005870825,-0.0035242701736105664,1.6095603927687712,1.615252980671387,-0.005692587902615731,0.5953100919723511
2166,2016-08-03 00:00:00,-0.004306375049054623,0.005843881517648697,1.7397589951536117,0.0,0.4311406910419464,3.5605327752818994e-07,0.22978173196315765,0.3390772044658661,1.3473205636755208,-0.005772487708031737,1.6002692251861788,1.6095603927687712,-0.009291167582592408,0.5946892499923706
2167,2016-08-04 00:00:00,-0.0054017165675759315,0.005788594484329224,-2.690702484945958,0.0,0.4334796369075775,3.5612669080364867e-07,0.2282010167837143,0.3383190333843231,1.4640994349463052,-0.0014574882301099379,1.5979368516254628,1.6002692251861788,-0.002332373560715917,0.5953487157821655
2168,2016-08-05 00:00:00,-0.0009285320993512869,0.0058211712166666985,-6.447397480592802,1.0,0.4322415292263031,3.554432908003946e-07,0.22655434906482697,0.3412037491798401,1.8614140465135467,0.0032836127618849353,1.6031838574641464,1.5979368516254628,0.005247005838683538,0.595465898513794
2169,2016-08-08 00:00:00,0.0016433873679488897,0.0060273585841059685,-3.612225693697169,1.0,0.4351867139339447,3.576379299374821e-07,0.2250891774892807,0.33972373604774475,2.9431024734857223,0.005031744832953322,1.6112506695552158,1.6031838574641464,0.008066812091069409,0.5962086915969849
2170,2016-08-09 00:00:00,0.0058627864345908165,0.006142774596810341,-1.065680784587569,0.0,0.43500396609306335,3.576999745291687e-07,0.22711734473705292,0.33787834644317627,3.80483084954825,-0.0008152040447459985,1.6099371714922948,1.6112506695552158,-0.0013134980629210258,0.5957956910133362
2171,2016-08-10 00:00:00,-0.0028001535683870316,0.006224505137652159,-1.062774860658614,0.0,0.43422356247901917,3.5790651509159943e-07,0.22833774983882904,0.33743834495544434,3.1623104150080152,-0.0013253905916551512,1.607803375912043,1.6099371714922948,-0.0021337955802518405,0.5954434275627136
2172,2016-08-11 00:00:00,0.00014804024249315262,0.0062456089071929455,4.090747233448739,0.0,0.4330707788467407,3.571343256680848e-07,0.22911205887794495,0.33781683444976807,2.3231044057702457,0.000262346646034306,1.6082251777351961,1.607803375912043,0.0004218018231532117,0.5951158404350281
2173,2016-08-16 00:00:00,0.0023409666027873755,0.006214712746441364,8.08574130122065,0.0,0.43104350566864014,3.539761337378877e-07,0.2305125743150711,0.3384435772895813,2.170792328338215,0.0024544468884408754,1.6121724810186007,1.6082251777351961,0.003947303283404535,0.5945406556129456
2174,2016-08-17 00:00:00,0.0033995669800788164,0.006286017596721649,6.211525380787914,0.0,0.43155547976493835,3.55108255689629e-07,0.22889797389507294,0.33954623341560364,2.7090500263462864,-0.0028047791617550333,1.6076506932386847,1.6121724810186007,-0.0045217877799159645,0.5949168801307678
2175,2016-08-18 00:00:00,-0.003754835808649659,0.00616219500079751,-0.3732377172687851,0.0,0.43062281608581543,3.5847983781422954e-07,0.22757327556610107,0.34180355072021484,3.3856888210481806,0.0067541294720485645,1.6185089741666474,1.6076506932386847,0.010858280927962705,0.5950254201889038
2176,2016-08-19 00:00:00,0.005944615695625544,0.006591889075934887,2.3811809903786125,0.0,0.43487364053726196,3.5672260878527595e-07,0.2266247272491455,0.33850130438804626,4.269816397370736,-0.0032708739612158366,1.6132150353070516,1.6185089741666474,-0.005293938859595837,0.5958665609359741
2177,2016-08-22 00:00:00,-0.004500925540924072,0.0068101948127150536,1.3038527131023203,0.0,0.4306580722332001,3.5644757190311793e-07,0.22820891439914703,0.34113267064094543,3.6786997346139527,-0.00379785710341618,1.6070882751258728,1.6132150353070516,-0.0061267601811787475,0.5949093699455261
2178,2016-08-23 00:00:00,-0.0009555829456076026,0.006797874346375465,0.05046529895398564,0.0,0.43500205874443054,3.557756826921832e-07,0.22671999037265778,0.3382776081562042,3.5349541180284705,0.005729519077179113,1.6162961180569173,1.6070882751258728,0.009207842931044485,0.5958695411682129
2179,2016-08-24 00:00:00,0.004686616361141205,0.006797703914344311,0.38468573104341,0.0,0.43039214611053467,3.5245636809122516e-07,0.22853058576583862,0.34107697010040283,3.9307817556168776,-0.0005741560448397909,1.615368111870484,1.6162961180569173,-0.0009280061864334055,0.5948084592819214
2180,2016-08-25 00:00:00,-0.0007445972296409309,0.006568323355168104,2.426815711973511,0.0,0.4334625005722046,3.5791552477348887e-07,0.22860394418239594,0.33793318271636963,2.430162844834575,-0.004348504708114098,1.6083436760306777,1.615368111870484,-0.007024435839806165,0.595271646976471
2181,2016-08-26 00:00:00,-0.005256002303212881,0.00650235777720809,-8.194524803308886,0.0,0.4355300962924957,3.5863195080310106e-07,0.2228194773197174,0.341650128364563,1.9749746547380926,-0.0022985914639308547,1.6046467509858864,1.6083436760306777,-0.003696925044791355,0.5967074632644653
2182,2016-08-29 00:00:00,-0.0056297508999705315,0.006653063930571079,6.7804393958330165,0.0,0.4313870370388031,3.580215661713737e-07,0.22787581384181976,0.34073683619499207,1.4039200843880029,0.0014714470076300223,1.6070079036459277,1.6046467509858864,0.0023611526600413324,0.5950829982757568
2183,2016-08-30 00:00:00,-0.0002356684417463839,0.006562551483511925,3.128272175100051,0.0,0.4346539080142975,3.537889483595791e-07,0.2285325825214386,0.33681318163871765,0.6527900776825526,0.00966375254895957,1.6225376303709842,1.6070079036459277,0.01552972672505648,0.5954781770706177
2184,2016-08-31 00:00:00,0.009730375371873379,0.007236871402710676,-7.035624763973111,0.0,0.43195170164108276,3.5370936757317395e-07,0.22955332696437836,0.3384946286678314,2.0354440060037677,-0.0043483500873728875,1.6154822687241948,1.6225376303709842,-0.0070553616467894376,0.5948575735092163
2185,2016-09-01 00:00:00,-0.003628989914432168,0.007205869071185589,4.57763443202806,0.0,0.433285653591156,3.5501389561432006e-07,0.22695690393447876,0.33975711464881897,0.30610380517841485,0.003433326412553006,1.6210287466664166,1.6154822687241948,0.00554647794222185,0.5955507755279541
2186,2016-09-02 00:00:00,0.002516447100788355,0.007201751694083214,4.519105900006842,0.0,0.4348730742931366,3.5735351389121206e-07,0.22636406123638153,0.3387625515460968,1.6303469807274302,-0.0018204159349637372,1.6180778001049507,1.6210287466664166,-0.0029509465614658836,0.5959155559539795
2187,2016-09-06 00:00:00,-8.321856148540974e-05,0.007033532485365868,4.280704907249126,0.0,0.43131187558174133,3.565474742117658e-07,0.22936607897281647,0.33932173252105713,2.51565226066894,0.004104954589018828,1.624719935995881,1.6180778001049507,0.006642135890930323,0.594792366027832
2188,2016-09-07 00:00:00,0.006627638824284077,0.007237308658659458,3.9611617931976455,0.0,0.43601125478744507,3.5656208297041303e-07,0.2256973832845688,0.3382910192012787,3.5956169692651394,-0.0010076017095451695,1.6230828654108396,1.624719935995881,-0.001637070585041478,0.5962263941764832
2189,2016-09-08 00:00:00,0.0007845635991543531,0.007146456744521856,1.7205653910009118,0.0,0.431282103061676,3.548950076037727e-07,0.22572356462478638,0.34299397468566895,2.7677878110062935,0.0037276481185202215,1.6291331472002908,1.6230828654108396,0.006050281789451217,0.5954831838607788
2190,2016-09-09 00:00:00,0.0013007757952436805,0.007106219418346882,4.508034227409385,0.0,0.4327852129936218,3.566728139503539e-07,0.22972014546394348,0.33749428391456604,2.519588123471108,-0.008050797431861212,1.6160173262426507,1.6291331472002908,-0.013115820957640079,0.5949594974517822
2191,2016-09-12 00:00:00,-0.00976269505918026,0.0076081776060163975,-1.5479686303839213,1.0,0.43080079555511475,3.5975421042167e-07,0.2289332151412964,0.340265691280365,0.9581819394580716,-0.004691454808474327,1.6084358539868717,1.6160173262426507,-0.007581472255778987,0.594794511795044
2192,2016-09-14 00:00:00,-0.0006026523187756538,0.007667912170290947,-3.036262623176623,1.0,0.4310894310474396,3.570146134279639e-07,0.22893549501895905,0.33997470140457153,0.3506262686766412,0.005219470446909291,1.6168310373925054,1.6084358539868717,0.008395183405633722,0.5948380827903748
2193,2016-09-15 00:00:00,0.007497643120586872,0.008020118810236454,-0.42673396290771287,1.0,0.4323441684246063,3.5442431567389576e-07,0.22962608933448792,0.3380293548107147,1.1935017227124916,-0.003606291191128652,1.6110002738648135,1.6168310373925054,-0.005830763527691962,0.5949062705039978
2194,2016-09-16 00:00:00,-0.0020841341465711594,0.008013726212084293,-7.8949521632088,0.0,0.43226101994514465,3.574149616270006e-07,0.2281816154718399,0.339557021856308,0.14678510800742178,0.0017698706636175565,1.6138515359886068,1.6110002738648135,0.0028512621237932745,0.5951599478721619
2195,2016-09-19 00:00:00,-0.00016233173664659262,0.007977264933288097,-3.75881362630082,1.0,0.43643710017204285,3.5873065939995286e-07,0.2240229845046997,0.3395395874977112,0.9258574044143546,-0.00014830970259405163,1.6136121861472734,1.6138515359886068,-0.00023934984133333614,0.5966160893440247
2196,2016-09-20 00:00:00,0.0015840836567804217,0.007592298090457916,23.04546795740587,0.0,0.4314751923084259,3.57181818344543e-07,0.22935675084590912,0.3391677737236023,-0.2741734979039296,0.0010996774676284016,1.6153866391098701,1.6136121861472734,0.0017744529625967065,0.5948194265365601
2197,2016-09-21 00:00:00,0.00033133168471977115,0.007391409482806921,4.847162824858375,1.0,0.4331570267677307,3.565129986782267e-07,0.2309410572052002,0.3359015882015228,0.5199860029968245,0.00021387252766680298,1.6157321259335358,1.6153866391098701,0.00034548682366564165,0.5948013067245483
2198,2016-09-22 00:00:00,6.898865103721619e-05,0.007313827518373728,-0.15107424618483387,1.0,0.4310930073261261,3.540333466389711e-07,0.22746635973453522,0.3414402902126312,1.3053998839583247,0.000860279970363198,1.6171221079189488,1.6157321259335358,0.001389981985413069,0.5951164364814758
2199,2016-09-23 00:00:00,0.0023728646337985992,0.007136527448892593,3.628156142740142,1.0,0.4326169788837433,3.569689681626187e-07,0.22805319726467133,0.33932948112487793,0.376267231511346,0.00021323537979212048,1.6174669355658011,1.6171221079189488,0.00034482764685228595,0.5952396392822266
2200,2016-09-26 00:00:00,0.00035457249032333493,0.007122480776160955,3.2926679842630815,1.0,0.4348766803741455,3.547460210029385e-07,0.22490079700946808,0.34022223949432373,0.5405191110949532,0.0007810745727445667,1.6187302978614266,1.6174669355658011,0.0012633622956255142,0.596195638179779
2201,2016-09-27 00:00:00,-0.0017352320719510317,0.007066879887133837,0.6025111744348033,1.0,0.43063271045684814,3.5868271197614376e-07,0.2297491729259491,0.3396177589893341,1.5933549489670737,-0.002456091315319653,1.6147545484350043,1.6187302978614266,-0.003975749426422315,0.5946170687675476
2202,2016-09-28 00:00:00,-0.0022807754576206207,0.006842585280537605,-0.3873597083724198,1.0,0.4348635971546173,3.543515276760445e-07,0.22632470726966858,0.33881133794784546,1.5668590750219717,0.0015280061287250568,1.6172219032813997,1.6147545484350043,0.0024673548463953754,0.5959213972091675
2203,2016-09-29 00:00:00,0.0029436980839818716,0.0069474633783102036,0.41973299236651673,1.0,0.4341108202934265,3.548417453203001e-07,0.22636950016021729,0.33951935172080994,1.5751355345535425,-0.009756703419838253,1.6014431488070167,1.6172219032813997,-0.01577875447438304,0.5957925319671631
2204,2016-09-30 00:00:00,-0.007336397655308247,0.006923561915755272,24.904189811589095,1.0,0.43592095375061035,3.558060939212737e-07,0.22623006999492645,0.33784863352775574,-2.4501051877542843,-0.0010186673331032958,1.5998118109855048,1.6014431488070167,-0.0016313378215118135,0.5961114168167114
2205,2016-10-03 00:00:00,-0.0002448383020237088,0.006805249955505133,-16.557592784188,1.0,0.4358323812484741,3.6062155572835763e-07,0.2278537154197693,0.3363135755062103,-1.8113869992280411,0.004888810786180198,1.6076329882229092,1.5998118109855048,0.007821177237404386,0.5957969427108765
2206,2016-10-04 00:00:00,0.006105212494730949,0.007078760303556919,-0.5726767590078272,1.0,0.43320146203041077,3.567396902326436e-07,0.23106083273887634,0.335737407207489,-1.4501189457535446,0.005225880593731302,1.6160342862579056,1.6076329882229092,0.00840129803499634,0.5947875380516052
2207,2016-10-05 00:00:00,0.0037726506125181913,0.007222171872854233,2.198314924534801,1.0,0.4337522089481354,3.5685320654010866e-07,0.228718101978302,0.33752933144569397,0.03400147156419506,0.001300841822656551,1.6181364912443168,1.6160342862579056,0.002102204986411227,0.5952973961830139
2208,2016-10-06 00:00:00,0.0011641739401966333,0.006909447256475687,3.3998577680139053,1.0,0.43538153171539307,3.571860247575387e-07,0.22564247250556946,0.3389756977558136,-0.5363478359805264,-0.0008521275669801653,1.6167576325329909,1.6181364912443168,-0.0013788587113259254,0.5961343050003052
2209,2016-10-07 00:00:00,-0.005858854856342077,0.007240162696689367,-7.68100612277591,1.0,0.4317573308944702,3.530499270709697e-07,0.22842121124267578,0.33982107043266296,-0.4982006816793373,-0.0026045674096735194,1.6125466782939546,1.6167576325329909,-0.00421095423903628,0.5950369834899902
2210,2016-10-10 00:00:00,-0.002740866970270872,0.00717062596231699,-1.477200998485325,1.0,0.4335223138332367,3.5707230949810764e-07,0.2316483110189438,0.33482906222343445,-1.838221863769195,-0.0009630299403827758,1.6109937475624927,1.6125466782939546,-0.001552930731461899,0.5947377681732178
2211,2016-10-13 00:00:00,0.0005190342199057341,0.0066526709124445915,-3.428074588733655,1.0,0.43212077021598816,3.567687372196815e-07,0.22702181339263916,0.34085702896118164,-0.4204342429081347,-0.0006657876399323026,1.6099211678373573,1.6109937475624927,-0.001072579725135414,0.5953576564788818
2212,2016-10-14 00:00:00,-0.0018695397302508354,0.006540835369378328,-14.634373598692603,1.0,0.4350249171257019,3.5823725852424104e-07,0.22471703588962555,0.3402577340602875,0.5200455332760907,0.0012248867909001593,1.6118931390102318,1.6099211678373573,0.0019719711728745093,0.5962547659873962
2213,2016-10-17 00:00:00,0.0004742658929899335,0.006116635166108608,8.200933711348021,1.0,0.43356451392173767,3.576750202682888e-07,0.2271592766046524,0.33927586674690247,-0.489661577234784,-0.004195990965540353,1.6051296499615284,1.6118931390102318,-0.006763489048703386,0.5955565571784973
2214,2016-10-18 00:00:00,-0.004809345118701458,0.006201263051480055,4.587631404322067,1.0,0.4332764744758606,3.595031046188524e-07,0.22934554517269135,0.3373776078224182,-0.622613479462123,0.005473656977196484,1.6139155790693454,1.6051296499615284,0.008785929107816948,0.595106303691864
2215,2016-10-19 00:00:00,0.006271254271268845,0.006456144154071808,-2.564459581583043,1.0,0.4362158179283142,3.5431307310318516e-07,0.22678077220916748,0.33700308203697205,0.32219347479664007,-0.0008289778093985012,1.6125776788680544,1.6139155790693454,-0.0013379002012909869,0.5960577726364136
2216,2016-10-20 00:00:00,-0.0001506690459791571,0.006431585643440485,0.1269256537768987,1.0,0.43173715472221375,3.548699680777645e-07,0.2305363118648529,0.3377261459827423,0.15732830776213805,-0.0028621102081347605,1.607962303831956,1.6125776788680544,-0.004615375036098435,0.5946452021598816
2217,2016-10-21 00:00:00,-0.00021461627329699695,0.006509971339255571,-1.9671661736460575,1.0,0.43425992131233215,3.575450193693541e-07,0.23031486570835114,0.33542487025260925,-0.798406174048411,-0.00229678633980257,1.6042691579775972,1.607962303831956,-0.003693145854358759,0.5950936079025269
2218,2016-10-24 00:00:00,-0.0040671671740710735,0.0066192965023219585,1.620949433757521,1.0,0.4325084388256073,3.58469435468578e-07,0.2260017693042755,0.34148943424224854,-1.3338458944043472,0.005958109871606609,1.6138275698844575,1.6042691579775972,0.009558411906860353,0.595613420009613
2219,2016-10-25 00:00:00,0.004272316116839647,0.0068678660318255424,-4.500976681122499,1.0,0.4329730272293091,3.5553091493056854e-07,0.2280714213848114,0.33895519375801086,-0.14175000301798302,-0.0030503338964057436,1.6089048569450848,1.6138275698844575,-0.004922712939372742,0.5952922105789185
2220,2016-10-26 00:00:00,-0.0026482981629669666,0.006884478498250246,1.3319912345244425,1.0,0.4328732490539551,3.5775894957623677e-07,0.2281186878681183,0.33900773525238037,-0.8353172563218125,-0.004259226333872768,1.6020521670096886,1.6089048569450848,-0.006852689935396228,0.5952677130699158
2221,2016-10-27 00:00:00,-0.004045597743242979,0.006918657571077347,2.495630589427145,1.0,0.43060803413391113,3.5659135733112635e-07,0.22811925411224365,0.34127241373062134,-1.8396409644027765,-0.0015633040172163826,1.599547672421212,1.6020521670096886,-0.002504494588476458,0.5949189066886902
2222,2016-10-28 00:00:00,-0.0020253309048712254,0.006932005751878023,3.24694748053889,1.0,0.4336010217666626,3.5594419500739605e-07,0.22677098214626312,0.33962762355804443,-1.6795434253272734,0.004523179423511436,1.6067827135400334,1.599547672421212,0.007235041118821339,0.5956356525421143
2223,2016-11-01 00:00:00,0.002581988461315632,0.006867693271487951,0.6875019566231323,1.0,0.43271973729133606,3.573910305476602e-07,0.22984640300273895,0.3374335467815399,-1.0235838206029433,-0.0008511537141793202,1.6054150944655248,1.6067827135400334,-0.0013676190745086636,0.5949261784553528
2224,2016-11-02 00:00:00,0.0007668666075915098,0.006187379825860262,7.81951917237987,1.0,0.43402767181396484,3.565251063264441e-07,0.2278197854757309,0.3381521701812744,0.8916097515855252,-0.003717326866702564,1.5994472418026582,1.6054150944655248,-0.005967852662866591,0.5955071449279785
2225,2016-11-03 00:00:00,-0.006426253356039524,0.006664143409579992,4.098447925400569,1.0,0.43166688084602356,3.5756914940066054e-07,0.22658522427082062,0.341747522354126,0.25197456074410507,0.005687890687032127,1.6085447228737066,1.5994472418026582,0.009097481071048463,0.5953726172447205
2226,2016-11-04 00:00:00,0.00680701294913888,0.00643976079300046,-0.8286518885579967,1.0,0.4360962212085724,3.561691812592471e-07,0.2289838045835495,0.33491960167884827,0.417418539935426,0.004595276691229611,1.6159364309455286,1.6085447228737066,0.00739170807182199,0.5956380367279053
2227,2016-11-07 00:00:00,0.0037191249430179596,0.006256090011447668,-3.5982934074475637,1.0,0.43363499641418457,3.5381651741772657e-07,0.2284155786037445,0.33794909715652466,0.26121985250087426,0.0012348531190087275,1.6179318750874017,1.6159364309455286,0.001995444141873026,0.595333993434906
2228,2016-11-08 00:00:00,0.001309794606640935,0.006260675843805075,-3.0371419285682255,1.0,0.4321626126766205,3.56036707671592e-07,0.22990159690380096,0.3379354178905487,0.24017022811612446,-0.006095230153464359,1.6080702079361178,1.6179318750874017,-0.009861667151283893,0.5948273539543152
2229,2016-11-09 00:00:00,-0.0024754938203841448,0.005954475607722998,-2.470206600673577,1.0,0.4328344166278839,3.5582536384026753e-07,0.22871999442577362,0.3384452760219574,-0.910503341153875,-0.0002237487442416919,1.6077104042464396,1.6080702079361178,-0.0003598036896781398,0.5951501131057739
2230,2016-11-10 00:00:00,-0.0030858004465699196,0.006077692843973637,-4.924902826489675,0.0,0.4321572184562683,3.6048984952685714e-07,0.2300477921962738,0.33779463171958923,-0.39279606990813165,0.003103550694310231,1.6127000149877884,1.6077104042464396,0.004989610741348738,0.5947999954223633
2231,2016-11-11 00:00:00,0.0018158354796469212,0.006009447854012251,-1.351205781709038,1.0,0.434187650680542,3.556524177383835e-07,0.22625838220119476,0.3395536243915558,0.5061079931350453,-0.005995473494585624,1.6030311147932113,1.6127000149877884,-0.009668900194577112,0.5958258509635925
2232,2016-11-15 00:00:00,-0.006143786944448948,0.006286302115768194,4.250567736056717,1.0,0.4310664236545563,3.570615376702335e-07,0.22754080593585968,0.341392457485199,-0.6101708409200725,-0.009355724084577743,1.5880335979842128,1.6030311147932113,-0.014997516808998412,0.5950981974601746
2233,2016-11-16 00:00:00,-0.0062432726845145226,0.0075561474077403545,4.3627228516853895,1.0,0.4340815544128418,3.5870075976163207e-07,0.22911371290683746,0.3368043899536133,-2.4237980022242533,0.0031603726155100542,1.593052375879792,1.5880335979842128,0.005018777895579252,0.5952789783477783
2234,2016-11-17 00:00:00,0.001943105598911643,0.0075010270811617374,5.828698259022367,1.0,0.4329586923122406,3.5981079804514593e-07,0.22970439493656158,0.33733657002449036,-1.0798203684861079,-0.0036207462301691695,1.5872843374953634,1.593052375879792,-0.005768038384428742,0.5949901342391968
2235,2016-11-18 00:00:00,-0.0023412536829710007,0.00734381889924407,2.6350795393539856,1.0,0.4349728226661682,3.591328550101025e-07,0.23035204410552979,0.33467480540275574,-2.846785884430133,0.0035851535522839484,1.5929749955764194,1.5872843374953634,0.005690658081056066,0.5952063798904419
2236,2016-11-21 00:00:00,0.001645767129957676,0.007379632908850908,2.9995415752531525,1.0,0.43689480423927307,3.57494428726568e-07,0.22675567865371704,0.3363491892814636,-1.9450694062121563,-0.004746569982616133,1.5854138282793584,1.5929749955764194,-0.007561167297061022,0.5961761474609375
2237,2016-11-22 00:00:00,-0.0038985861465334892,0.007548785302788019,1.919050936400473,1.0,0.43342432379722595,3.561691528375377e-07,0.2312268763780594,0.3353484570980072,-2.2585926982503577,-0.0030382545040470443,1.5805969375748101,1.5854138282793584,-0.004816890704548271,0.5947949886322021
2238,2016-11-23 00:00:00,0.0013487350661307573,0.007654946763068438,0.39693341767663676,1.0,0.4379037618637085,3.5864846381628013e-07,0.23186293244361877,0.33023300766944885,-2.3213996292852705,-0.0005253688129892575,1.579766541237902,1.5805969375748101,-0.000830396336908068,0.5954611301422119
2239,2016-11-24 00:00:00,0.0014762890059500933,0.007386175449937582,0.44451377326947356,1.0,0.43411386013031006,3.5567524037105613e-07,0.22977055609226227,0.3361152112483978,-3.803259283630739,0.0007097549477395049,1.580887788356819,1.579766541237902,0.0011212471189170348,0.5951661467552185
2240,2016-11-25 00:00:00,-0.00041542903636582196,0.007400342728942633,-0.04582065242159378,1.0,0.43324583768844604,3.565174893083167e-07,0.23053297400474548,0.3362208604812622,-3.0806805098488526,0.005417444797630067,1.5894521606814895,1.580887788356819,0.008564372324670444,0.5948881506919861
2241,2016-11-28 00:00:00,0.006518429610878229,0.007710757199674845,-6.44374729650624,1.0,0.43506741523742676,3.595540931655705e-07,0.2289120852947235,0.3360201418399811,-1.1371373487073413,0.0014351450163445634,1.5917332550286096,1.5894521606814895,0.002281094347120094,0.5954778790473938
2242,2016-11-29 00:00:00,0.001960505498573184,0.007733787875622511,50.42283762243291,1.0,0.4324042797088623,3.560952848147281e-07,0.23091280460357666,0.33668258786201477,-0.5880235402648092,0.004831704990101882,1.5994240405398426,1.5917332550286096,0.007690785511232923,0.5946842432022095
2243,2016-11-30 00:00:00,0.004779248498380184,0.00792901124805212,18.71134701506005,1.0,0.4365891218185425,3.5490873528942757e-07,0.22713236510753632,0.33627817034721375,-0.5091554823368322,0.0014389103021501537,1.6017254682692819,1.5994240405398426,0.0023014277294393093,0.5960555076599121
2244,2016-12-01 00:00:00,0.003040576120838523,0.007981744594871998,11.909335899052484,1.0,0.43263646960258484,3.536642623203079e-07,0.22864875197410583,0.3387144207954407,-0.10861952312796763,0.005159566988955477,1.6099896781207332,1.6017254682692819,0.008264209851451376,0.5951319336891174
2245,2016-12-02 00:00:00,0.0047963643446564674,0.007640080526471138,5.096250699036548,1.0,0.4360344111919403,3.567432997897413e-07,0.2277219444513321,0.33624330163002014,1.5554765725569568,-0.004467343529534373,1.6027973011495635,1.6099896781207332,-0.0071923769711697005,0.5958546996116638
2246,2016-12-05 00:00:00,-0.003994710277765989,0.007635227404534817,7.354160371494707,1.0,0.4326372742652893,3.5613908266896033e-07,0.22720810770988464,0.3401542603969574,-0.3561354118665596,-0.0009635375491713338,1.6012529457661955,1.6027973011495635,-0.0015443553833680568,0.59540194272995
2247,2016-12-06 00:00:00,0.0004224677395541221,0.007611722219735384,14.711665508698797,1.0,0.4360902011394501,3.5667503084368946e-07,0.2296500951051712,0.33425936102867126,-1.4169334112472218,-0.0031346516372967592,1.5962335755980233,1.6012529457661955,-0.005019370168172221,0.5955192446708679
2248,2016-12-07 00:00:00,-0.0023879623040556908,0.007675928995013237,-6.059994892443678,1.0,0.43590423464775085,3.5387839147915656e-07,0.2277909368276596,0.33630454540252686,-2.257717739052558,-0.0015335101449527322,1.5937857352161295,1.5962335755980233,-0.0024478403818937178,0.595820426940918
2249,2016-12-08 00:00:00,-0.003084012074396014,0.007610113359987736,9.198015672861045,1.0,0.4333754777908325,3.568164288481057e-07,0.23143282532691956,0.3351913392543793,-1.4554277303123644,0.008211222921697292,1.6068726651774103,1.5937857352161295,0.013086929961280802,0.5947509407997131
2250,2016-12-09 00:00:00,0.006584172137081623,0.008004837669432163,-1.25790370593547,1.0,0.4361753761768341,3.526443208556884e-07,0.22953258454799652,0.3342917263507843,0.2597238011086312,0.0008496109294893195,1.6082378817560428,1.6068726651774103,0.0013652165786324222,0.5955544710159302
2251,2016-12-12 00:00:00,0.00029902064125053585,0.007984356954693794,1.1631617769704312,1.0,0.43296483159065247,3.5552270105654316e-07,0.23301158845424652,0.33402326703071594,-0.1700204684561341,0.0007998454926498866,1.609524223576874,1.6082378817560428,0.001286341820831316,0.5944110751152039
2252,2016-12-13 00:00:00,-0.002752333879470825,0.007739689666777849,-0.5531900979025146,1.0,0.4354315400123596,3.550044027633703e-07,0.22843018174171448,0.33613789081573486,1.1244852346599228,0.0026476146073544093,1.613785623422107,1.609524223576874,0.004261399845232994,0.5956254005432129
2253,2016-12-14 00:00:00,0.0032767881639301777,0.006479352246969938,0.899942498092441,1.0,0.43195638060569763,3.567736825971224e-07,0.2284352332353592,0.3396080434322357,3.898460287761846,-0.0023705180569764117,1.609960115461696,1.613785623422107,-0.0038255079604110342,0.5950652360916138
2254,2016-12-15 00:00:00,-0.005815873853862286,0.006764201447367668,0.5556702487348943,1.0,0.43313923478126526,3.56370975396203e-07,0.22701139748096466,0.3398490250110626,2.644974448096036,-0.006440377610366421,1.5995913643804935,1.609960115461696,-0.010368751081202499,0.5955175161361694
2255,2016-12-16 00:00:00,-0.000439976342022419,0.006992038805037737,-1.6264986720342838,1.0,0.43342527747154236,3.565825466012029e-07,0.22608496248722076,0.3404894173145294,1.9301997588453332,-0.00016278662238045083,1.599330972305097,1.5995913643804935,-0.00026039207539652054,0.59573894739151
2256,2016-12-19 00:00:00,0.0020547364838421345,0.007015216629952192,-1.0681249642790818,1.0,0.4311201274394989,3.5953877386418753e-07,0.22931374609470367,0.33956578373908997,1.152677869314558,-0.0003153846212059497,1.5988265679122136,1.599330972305097,-0.0005044043928834618,0.594772458076477
2257,2016-12-20 00:00:00,-0.0003508177469484508,0.006739374715834856,-0.2945513526194892,1.0,0.43458378314971924,3.571395836843294e-07,0.22552743554115295,0.33988845348358154,2.2087501236536666,-0.004099944680474699,1.5922714674301002,1.5988265679122136,-0.006555100482113385,0.5960283875465393
2258,2016-12-21 00:00:00,-0.0029286646749824286,0.006607887335121632,-2.294834204785034,1.0,0.4318752586841583,3.5801701869786484e-07,0.22851869463920593,0.33960574865341187,1.9372331941337362,-0.008617684097086076,1.578549774926984,1.5922714674301002,-0.013721692503116278,0.595037043094635
2259,2016-12-22 00:00:00,-0.005651057697832584,0.00708469795063138,-4.950058751747896,1.0,0.43431371450424194,3.573020421754336e-07,0.22819913923740387,0.3374868333339691,0.15387674223921574,-0.003894324369346336,1.5724023900702595,1.578549774926984,-0.006147384856724392,0.5954834818840027
2260,2016-12-23 00:00:00,-0.004242870025336742,0.007150720339268446,-21.338659858826514,1.0,0.4338826835155487,3.561695507414697e-07,0.22788740694522858,0.33822959661483765,-0.7222400079447152,6.142208119075399e-05,1.572498970297527,1.5724023900702595,9.658022726743987e-05,0.5954713225364685
2261,2016-12-26 00:00:00,0.000528377597220242,0.006746641360223293,12.949932540436992,1.0,0.4352734684944153,3.574448612653214e-07,0.2284902036190033,0.33623600006103516,-1.858786640319521,-0.0005625516250981066,1.571614358446321,1.572498970297527,-0.0008846118512060297,0.5955883264541626
2262,2016-12-27 00:00:00,-0.0011334214359521866,0.006732648704200983,7.673208269761322,1.0,0.4351215362548828,3.6123023505751917e-07,0.22728261351585388,0.33759549260139465,-2.2740986846014697,0.007871910353448808,1.5839859657862032,1.571614358446321,0.012371607339882296,0.5957842469215393
2263,2016-12-28 00:00:00,0.006890247575938702,0.007050496060401201,2.952674820743049,1.0,0.43642014265060425,3.577223424144904e-07,0.22592519223690033,0.33765432238578796,-1.5475753752174788,-0.002616001354299624,1.579842256354515,1.5839859657862032,-0.004143709431688292,0.5962509512901306
2264,2016-12-29 00:00:00,-0.0014623464085161686,0.007006768137216568,-0.24702207738460497,1.0,0.432661235332489,3.5696930922313186e-07,0.2306293249130249,0.3367091119289398,-2.3135430891180535,0.005181617850396503,1.5880283951908523,1.579842256354515,0.008186138836337342,0.5947761535644531
2265,2016-12-30 00:00:00,0.002064008731395006,0.007075221743434668,-2.272137899657035,1.0,0.4349934756755829,3.584716523619136e-07,0.22921070456504822,0.33579543232917786,-2.3071647582787618,0.005130230210419029,1.5961753464388637,1.5880283951908523,0.008146951248011458,0.595412015914917
2266,2017-01-02 00:00:00,0.004610755480825901,0.007328697480261326,-12.470144713322782,1.0,0.4324731230735779,3.5092264738523227e-07,0.22582867741584778,0.3416978716850281,-0.44414923544363616,-0.005203299305935549,1.587869968366587,1.5961753464388637,-0.008305378072276826,0.5956416726112366
2267,2017-01-03 00:00:00,-0.0034686040598899126,0.007478354964405298,-4.660991581028732,1.0,0.43388599157333374,3.5894407801606576e-07,0.22811506688594818,0.3379985988140106,-1.188818542266459,0.0015765095140476415,1.5903732604787872,1.587869968366587,0.0025032921122003504,0.5954297780990601
2268,2017-01-04 00:00:00,0.0012859207345172763,0.007431394420564175,-3.2440420543864477,1.0,0.43429863452911377,3.570914373085543e-07,0.22636954486370087,0.3393314778804779,-0.33700258535849836,-0.0031723210839719185,1.5853280858531853,1.5903732604787872,-0.005045174625601945,0.5958223342895508
2269,2017-01-05 00:00:00,-0.001986544579267502,0.007404537405818701,-3.7987358009871888,1.0,0.43059971928596497,3.5566134215514467e-07,0.2289889007806778,0.3404110372066498,-0.6053225469241499,-0.0012139990913158094,1.583403498997522,1.5853280858531853,-0.0019245868556632129,0.5947535037994385
2270,2017-01-06 00:00:00,0.001525920000858605,0.007055694703012705,-1.0225103772207809,1.0,0.4353258013725281,3.5652161045618413e-07,0.2279718667268753,0.33670198917388916,-2.647518273638036,0.00013249725221520237,1.5836132956102873,1.583403498997522,0.00020979661276521178,0.5956911444664001
2271,2017-01-09 00:00:00,-0.0007870311383157969,0.007051957305520773,1.562336541895597,1.0,0.43263646960258484,3.551610916474601e-07,0.22772999107837677,0.33963319659233093,-2.7702454318656873,-0.0010297834873546075,1.5819825167881125,1.5836132956102873,-0.001630778822174772,0.5953032374382019
2272,2017-01-10 00:00:00,-0.0006027683848515153,0.0069409883581101894,0.3404201514676514,1.0,0.4347900152206421,3.561176527000498e-07,0.22903528809547424,0.3361743986606598,-3.1844017095121595,0.0016045014670633684,1.5845208100571677,1.5819825167881125,0.002538293269055192,0.5954097509384155
2273,2017-01-11 00:00:00,0.002650350332260132,0.00694128917530179,-0.4407635507087311,1.0,0.4346134066581726,3.571874458430102e-07,0.2311359941959381,0.33425024151802063,-3.452723400082571,0.003048152376962765,1.5893506709306904,1.5845208100571677,0.004829860873522662,0.5950091481208801
2274,2017-01-12 00:00:00,0.002598767401650548,0.006784772966057062,18.647229984485005,1.0,0.4321373999118805,3.557491652372846e-07,0.23084378242492676,0.3370184600353241,-2.256355294088707,-0.00048330281276220965,1.588582533280964,1.5893506709306904,-0.0007681376497263859,0.5946537256240845
2275,2017-01-13 00:00:00,0.00012084946502000093,0.006397922523319721,9.27773649830873,1.0,0.434225469827652,3.558398304903676e-07,0.22652050852775574,0.33925366401672363,-1.1325493145538887,-0.0032655782857080595,1.5833948926552266,1.588582533280964,-0.0051876406257374,0.5957821011543274
2276,2017-01-16 00:00:00,-0.002496772911399603,0.0063989548943936825,-3.2028560247565396,1.0,0.43043410778045654,3.5889715377379616e-07,0.22958803176879883,0.3399774730205536,-1.7412771150862134,0.00355844931331184,1.5890293231236972,1.5833948926552266,0.005634430468470564,0.5946165919303894
2277,2017-01-17 00:00:00,0.004806868266314268,0.006487421225756407,13.229030105331535,1.0,0.43238839507102966,3.5463071412777936e-07,0.2297167032957077,0.33789461851119995,-0.9259469070672766,-0.0005836271899447576,1.5881019224051027,1.5890293231236972,-0.0009274007185944289,0.5948968529701233
2278,2017-01-18 00:00:00,-0.0009698993526399136,0.006582336034625769,3.793375186034455,1.0,0.4306003749370575,3.582605074825551e-07,0.22864797711372375,0.3407513499259949,-0.21469065548829586,0.00011061767418629742,1.58827759454613,1.5881019224051027,0.00017567214102731654,0.5948176980018616
2279,2017-01-19 00:00:00,0.0026783570647239685,0.006190116982907057,1.313015673452849,1.0,0.43410664796829224,3.539412318787072e-07,0.2271578460931778,0.3387352228164673,1.8061304999810863,0.002734466072776387,1.5926206857425673,1.58827759454613,0.0043430911964372765,0.595643162727356
2280,2017-01-20 00:00:00,0.0020029819570481777,0.00608529569581151,1.2773579963424047,1.0,0.4313265383243561,3.5576510981627507e-07,0.22793224453926086,0.3407408893108368,3.531778454852433,-0.004769750828025776,1.5850242819080158,1.5926206857425673,-0.007596403834551513,0.5950630903244019
2281,2017-01-23 00:00:00,-0.00572675745934248,0.0067405663430690765,0.8861305713353838,1.0,0.4323979318141937,3.5980073676000757e-07,0.22806544601917267,0.33953627943992615,2.1976084543978436,-0.0010202809288952785,1.583407111861349,1.5850242819080158,-0.0016171700466667271,0.5952030420303345
2282,2017-01-24 00:00:00,0.00011120976705569774,0.006735487841069698,-0.5500930148550922,1.0,0.4349355101585388,3.5529143360690796e-07,0.22534099221229553,0.3397231698036194,2.1033808809901227,0.0079130765208697,1.5959367335011971,1.583407111861349,0.012529621639848054,0.5961202383041382
2283,2017-01-25 00:00:00,0.005409477278590202,0.006484821904450655,1.4477285010003913,1.0,0.431506484746933,3.556688739081437e-07,0.22977803647518158,0.338715136051178,2.0809990710124584,0.0011629129007664218,1.5977926689173927,1.5959367335011971,0.0018559354161955532,0.5947467684745789
2284,2017-01-27 00:00:00,0.0028407881036400795,0.006504916585981846,1.1129538564315915,0.0,0.4355071485042572,3.549696430127369e-07,0.22573375701904297,0.33875876665115356,3.0425260721893905,0.00046267839439684266,1.5985319330640264,1.5977926689173927,0.0007392641466337224,0.5961373448371887
2285,2017-01-30 00:00:00,-0.0033332270104438066,0.006522912997752428,-0.24789936618846278,0.0,0.4327149987220764,3.566401289845089e-07,0.2254403680562973,0.3418442904949188,1.9975480161535106,0.0013104004370985134,1.6006266500078294,1.5985319330640264,0.002094716943803032,0.5957542061805725
2286,2017-01-31 00:00:00,0.0010064032394438982,0.006134788040071726,3.1485870447148847,0.0,0.4345511198043823,3.566139241684141e-07,0.22803540527820587,0.3374131917953491,1.054274023675831,-0.003453624049083781,1.595098687315758,1.6006266500078294,-0.005527962692071453,0.5955522656440735
2287,2017-02-01 00:00:00,-0.003333129920065403,0.005967570003122091,1.3280310451260648,1.0,0.4335586428642273,3.5567984468798386e-07,0.22794044017791748,0.33850058913230896,1.576483751352867,0.003743375475674826,1.601069740623137,1.595098687315758,0.005971053307378904,0.5954095125198364
2288,2017-02-02 00:00:00,0.0026516348589211702,0.00625087134540081,-0.07309615455475763,1.0,0.43410229682922363,3.5444216450741806e-07,0.22678233683109283,0.3391150236129761,2.1271452860829836,-0.0016018791230160145,1.59850502043114,1.601069740623137,-0.0025647201919969387,0.5957130193710327
2289,2017-02-03 00:00:00,-0.0013681660639122128,0.006225265096873045,-1.7888655388244223,0.0,0.4347229301929474,3.56348522245753e-07,0.22431974112987518,0.34095701575279236,2.630601552896593,0.005768346782138778,1.6077257517219765,1.59850502043114,0.009220731290836559,0.5962843894958496
2290,2017-02-06 00:00:00,0.0034556868486106396,0.006124681327491999,0.8236482055569487,1.0,0.4338594973087311,3.5776201912085526e-07,0.22802260518074036,0.3381175100803375,4.3007594976228205,0.008480899530587838,1.6213607122950695,1.6077257517219765,0.013634960573092991,0.595442533493042
2291,2017-02-07 00:00:00,0.0066205356270074844,0.00651747640222311,1.678899452760871,1.0,0.4326946437358856,3.546803952758637e-07,0.2286350280046463,0.3386699855327606,5.709782367973172,0.0018872415594222147,1.624420611614127,1.6213607122950695,0.0030598993190575907,0.5951436758041382
2292,2017-02-08 00:00:00,-0.0009781746193766594,0.006589781492948532,2.2149619548531914,1.0,0.4325004816055298,3.5540705312087084e-07,0.22674503922462463,0.3407541513442993,6.437972530329149,0.001983325710611661,1.627642366777989,1.624420611614127,0.003221755163861806,0.595469057559967
2293,2017-02-09 00:00:00,0.0019996133632957935,0.006466319318860769,2.1504922275749587,1.0,0.4336087107658386,3.5238286955063813e-07,0.2259625345468521,0.3404284715652466,6.516500902352403,-0.0018621177688376012,1.6246115050054988,1.627642366777989,-0.0030308617724901232,0.5957911610603333
2294,2017-02-10 00:00:00,0.0008507953025400639,0.006432163994759321,2.923299442875171,1.0,0.4319816529750824,3.5595550684774935e-07,0.2273881733417511,0.34062984585762024,5.302095756462806,0.00020954772438241953,1.6249519386493783,1.6246115050054988,0.0003404336438794786,0.5952665209770203
2295,2017-02-13 00:00:00,0.0005673144478350878,0.00643065245822072,2.157709892500924,1.0,0.4340440034866333,3.581376404326875e-07,0.2268310934305191,0.3391245901584625,5.489534578330022,0.002149387725639551,1.6284445904010654,1.6249519386493783,0.0034926517516871147,0.5956946015357971
2296,2017-02-14 00:00:00,0.002982456935569644,0.00636664405465126,0.9736499198394399,1.0,0.4325070381164551,3.5620334415398247e-07,0.22629527747631073,0.34119734168052673,7.011220905528488,0.0008989307612390363,1.6299084493363503,1.6284445904010654,0.0014638589352848896,0.5955564975738525
2297,2017-02-15 00:00:00,0.00223808572627604,0.006310051307082176,1.7534122822373486,1.0,0.43175873160362244,3.565414203876571e-07,0.22923776507377625,0.33900320529937744,6.452736466796847,0.0009543648278313999,1.6314639766329821,1.6299084493363503,0.0015555272966318867,0.5948854684829712
2298,2017-02-16 00:00:00,0.002089397981762886,0.0061838943511247635,1.533558725912939,1.0,0.432671457529068,3.567300268514373e-07,0.22680410742759705,0.3405241072177887,6.885888279133445,0.004606443149979489,1.6389792226925815,1.6314639766329821,0.007515246059599301,0.5954841375350952
2299,2017-02-17 00:00:00,0.0064333719201385975,0.006269411649554968,2.1584249545917897,1.0,0.4307888150215149,3.543495665780938e-07,0.22953547537326813,0.3396753668785095,7.8416311342798855,-0.0025327585433785327,1.634828084063887,1.6389792226925815,-0.0041511386286945395,0.5946804881095886
2300,2017-02-20 00:00:00,-0.002033428056165576,0.0063245706260204315,2.083230327932807,1.0,0.43125927448272705,3.5602553793978586e-07,0.22983482480049133,0.33890557289123535,6.386804094445289,0.006010605511020062,1.6446543907555318,1.634828084063887,0.00982630669164486,0.594697892665863
2301,2017-02-21 00:00:00,0.003505209693685174,0.005788019858300686,1.5427690233364668,1.0,0.4303950369358063,3.563810651030508e-07,0.2266840636730194,0.34292057156562805,9.303097686772468,-0.002662623774575046,1.640275294873747,1.6446543907555318,-0.004379095881784867,0.595163881778717
2302,2017-02-22 00:00:00,-0.00016105256509035826,0.005804189946502447,1.2509301827819153,1.0,0.43092137575149536,3.5587930824476643e-07,0.22625672817230225,0.34282156825065613,8.669873919867149,-0.0013275509146730702,1.6380977459057215,1.640275294873747,-0.0021775489680253557,0.5953250527381897
2303,2017-02-23 00:00:00,0.0006019339198246598,0.005441793240606785,1.2533348793011572,1.0,0.43250352144241333,3.5797344821730803e-07,0.22542764246463776,0.34206846356391907,6.973380326638387,0.00203300142635654,1.6414280009596594,1.6380977459057215,0.003330255053937803,0.5957245826721191
2304,2017-02-27 00:00:00,0.002593155251815915,0.005364797543734312,0.6829943334876355,1.0,0.4305571913719177,3.5440402257336245e-07,0.22655899822711945,0.34288346767425537,7.197627880491374,0.00472244837148228,1.6491795599496968,1.6414280009596594,0.007751558990037433,0.5952121615409851
2305,2017-02-28 00:00:00,0.006311628036201,0.005240991711616516,1.426548634498036,1.0,0.43200525641441345,3.5631165928862174e-07,0.22805844247341156,0.3399359881877899,8.075466072362437,0.007302772510443978,1.6612231431048836,1.6491795599496968,0.012043583155186832,0.5951433777809143
2306,2017-03-01 00:00:00,0.005365115124732256,0.005770196672528982,1.4567948201659033,1.0,0.4323979318141937,3.5366562656236056e-07,0.22525325417518616,0.3423484265804291,8.924913244777903,0.005893275782958618,1.671013189224234,1.6612231431048836,0.009790046119350304,0.5957427620887756
2307,2017-03-02 00:00:00,0.0055002085864543915,0.005744543392211199,1.655404681433998,1.0,0.4309287667274475,3.52340663312134e-07,0.2268681675195694,0.34220272302627563,11.486777998431512,-0.0024600249385233752,1.6669024551061409,1.671013189224234,-0.00411073411809304,0.5952070951461792
2308,2017-03-03 00:00:00,-0.0033159605227410793,0.005624859593808651,1.5214920171831643,1.0,0.433614045381546,3.551621148289996e-07,0.22575367987155914,0.34063196182250977,9.58083766290176,0.0012823902986502933,1.6690400746433653,1.6669024551061409,0.0021376195372244666,0.5958321690559387
2309,2017-03-06 00:00:00,0.004220923874527216,0.005680249538272619,1.4806974301381157,1.0,0.4333594739437103,3.537880104431679e-07,0.22501344978809357,0.34162673354148865,10.53379359674274,0.0062253624630783655,1.6794304540734237,1.6690400746433653,0.010390379430058383,0.5959364771842957
2310,2017-03-07 00:00:00,0.004087822511792183,0.005732882302254438,1.2820034041025234,1.0,0.4326707422733307,3.533675680955639e-07,0.2250634878873825,0.34226539731025696,10.559457720522566,0.0006992366838847186,1.680604773454945,1.6794304540734237,0.0011743193815212383,0.5958213806152344
2311,2017-03-08 00:00:00,-0.0003261829260736704,0.005417075473815203,0.9561465909608002,1.0,0.432649701833725,3.565583881481871e-07,0.22564421594142914,0.34170570969581604,9.608141134699414,0.006273844030387998,1.6911486256803268,1.680604773454945,0.010543852225381789,0.5957045555114746
2312,2017-03-09 00:00:00,0.003628044854849577,0.005413810256868601,0.7038510255680177,1.0,0.4329130947589874,3.5516745811037254e-07,0.2261945754289627,0.3408919870853424,10.247346957549034,-4.7485227490096094e-05,1.6910683211031168,1.6911486256803268,-8.030457720997752e-05,0.5956383943557739
2313,2017-03-10 00:00:00,-0.0010897389147430658,0.005487852264195681,0.9553722413972658,1.0,0.4317896068096161,3.547923768110195e-07,0.22746244072914124,0.3407476246356964,9.657025716991907,0.0032734144450443647,1.6966038885729726,1.6910683211031168,0.00553556746985584,0.5952230095863342
2314,2017-03-14 00:00:00,0.0011231249663978815,0.0054318103939294815,0.6699276154127254,1.0,0.43306538462638855,3.5448030644147366e-07,0.22720123827457428,0.3397330045700073,11.287708001966507,0.005439201830342633,1.7058320595490652,1.6966038885729726,0.009228170976092631,0.5954700112342834
2315,2017-03-15 00:00:00,0.00430000014603138,0.005903730168938637,0.6355513711485538,1.0,0.4328327476978302,3.5130008768646803e-07,0.2250872701406479,0.34207969903945923,12.44021308331219,0.0003354449824002348,1.7064042723542585,1.7058320595490652,0.0005722128051932618,0.5958414077758789
2316,2017-03-16 00:00:00,-0.0014842863893136382,0.006012951023876667,0.5944028894096528,1.0,0.4309517443180084,3.5638035456031503e-07,0.2269265353679657,0.3421213924884796,11.875240323083691,0.002286814513182245,1.7103065024096344,1.7064042723542585,0.0039022300553759326,0.5951991677284241
2317,2017-03-17 00:00:00,0.001650840975344181,0.0062689571641385555,0.41859599004431297,1.0,0.4336707293987274,3.560406298674934e-07,0.2239800989627838,0.34234878420829773,12.258590798669742,0.00031045391598527594,1.7108374737608425,1.7103065024096344,0.0005309713512080538,0.596187949180603
2318,2017-03-20 00:00:00,0.002695889677852392,0.006394184660166502,0.760025079654586,1.0,0.4312213063240051,3.555720127224049e-07,0.2258070856332779,0.3429713249206543,12.039145848237263,-0.0027952342478232417,1.7060552822617268,1.7108374737608425,-0.00478219149911574,0.5954577922821045
2319,2017-03-21 00:00:00,-0.0006266770651564002,0.0063042049296200275,0.7153317426826151,1.0,0.43220391869544983,3.569991804397432e-07,0.22515179216861725,0.3426438868045807,9.77414378123383,-0.003242437168110013,1.700523505203671,1.7060552822617268,-0.005531777058055853,0.5957334637641907
2320,2017-03-22 00:00:00,-0.0009568155510351062,0.006346504669636488,0.1359740823563626,1.0,0.4292382299900055,3.5520952224032953e-07,0.22577162086963654,0.3449898064136505,9.490302483719196,-0.0032475663535248556,1.6950009422847934,1.700523505203671,-0.005522562918877538,0.5951774716377258
2321,2017-03-23 00:00:00,-0.0010954579338431358,0.006237760651856661,0.2020161194351033,1.0,0.43071019649505615,3.584613637030998e-07,0.22763864696025848,0.3416507840156555,7.234465016230853,0.005384537634514519,1.7041277386490634,1.6950009422847934,0.009126796364270051,0.5950259566307068
2322,2017-03-24 00:00:00,0.007085087709128857,0.006384597159922123,0.7054610704968816,1.0,0.4328319728374481,3.5612322335509816e-07,0.2263086885213852,0.3408590257167816,9.181243356773066,0.0014371917008495494,1.7065768968922375,1.7041277386490634,0.0024491582431740433,0.595603883266449
2323,2017-03-27 00:00:00,-0.0014147766632959247,0.006515535991638899,0.3128044033070835,1.0,0.4306877553462982,3.556950503025291e-07,0.2272808849811554,0.3420310616493225,10.06082936162402,0.0009656001699076544,1.7082247678338371,1.7065768968922375,0.0016478709415996828,0.5950914025306702
2324,2017-03-28 00:00:00,-0.0012364503927528858,0.006648666691035032,0.27674739142422283,1.0,0.4338608682155609,3.555224452611583e-07,0.22565209865570068,0.34048664569854736,9.772107415274935,0.0023693153590005345,1.712272091012891,1.7082247678338371,0.004047323179053874,0.5958903431892395
2325,2017-03-29 00:00:00,0.0007777177379466593,0.006527118384838104,0.569929479947062,1.0,0.433133602142334,3.540910711308243e-07,0.22494764626026154,0.3419184386730194,9.377103064127885,0.0011793546190386195,1.714291467012478,1.712272091012891,0.002019375999587014,0.5959147214889526
2326,2017-03-30 00:00:00,0.0006235584150999784,0.006175203714519739,0.9665994667765536,0.0,0.43295907974243164,3.5444776358417585e-07,0.22629868984222412,0.3407418429851532,8.5005789909919,-0.0025920606659475265,1.7098479195308656,1.714291467012478,-0.004443547481612464,0.5956254005432129
2327,2017-03-31 00:00:00,-0.0018245588289573789,0.006079768296331167,-0.7310555282550435,0.0,0.4321134388446808,3.584115404464683e-07,0.22543418407440186,0.3424520790576935,6.374436814807122,-0.0037516316365695523,1.703433199982231,1.7098479195308656,-0.006414719548634595,0.5956643223762512
2328,2017-04-03 00:00:00,-0.0029929829761385918,0.006041886284947395,-1.0854801778443686,1.0,0.43204689025878906,3.589617847410409e-07,0.22416214644908905,0.34379059076309204,5.881188694478562,0.0016937379745622927,1.7063183694801711,1.703433199982231,0.0028851694979401543,0.5959070324897766
