Date,PortfolioValue
2007-09-18,1.0122032890014745
2007-09-19,1.0563017698347505
2007-09-20,1.059911610113173
2007-09-21,1.0812904560358052
2007-09-24,1.1038007392448999
2007-09-25,1.105384198453678
2007-09-26,1.1057771031995418
2007-09-27,1.1200775602010284
2007-09-28,1.12503481702632
2007-10-01,1.1363821796174656
2007-10-03,1.1702179572914972
2007-10-04,1.1697042417187493
2007-10-05,1.1642564104009308
2007-10-08,1.140189775937554
2007-10-09,1.1979599348725578
2007-10-10,1.225284149633549
2007-10-11,1.2452657066705874
2007-10-12,1.2220991908198704
2007-10-15,1.2801051405261177
2007-10-16,1.2795406463176981
2007-10-17,1.2534195547099678
2007-10-18,1.2034498410234795
2007-10-19,1.1709773845297164
2007-10-22,1.163499952330386
2007-10-23,1.2326817420480003
2007-10-24,1.2380609986633253
2007-10-25,1.2555095039149005
2007-10-26,1.2874969853231677
2007-10-29,1.3364090261245056
2007-10-30,1.327464597090274
2007-10-31,1.3351418936929116
2007-11-01,1.326908259100703
2007-11-02,1.3427798334507108
2007-11-05,1.3222849205257168
2007-11-06,1.3076559590699002
2007-11-07,1.3066581279493192
2007-11-08,1.2865576675912722
2007-11-12,1.2669445356544073
2007-11-13,1.2857354427909813
2007-11-14,1.343983408629589
2007-11-15,1.3377701550117809
2007-11-16,1.3365061736916983
2007-11-19,1.336698722392538
2007-11-20,1.306184073407028
2007-11-21,1.253330150694785
2007-11-22,1.2433305344250718
2007-11-23,1.2647223925462319
2007-11-26,1.2942576498204421
2007-11-27,1.2861969041346624
2007-11-28,1.266839336482385
2007-11-29,1.2709305117220582
2007-11-30,1.301685715942599
2007-12-03,1.326260024350956
2007-12-04,1.324660033281631
2007-12-05,1.3443038742314823
2007-12-06,1.3478436498879183
2007-12-07,1.35256393965781
2007-12-10,1.3492638654967186
2007-12-11,1.382176137058504
2007-12-12,1.3971423332857356
2007-12-13,1.3727175796858557
2007-12-14,1.3702102257677995
2007-12-17,1.304953219263504
2007-12-18,1.296613217878118
2007-12-19,1.2987394676119053
2007-12-20,1.302427715664582
2007-12-24,1.3549608499206975
2007-12-26,1.3755920185539647
2007-12-27,1.37818379411847
2007-12-28,1.3777498203950997
2007-12-31,1.3919516534154166
2008-01-01,1.3933389339158757
2008-01-02,1.4017957726622363
2008-01-03,1.4015905861114102
2008-01-04,1.4247013888476
2008-01-07,1.4258611483850419
2008-01-08,1.4279752677787458
2008-01-09,1.424145326843853
2008-01-10,1.396349744769746
2008-01-11,1.4067621248960807
2008-01-14,1.4083795322223944
2008-01-15,1.3763778589261255
2008-01-16,1.3429863214025153
2008-01-17,1.3375578144206968
2008-01-18,1.2875213155667207
2008-01-21,1.168304686504827
2008-01-22,1.0944427424621122
2008-01-23,1.1667225882054268
2008-01-24,1.1261771078688936
2008-01-25,1.209473534065722
2008-01-28,1.1833575245184185
2008-01-29,1.1849569538219706
2008-01-30,1.1579304541974802
2008-01-31,1.150742238240307
2008-02-01,1.1935932690068394
2008-02-04,1.228523928387187
2008-02-05,1.233404631476541
2008-02-06,1.1947922208190869
2008-02-07,1.1495791040512502
2008-02-08,1.146505311911356
2008-02-11,1.0837642988901857
2008-02-12,1.0793127654821437
2008-02-13,1.1009597000672149
2008-02-14,1.1657276934641139
2008-02-15,1.1897856723755806
2008-02-18,1.183578836220508
2008-02-19,1.184509544751735
2008-02-20,1.1543548877793324
2008-02-21,1.1632547788376015
2008-02-22,1.143932848669162
2008-02-25,1.1653548298039378
2008-02-26,1.1818889849645078
2008-02-27,1.1814952882114893
2008-02-28,1.1854801791453233
2008-02-29,1.1707785958570767
2008-03-03,1.1062693340152434
2008-03-04,1.0851780735244179
2008-03-05,1.0987437746020472
2008-03-07,1.0631592927689086
2008-03-10,1.0699868519179638
2008-03-11,1.0855208751662058
2008-03-12,1.0869688246970188
2008-03-13,1.028002663223417
2008-03-14,1.0569111772392568
2008-03-17,0.9994016289179849
2008-03-18,1.006462200330603
2008-03-19,1.0161362732169013
2008-03-24,1.0246221245422387
2008-03-25,1.0879194912965284
2008-03-26,1.0763737165475706
2008-03-27,1.0767057323305809
2008-03-28,1.1032100468040698
2008-03-31,1.0539249974043525
2008-04-01,1.0551210541742893
2008-04-02,1.058591266358254
2008-04-03,1.0627135633734122
2008-04-04,1.0331870480378382
2008-04-07,1.0602026566222589
2008-04-08,1.0479890139159715
2008-04-09,1.056843843382341
2008-04-10,1.053515723600971
2008-04-11,1.0641258917324512
2008-04-15,1.0882620497066327
2008-04-16,1.0900773243430997
2008-04-17,1.1069506290673645
2008-04-21,1.1256209341519716
2008-04-22,1.1285454909062564
2008-04-23,1.1222435342206873
2008-04-24,1.1167877144280087
2008-04-25,1.1433699583911348
2008-04-28,1.1381221569449038
2008-04-29,1.1633066874666602
2008-04-30,1.1562548604985945
2008-05-02,1.1710916283539663
2008-05-05,1.162523587087015
2008-05-06,1.1511840415346033
2008-05-07,1.1490055944191948
2008-05-08,1.1361981719160827
2008-05-09,1.112622680333355
2008-05-12,1.119762301328158
2008-05-13,1.106725306238958
2008-05-14,1.1195393293748377
2008-05-15,1.144139149618879
2008-05-16,1.1542417529929905
2008-05-20,1.1416813151669685
2008-05-21,1.1447032751865354
2008-05-22,1.1227604005515361
2008-05-23,1.1040047170791678
2008-05-26,1.0870255566193006
2008-05-27,1.0834075265707164
2008-05-28,1.0972956692505076
2008-05-29,1.0775811122558165
2008-05-30,1.0858329578235464
2008-06-02,1.054874645912817
2008-06-03,1.0492621930393466
2008-06-04,1.0184157679676176
2008-06-05,1.040002136177101
2008-06-06,1.0283731972976446
2008-06-09,0.9983810923055598
2008-06-10,0.9863089951239624
2008-06-11,1.0037139232862
2008-06-12,1.0074322532807425
2008-06-13,1.0021782079546324
2008-06-16,1.0152560433722895
2008-06-17,1.0342738040342736
2008-06-18,1.0175763828461195
2008-06-19,0.9991116044709183
2008-06-20,0.962128558124159
2008-06-23,0.9430204289175633
2008-06-24,0.9253113889526052
2008-06-25,0.9397700534822376
2008-06-26,0.9546301633054182
2008-06-27,0.9124557638367768
2008-06-30,0.8899015649506276
2008-07-01,0.8562037189370357
2008-07-02,0.9021658252515521
2008-07-03,0.8628630356726881
2008-07-04,0.8839691391850119
2008-07-07,0.8872479251156145
2008-07-08,0.8775382299055683
2008-07-09,0.9169949980815908
2008-07-10,0.9181920048464524
2008-07-11,0.8916215281736448
2008-07-14,0.88944251615386
2008-07-15,0.8476025328539275
2008-07-16,0.8372318532781301
2008-07-17,0.8676904480795583
2008-07-18,0.9016166464473468
2008-07-21,0.9173816357612679
2008-07-22,0.9362957544279237
2008-07-23,0.9919087505614742
2008-07-24,0.9817127045297656
2008-07-25,0.9530403089018525
2008-07-28,0.9578025817152697
2008-07-29,0.9243390770212385
2008-07-30,0.9533755008700824
2008-07-31,0.9579377739112018
2008-08-01,0.9768973300898471
2008-08-04,0.9726111845295505
2008-08-05,0.997921402103757
2008-08-06,1.0013876462950384
2008-08-07,1.002873587593347
2008-08-08,1.0042062512590741
2008-08-11,1.0256488639499823
2008-08-12,1.0095525659749647
2008-08-13,1.0040781713397355
2008-08-14,0.9808788812007295
2008-08-18,0.9720103002597972
2008-08-19,0.9661718897387608
2008-08-20,0.9773503541827364
2008-08-21,0.9462881765427519
2008-08-22,0.9565356838900239
2008-08-25,0.9583936271572114
2008-08-26,0.9588993121951008
2008-08-27,0.9482203249952068
2008-08-28,0.9298620182018431
2008-08-29,0.9641402539293102
2008-09-01,0.961469739355285
2008-09-02,0.9980152751461683
2008-09-04,0.9847534602666174
2008-09-05,0.962267802492551
2008-09-08,0.9928495382216517
2008-09-09,0.9896443716931279
2008-09-10,0.9735151184838872
2008-09-11,0.9476328116213996
2008-09-12,0.933097276087896
2008-09-15,0.8965749724000114
2008-09-16,0.8970434129674236
2008-09-17,0.8814321635692172
2008-09-18,0.8884280941355776
2008-09-19,0.9369080011905375
2008-09-22,0.9316949486693161
2008-09-23,0.9091246132600678
2008-09-24,0.9171759702750838
2008-09-25,0.9052860177651585
2008-09-26,0.8759245393098303
2008-09-29,0.8443069112911584
2008-09-30,0.8609085097509787
2008-10-01,0.8678115092666193
2008-10-03,0.8368559049083089
2008-10-06,0.7864971052280059
2008-10-07,0.7874843884773921
2008-10-08,0.7658902492383735
2008-10-10,0.7116891239044605
2008-10-13,0.7603446668675687
2008-10-14,0.7668223644047543
2008-10-15,0.7250262783884187
2008-10-16,0.7090588806507725
2008-10-17,0.6640713372651885
2008-10-20,0.67520649530025
2008-10-21,0.7009957687428452
2008-10-22,0.6618571080121101
2008-10-23,0.6338276966573368
2008-10-24,0.5515321733789506
2008-10-27,0.5379514935972799
2008-10-29,0.5771464892717117
2008-10-31,0.6200769282905922
2008-11-03,0.656259112064607
2008-11-04,0.678797677649632
2008-11-05,0.644973857348225
2008-11-06,0.6215331878550698
2008-11-07,0.6399026519397176
2008-11-10,0.680037225736082
2008-11-11,0.6318650143375861
2008-11-12,0.6112290679554429
2008-11-14,0.6025302480332496
2008-11-17,0.6000665596496197
2008-11-18,0.5735201162512996
2008-11-19,0.5625694445911923
2008-11-20,0.5439761499905028
2008-11-21,0.5757817062080907
2008-11-24,0.5791480132722757
2008-11-25,0.5668044033315013
2008-11-26,0.589130175266493
2008-11-28,0.5897792949168829
2008-12-01,0.5733343607161243
2008-12-02,0.5676272497657241
2008-12-03,0.5673204551436298
2008-12-04,0.5972127629919785
2008-12-05,0.5804380024435044
2008-12-08,0.5962735645808939
2008-12-10,0.6291461433305364
2008-12-11,0.6272944235341065
2008-12-12,0.6275687450266256
2008-12-15,0.641248629176897
2008-12-16,0.6551063392184787
2008-12-17,0.6350781880564489
2008-12-18,0.6594141263418402
2008-12-19,0.6632537338104881
2008-12-22,0.6544940974491961
2008-12-23,0.6383063339133704
2008-12-24,0.6264557453414098
2008-12-26,0.612836128638458
2008-12-29,0.6276584619785018
2008-12-30,0.6407535999674709
2008-12-31,0.6360971408883506
2009-01-02,0.6561327567251846
2009-01-05,0.6732493308853801
2009-01-06,0.6712642766048855
2009-01-07,0.6271184821168182
2009-01-09,0.6162885346521665
2009-01-12,0.5934874685363736
2009-01-13,0.5870773170318448
2009-01-14,0.6076376964474114
2009-01-15,0.5851541582578365
2009-01-16,0.6060274436952793
2009-01-19,0.6100739831424019
2009-01-20,0.5987619903511209
2009-01-21,0.5781568777661922
2009-01-22,0.5798959003640755
2009-01-23,0.5718814647948643
2009-01-27,0.5929627016619549
2009-01-28,0.6107539348275811
2009-01-29,0.6049271232467247
2009-01-30,0.6165170177096619
2009-02-02,0.5918392333281167
2009-02-03,0.5957655043316513
2009-02-04,0.6001259960488569
2009-02-05,0.5948866021317031
2009-02-06,0.6092417816740161
2009-02-09,0.6267523109272178
2009-02-10,0.6300867698292285
2009-02-11,0.6280763213104888
2009-02-12,0.6206185999874246
2009-02-13,0.6332408268950606
2009-02-16,0.6104227007177041
2009-02-17,0.5926378312151717
2009-02-18,0.5939237507269416
2009-02-19,0.5969285105606764
2009-02-20,0.5848832056564445
2009-02-24,0.5843032807433586
2009-02-25,0.5908070460245425
2009-02-26,0.5960749053716242
2009-02-27,0.5910660485970527
2009-03-02,0.5708019361371769
2009-03-03,0.5589486071770209
2009-03-04,0.5641193193472879
2009-03-05,0.5485759679068447
2009-03-06,0.5584184322362044
2009-03-09,0.5477604966217998
2009-03-12,0.5577944355674944
2009-03-13,0.5808770717032854
2009-03-16,0.5940597823216373
2009-03-17,0.5895534515594126
2009-03-18,0.5980273538651192
2009-03-19,0.6008619757637843
2009-03-20,0.6008392345257065
2009-03-23,0.6310951874622778
2009-03-24,0.6308211136588323
2009-03-25,0.6412475231707518
2009-03-26,0.6636295709145563
2009-03-27,0.6696774321327903
2009-03-30,0.6397653951625301
2009-03-31,0.649548125540967
2009-04-01,0.6585619120577809
2009-04-02,0.6930667695062943
2009-04-06,0.7035274148072667
2009-04-08,0.7233755553784637
2009-04-09,0.7231683643409951
2009-04-13,0.7325043350261026
2009-04-15,0.755902417237294
2009-04-16,0.7294366664072389
2009-04-17,0.7328686656182569
2009-04-20,0.7311867765494212
2009-04-21,0.7284683986693156
2009-04-22,0.7204072561938053
2009-04-23,0.741904499156493
2009-04-24,0.7550582604588061
2009-04-27,0.752577083590853
2009-04-28,0.7277356426899306
2009-04-29,0.7534358109782826
2009-05-04,0.7949845236758732
2009-05-05,0.7968132700656786
2009-05-06,0.7882817290458848
2009-05-07,0.8018978834527701
2009-05-08,0.7872602921605103
2009-05-11,0.7719681637608764
2009-05-12,0.8011989700724129
2009-05-13,0.7905809229538173
2009-05-14,0.7809086072292578
2009-05-15,0.7989902014618301
2009-05-18,0.9498370486350824
2009-05-19,0.9487383939184784
2009-05-20,0.9374830180259814
2009-05-21,0.9236080368743801
2009-05-22,0.9300492108874738
2009-05-25,0.9298273665986414
2009-05-26,0.9016127347739226
2009-05-27,0.9387460246942847
2009-05-28,0.9530065241471121
2009-05-29,0.9791566885652523
2009-06-01,0.9981129007024062
2009-06-02,0.9970227751402957
2009-06-03,0.9983004377804324
2009-06-04,1.0081352596115873
2009-06-05,1.0114780361487539
2009-06-08,0.9746415263970932
2009-06-09,1.0029788266036497
2009-06-10,1.0274364810867098
2009-06-11,1.023315260231872
2009-06-12,1.010567009952723
2009-06-15,0.9872482768827734
2009-06-16,0.9951662969694501
2009-06-17,0.9572796865965321
2009-06-18,0.9327872672395845
2009-06-19,0.9473078493627929
2009-06-22,0.929000206762466
2009-06-23,0.931742514910732
2009-06-24,0.9424686346601407
2009-06-25,0.9305322058056297
2009-06-26,0.9617273046061514
2009-06-29,0.9653405699870027
2009-06-30,0.9419838330542881
2009-07-01,0.9536155565906513
2009-07-02,0.9554738444168616
2009-07-03,0.9730999665989658
2009-07-06,0.912593242541977
2009-07-07,0.921089446079202
2009-07-08,0.8923446771901713
2009-07-09,0.8928218716829469
2009-07-10,0.8748861812953004
2009-07-13,0.867946297833945
2009-07-14,0.8998638334230621
2009-07-15,0.928298275773389
2009-07-16,0.9278083062154864
2009-07-17,0.9612986723623609
2009-07-20,0.9910601571684795
2009-07-21,0.9832960004774386
2009-07-22,0.9668619680680552
2009-07-23,0.9960598206896882
2009-07-24,1.006555355520547
2009-07-27,1.0074344432048723
2009-07-28,1.005512139250775
2009-07-29,0.9936510345250846
2009-07-30,1.0072253198692034
2009-07-31,1.0224633078480687
2009-08-03,1.0400495763859579
2009-08-04,1.0327918129624105
2009-08-05,1.035996544905839
2009-08-06,1.0104829109095401
2009-08-07,0.9860747509778388
2009-08-10,0.9758320186490387
2009-08-11,0.983716916531115
2009-08-12,0.9804748201024092
2009-08-13,1.0149954523552127
2009-08-14,1.0091441836899955
2009-08-17,0.9640972932955214
2009-08-18,0.9806956131172234
2009-08-19,0.9655313317346413
2009-08-20,0.9794071783741324
2009-08-21,0.997038680593248
2009-08-24,1.0237426218176013
2009-08-25,1.0276255391205786
2009-08-26,1.032670869765457
2009-08-27,1.034396198798086
2009-08-28,1.044760789167886
2009-08-31,1.0282591169890212
2009-09-01,1.0196348946106304
2009-09-02,1.0156474870448633
2009-09-03,1.0121768477997044
2009-09-04,1.032538823215377
2009-09-07,1.056598451967074
2009-09-08,1.061851843032613
2009-09-09,1.063967922997002
2009-09-10,1.065178912887003
2009-09-11,1.0675658066376696
2009-09-14,1.0626385227158384
2009-09-15,1.082271899373253
2009-09-16,1.0978780187531108
2009-09-17,1.0995624538336959
2009-09-18,1.1020363615010065
2009-09-22,1.1124400510477674
2009-09-23,1.100592372179332
2009-09-24,1.1045036076076082
2009-09-25,1.0979991432076646
2009-09-29,1.1092838040411184
2009-09-30,1.1274588132346925
2009-10-01,1.127328965316795
2009-10-05,1.1084050585673664
2009-10-06,1.1141093585248494
2009-10-07,1.104288713681637
2009-10-08,1.1081771743259523
2009-10-09,1.0947297348734808
2009-10-12,1.1204153255145755
2009-10-14,1.1354989538960827
2009-10-15,1.1332918272993695
2009-10-16,1.141151453851658
2009-10-20,1.1346108874563756
2009-10-21,1.1226081194464888
2009-10-22,1.1049163337201051
2009-10-23,1.1069076212868794
2009-10-26,1.1007443767564513
2009-10-27,1.07148172648585
2009-10-28,1.0666478198477705
2009-10-29,1.048869765589292
2009-10-30,1.039743229498874
2009-11-03,1.005040360936367
2009-11-04,1.0394603340756299
2009-11-05,1.0523143556455952
2009-11-06,1.0595038264229626
2009-11-09,1.083537199365608
2009-11-10,1.0796067693449773
2009-11-11,1.1083731346065353
2009-11-12,1.096282906762498
2009-11-13,1.107187522854744
2009-11-16,1.1211148767574957
2009-11-17,1.1221054306935792
2009-11-18,1.1203248263855514
2009-11-19,1.1048310655857227
2009-11-20,1.1197816085202288
2009-11-23,1.131831704256975
2009-11-24,1.128764134284619
2009-11-25,1.1329164963635543
2009-11-26,1.1087048863892697
2009-11-27,1.0936691344583778
2009-11-30,1.115085730675297
2009-12-01,1.1361380202766505
2009-12-02,1.1364330346395883
2009-12-03,1.138427408970887
2009-12-04,1.133045626712036
2009-12-07,1.1230876508548526
2009-12-08,1.1422502070894265
2009-12-09,1.1337629024463103
2009-12-10,1.1391077996761114
2009-12-11,1.1350123882292742
2009-12-14,1.1322749474508143
2009-12-15,1.1151323680235892
2009-12-16,1.117254045330706
2009-12-17,1.117183360723112
2009-12-18,1.10444014871065
2009-12-21,1.096170409810384
2009-12-22,1.1040007041999154
2009-12-23,1.1414019006446432
2009-12-24,1.1493807963520823
2009-12-29,1.1516362124365278
2009-12-30,1.147266701097332
2009-12-31,1.1547284971570424
2010-01-04,1.1620870768264606
2010-01-05,1.1728867189157606
2010-01-06,1.1738088449409985
2010-01-07,1.1693871184857343
2010-01-08,1.1650490472085113
2010-01-11,1.16614806539052
2010-01-12,1.1569297773915739
2010-01-13,1.1624936078073005
2010-01-14,1.1686260727597062
2010-01-15,1.166805894508409
2010-01-18,1.1721597334808773
2010-01-19,1.1605269101950075
2010-01-20,1.1595936098723085
2010-01-21,1.1294554335933131
2010-01-22,1.1157375221091062
2010-01-25,1.1091134389750457
2010-01-27,1.072635325975459
2010-01-28,1.0759629014705618
2010-01-29,1.0794439594403593
2010-02-01,1.0835963083994251
2010-02-02,1.0672187375574513
2010-02-03,1.091139408481333
2010-02-04,1.0707770485939732
2010-02-05,1.0409855188592747
2010-02-08,1.0507854954788154
2010-02-09,1.0583597863433514
2010-02-10,1.0500304211671019
2010-02-11,1.0663877578651948
2010-02-15,1.060534594968932
2010-02-16,1.073176994632644
2010-02-17,1.0868748505299497
2010-02-18,1.0806973139863394
2010-02-19,1.070616664094386
2010-02-22,1.0733205518456108
2010-02-23,1.0765304124739639
2010-02-24,1.0738374586725983
2010-02-25,1.074107873176694
2010-02-26,1.0888174966947886
2010-03-02,1.1111059294689103
2010-03-03,1.1278601099467944
2010-03-04,1.1260086416593735
2010-03-05,1.128001447622486
2010-03-08,1.1363270702633654
2010-03-09,1.131018001164594
2010-03-10,1.1344974084977857
2010-03-11,1.1385436800892703
2010-03-12,1.1393932527111161
2010-03-15,1.1374816573832507
2010-03-16,1.1538110160045358
2010-03-17,1.1617936434597345
2010-03-18,1.1651014433863394
2010-03-19,1.1690950893656906
2010-03-22,1.155480825848401
2010-03-23,1.160228211916176
2010-03-25,1.1685206485357165
2010-03-26,1.1736258745390742
2010-03-29,1.1785551262994276
2010-03-30,1.169001626606837
2010-03-31,1.165846235571243
2010-04-01,1.1756298057536134
2010-04-05,1.1940482273909798
2010-04-06,1.1934802746415842
2010-04-07,1.195527272600144
2010-04-08,1.1789128124174146
2010-04-09,1.1924627121389564
2010-04-12,1.1872449458549303
2010-04-13,1.1832823489578985
2010-04-15,1.1716098020501393
2010-04-16,1.1690095819217134
2010-04-19,1.1550765838258827
2010-04-20,1.1613236084975473
2010-04-21,1.1648201675401486
2010-04-22,1.1705977431513006
2010-04-23,1.1788115987792513
2010-04-26,1.183150829042886
2010-04-27,1.179815856561597
2010-04-28,1.1578467924464413
2010-04-29,1.1669881058700655
2010-04-30,1.1726244274021078
2010-05-03,1.1595638174003533
2010-05-04,1.142023659303132
2010-05-05,1.1364537283411118
2010-05-06,1.1284198986019796
2010-05-07,1.1112504961087357
2010-05-10,1.1526142730025983
2010-05-11,1.1390483725971314
2010-05-12,1.1438856385600564
2010-05-13,1.1491371776639547
2010-05-14,1.1289751892692859
2010-05-17,1.121051083661348
2010-05-18,1.1225362867724136
2010-05-19,1.0879864213239552
2010-05-20,1.0945632382369295
2010-05-21,1.0906910277647834
2010-05-24,1.0937034446509784
2010-05-25,1.0614094439449173
2010-05-26,1.0874064943019506
2010-05-27,1.1075706403237187
2010-05-28,1.1225159009170973
2010-05-31,1.1271716430002103
2010-06-01,1.0997962422581156
2010-06-02,1.111485807951386
2010-06-03,1.1328419175917783
2010-06-04,1.1387383259682466
2010-06-07,1.114791449471067
2010-06-08,1.103740642724717
2010-06-09,1.1068489566183104
2010-06-10,1.1252905028099502
2010-06-11,1.1348975489806756
2010-06-14,1.1533784438892907
2010-06-15,1.159198369528519
2010-06-16,1.1617962914340325
2010-06-17,1.1715988607418903
2010-06-18,1.1687038742933287
2010-06-21,1.1901353278045352
2010-06-22,1.1814422462874
2010-06-23,1.1830027851884457
2010-06-24,1.1823998569649528
2010-06-25,1.1702106201081148
2010-06-28,1.1854405392378968
2010-06-29,1.1671481695500416
2010-06-30,1.1804617403360642
2010-07-01,1.1660161097325261
2010-07-02,1.1626377865558506
2010-07-05,1.1623542904398982
2010-07-06,1.1749085552924294
2010-07-07,1.163575317646113
2010-07-08,1.1767444919427454
2010-07-09,1.1898871035590446
2010-07-12,1.1971131906021462
2010-07-13,1.2012895202485683
2010-07-14,1.197857804611835
2010-07-15,1.1961067711433133
2010-07-16,1.1996913657842898
2010-07-19,1.1979283854316374
2010-07-20,1.1935625153984033
2010-07-21,1.2009792577060114
2010-07-22,1.2110612472105198
2010-07-23,1.2127542328823442
2010-07-26,1.2055317007834339
2010-07-27,1.2083723290782329
2010-07-28,1.2005475895403037
2010-07-29,1.203233700494228
2010-07-30,1.1934583875738236
2010-08-02,1.2086109669111684
2010-08-03,1.2104812963587368
2010-08-04,1.2171821122441293
2010-08-05,1.2122673932605852
2010-08-06,1.210408520106779
2010-08-09,1.221513212120926
2010-08-10,1.2154840784318015
2010-08-11,1.2059870442923128
2010-08-12,1.205004674999753
2010-08-13,1.213443343957193
2010-08-16,1.2054391468333723
2010-08-17,1.2044568069784438
2010-08-18,1.2198424601785094
2010-08-19,1.234304180028185
2010-08-20,1.2320402913693473
2010-08-23,1.2350860592255384
2010-08-24,1.2259830514073276
2010-08-25,1.2158533418494477
2010-08-26,1.2195360578384276
2010-08-27,1.2031442657385574
2010-08-30,1.20474187363038
2010-08-31,1.201652849301647
2010-09-01,1.2180892753886041
2010-09-02,1.2214762868158093
2010-09-03,1.219877234138054
2010-09-06,1.2429847539857632
2010-09-07,1.2493994310477379
2010-09-08,1.2503127375519767
2010-09-09,1.2579513734189909
2010-09-13,1.2864171805169453
2010-09-14,1.294864874927174
2010-09-15,1.3104120603462464
2010-09-16,1.3027400143570682
2010-09-17,1.3161167514076328
2010-09-20,1.3388413711419773
2010-09-21,1.3456537214958662
2010-09-22,1.3413529967476292
2010-09-23,1.3338608074955032
2010-09-24,1.3478517366443727
2010-09-27,1.3519861305856629
2010-09-28,1.3505203868617175
2010-09-29,1.3414164957140378
2010-09-30,1.350623918932321
2010-10-01,1.3776613682408398
2010-10-04,1.381491011196628
2010-10-05,1.3782334482005532
2010-10-06,1.3879329790233765
2010-10-07,1.372142292377899
2010-10-08,1.3681229230066165
2010-10-11,1.3758503523675147
2010-10-12,1.3651260347091274
2010-10-13,1.3992271790003243
2010-10-14,1.3857219751117995
2010-10-15,1.3583453647987893
2010-10-18,1.361516031200065
2010-10-19,1.3499166047980677
2010-10-20,1.339145471686948
2010-10-21,1.3675848226561729
2010-10-22,1.359130517549228
2010-10-25,1.3686067117711755
2010-10-26,1.3629305975554205
2010-10-27,1.3463951470914834
2010-10-28,1.3404506694360883
2010-10-29,1.347596515749819
2010-11-01,1.3713877695727639
2010-11-02,1.3717336698285814
2010-11-03,1.381632390522314
2010-11-04,1.410577705094829
2010-11-08,1.4085230767458468
2010-11-09,1.415295803066702
2010-11-10,1.4091185490799774
2010-11-11,1.3896596125426854
2010-11-12,1.3603943684734427
2010-11-15,1.3723023162787713
2010-11-16,1.3406029097954406
2010-11-18,1.343008456483688
2010-11-19,1.317162908491046
2010-11-22,1.3456428163125735
2010-11-23,1.3277159880711622
2010-11-24,1.3112914382619485
2010-11-25,1.2955928268379182
2010-11-26,1.2842315534281452
2010-11-29,1.3027729169135756
2010-11-30,1.3105477691050142
2010-12-01,1.333904227470829
2010-12-02,1.345999639432785
2010-12-03,1.3414970739520007
2010-12-06,1.341366122588132
2010-12-07,1.3376267039128
2010-12-08,1.3202785509547252
2010-12-09,1.287631975572285
2010-12-10,1.309216698737553
2010-12-13,1.3211790976215665
2010-12-14,1.3298524787649613
2010-12-15,1.3175216803811185
2010-12-16,1.3309518040348598
2010-12-20,1.3305470631713912
2010-12-21,1.343306628329873
2010-12-22,1.3394360856416965
2010-12-23,1.3383882671628038
2010-12-24,1.34591334487865
2010-12-27,1.3426974457882606
2010-12-28,1.3421972436177938
2010-12-29,1.3575238342144584
2010-12-30,1.3674148176490217
2010-12-31,1.3751998829908432
2011-01-03,1.380709762475066
2011-01-04,1.3780257466905532
2011-01-05,1.3621500922438219
2011-01-06,1.3546291199628793
2011-01-07,1.3203966972611845
2011-01-10,1.2866696255915258
2011-01-11,1.2845909849863972
2011-01-12,1.3105179950812895
2011-01-13,1.2840368471917303
2011-01-14,1.260913846805003
2011-01-17,1.2609613456350663
2011-01-18,1.2774036242449325
2011-01-19,1.2695678789972658
2011-01-20,1.2744456699653044
2011-01-21,1.2708607049844398
2011-01-24,1.2819578968017549
2011-01-25,1.2686936801916222
2011-01-27,1.2489700808238988
2011-01-28,1.2271192888626326
2011-01-31,1.225638860460737
2011-02-01,1.2046302163511557
2011-02-02,1.208131896540513
2011-02-03,1.2305539526925446
2011-02-04,1.199519523391039
2011-02-07,1.1995786573748637
2011-02-08,1.179839628846569
2011-02-09,1.1658979971888062
2011-02-10,1.159345417400892
2011-02-11,1.1792207684550498
2011-02-14,1.2137188609324285
2011-02-15,1.21963618529108
2011-02-16,1.2198019649820941
2011-02-17,1.2351324342856393
2011-02-18,1.2144001053936977
2011-02-21,1.2285191083498903
2011-02-22,1.216818169493666
2011-02-23,1.2092784660969198
2011-02-24,1.1679500275378973
2011-02-25,1.1775959811099637
2011-02-28,1.1846126437546953
2011-03-01,1.2292915242541704
2011-03-03,1.2325838556187165
2011-03-04,1.2331878782791619
2011-03-07,1.2152784604567113
2011-03-08,1.2289234399484916
2011-03-09,1.2313393065197447
2011-03-10,1.2226697285493842
2011-03-11,1.2110798037275945
2011-03-14,1.2314422751764704
2011-03-15,1.2120543215667756
2011-03-16,1.2266079145511495
2011-03-17,1.2113334891677978
2011-03-18,1.1940711580249062
2011-03-21,1.1919550837086519
2011-03-22,1.203562468603889
2011-03-23,1.2192686814451026
2011-03-24,1.2292465378254391
2011-03-25,1.260473750771441
2011-03-28,1.2683010938031583
2011-03-29,1.2799515795119476
2011-03-30,1.2921306804865245
2011-03-31,1.3030815261769182
2011-04-01,1.3012514585318715
2011-04-04,1.3208334985988113
2011-04-05,1.321213977049552
2011-04-06,1.3168611631350662
2011-04-07,1.3154224352496124
2011-04-08,1.3050306033147732
2011-04-11,1.2916490151540727
2011-04-13,1.3215310512776264
2011-04-15,1.3008490829898127
2011-04-18,1.2781671125748333
2011-04-19,1.2809325583134339
2011-04-20,1.3072613192847262
2011-04-21,1.3151173110152572
2011-04-25,1.3126918725091168
2011-04-26,1.3112415309096235
2011-04-27,1.3030394562525425
2011-04-28,1.2915253196811272
2011-04-29,1.28298628755305
2011-05-02,1.2715421686243626
2011-05-03,1.2392574921338722
2011-05-04,1.232599759782331
2011-05-05,1.214291130866538
2011-05-06,1.2359671571252455
2011-05-09,1.2358842233731937
2011-05-10,1.2335508679656404
2011-05-11,1.2391880796042378
2011-05-12,1.2204947671453747
2011-05-13,1.2343657814452111
2011-05-16,1.2235291418295045
2011-05-17,1.2093129319913356
2011-05-18,1.2049717936803261
2011-05-19,1.206745707036843
2011-05-20,1.2205243190898933
2011-05-23,1.196901247625361
2011-05-24,1.1988636257296887
2011-05-25,1.1880107759602487
2011-05-26,1.2029931985576587
2011-05-27,1.2180696491171856
2011-05-30,1.2173596404886644
2011-06-01,1.2454986388506786
2011-06-02,1.2356283080093413
2011-06-03,1.2276694704810898
2011-06-06,1.2312921145593592
2011-06-07,1.2369994769244936
2011-06-08,1.230058798629836
2011-06-09,1.22868526358612
2011-06-10,1.2203384688412267
2011-06-13,1.219628395464285
2011-06-14,1.223817727907262
2011-06-15,1.2112709541026723
2011-06-16,1.1992643072041618
2011-06-17,1.1920882758287938
2011-06-20,1.1664436273830687
2011-06-21,1.1706806642924816
2011-06-22,1.1712590289874754
2011-06-23,1.1811045479861224
2011-06-24,1.2168329605627024
2011-06-27,1.229930943634796
2011-06-28,1.2343588570308013
2011-06-29,1.2474207652356917
2011-06-30,1.2585474182413574
2011-07-01,1.253757724558301
2011-07-04,1.2592812348077553
2011-07-05,1.2549181565924856
2011-07-06,1.253341627702553
2011-07-07,1.277877085064548
2011-07-08,1.2616672636493829
2011-07-11,1.2511023495248215
2011-07-12,1.229781635816357
2011-07-13,1.2438228223540664
2011-07-15,1.2427921017155081
2011-07-18,1.2394631639140936
2011-07-19,1.2504786356000444
2011-07-20,1.2394573241077538
2011-07-21,1.2334285239706144
2011-07-22,1.255298977659424
2011-07-25,1.266287059311213
2011-07-26,1.2412750883466552
2011-07-27,1.2346297993170872
2011-07-28,1.2206450605943746
2011-07-29,1.2192842284717895
2011-08-01,1.227519622051134
2011-08-02,1.213255669093416
2011-08-03,1.2010127159375166
2011-08-04,1.1837530461914894
2011-08-05,1.1552759688848369
2011-08-08,1.1333983839934252
2011-08-09,1.1226431128825922
2011-08-10,1.1433995663770984
2011-08-11,1.138048561017766
2011-08-12,1.1226483746194382
2011-08-16,1.1139007897260675
2011-08-17,1.1187962004527607
2011-08-18,1.0923237456113721
2011-08-19,1.069169128519203
2011-08-22,1.0816469416120902
2011-08-23,1.0934169300208951
2011-08-24,1.0793120303078345
2011-08-25,1.0677316532805752
2011-08-26,1.046182096807305
2011-08-29,1.0864612575983892
2011-08-30,1.105588393987139
2011-09-02,1.1147620584536235
2011-09-05,1.109396383043515
2011-09-06,1.120477518107144
2011-09-07,1.1346845496382798
2011-09-08,1.1414223801785353
2011-09-09,1.119316453066209
2011-09-12,1.0927994833610555
2011-09-13,1.091424540533775
2011-09-14,1.1082526573952478
2011-09-15,1.1231085157455254
2011-09-16,1.1251214221427328
2011-09-19,1.112806995631848
2011-09-20,1.1382784091331746
2011-09-21,1.1366408118784965
2011-09-22,1.0872593504689256
2011-09-23,1.0741253005155313
2011-09-26,1.066530018485395
2011-09-27,1.098411777085831
2011-09-28,1.0924521259018998
2011-09-29,1.1087976060760523
2011-09-30,1.0918142952581205
2011-10-03,1.069782539641472
2011-10-04,1.0516273397069218
2011-10-05,1.0467385932712348
2011-10-07,1.0787935182515302
2011-10-10,1.1002918159483868
2011-10-11,1.0990575340857167
2011-10-12,1.1284549208046812
2011-10-13,1.1233809249309346
2011-10-14,1.1361978647340276
2011-10-17,1.1328884296562385
2011-10-18,1.1138710881627194
2011-10-19,1.1377859824802823
2011-10-20,1.1266555321976146
2011-10-21,1.1167795145787818
2011-10-24,1.1281680127748597
2011-10-25,1.1501230711265706
2011-10-28,1.189982270384013
2011-10-31,1.1819281851338568
2011-11-01,1.1657204418846678
2011-11-02,1.1658383896118327
2011-11-03,1.1675603908341843
2011-11-04,1.171913120674004
2011-11-08,1.1731283458981814
2011-11-09,1.1570104847692095
2011-11-11,1.1447024375996704
2011-11-14,1.1398719145438276
2011-11-15,1.1210612100635102
2011-11-16,1.1121066565800082
2011-11-17,1.0895956954139256
2011-11-18,1.082794373215577
2011-11-21,1.0528636894681151
2011-11-22,1.0608347246689225
2011-11-23,1.035996091128272
2011-11-25,1.0368391572772633
2011-11-28,1.0699230021215618
2011-11-29,1.0590818544636063
2011-11-30,1.0654019372105843
2011-12-01,1.0899878425304017
2011-12-02,1.1166038250476213
2011-12-05,1.11401603430456
2011-12-07,1.119532008886355
2011-12-08,1.0915441497519502
2011-12-09,1.0734664904389468
2011-12-12,1.0495045665544347
2011-12-13,1.0579418376985703
2011-12-14,1.0491839447521922
2011-12-15,1.0452232252845626
2011-12-16,1.02302234838636
2011-12-19,1.0140131716300833
2011-12-20,0.9978988898952487
2011-12-21,1.0327013836953312
2011-12-22,1.042230408427009
2011-12-23,1.0375804024153499
2011-12-27,1.0461284449499704
2011-12-28,1.0356548267743797
2011-12-29,1.0217103072215434
2011-12-30,1.0165745413442724
2012-01-03,1.0495547946652268
2012-01-04,1.045887311342068
2012-01-05,1.0459576687914247
2012-01-06,1.046929978354867
2012-01-09,1.0442822059889325
2012-01-10,1.069290991180204
2012-01-11,1.07196557272964
2012-01-12,1.0649967310263808
2012-01-13,1.0731472488288065
2012-01-16,1.0750009962616154
2012-01-17,1.0969199747895482
2012-01-18,1.0942179206878693
2012-01-19,1.1089243319798767
2012-01-20,1.1160248171776266
2012-01-23,1.115472065056079
2012-01-24,1.1345465553383747
2012-01-25,1.141833198796207
2012-01-27,1.1527616684470954
2012-01-30,1.125095120200188
2012-01-31,1.1514383119084823
2012-02-01,1.1600272893660692
2012-02-02,1.1680895614310012
2012-02-03,1.1812847928577541
2012-02-06,1.189733455323068
2012-02-07,1.1834768505246784
2012-02-08,1.1912656174639855
2012-02-09,1.2017019951825016
2012-02-10,1.1944376303190005
2012-02-13,1.1964685701888667
2012-02-14,1.2025736593631555
2012-02-15,1.2299550540444246
2012-02-16,1.2275893925122363
2012-02-17,1.237606715539248
2012-02-21,1.247747360542792
2012-02-22,1.2236442514832904
2012-02-23,1.2184295887576668
2012-02-24,1.2056624425236027
2012-02-27,1.1706697428451873
2012-02-28,1.1929107363994116
2012-02-29,1.1952011356236687
2012-03-01,1.1844682493875278
2012-03-02,1.189094214598199
2012-03-05,1.1704444713492972
2012-03-06,1.156777111521195
2012-03-07,1.156317606196681
2012-03-09,1.1829721905373143
2012-03-12,1.1891080182463312
2012-03-13,1.205620926044393
2012-03-14,1.2137482912926032
2012-03-15,1.1940361834241606
2012-03-16,1.179254922255971
2012-03-19,1.1648976992313675
2012-03-20,1.1690944625197932
2012-03-21,1.190341890746754
2012-03-22,1.158117827418907
2012-03-23,1.1698428715116196
2012-03-26,1.147687400370497
2012-03-27,1.1615611508752692
2012-03-28,1.1501524572571236
2012-03-29,1.1464068102668228
2012-03-30,1.173893143700297
2012-04-02,1.1791646965170743
2012-04-03,1.188743318094016
2012-04-04,1.1803402540988768
2012-04-09,1.1594596135221062
2012-04-10,1.161627953623512
2012-04-11,1.1576798010176845
2012-04-12,1.1694629140328745
2012-04-13,1.1530980581813317
2012-04-16,1.1575156340385957
2012-04-17,1.1724799261390646
2012-04-18,1.1749090237960442
2012-04-19,1.1825511410870526
2012-04-20,1.1727470387850745
2012-04-23,1.1514623293210393
2012-04-24,1.1566568161504682
2012-04-25,1.1517908034570932
2012-04-26,1.1487282178374434
2012-04-27,1.1491051140174564
2012-04-30,1.1626609925566294
2012-05-02,1.1605395513112582
2012-05-03,1.148578295027358
2012-05-04,1.124659027129353
2012-05-07,1.1310810685395527
2012-05-08,1.104207403632156
2012-05-09,1.098297623290316
2012-05-10,1.096160110054552
2012-05-11,1.0875166744167373
2012-05-14,1.0825631761045693
2012-05-15,1.0907775805795905
2012-05-16,1.070924979365242
2012-05-17,1.0737278033202116
2012-05-18,1.0787126057224694
2012-05-22,1.071450323203365
2012-05-23,1.0656217692570609
2012-05-24,1.0857276910973397
2012-05-25,1.0854929582395654
2012-05-28,1.100809077988865
2012-05-29,1.1018545464205527
2012-05-30,1.0926096414130169
2012-05-31,1.0863869031512825
2012-06-01,1.0669857117361485
2012-06-04,1.0685215294284982
2012-06-05,1.0720742307613063
2012-06-06,1.1034570898166434
2012-06-07,1.1158037681773783
2012-06-08,1.120200341548205
2012-06-11,1.1168492554449763
2012-06-12,1.1313797183656564
2012-06-13,1.132685720498752
2012-06-14,1.116989857280018
2012-06-15,1.1368105005407625
2012-06-18,1.119205041970838
2012-06-19,1.1285168155232526
2012-06-20,1.1324456217044971
2012-06-21,1.142905245488786
2012-06-22,1.1384435983651195
2012-06-25,1.1310525259122475
2012-06-26,1.1324995531626836
2012-06-27,1.137464634128909
2012-06-28,1.1391710855095882
2012-06-29,1.169713432891504
2012-07-02,1.169642749708718
2012-07-03,1.1718471590689878
2012-07-04,1.1752895998610744
2012-07-05,1.1811264288325591
2012-07-06,1.1786849394747125
2012-07-09,1.1688254121305335
2012-07-10,1.1853752898128578
2012-07-11,1.1761613443096828
2012-07-12,1.1594049861637536
2012-07-13,1.1575199080409848
2012-07-16,1.1504515574810024
2012-07-17,1.1494152720468986
2012-07-18,1.1549379564564561
2012-07-19,1.161157350750782
2012-07-20,1.1522966788912474
2012-07-23,1.1317688151064873
2012-07-24,1.1341805366407953
2012-07-25,1.129803561584069
2012-07-26,1.1141348775841666
2012-07-27,1.127498421485582
2012-07-30,1.151009994447844
2012-07-31,1.1578873243168761
2012-08-01,1.1605968116567769
2012-08-02,1.1575923929282328
2012-08-03,1.1547534119084744
2012-08-06,1.1705011120376
2012-08-07,1.1832676003536013
2012-08-08,1.1835742411217014
2012-08-09,1.1800237418567319
2012-08-10,1.179422194193417
2012-08-13,1.185908528686224
2012-08-14,1.1935649683695686
2012-08-16,1.1894579753340835
2012-08-17,1.1902484375767712
2012-08-21,1.2031574551746531
2012-08-22,1.2012328701953665
2012-08-23,1.2018231838706155
2012-08-24,1.1950580123359527
2012-08-27,1.186453868324161
2012-08-29,1.171718798101703
2012-08-30,1.1781435524583344
2012-08-31,1.1648063848289547
2012-09-03,1.163686877085506
2012-09-04,1.1684592391989839
2012-09-05,1.1570735206489104
2012-09-06,1.1600654531754524
2012-09-07,1.1845000426218906
2012-09-10,1.189536956822914
2012-09-11,1.1958021814407171
2012-09-12,1.2054804141611566
2012-09-13,1.206507770229257
2012-09-14,1.2401162240103722
2012-09-17,1.2477691649586407
2012-09-18,1.2454144159572835
2012-09-20,1.2345769623111726
2012-09-21,1.2669540298492061
2012-09-24,1.2618496169360318
2012-09-25,1.2628678460950284
2012-09-26,1.2603931493980045
2012-09-27,1.2570898581677188
2012-09-28,1.2698271950878142
2012-10-01,1.2734991027234912
2012-10-03,1.276449031579046
2012-10-04,1.2898023875394382
2012-10-05,1.2801635248009844
2012-10-08,1.2633475038911715
2012-10-09,1.2701206365818183
2012-10-10,1.2576952901815228
2012-10-11,1.2709300005132285
2012-10-12,1.2633490181920968
2012-10-15,1.266001450894022
2012-10-16,1.256705085762854
2012-10-17,1.259605208653759
2012-10-18,1.2734449007825608
2012-10-19,1.2652825332527444
2012-10-22,1.273074562592634
2012-10-23,1.26697367360744
2012-10-25,1.2702659922844293
2012-10-29,1.260861288307773
2012-10-30,1.244830571443601
2012-10-31,1.249988663337257
2012-11-01,1.2559880358170528
2012-11-02,1.2684521365470158
2012-11-05,1.2699918130262338
2012-11-06,1.2747769333277932
2012-11-07,1.2832358831911364
2012-11-08,1.2781750973612145
2012-11-09,1.265733562020139
2012-11-12,1.2651296622153088
2012-11-15,1.2526484223547456
2012-11-16,1.2391687134329021
2012-11-19,1.2385419103957132
2012-11-20,1.2385773669416649
2012-11-21,1.2488073487725673
2012-11-22,1.251871986304377
2012-11-23,1.2515998241640691
2012-11-26,1.2538008994612344
2012-11-27,1.2754712867153193
2012-11-29,1.2985854084942867
2012-11-30,1.3115958975595279
2012-12-03,1.3094835729216143
2012-12-04,1.313826472038417
2012-12-05,1.3164968465122973
2012-12-06,1.3237136490894172
2012-12-07,1.3181330227718577
2012-12-10,1.3184891422726739
2012-12-11,1.3160912088244934
2012-12-12,1.3135274341077074
2012-12-13,1.3048636855630393
2012-12-14,1.311530945581826
2012-12-17,1.3063806041052102
2012-12-18,1.3156109487358736
2012-12-19,1.3233972364247018
2012-12-20,1.3202626026857465
2012-12-21,1.3039508993765838
2012-12-24,1.305860766314529
2012-12-26,1.317689056982116
2012-12-27,1.3092611664650997
2012-12-28,1.3183384070685555
2012-12-31,1.3175668187001799
2013-01-02,1.338493909026459
2013-01-03,1.3423553464247098
2013-01-04,1.3439358156833923
2013-01-07,1.337340061000084
2013-01-08,1.3405004016342807
2013-01-09,1.3333233837099239
2013-01-10,1.332646282752142
2013-01-11,1.3285245261889476
2013-01-14,1.3458040739934767
2013-01-15,1.3535413807354502
2013-01-16,1.3405226576363511
2013-01-17,1.349398761678506
2013-01-18,1.3553897434830702
2013-01-21,1.3596464004451285
2013-01-22,1.3516071793532505
2013-01-23,1.3529861588265673
2013-01-24,1.3446758990834105
2013-01-25,1.3578200713673412
2013-01-28,1.3578557223103387
2013-01-29,1.3519338242344308
2013-01-30,1.3533247757387157
2013-01-31,1.3483313911391026
2013-02-01,1.3398088455462904
2013-02-04,1.3370404054019813
2013-02-05,1.3298290174502077
2013-02-06,1.330375404355729
2013-02-07,1.325529594789409
2013-02-08,1.3171464942754465
2013-02-11,1.3158052524688515
2013-02-12,1.3216565841486743
2013-02-13,1.3241378859442996
2013-02-14,1.315589056792947
2013-02-15,1.3133220589084664
2013-02-18,1.315885509002018
2013-02-19,1.3257366904830519
2013-02-20,1.3265321691595637
2013-02-21,1.3049678893296925
2013-02-22,1.3045051923216322
2013-02-25,1.3055610086871696
2013-02-26,1.283400645897817
2013-02-27,1.2918265562455091
2013-02-28,1.2672026502745493
2013-03-01,1.273514349519063
2013-03-04,1.2684919406251538
2013-03-05,1.2888016129387023
2013-03-06,1.2969450664175235
2013-03-07,1.3075461284595122
2013-03-08,1.3270978866017988
2013-03-11,1.3263022787767529
2013-03-12,1.3195934862552225
2013-03-13,1.3046606228860838
2013-03-14,1.318361431943699
2013-03-15,1.3097322153507296
2013-03-18,1.3008691193873148
2013-03-19,1.279687153025026
2013-03-20,1.2674715554109985
2013-03-21,1.2590286829086261
2013-03-22,1.2572768901245661
2013-03-25,1.2531344294223299
2013-03-26,1.2549685830341406
2013-03-28,1.2646607967667556
2013-04-01,1.269834789513719
2013-04-02,1.2801853117666109
2013-04-03,1.2623652537280259
2013-04-04,1.239126576097011
2013-04-05,1.2340418172190712
2013-04-08,1.2316065127335984
2013-04-09,1.2202940944038183
2013-04-10,1.2353216489186756
2013-04-11,1.2436684628374965
2013-04-12,1.2281861893659733
2013-04-15,1.237605605878358
2013-04-16,1.2661132775844015
2013-04-17,1.266054077535135
2013-04-18,1.288407930140692
2013-04-22,1.3005683905853733
2013-04-23,1.3011613413561232
2013-04-25,1.319993950894789
2013-04-26,1.3093470782224668
2013-04-29,1.3170940668191826
2013-04-30,1.323289145717323
2013-05-02,1.3397070830828415
2013-05-03,1.3265558744786778
2013-05-06,1.332979090202038
2013-05-07,1.350199848759011
2013-05-08,1.3563208830272497
2013-05-09,1.3517675223854424
2013-05-10,1.362370145164513
2013-05-13,1.3351853328981091
2013-05-14,1.3387365889335976
2013-05-15,1.3746950676747685
2013-05-16,1.3802037993117355
2013-05-17,1.3843452599596513
2013-05-20,1.3771082849282326
2013-05-21,1.3669226193459783
2013-05-22,1.362260200895286
2013-05-23,1.3319489317664872
2013-05-24,1.335867735230759
2013-05-27,1.359527255941114
2013-05-28,1.3662092926531713
2013-05-29,1.364556091034406
2013-05-30,1.3692535637363488
2013-05-31,1.3364002452346435
2013-06-03,1.3253186990658055
2013-06-04,1.3206059027536756
2013-06-05,1.321650325997581
2013-06-06,1.3210686852287452
2013-06-07,1.3114785893485468
2013-06-10,1.3107667648871966
2013-06-11,1.2896024958962058
2013-06-12,1.2828234423576284
2013-06-13,1.268345300004471
2013-06-14,1.2942269662724022
2013-06-17,1.3041013397715697
2013-06-18,1.2954558928752498
2013-06-19,1.2975067259304007
2013-06-20,1.258062498306282
2013-06-21,1.260843363884774
2013-06-24,1.2425227440808628
2013-06-25,1.2469806238304737
2013-06-26,1.2421551914815583
2013-06-27,1.2643021454502177
2013-06-28,1.3021444364552401
2013-07-01,1.3155789986525488
2013-07-02,1.3057785866761198
2013-07-03,1.2852261528767759
2013-07-04,1.3008775239884733
2013-07-05,1.3082167217930811
2013-07-08,1.2948497417327907
2013-07-09,1.3060985636862992
2013-07-10,1.2960655259918232
2013-07-11,1.3241355801901566
2013-07-12,1.3416780161587212
2013-07-15,1.3468569496090363
2013-07-16,1.32890459024074
2013-07-17,1.3331901537810626
2013-07-18,1.348566713715743
2013-07-19,1.3464637030557227
2013-07-22,1.3470814131073896
2013-07-23,1.3580120730792091
2013-07-24,1.337257579532819
2013-07-25,1.3175437173570903
2013-07-26,1.3124892132566834
2013-07-29,1.2995472718472432
2013-07-30,1.281384940710472
2013-07-31,1.2782933914633303
2013-08-01,1.2749417124034483
2013-08-02,1.2631119095988474
2013-08-05,1.2648871492494156
2013-08-06,1.2310009042356715
2013-08-07,1.2255299503876704
2013-08-08,1.2365279867095837
2013-08-12,1.2475792343076417
2013-08-13,1.2681324814936465
2013-08-14,1.2783126087516614
2013-08-16,1.222780708898695
2013-08-19,1.2007890378326158
2013-08-20,1.1976508770138883
2013-08-21,1.174318472577236
2013-08-22,1.1992724815117326
2013-08-23,1.214206924580652
2013-08-26,1.2153284308257892
2013-08-27,1.1706900506491393
2013-08-28,1.1701128351680812
2013-08-29,1.1993355435615523
2013-08-30,1.214139407418017
2013-09-02,1.232778861668413
2013-09-03,1.1833200175539849
2013-09-04,1.2084588508519984
2013-09-05,1.2426447658874802
2013-09-06,1.2633178860850838
2013-09-10,1.3145134648644987
2013-09-11,1.3184033359918712
2013-09-12,1.3035883434309314
2013-09-13,1.3035646134078431
2013-09-16,1.301182005942464
2013-09-17,1.30346955722013
2013-09-18,1.3151451254839612
2013-09-19,1.3664026644311758
2013-09-20,1.3418095185545025
2013-09-23,1.3127552053470888
2013-09-24,1.313395564608664
2013-09-25,1.308984367366383
2013-09-26,1.3109760836130717
2013-09-27,1.299344731564845
2013-09-30,1.2761417625120755
2013-10-01,1.2867361892987255
2013-10-03,1.3174457350543143
2013-10-04,1.3168763699628183
2013-10-07,1.3166036238439702
2013-10-08,1.3218810507136323
2013-10-09,1.340635313509203
2013-10-10,1.343840814182063
2013-10-11,1.3617110763729157
2013-10-14,1.365632568268012
2013-10-15,1.36001069934137
2013-10-17,1.3497443691490751
2013-10-18,1.3838312826402066
2013-10-21,1.3875424200921327
2013-10-22,1.3870307771880657
2013-10-23,1.3812135822059508
2013-10-24,1.377883476725469
2013-10-25,1.37325763476909
2013-10-28,1.362842832926645
2013-10-29,1.3913159728451632
2013-10-30,1.3986453831273316
2013-10-31,1.4099403415448557
2013-11-01,1.4118575622342295
2013-11-05,1.3989841419358127
2013-11-06,1.3899385045034607
2013-11-07,1.383299724314035
2013-11-08,1.3722382451172739
2013-11-11,1.3575085957018904
2013-11-12,1.3430737329940718
2013-11-13,1.3363181395684767
2013-11-14,1.3521160791908138
2013-11-18,1.3836749072329593
2013-11-19,1.38708848708852
2013-11-20,1.367948281171756
2013-11-21,1.3385074206493792
2013-11-22,1.337652874900667
2013-11-25,1.3661159674544763
2013-11-26,1.3527459985489372
2013-11-27,1.3522709043206664
2013-11-28,1.360525492095384
2013-11-29,1.3805457198106614
2013-12-02,1.3904753843231752
2013-12-03,1.3866683686230636
2013-12-04,1.376938314789985
2013-12-05,1.3959978107954565
2013-12-06,1.4004720433612174
2013-12-09,1.4252281316130688
2013-12-10,1.417829327205073
2013-12-11,1.411885853785414
2013-12-12,1.3950126762924868
2013-12-13,1.378675368404562
2013-12-16,1.3754174334993428
2013-12-17,1.3716961356510786
2013-12-18,1.3902634873281337
2013-12-19,1.3782480720857002
2013-12-20,1.4038358394776271
2013-12-23,1.4062760090063107
2013-12-24,1.4024427340177597
2013-12-26,1.4049422698592093
2013-12-27,1.4132511168071098
2013-12-30,1.407844937946037
2013-12-31,1.4109164786776147
2014-01-02,1.3911868117363042
2014-01-03,1.388807472239711
2014-01-06,1.3841207261130706
2014-01-07,1.3771751388440965
2014-01-08,1.3801118543768274
2014-01-09,1.378625483812507
2014-01-10,1.3793626990275347
2014-01-13,1.4034529589029099
2014-01-14,1.3960970114836613
2014-01-15,1.4149094326079625
2014-01-16,1.4144330878913702
2014-01-17,1.4007979965863384
2014-01-20,1.4108666579184521
2014-01-21,1.4132121492488228
2014-01-22,1.4192018195527911
2014-01-23,1.4207977878484392
2014-01-24,1.4020014060472725
2014-01-27,1.3708421535871969
2014-01-28,1.3685600781926208
2014-01-29,1.367133938622871
2014-01-30,1.35607021309445
2014-01-31,1.3598235899528641
2014-02-03,1.3389862093349327
2014-02-04,1.3387725944016218
2014-02-05,1.343876122600379
2014-02-06,1.347176343606617
2014-02-07,1.353564181123633
2014-02-10,1.3512482630667244
2014-02-11,1.3534451896087814
2014-02-12,1.3585045058820862
2014-02-13,1.338808982560764
2014-02-14,1.3500248066086828
2014-02-18,1.368727192667581
2014-02-19,1.3748238145991187
2014-02-20,1.360249823632675
2014-02-21,1.3754559845664651
2014-02-24,1.382743132710718
2014-02-25,1.3860607881671847
2014-02-26,1.3952780183663562
2014-02-28,1.4043562303455566
2014-03-03,1.3911443931421492
2014-03-04,1.4093449067634771
2014-03-05,1.4166545120737062
2014-03-06,1.4339221332484677
2014-03-07,1.4638346479088145
2014-03-10,1.4663642557538152
2014-03-11,1.4603140793621667
2014-03-12,1.461507106131422
2014-03-13,1.4558280664676042
2014-03-14,1.4584761179079397
2014-03-18,1.461446458030354
2014-03-19,1.4632121955106485
2014-03-20,1.4534402177167831
2014-03-21,1.455849466493127
2014-03-24,1.477391471253483
2014-03-25,1.4788837858709107
2014-03-26,1.4816656058475217
2014-03-27,1.4913016853688092
2014-03-28,1.5042383491137516
2014-03-31,1.5062223540722697
2014-04-01,1.510250206767952
2014-04-02,1.517781403143663
2014-04-03,1.5138473409019333
2014-04-04,1.503864097541143
2014-04-07,1.504031344425587
2014-04-09,1.5282088931571316
2014-04-10,1.5282566737509584
2014-04-11,1.5234476472380165
2014-04-15,1.5131139114903551
2014-04-16,1.4992932693816932
2014-04-17,1.5241708751020973
2014-04-21,1.5333207566798839
2014-04-22,1.532770416904995
2014-04-23,1.5388603616880634
2014-04-25,1.5249661240358832
2014-04-28,1.5198229114667268
2014-04-29,1.5088210682308123
2014-04-30,1.5043146573527657
2014-05-02,1.503932197879359
2014-05-05,1.5050198040173557
2014-05-06,1.5088322515794053
2014-05-07,1.4938308820145454
2014-05-08,1.4955750777323593
2014-05-09,1.5431117413544464
2014-05-12,1.5803236673811274
2014-05-13,1.602977320174774
2014-05-14,1.602977320174774
2014-05-15,1.606432218820728
2014-05-16,1.625592743683098
2014-05-19,1.6401323521534352
2014-05-20,1.6430034408403618
2014-05-21,1.6375730939696107
2014-05-22,1.6432185431269035
2014-05-23,1.6650121251826435
2014-05-26,1.6630762643037273
2014-05-27,1.6532056735439065
2014-05-28,1.6560059337883146
2014-05-29,1.6334090714987788
2014-05-30,1.63204004586787
2014-06-02,1.6638758794242061
2014-06-03,1.676704278589855
2014-06-04,1.6734325355673485
2014-06-05,1.6907153095525782
2014-06-06,1.717022386143292
2014-06-09,1.7341751777666234
2014-06-10,1.7346090256325875
2014-06-11,1.7274858568432212
2014-06-12,1.7330407814320912
2014-06-13,1.707056385088657
2014-06-16,1.7049972814879588
2014-06-17,1.7286323947290159
2014-06-18,1.7109186527923999
2014-06-19,1.7067037200714128
2014-06-20,1.6996598074637905
2014-06-23,1.6953020730463058
2014-06-24,1.7162086537075207
2014-06-25,1.7135707866437206
2014-06-26,1.6952523278855112
2014-06-27,1.6990074353051055
2014-06-30,1.7236964232292047
2014-07-01,1.729322807769484
2014-07-02,1.7511216221973516
2014-07-03,1.7486253297048375
2014-07-04,1.7575002611771176
2014-07-07,1.7660762239217194
2014-07-08,1.7265137736210603
2014-07-09,1.7173084315049807
2014-07-10,1.7131529299951795
2014-07-11,1.6871035664866156
2014-07-14,1.685792031466712
2014-07-15,1.7032376153375777
2014-07-16,1.72677357538876
2014-07-17,1.730641289090433
2014-07-18,1.7362928337113233
2014-07-21,1.7411863054276566
2014-07-22,1.7613538784469225
2014-07-23,1.7680850412552935
2014-07-24,1.7764949420703335
2014-07-25,1.7668033516696113
2014-07-28,1.756728845508839
2014-07-30,1.7670289681971827
2014-07-31,1.750113328557219
2014-08-01,1.7214869090317397
2014-08-04,1.7410138933815833
2014-08-05,1.756178329554701
2014-08-06,1.73820791080868
2014-08-07,1.7327117040318687
2014-08-08,1.7132615221181509
2014-08-11,1.7270865960982085
2014-08-12,1.751448501617963
2014-08-13,1.7544631405371254
2014-08-14,1.7670416083566165
2014-08-18,1.7869608234048477
2014-08-19,1.7925747976689856
2014-08-20,1.7872133005749398
2014-08-21,1.7910284895952535
2014-08-22,1.7963655333399278
2014-08-25,1.7946988316909787
2014-08-26,1.7943245169767024
2014-08-27,1.8018840698241316
2014-08-28,1.806305086280037
2014-09-01,1.824027738996014
2014-09-02,1.837408982750887
2014-09-03,1.8450398799826253
2014-09-04,1.8405280074059567
2014-09-05,1.8383267933185
2014-09-08,1.8593816724748937
2014-09-09,1.85431107877105
2014-09-10,1.8400695497385255
2014-09-11,1.8380377470409313
2014-09-12,1.8428266862696807
2014-09-15,1.827465666933289
2014-09-16,1.8010870558389938
2014-09-17,1.811377993639414
2014-09-18,1.84502822074663
2014-09-19,1.846649123497791
2014-09-22,1.8526610268890809
2014-09-23,1.8215062645849123
2014-09-24,1.8178440780276734
2014-09-25,1.7959581218604024
2014-09-26,1.8097249737130245
2014-09-29,1.807320665412532
2014-09-30,1.8087461700119731
2014-10-01,1.8040948617603356
2014-10-07,1.7815908758513144
2014-10-08,1.7792493130189482
2014-10-09,1.8076966075095178
2014-10-10,1.7833902208934318
2014-10-13,1.7892566117843007
2014-10-14,1.7843669491077616
2014-10-16,1.7564099778175595
2014-10-17,1.7640075921450966
2014-10-20,1.7880608052521174
2014-10-21,1.7997350319978678
2014-10-22,1.8161963835468569
2014-10-27,1.815181406826857
2014-10-28,1.8238573309734343
2014-10-29,1.8390506521411858
2014-10-30,1.8580970649393498
2014-10-31,1.8951243540452245
2014-11-03,1.8955968730603905
2014-11-05,1.8990252309295625
2014-11-07,1.898710258198939
2014-11-10,1.9004670833077009
2014-11-11,1.9049261268708488
2014-11-12,1.909930890352734
2014-11-13,1.9037615972693258
2014-11-14,1.9115294012520396
2014-11-17,1.9214321033295527
2014-11-18,1.9202561036105712
2014-11-19,1.9096836256819552
2014-11-20,1.9144348869944574
2014-11-21,1.9327268134499929
2014-11-24,1.945535138903181
2014-11-25,1.9292636287513614
2014-11-26,1.9323319984724232
2014-11-27,1.9368075463069343
2014-11-28,1.959624806880453
2014-12-01,1.9517710234864336
2014-12-02,1.944198125841916
2014-12-03,1.947340655262453
2014-12-04,1.953832512763545
2014-12-05,1.9474969929337738
2014-12-08,1.923216177441661
2014-12-09,1.899560044750632
2014-12-10,1.9031828001266307
2014-12-11,1.8879753779760073
2014-12-12,1.871309627507712
2014-12-15,1.870220167150703
2014-12-16,1.8334220249139273
2014-12-17,1.8242818422420244
2014-12-18,1.8555857542439282
2014-12-19,1.8715319743883152
2014-12-22,1.895451275615099
2014-12-23,1.8816411688198678
2014-12-24,1.859143073404067
2014-12-26,1.8655802840411602
2014-12-29,1.8766176580355363
2014-12-30,1.8770898693780451
2014-12-31,1.8854316077864124
2015-01-02,1.9127400558680796
2015-01-05,1.908606983596435
2015-01-06,1.8477573793118545
2015-01-07,1.8416493798832454
2015-01-08,1.873694747090772
2015-01-09,1.8857757204103809
2015-01-12,1.8951002320418482
2015-01-13,1.8893828299974376
2015-01-14,1.8840901216535144
2015-01-15,1.936546840865171
2015-01-16,1.9413133375190135
2015-01-19,1.9502658471315517
2015-01-20,1.9854300189388254
2015-01-21,1.993665735280716
2015-01-22,2.001417500391882
2015-01-23,2.0194520427289397
2015-01-27,2.037666793256613
2015-01-28,2.03859135090499
2015-01-29,2.047849773520695
2015-01-30,2.0129356715725497
2015-02-02,2.0101396039835038
2015-02-03,2.0002081741155515
2015-02-04,1.9922242938878607
2015-02-05,1.9893084761482704
2015-02-06,1.977002285499376
2015-02-09,1.9442873183308425
2015-02-10,1.9537983398893344
2015-02-11,1.9688093507028563
2015-02-12,1.9892416119970884
2015-02-13,2.012067696822318
2015-02-16,2.0130036343440514
2015-02-18,2.027530778653728
2015-02-19,2.0339036342812453
2015-02-20,2.0188930378417145
2015-02-23,1.9997675413013685
2015-02-24,2.0015050937120344
2015-02-25,2.0027568803472064
2015-02-26,1.9824859092512157
2015-02-27,2.0215331567508086
2015-03-02,2.0488069227514223
2015-03-03,2.0584205948254892
2015-03-04,2.0405025862532553
2015-03-05,2.044176683212421
2015-03-09,2.000130282008563
2015-03-10,1.989266866703955
2015-03-11,1.9863272840415749
2015-03-12,2.0048018299546317
2015-03-13,1.973629171783261
2015-03-16,1.9700839346156134
2015-03-17,1.99197263412857
2015-03-18,1.9828858754342942
2015-03-19,1.970437336776847
2015-03-20,1.9549584512971652
2015-03-23,1.950104642018375
2015-03-24,1.9481754942504848
2015-03-25,1.9452273273228897
2015-03-26,1.899457665840924
2015-03-27,1.8992759660217688
2015-03-30,1.935833617313152
2015-03-31,1.9355183619841343
2015-04-01,1.9586201219551203
2015-04-06,1.9764958346166812
2015-04-07,1.9765928293126593
2015-04-08,1.989730787804412
2015-04-09,2.005254490392516
2015-04-10,2.0057527012619096
2015-04-13,2.018792776387901
2015-04-16,1.9878397076295138
2015-04-17,1.9633772710891322
2015-04-20,1.9250482921808856
2015-04-21,1.9079919491747568
2015-04-22,1.920580564244056
2015-04-23,1.9129685940465697
2015-04-24,1.8904171913682797
2015-04-27,1.8682693597267768
2015-04-28,1.8856457782583096
2015-04-29,1.8745434659912223
2015-04-30,1.8604434684263444
2015-05-04,1.8968448550323376
2015-05-05,1.8951128205197687
2015-05-06,1.8399360539552982
2015-05-07,1.8303373441578885
2015-05-08,1.86277402389797
2015-05-11,1.8951357856437945
2015-05-12,1.8471064075779078
2015-05-13,1.8733447069388927
2015-05-14,1.8706218520116877
2015-05-15,1.8798544054453439
2015-05-18,1.906798307286935
2015-05-19,1.9048600048221227
2015-05-20,1.918814833800264
2015-05-21,1.918269481031188
2015-05-22,1.9274676544501455
2015-05-25,1.9059627837886317
2015-05-26,1.8984762362917147
2015-05-27,1.8973256790723085
2015-05-28,1.8935472393809638
2015-05-29,1.9213138063029833
2015-06-01,1.9212532074580224
2015-06-02,1.8735134806277611
2015-06-03,1.8489843280218112
2015-06-04,1.847908132875682
2015-06-05,1.8440511345187913
2015-06-08,1.8269926309738107
2015-06-09,1.8217366046715562
2015-06-10,1.8463934301722185
2015-06-11,1.8079216449385618
2015-06-12,1.8121599152390075
2015-06-15,1.819647455277771
2015-06-16,1.8277166494431518
2015-06-17,1.8384099947114563
2015-06-18,1.8584867468606467
2015-06-19,1.870666399359422
2015-06-22,1.9016777956984146
2015-06-23,1.9085693337025627
2015-06-24,1.903554001757391
2015-06-25,1.9125535312119246
2015-06-26,1.9084583219380618
2015-06-29,1.8932673544197431
2015-06-30,1.9053997927820676
2015-07-01,1.9258827533929932
2015-07-02,1.9239072197568925
2015-07-03,1.933603188623944
2015-07-06,1.9426352839049439
2015-07-07,1.9398823106788385
2015-07-08,1.9040500568917604
2015-07-09,1.8956925950661465
2015-07-10,1.903442388606492
2015-07-13,1.9274485514884159
2015-07-14,1.9261029200672317
2015-07-15,1.9429990699001933
2015-07-16,1.9634329522783562
2015-07-17,1.9638697479347016
2015-07-20,1.9623166496005646
2015-07-21,1.9443581608297307
2015-07-22,1.9695951840267591
2015-07-23,1.9589876340575514
2015-07-24,1.9424263908103734
2015-07-27,1.90348805439973
2015-07-28,1.8976744590215275
2015-07-29,1.9068896846000212
2015-07-30,1.9182152896893527
2015-07-31,1.9451276545346456
2015-08-03,1.9476016798131153
2015-08-04,1.9412587370550394
2015-08-05,1.9536392194862535
2015-08-06,1.9586612980571034
2015-08-07,1.9528254331020976
2015-08-10,1.9433638764773953
2015-08-11,1.9280236648616211
2015-08-12,1.9006549306158906
2015-08-13,1.9022049146954683
2015-08-14,1.9416140028974853
2015-08-17,1.9316102533695696
2015-08-18,1.9290040274972906
2015-08-19,1.9359373791134713
2015-08-20,1.9062586933589822
2015-08-21,1.8886232835788923
2015-08-24,1.7697596729781406
2015-08-25,1.7870491094639998
2015-08-26,1.7656117535272784
2015-08-27,1.8034885033431751
2015-08-28,1.816282937976883
2015-08-31,1.8088806615183992
2015-09-01,1.764104325618687
2015-09-02,1.7475059948263154
2015-09-03,1.7730458051309015
2015-09-04,1.732544523501986
2015-09-07,1.7093663745442629
2015-09-08,1.7405141224719527
2015-09-09,1.7719121989821889
2015-09-10,1.7645576733685042
2015-09-11,1.764846888602438
2015-09-14,1.7848440178996428
2015-09-15,1.7744346864942946
2015-09-16,1.791327295475664
2015-09-18,1.8112939001112658
2015-09-21,1.810134995099889
2015-09-22,1.7702733809425113
2015-09-23,1.7784591975285386
2015-09-24,1.7838977430927943
2015-09-28,1.7663367185842445
2015-09-29,1.7778120010616538
2015-09-30,1.8032798910620438
2015-10-01,1.8037626471233004
2015-10-05,1.8444113382939333
2015-10-06,1.8525325601160838
2015-10-07,1.8584558290578772
2015-10-08,1.846836788668992
2015-10-09,1.8614246724582268
2015-10-12,1.8502760570034316
2015-10-13,1.8473992871734826
2015-10-14,1.8416461683454033
2015-10-15,1.8589504293875687
2015-10-16,1.873132955415028
2015-10-19,1.8820598413753382
2015-10-20,1.8788172647527164
2015-10-21,1.8764096280070648
2015-10-23,1.8869949457132689
2015-10-26,1.8785479418559003
2015-10-27,1.8718577143069266
2015-10-28,1.8569315527016732
2015-10-29,1.8425566485179765
2015-10-30,1.8314512210211153
2015-11-02,1.8278272826398887
2015-11-03,1.8302188911287645
2015-11-04,1.8252663766466461
2015-11-05,1.8047952980354827
2015-11-06,1.804517614486408
2015-11-09,1.795079761319491
2015-11-10,1.7632638820121
2015-11-13,1.7581778763494764
2015-11-16,1.7688662442306964
2015-11-17,1.7763278316564726
2015-11-18,1.7508263854209685
2015-11-19,1.777558430290826
2015-11-20,1.7808863288652783
2015-11-23,1.7791257430423681
2015-11-24,1.7748691471966818
2015-11-26,1.7874562427890794
2015-11-27,1.8016651158502641
2015-11-30,1.7998670102819234
2015-12-01,1.8046092316973465
2015-12-02,1.7989249264294942
2015-12-03,1.782707643919579
2015-12-04,1.7628692788467717
2015-12-07,1.7588922380922238
2015-12-08,1.7435406089859034
2015-12-09,1.7220547415692038
2015-12-10,1.7390956732320737
2015-12-11,1.7215510296444378
2015-12-14,1.7310821089265127
2015-12-15,1.7433250800333238
2015-12-16,1.7553684639798601
2015-12-17,1.7778868886343984
2015-12-18,1.7580160826090032
2015-12-21,1.7754876402974762
2015-12-22,1.7638289943721461
2015-12-23,1.7830755745967464
2015-12-24,1.7818936469623656
2015-12-28,1.7973533643585085
2015-12-29,1.7982703967782194
2015-12-30,1.790379410654851
2015-12-31,1.8024660172146407
2016-01-04,1.7650451705417372
2016-01-05,1.763442283921722
2016-01-06,1.752921525011265
2016-01-07,1.7113113192652254
2016-01-08,1.7192627931503877
2016-01-11,1.7102382666432017
2016-01-12,1.6973552613454483
2016-01-13,1.7098836622498463
2016-01-14,1.7037249463111415
2016-01-15,1.6799133053500783
2016-01-18,1.6590538597794267
2016-01-19,1.6792492472761469
2016-01-20,1.6490183092459596
2016-01-21,1.6412168707145758
2016-01-22,1.6761694176251765
2016-01-25,1.6794611424910209
2016-01-27,1.6798456545292442
2016-01-28,1.676697587544262
2016-01-29,1.7100726685008132
2016-02-01,1.708244476549325
2016-02-02,1.6840933180019344
2016-02-03,1.66156133674348
2016-02-04,1.6716955132412656
2016-02-05,1.692139352290396
2016-02-08,1.667653818966307
2016-02-09,1.6462644631620913
2016-02-10,1.6264638149599246
2016-02-11,1.5690599462844252
2016-02-12,1.5701607755043936
2016-02-15,1.6137162350547343
2016-02-16,1.586222039188574
2016-02-17,1.6006372901612986
2016-02-18,1.6205946742972748
2016-02-19,1.6251501638423218
2016-02-22,1.6308574293698317
2016-02-23,1.6008757381848948
2016-02-24,1.5791096585323983
2016-02-25,1.5675952089080119
2016-02-26,1.5817485645394709
2016-02-29,1.5715257835173675
2016-03-01,1.6278245567857643
2016-03-02,1.6629693022501735
2016-03-03,1.6886019826256713
2016-03-04,1.6909452803862415
2016-03-08,1.6909331920554238
2016-03-09,1.7021098466708802
2016-03-10,1.6911331845300126
2016-03-11,1.696913895978223
2016-03-14,1.7037775133013888
2016-03-15,1.6849850544399199
2016-03-16,1.6941526902011252
2016-03-17,1.6974699405047962
2016-03-18,1.7195398434507372
2016-03-21,1.7435755466055947
2016-03-22,1.7461400168000354
2016-03-23,1.7465253504060563
2016-03-28,1.7221060229946301
2016-03-29,1.7177508359129756
2016-03-30,1.7509990503511423
2016-03-31,1.7517697163451538
2016-04-01,1.7456638525860764
2016-04-04,1.7566809505133503
2016-04-05,1.7191967307012548
2016-04-06,1.7218792437451225
2016-04-07,1.705541930831682
2016-04-08,1.7076460453444773
2016-04-11,1.735590686759108
2016-04-12,1.7446298378560543
2016-04-13,1.7787025044596043
2016-04-18,1.7941915092408172
2016-04-20,1.7942035220941814
2016-04-21,1.79355223674263
2016-04-22,1.790477012212416
2016-04-25,1.779805276644289
2016-04-26,1.8057457466379108
2016-04-27,1.8099080114417465
2016-04-28,1.7778963937727201
2016-04-29,1.778511057384366
2016-05-02,1.767928194463712
2016-05-03,1.7537344217452446
2016-05-04,1.7439914258141043
2016-05-05,1.7509621433045186
2016-05-06,1.7504684667800334
2016-05-09,1.782403316105468
2016-05-10,1.7876471651231454
2016-05-11,1.7782548696128564
2016-05-12,1.7906815927936066
2016-05-13,1.770062144680443
2016-05-16,1.7811117556403437
2016-05-17,1.7883442827198262
2016-05-18,1.7833767154864817
2016-05-19,1.7624610735183648
2016-05-20,1.7543417855951347
2016-05-23,1.7498495878419884
2016-05-24,1.7541363661725184
2016-05-25,1.798948635678061
2016-05-26,1.8314534517269092
2016-05-27,1.8524622916606237
2016-05-30,1.8577422751513308
2016-05-31,1.853295256488377
2016-06-01,1.8580920762866215
2016-06-02,1.8675179758283784
2016-06-03,1.867965143180549
2016-06-06,1.863190252604037
2016-06-07,1.8789994464411413
2016-06-08,1.8805955734898505
2016-06-09,1.8637980649680903
2016-06-10,1.8556879684089882
2016-06-13,1.841320786365124
2016-06-14,1.840898063106311
2016-06-15,1.8645097324850188
2016-06-16,1.8485914487887323
2016-06-17,1.855706963635634
2016-06-20,1.8722128096409774
2016-06-21,1.8677155028194117
2016-06-22,1.8637989314275805
2016-06-23,1.8799344220667296
2016-06-24,1.8359530558560104
2016-06-27,1.8374262725235246
2016-06-28,1.8454325941945107
2016-06-29,1.8638290211451152
2016-06-30,1.8840735121341745
2016-07-01,1.8938938105430945
2016-07-04,1.9041408339496226
2016-07-05,1.8957301034788459
2016-07-07,1.896201993867217
2016-07-08,1.8926449220852728
2016-07-11,1.927654715529814
2016-07-12,1.9405281258924592
2016-07-13,1.9401525952016914
2016-07-14,1.9511774989447401
2016-07-15,1.945457237822574
2016-07-18,1.9375325058373205
2016-07-19,1.9423417781480175
2016-07-20,1.9513803257018403
2016-07-21,1.9378671327976251
2016-07-22,1.9454024155385605
2016-07-25,1.9682918486951908
2016-07-26,1.9573787374120113
2016-07-27,1.9634757672498806
2016-07-28,1.9757208846292873
2016-07-29,1.9689775415730595
2016-08-01,1.9685045840247117
2016-08-02,1.9651944026926425
2016-08-03,1.9462678712026378
2016-08-04,1.9477825475205566
2016-08-05,1.9797863150898058
2016-08-08,1.9866273168066215
2016-08-09,1.9785958391436256
2016-08-10,1.9536215153938223
2016-08-11,1.9577060986428363
2016-08-16,1.9699244536393377
2016-08-17,1.9654378155728256
2016-08-18,1.977368256826363
2016-08-19,1.9758279957884892
2016-08-22,1.9666711918906754
2016-08-23,1.9675076151176487
2016-08-24,1.9717999590190642
2016-08-25,1.9577088059018957
2016-08-26,1.952944972963584
2016-08-29,1.9614046134198153
2016-08-30,1.9945968021565579
2016-08-31,2.0047539266677243
2016-09-01,2.001949938049775
2016-09-02,2.0104463011382263
2016-09-06,2.042825580556741
2016-09-07,2.036737308809117
2016-09-08,2.0451330143981075
2016-09-09,2.024278256281401
2016-09-12,1.98757403940073
2016-09-14,1.9902431118225656
2016-09-15,1.9941136264458363
2016-09-16,2.0031659479860937
2016-09-19,2.010096845492798
2016-09-20,2.0022056114622555
2016-09-21,2.0025090485279367
2016-09-22,2.0244294945344694
2016-09-23,2.015708927994968
2016-09-26,1.9893600417145623
2016-09-27,1.985320002129507
2016-09-28,1.994721676761418
2016-09-29,1.9573711806410345
2016-09-30,1.9621953224088582
2016-10-03,1.9929741960363587
2016-10-04,2.0005094664856045
2016-10-05,1.9943926052659358
2016-10-06,1.9860441142899168
2016-10-07,1.9831447030694225
2016-10-10,1.9858619068936039
2016-10-13,1.952998544077513
2016-10-14,1.9554346313028292
2016-10-17,1.9401636794375692
2016-10-18,1.978322992908083
2016-10-19,1.973762623096109
2016-10-20,1.9835367343520653
2016-10-21,1.9819960759616777
2016-10-24,1.9858533460032834
2016-10-25,1.9815710437704641
2016-10-26,1.9631223914087916
2016-10-27,1.9631223914087916
2016-10-28,1.96863811534094
2016-11-01,1.9657888546650901
2016-11-02,1.9385716947093656
2016-11-03,1.9315339571751067
2016-11-04,1.9191326833840985
2016-11-07,1.9344586641595993
2016-11-08,1.9457224885537037
2016-11-09,1.9186920566463144
2016-11-10,1.9413900562490742
2016-11-11,1.8857983163376908
2016-11-15,1.8403662248642747
2016-11-16,1.8411269103300705
2016-11-17,1.8334834292251734
2016-11-18,1.8320709793348418
2016-11-21,1.79706374542975
2016-11-22,1.8147156086295795
2016-11-23,1.8221955307889535
2016-11-24,1.8058322240089704
2016-11-25,1.841725107204464
2016-11-28,1.8447680185385646
2016-11-29,1.8484512441508516
2016-11-30,1.8683430701920314
2016-12-01,1.8607052318415986
2016-12-02,1.835066336221865
2016-12-05,1.8451949658691873
2016-12-06,1.8486728865164914
2016-12-07,1.8387451069895644
2016-12-08,1.8737103238004342
2016-12-09,1.8773124063116133
2016-12-12,1.855323189313074
2016-12-13,1.8676447808281573
2016-12-14,1.858134147589778
2016-12-15,1.8511633477977423
2016-12-16,1.8477452033930797
2016-12-19,1.8392671340148783
2016-12-20,1.8339667585663135
2016-12-21,1.8288725441776903
2016-12-22,1.8090303239907
2016-12-23,1.8106344882240364
2016-12-26,1.7919380702421368
2016-12-27,1.8219782562116085
2016-12-28,1.8224609204817095
2016-12-29,1.839052769080369
2016-12-30,1.8589012871736144
2017-01-02,1.8573791144962273
2017-01-03,1.8604596457105134
2017-01-04,1.860036785585357
2017-01-05,1.8801646051094005
2017-01-06,1.8729110027003733
2017-01-09,1.8710375918347326
2017-01-10,1.8837397139364265
2017-01-11,1.9059988774410248
2017-01-12,1.9124235037991946
2017-01-13,1.9107654369734053
2017-01-16,1.913778635929219
2017-01-17,1.9101964447528892
2017-01-18,1.914794745696819
2017-01-19,1.9191757706812507
2017-01-20,1.898417063958831
2017-01-23,1.9086142939384683
2017-01-24,1.9290150737971061
2017-01-25,1.959756919070454
2017-01-27,1.9690887585907004
2017-01-30,1.9670278948577113
2017-01-31,1.9497055610685743
2017-02-01,1.9872879507363814
2017-02-02,1.9916180113138653
2017-02-03,1.9932435956928527
2017-02-06,2.00782552568647
2017-02-07,1.9998759412822542
2017-02-08,2.000057949315361
2017-02-09,2.002327137409544
2017-02-10,2.006003828237275
2017-02-13,2.0087951313386947
2017-02-14,2.0057001670447696
2017-02-15,1.989292405471525
2017-02-16,2.0022229066394575
2017-02-17,2.0128286681036154
2017-02-20,2.0267879792554515
2017-02-21,2.033746098129876
2017-02-22,2.0383739374818415
2017-02-23,2.041435068217095
2017-02-27,2.031035728698909
2017-02-28,2.026881970353141
2017-03-01,2.0429601166053715
2017-03-02,2.0317706306948735
2017-03-03,2.0312361897364575
2017-03-06,2.047243546145406
2017-03-07,2.043221668986002
2017-03-08,2.0377300017921214
2017-03-09,2.0383860100328843
2017-03-10,2.0402202588167646
2017-03-14,2.0772605160983884
2017-03-15,2.076725368844423
2017-03-16,2.0934835553220457
2017-03-17,2.0950286728032057
2017-03-20,2.086949360374543
2017-03-21,2.085647828777214
2017-03-22,2.063496725514119
2017-03-23,2.077075361631116
2017-03-24,2.0823533747148475
2017-03-27,2.067076612102124
2017-03-28,2.080595835920303
2017-03-29,2.091055512292482
2017-03-30,2.098343038678661
2017-03-31,2.098343038678661
2017-04-03,2.113943110529033
2017-04-05,2.12059031611604
2017-04-06,2.1198109842877306
2017-04-07,2.1043107808538357
2017-04-10,2.1002093652009055
2017-04-11,2.1137293272419444
2017-04-12,2.1055606816556023
2017-04-13,2.0927444508092825
2017-04-17,2.0899461357279074
2017-04-18,2.0816371683582617
2017-04-19,2.0812357046551493
2017-04-20,2.089238755085914
2017-04-21,2.085102536336047
2017-04-24,2.109077531510893
2017-04-25,2.1306587362644573
2017-04-26,2.141681311621933
2017-04-27,2.139317919872536
2017-04-28,2.1300346332984934
2017-05-02,2.1324096183587304
2017-05-03,2.1319590451342645
2017-05-04,2.1436397814889743
2017-05-05,2.1254610134683585
2017-05-08,2.132463248589423
2017-05-09,2.133145292543545
2017-05-10,2.155179756453719
2017-05-11,2.158860655795496
2017-05-12,2.1536193059998414
2017-05-15,2.1644660932929147
2017-05-16,2.180765466966556
2017-05-17,2.1840585380241406
2017-05-18,2.160565881496454
2017-05-19,2.1601880486233416
2017-05-22,2.162711193337742
2017-05-23,2.150008870502564
2017-05-24,2.143769449698808
2017-05-25,2.180126424472663
2017-05-26,2.2009452269432574
2017-05-29,2.2033372318770756
2017-05-30,2.208133233708714
2017-05-31,2.2073277167037797
2017-06-01,2.206070479819068
2017-06-02,2.215199794895857
2017-06-05,2.2204734973948264
2017-06-06,2.2112065944059274
2017-06-07,2.217737089369584
2017-06-08,2.2136714985274506
2017-06-09,2.2187985840661373
2017-06-12,2.2061379013555094
2017-06-13,2.203818983569116
2017-06-14,2.2065648966275115
2017-06-15,2.196776366365754
2017-06-16,2.1992167066244455
2017-06-19,2.2161782035225905
2017-06-20,2.2151893922031345
2017-06-21,2.2103305891987484
2017-06-22,2.2094518385797195
2017-06-23,2.196013187979534
2017-06-27,2.1805052423979525
2017-06-28,2.1755900811653874
2017-06-29,2.1787239817154838
2017-06-30,2.182821890994954
2017-07-03,2.205776490906408
2017-07-04,2.2053614865481475
2017-07-05,2.211292811396407
2017-07-06,2.2203134179456985
2017-07-07,2.2181767688676133
2017-07-10,2.243876115911605
2017-07-11,2.2475412556382253
2017-07-12,2.2548844247863307
2017-07-13,2.2733623038128443
2017-07-14,2.272053903373892
2017-07-17,2.2792920037613356
2017-07-18,2.2575740317725073
2017-07-19,2.275282856238046
2017-07-20,2.268851361541011
2017-07-21,2.279108337450899
2017-07-24,2.2916181811531247
2017-07-25,2.2911654349527275
2017-07-26,2.3048902908024735
2017-07-27,2.304865673909122
2017-07-28,2.303385076274724
2017-07-31,2.3187047857360015
2017-08-01,2.3278980662492383
2017-08-02,2.319780172521319
2017-08-03,2.303168603412745
2017-08-04,2.3160777460323203
2017-08-07,2.313874499624929
2017-08-08,2.2945725751129626
2017-08-09,2.2773235277690773
2017-08-10,2.255851565774254
2017-08-11,2.229100188597901
2017-08-14,2.249457708724607
2017-08-16,2.2746646098259915
2017-08-17,2.2763398226598617
2017-08-18,2.2600163420473316
2017-08-21,2.239715381755303
2017-08-22,2.2424516693368446
2017-08-23,2.263695781328191
2017-08-24,2.264808040510357
2017-08-28,2.2784372587865094
2017-08-29,2.249885079912975
2017-08-30,2.271475466230498
2017-08-31,2.2796666025987804
2017-09-01,2.2934844906682526
2017-09-04,2.2784259041785395
2017-09-05,2.2880493193761677
2017-09-06,2.2792430816187457
2017-09-07,2.2825936134306235
2017-09-08,2.2837919242434648
2017-09-11,2.301218975535954
2017-09-12,2.322508019892661
2017-09-13,2.3191415159133335
2017-09-14,2.320928619619429
2017-09-15,2.320635018950789
2017-09-18,2.3372094634637315
2017-09-19,2.335850154075142
2017-09-20,2.3342828053792766
2017-09-21,2.3295682731439618
2017-09-22,2.290999522598358
2017-09-25,2.268542000600989
2017-09-26,2.26827315968778
2017-09-27,2.2350841976618487
2017-09-28,2.243193934122214
2017-09-29,2.2479946959306156
2017-10-03,2.2653193660329776
2017-10-04,2.2788628064453507
2017-10-05,2.272455492830888
2017-10-06,2.2947059631952498
2017-10-09,2.296920028283357
2017-10-10,2.30381970075422
2017-10-11,2.2959521264143317
2017-10-12,2.323256459249348
2017-10-13,2.3406518866892614
2017-10-16,2.3561811783433444
2017-10-17,2.3570634692245394
2017-10-18,2.351280229784234
2017-10-19,2.3355261226623725
2017-10-23,2.3449061590895672
2017-10-24,2.3505038616174674
2017-10-25,2.3719783936223657
2017-10-26,2.3838553945344434
2017-10-27,2.378767248940531
2017-10-30,2.388721712406616
2017-10-31,2.381768964704359
2017-11-01,2.4075639168752585
2017-11-02,2.4034664098547087
2017-11-03,2.410507476827408
2017-11-06,2.4103356665521316
2017-11-07,2.3853935702246853
2017-11-08,2.373868253474907
2017-11-09,2.375290063493295
2017-11-10,2.3784280218891434
2017-11-13,2.3546950138688945
2017-11-14,2.3452980600066518
2017-11-15,2.3285055097111993
2017-11-16,2.3521837506968417
2017-11-17,2.369052644804693
2017-11-20,2.3727662438460135
2017-11-21,2.3796669970063626
2017-11-22,2.3834426495737002
2017-11-23,2.3850242693133694
2017-11-24,2.3950658599471417
2017-11-27,2.397481738395749
2017-11-28,2.390294747048251
2017-11-29,2.388099737713827
2017-11-30,2.3550545196186916
2017-12-01,2.329387970152588
2017-12-04,2.330844961371734
2017-12-05,2.32851866176229
2017-12-06,2.3103622765453307
2017-12-07,2.3403679409412037
2017-12-08,2.3646040226074896
2017-12-11,2.3784756372723117
2017-12-12,2.358347339308728
2017-12-13,2.3467812415822293
2017-12-14,2.361271121313439
2017-12-15,2.381157938488636
2017-12-18,2.394765674542988
2017-12-19,2.4130259447023463
2017-12-20,2.408363725535408
2017-12-21,2.407406759285743
2017-12-22,2.4203365161458565
2017-12-26,2.429785354900016
2017-12-27,2.419781971391707
2017-12-28,2.4166284102732196
2017-12-29,2.429585562328444
2018-01-02,2.4078605591807016
2018-01-03,2.4081059062902237
2018-01-04,2.42321928501816
2018-01-05,2.43648530641045
2018-01-08,2.4523827976059684
2018-01-09,2.455674159623781
2018-01-10,2.4544951515624627
2018-01-11,2.459162113533877
2018-01-12,2.466544077031138
2018-01-15,2.4813598506689023
2018-01-16,2.4712579724975465
2018-01-17,2.492906663625892
2018-01-18,2.499901375469152
2018-01-19,2.5190078158818947
2018-01-22,2.536597656369978
2018-01-23,2.565516099709625
2018-01-24,2.5660824988130178
2018-01-25,2.5620558407709546
2018-01-29,2.5770162197885256
2018-01-30,2.557123666798403
2018-01-31,2.551718822201123
2018-02-01,2.549059901435117
2018-02-02,2.4859623979294465
2018-02-05,2.4628440066866313
2018-02-06,2.4214975612140193
2018-02-07,2.4162088227420715
2018-02-08,2.4407841885073216
2018-02-09,2.4108535281954735
2018-02-12,2.4316593721631694
2018-02-14,2.4221226152369564
2018-02-15,2.4330682831760986
2018-02-16,2.4101888336185144
2018-02-19,2.3920578304085987
2018-02-20,2.387643596052275
2018-02-21,2.3967285035845824
2018-02-22,2.393110861140648
2018-02-23,2.4196826921608614
2018-02-26,2.4421493524898987
2018-02-27,2.4352006307402463
2018-02-28,2.4201147657552498
2018-03-01,2.411648278944844
2018-03-05,2.387235595344512
2018-03-06,2.36036146695066
2018-03-07,2.3370709415174042
2018-03-08,2.358731347793128
2018-03-09,2.354859784904899
2018-03-12,2.40252458661836
2018-03-13,2.403861236392113
2018-03-14,2.3999488897496306
2018-03-15,2.3875011248795146
2018-03-16,2.347043247176973
2018-03-19,2.3223281722689384
2018-03-20,2.32969621306035
2018-03-21,2.33726171518639
2018-03-22,2.3273439601502446
2018-03-23,2.2987734081968827
2018-03-26,2.331212444214459
2018-03-27,2.3443114982788718
2018-03-28,2.3270565229324567
2018-04-02,2.3510728042834663
2018-04-03,2.359205715892343
2018-04-04,2.330636878150767
2018-04-05,2.378808372812199
2018-04-06,2.380389299781679
2018-04-09,2.3920949468583395
2018-04-10,2.3977105032318318
2018-04-11,2.4013648414550492
2018-04-12,2.4115436967046304
2018-04-13,2.4169286282233835
2018-04-16,2.428644988017882
2018-04-17,2.4336398360993035
2018-04-18,2.428116753956718
2018-04-19,2.4377132344895287
2018-04-20,2.437406365904462
2018-04-23,2.442475892435127
2018-04-24,2.449755525141894
2018-04-25,2.4389997142066075
2018-04-26,2.4505997041690644
2018-04-27,2.468894844492233
2018-04-30,2.480454128068223
2018-05-02,2.4752196851484407
2018-05-03,2.465784200661429
2018-05-04,2.450700399744266
2018-05-07,2.474582279824612
2018-05-08,2.4751473755743256
2018-05-09,2.4810201328176085
2018-05-10,2.4748393479964954
2018-05-11,2.4969415612209214
2018-05-14,2.496966049888925
2018-05-15,2.4957982758552513
2018-05-16,2.4808634809091417
2018-05-17,2.466511751423879
2018-05-18,2.4453108859928006
2018-05-21,2.4257415209345936
2018-05-22,2.43064988369162
2018-05-23,2.4045463502552598
2018-05-24,2.425027880016262
2018-05-25,2.4474342290616544
2018-05-28,2.4679374599105985
2018-05-29,2.454339457042409
2018-05-30,2.4496855051595645
2018-05-31,2.479594970266963
2018-06-01,2.4697776559654594
2018-06-04,2.4531450658924667
2018-06-05,2.4444639110834196
2018-06-06,2.466929676200665
2018-06-07,2.4874913983085722
2018-06-08,2.4873195413450295
2018-06-11,2.4920631098577855
2018-06-12,2.505803822153063
2018-06-13,2.5092095771886136
2018-06-14,2.4972458348522384
2018-06-15,2.499618303495065
2018-06-18,2.4952296341692453
2018-06-19,2.4732525985498017
2018-06-20,2.488387525673642
2018-06-21,2.480780328293917
2018-06-22,2.500624077257973
2018-06-25,2.486020114959191
2018-06-26,2.4876668456292474
2018-06-27,2.4636415262157723
2018-06-28,2.44342522561234
2018-06-29,2.47416400753678
2018-07-02,2.4601590700733498
2018-07-03,2.4706224791800486
2018-07-04,2.487820018926358
2018-07-05,2.482867429009705
2018-07-06,2.4884952423607176
2018-07-09,2.5082195114179524
2018-07-10,2.531420231230953
2018-07-11,2.5316785222740514
2018-07-12,2.550106920409916
2018-07-13,2.5490485418055675
2018-07-16,2.5288525959701906
2018-07-17,2.546369368414913
2018-07-18,2.5395764628219526
2018-07-19,2.533830265205477
2018-07-20,2.5468956694314278
2018-07-23,2.5652443177678457
2018-07-24,2.577445064346349
2018-07-25,2.576878617596504
2018-07-26,2.5855729190577366
2018-07-27,2.612929892053937
2018-07-30,2.6230859017591395
2018-07-31,2.6321963915312514
2018-08-01,2.62965632903922
2018-08-02,2.604626595734475
2018-08-03,2.6332400293596696
2018-08-06,2.6397260106669873
2018-08-07,2.640305791019117
2018-08-08,2.6552408122046898
2018-08-09,2.6603483842250286
2018-08-10,2.6501814623355613
2018-08-13,2.631986463486139
2018-08-14,2.651554815379622
2018-08-16,2.6392065864448804
2018-08-17,2.660344488986571
2018-08-20,2.6803326440277684
2018-08-21,2.6850604558168834
2018-08-23,2.6879861745708276
2018-08-24,2.681652569798544
2018-08-27,2.7149452010142845
2018-08-28,2.7264461480251976
2018-08-29,2.7149299738708623
2018-08-30,2.7111991138682976
2018-08-31,2.7121132352261252
2018-09-03,2.6878650051197166
2018-09-04,2.6725438034215374
2018-09-05,2.6618437026671837
2018-09-06,2.676637793620635
2018-09-07,2.6895234365905227
2018-09-10,2.652237572461197
2018-09-11,2.615081994418627
2018-09-12,2.6353942637111465
2018-09-14,2.671228288917067
2018-09-17,2.637302769793461
2018-09-18,2.612923528299498
2018-09-19,2.601942149046848
2018-09-21,2.579455527921924
2018-09-24,2.536180885272391
2018-09-25,2.560797844109489
2018-09-26,2.5574372626526993
2018-09-27,2.538666804639607
2018-09-28,2.5270774508362006
2018-10-01,2.5462278825367948
2018-10-03,2.5093000274228614
2018-10-04,2.4456154682759377
2018-10-05,2.3761876097310037
2018-10-08,2.383931760206595
2018-10-09,2.372411168238589
2018-10-10,2.4113859095191033
2018-10-11,2.356086402301277
2018-10-12,2.4143453010845235
2018-10-15,2.4241571450581834
2018-10-16,2.44188410404693
2018-10-17,2.4095565765481033
2018-10-19,2.3728894456456486
2018-10-22,2.358603816958953
2018-10-23,2.3344886292517852
2018-10-24,2.3535705244686653
2018-10-25,2.3291158145006947
2018-10-26,2.305887914217983
2018-10-29,2.3599105193630576
2018-10-30,2.347063087421814
2018-10-31,2.393147297644038
2018-11-01,2.391639748757205
2018-11-02,2.43393929159468
2018-11-05,2.426822677287711
2018-11-06,2.4282948205765558
2018-11-07,2.445077961924516
2018-11-09,2.4418377428526097
2018-11-12,2.416556607212567
2018-11-13,2.441159503635123
2018-11-14,2.4396377131019746
2018-11-15,2.449553308044571
2018-11-16,2.46563309423083
2018-11-19,2.4855749898899755
2018-11-20,2.4592350621671963
2018-11-21,2.445447354045469
2018-11-22,2.427454715425983
2018-11-26,2.452444230202367
2018-11-27,2.466438156320547
2018-11-28,2.4770599796366644
2018-11-29,2.5089583801514435
2018-11-30,2.5133957921089416
2018-12-03,2.515116873485238
2018-12-04,2.511613099323227
2018-12-05,2.490321870200095
2018-12-06,2.4456600995765125
2018-12-07,2.468377583906501
2018-12-10,2.417968548942598
2018-12-11,2.4328577379758483
2018-12-12,2.4790995878833297
2018-12-13,2.49235280817355
2018-12-14,2.495768623106813
2018-12-17,2.5161416023837018
2018-12-18,2.5211453058872677
2018-12-19,2.5355552142736695
2018-12-20,2.5317178881698936
2018-12-21,2.4830903268587114
2018-12-24,2.4608565781369447
2018-12-26,2.4771482827873195
2018-12-27,2.489418074436868
2018-12-28,2.5090998585534434
2018-12-31,2.509751162289188
2019-01-02,2.492530595559013
2019-01-03,2.462981434606556
2019-01-04,2.4765113567036923
2019-01-07,2.4874298620408055
2019-01-08,2.4948869845542654
2019-01-09,2.5079113974484875
2019-01-10,2.4996639300052297
2019-01-11,2.493114259465948
2019-01-14,2.4790213381548987
2019-01-15,2.5156721904957235
2019-01-16,2.5165327154806114
2019-01-17,2.5201962646672813
2019-01-18,2.52062657363555
2019-01-21,2.534125975240214
2019-01-22,2.5245085591121854
2019-01-23,2.5020687398355195
2019-01-24,2.506566525080954
2019-01-25,2.489544198584089
2019-01-28,2.460304861633866
2019-01-29,2.458009222184664
2019-01-30,2.457910918518206
2019-01-31,2.501895709317874
2019-02-01,2.517306082830072
2019-02-04,2.5218791548729538
2019-02-05,2.5273133620294352
2019-02-06,2.5588168675392473
2019-02-07,2.5605273810685403
2019-02-08,2.529565289271993
2019-02-11,2.5160878824932396
2019-02-12,2.501975677380372
2019-02-14,2.4809985213676873
2019-02-15,2.4756803119949398
2019-02-18,2.455183301260824
2019-02-19,2.4461979889447796
2019-02-20,2.4783756022429113
2019-02-21,2.4917379482588364
2019-02-22,2.49218042409942
2019-02-25,2.5139138025301286
2019-02-26,2.5029000513800934
2019-02-27,2.4958586362850084
2019-02-28,2.4923813620818662
2019-03-01,2.509827223338953
2019-03-05,2.5402965530488655
2019-03-06,2.556421582978185
2019-03-07,2.557701298945856
2019-03-08,2.552090326569412
2019-03-11,2.5847306843305193
2019-03-12,2.6175192205835716
2019-03-13,2.62749994265769
2019-03-14,2.627881960062795
2019-03-15,2.648488934191632
2019-03-18,2.657206794298409
2019-03-19,2.674522385063184
2019-03-20,2.67172155709724
2019-03-22,2.65589328663989
2019-03-25,2.630574335058317
2019-03-26,2.662374067399314
2019-03-27,2.652950584084987
2019-03-28,2.683767561559744
2019-04-01,2.7082383294601917
2019-04-02,2.7191159338149467
2019-04-03,2.7020113085294053
2019-04-04,2.6906660130086504
2019-04-05,2.707438946539892
2019-04-08,2.6922648288015347
2019-04-09,2.7089149034279227
2019-04-10,2.687270410263281
2019-04-11,2.690331094843221
2019-04-12,2.701870795539613
2019-04-15,2.713450352198635
2019-04-16,2.737356790124687
2019-04-18,2.7288689271413964
2019-04-22,2.6897488266272584
2019-04-23,2.685182416404139
2019-04-24,2.7222529869621
2019-04-25,2.701417543189778
2019-04-26,2.7292798477663687
2019-04-30,2.7276740408048785
2019-05-02,2.7218932439449692
2019-05-03,2.7188056574169437
2019-05-06,2.6906487916548536
2019-05-07,2.6658790280490354
2019-05-08,2.6317238072707867
2019-05-09,2.6175127339632698
2019-05-10,2.611869771115122
2019-05-13,2.5796663046825907
2019-05-14,2.597848595608321
2019-05-15,2.5818261328959347
2019-05-16,2.606472537285034
2019-05-17,2.6434388840670597
2019-05-20,2.7472678606426566
2019-05-21,2.717822450440227
2019-05-22,2.7249352976173538
2019-05-23,2.704964722383096
2019-05-24,2.7511466270588736
2019-05-27,2.7710790360332944
2019-05-28,2.772068047323037
2019-05-29,2.7553409383334215
2019-05-30,2.776300967038673
2019-05-31,2.7705886503185413
2019-06-03,2.811570255411061
2019-06-04,2.7950148935448564
2019-06-06,2.7510061912768036
2019-06-07,2.7576543679261927
2019-06-10,2.770519849595719
2019-06-11,2.781126533612688
2019-06-12,2.7664369301990415
2019-06-13,2.7683775357353517
2019-06-14,2.7459410844465246
2019-06-17,2.708590224199298
2019-06-18,2.713367785432477
2019-06-19,2.713355486985362
2019-06-20,2.748000203062243
2019-06-21,2.7213975461267723
2019-06-24,2.715359184710544
2019-06-25,2.739263180870944
2019-06-26,2.751888478640789
2019-06-27,2.75040563566167
2019-06-28,2.737381705581593
2019-07-01,2.7563436969758537
2019-07-02,2.767391978429934
2019-07-03,2.768986617782399
2019-07-04,2.776403577342649
2019-07-05,2.7428736288670774
2019-07-08,2.6804708479654633
2019-07-09,2.6798048305610367
2019-07-10,2.6657406038136586
2019-07-11,2.6864602573555483
2019-07-12,2.678958139360068
2019-07-15,2.687803509401966
2019-07-16,2.7061272448783265
2019-07-17,2.7122747745810014
2019-07-18,2.6899040518994384
2019-07-19,2.64606081027508
2019-07-22,2.62805042817413
2019-07-23,2.6243166482975018
2019-07-24,2.609592654539232
2019-07-25,2.6048753291113522
2019-07-26,2.6127942518272613
2019-07-29,2.58936540263711
2019-07-30,2.5638070733604708
2019-07-31,2.5718291717018444
2019-08-01,2.537863816337631
2019-08-02,2.54213056737547
2019-08-05,2.508988452146526
2019-08-06,2.53003766532259
2019-08-07,2.5072322583360833
2019-08-08,2.5507170515769273
2019-08-09,2.5697081610360093
2019-08-13,2.524473390414217
2019-08-14,2.5499305876156306
2019-08-16,2.5544566660588597
2019-08-19,2.5559575113296464
2019-08-20,2.5468790828835415
2019-08-21,2.522700031393991
2019-08-22,2.47910179449449
2019-08-23,2.500712045316185
2019-08-26,2.55685420871805
2019-08-27,2.568540333622394
2019-08-28,2.5539594401424153
2019-08-29,2.5299000477028057
2019-08-30,2.548327745378989
2019-09-03,2.4928978494456313
2019-09-04,2.504381723193419
2019-09-05,2.5051802876179847
2019-09-06,2.5293342051923915
2019-09-09,2.543311140124419
2019-09-11,2.551341156375869
2019-09-12,2.5383284045204433
2019-09-13,2.5612227791231876
2019-09-16,2.5434092137580566
2019-09-17,2.4976890978491473
2019-09-18,2.503351943866626
2019-09-19,2.469973220970864
2019-09-20,2.60976224851321
2019-09-23,2.6900546468107547
2019-09-24,2.6870937825883976
2019-09-25,2.6505788773399606
2019-09-26,2.6828727428258574
2019-09-27,2.6683670265979536
2019-09-30,2.6590078999729485
2019-10-01,2.630764061221049
2019-10-03,2.619453988781186
2019-10-04,2.585151041822922
2019-10-07,2.5732500624003354
2019-10-09,2.6192414884126163
2019-10-10,2.5998425289487153
2019-10-11,2.6172014254930276
2019-10-14,2.6260938573736543
2019-10-15,2.6475652015650604
2019-10-16,2.65636509188858
2019-10-17,2.6865295690480657
2019-10-18,2.705156168504908
2019-10-22,2.687015475554136
2019-10-23,2.6909011889522634
2019-10-24,2.685596421010704
2019-10-25,2.6859173290535376
2019-10-29,2.7359860893767562
2019-10-30,2.7501255636359114
2019-10-31,2.758364963277945
2019-11-01,2.761614163983267
2019-11-04,2.7741429936928914
2019-11-05,2.768185976244057
2019-11-06,2.780259213975261
2019-11-07,2.7916311378089307
2019-11-08,2.7659392725367478
2019-11-11,2.767249056964832
2019-11-13,2.7492074514493163
2019-11-14,2.75702636837949
2019-11-15,2.7627960626201027
2019-11-18,2.760090039898692
2019-11-19,2.7738290582380345
2019-11-20,2.7884126797032383
2019-11-21,2.7808220581068674
2019-11-22,2.76747232823856
2019-11-25,2.8068548686671697
2019-11-26,2.797937795655975
2019-11-27,2.813518127719025
2019-11-28,2.82599896429218
2019-11-29,2.802465848970457
2019-12-02,2.8005244045204702
2019-12-03,2.7871691375446837
2019-12-04,2.799284313862302
2019-12-05,2.7931510027720137
2019-12-06,2.7691894530673276
2019-12-09,2.773143878370269
2019-12-10,2.7531969865770587
2019-12-11,2.7663780551660144
2019-12-12,2.7816138412594014
2019-12-13,2.810019216187145
2019-12-16,2.801917920711542
2019-12-17,2.8293832900305786
2019-12-18,2.8434025215471417
2019-12-19,2.8528214727682513
2019-12-20,2.855817237630358
2019-12-23,2.8535764382115505
2019-12-24,2.841642272553175
2019-12-26,2.819859345346018
2019-12-27,2.849363977679107
2019-12-30,2.851852032950189
2019-12-31,2.830213205964503
2020-01-01,2.83369013477843
2020-01-02,2.8583649310292514
2020-01-03,2.8446097703714743
2020-01-06,2.7867827574842594
2020-01-07,2.8015924062976545
2020-01-08,2.7947663240086844
2020-01-09,2.8418857674236317
2020-01-10,2.852009480975618
2020-01-13,2.8700209235546157
2020-01-14,2.8781322293757055
2020-01-15,2.873425635775136
2020-01-16,2.8764475149498177
2020-01-17,2.8756671420782545
2020-01-20,2.8440107906785395
2020-01-21,2.830470472475276
2020-01-22,2.814892698801951
2020-01-23,2.8330628141368654
2020-01-24,2.8498667242790834
2020-01-27,2.8178687350433718
2020-01-28,2.802233154128891
2020-01-29,2.8204602931573888
2020-01-30,2.7972778493730814
2020-01-31,2.779052707502361
2020-02-03,2.7162171882045394
2020-02-04,2.783297744412612
2020-02-05,2.8103666857449734
2020-02-06,2.8224372318754196
2020-02-07,2.8126395760107687
2020-02-10,2.796103652494393
2020-02-11,2.814995337620968
2020-02-12,2.8380750930825496
2020-02-13,2.831504201707222
2020-02-14,2.81635969444764
2020-02-17,2.7996244446597305
2020-02-18,2.7864439599610518
2020-02-19,2.8194230991169524
2020-02-20,2.8082778389229524
2020-02-24,2.7460858403370754
2020-02-25,2.738305411068853
2020-02-26,2.708818822158892
2020-02-27,2.697663687100731
2020-02-28,2.5911862871142075
2020-03-02,2.5742037145291405
2020-03-03,2.6161635049624175
2020-03-04,2.603283935930594
2020-03-05,2.6077153725976405
2020-03-06,2.5388857117787533
2020-03-09,2.406637109716309
2020-03-11,2.4083399451980476
2020-03-12,2.1956049466903065
2020-03-13,2.28452967177484
2020-03-16,2.0994993423152857
2020-03-17,2.043551724547378
2020-03-18,1.9227355756751177
2020-03-19,1.8731296904202632
2020-03-20,1.9893802628527777
2020-03-23,1.7146226596984568
2020-03-24,1.7603619254745555
2020-03-25,1.8844450968748783
2020-03-26,1.9624502605154266
2020-03-27,1.966992886618941
2020-03-30,1.8753654586483248
2020-03-31,1.95166458412355
2020-04-01,1.86859203125251
2020-04-03,1.827642294814633
2020-04-07,1.9980526847116098
2020-04-08,1.9875465557308418
2020-04-09,2.0753273381074515
2020-04-13,2.046719295952765
2020-04-15,2.0301211143305924
2020-04-16,2.046457069606251
2020-04-17,2.1127887432744514
2020-04-20,2.1115999647361554
2020-04-21,2.0435805875535564
2020-04-22,2.093415876169974
2020-04-23,2.124109273993814
2020-04-24,2.08540601096195
2020-04-27,2.116406668133957
2020-04-28,2.1403268597067133
2020-04-29,2.182190639401827
2020-04-30,2.2566948937367326
2020-05-04,2.118762748472424
2020-05-05,2.0974403792983454
2020-05-06,2.1132709855904386
2020-05-07,2.095844684335971
2020-05-08,2.1085593476061844
2020-05-11,2.1055766205123074
2020-05-12,2.095234697194426
2020-05-13,2.140565246811946
2020-05-14,2.0821186719929154
2020-05-15,2.0806889518807092
2020-05-18,2.004703959268933
2020-05-19,2.0182055031163926
2020-05-20,2.063539497153612
2020-05-21,2.073153516808101
2020-05-22,2.0569238978204587
2020-05-26,2.054454244792524
2020-05-27,2.123670930709329
2020-05-28,2.166158022202494
2020-05-29,2.1880642939325163
2020-06-01,2.247808233191186
2020-06-02,2.2850358077210924
2020-06-03,2.305123727674057
2020-06-04,2.2972135123991597
2020-06-05,2.324765606515571
2020-06-08,2.330935929848324
2020-06-09,2.3014695934479725
2020-06-10,2.3184094755857143
2020-06-11,2.2661896562576263
2020-06-12,2.283454537160269
2020-06-15,2.2446702233413793
2020-06-16,2.269079868965433
2020-06-17,2.2610801872904576
2020-06-18,2.312331168369371
2020-06-19,2.3495712550671346
2020-06-22,2.365872429584942
2020-06-23,2.4048845877704195
2020-06-24,2.364392447952348
2020-06-25,2.3603890488091124
2020-06-26,2.3833581540090343
2020-06-29,2.3661152511319394
2020-06-30,2.363600541063362
2020-07-01,2.3948347792018314
2020-07-02,2.424554471600688
2020-07-03,2.43815988450431
2020-07-06,2.4763858158214727
2020-07-07,2.485198391374079
2020-07-08,2.4622072572972806
2020-07-09,2.488562415550692
2020-07-10,2.4774454701948527
2020-07-13,2.485927832364599
2020-07-14,2.4380964932861877
2020-07-15,2.440750113860077
2020-07-16,2.4705272555068545
2020-07-17,2.5101161431641557
2020-07-20,2.5396369523206705
2020-07-21,2.573971195450839
2020-07-22,2.566696346429147
2020-07-23,2.587020623877621
2020-07-24,2.5817930469933383
2020-07-27,2.5664923062435263
2020-07-28,2.6078884597560954
2020-07-29,2.583898666859585
2020-07-30,2.559186279594876
2020-07-31,2.5521471125268795
2020-08-03,2.5075528403026097
2020-08-04,2.5574396005872013
2020-08-05,2.5590092996602274
2020-08-06,2.5831673663624604
2020-08-07,2.5865782492797225
2020-08-10,2.600346290762483
2020-08-11,2.6131978715085165
2020-08-12,2.609735460059
2020-08-13,2.607783303088727
2020-08-14,2.5778155300092465
2020-08-17,2.5946719599849386
2020-08-18,2.6286070249550866
2020-08-19,2.634269503513051
2020-08-20,2.610634643680038
2020-08-21,2.6252201934475217
2020-08-24,2.648518578703109
2020-08-25,2.6499439533551796
2020-08-26,2.6689542038252934
2020-08-27,2.6713270015320676
2020-08-28,2.6930511948588434
2020-08-31,2.629064525597513
2020-09-01,2.6493919561328156
2020-09-02,2.6653050538792304
2020-09-03,2.6634489312372613
2020-09-04,2.615854141242664
2020-09-07,2.621060301932458
2020-09-08,2.611801107637683
2020-09-09,2.6021388764846756
2020-09-10,2.6441796394465724
2020-09-11,2.647914760783465
2020-09-14,2.6419183803882467
2020-09-15,2.6620056482311516
2020-09-16,2.6823478650095414
2020-09-17,2.6605944609457506
2020-09-18,2.657853726599651
2020-09-21,2.5953212347818653
2020-09-22,2.5715374945696388
2020-09-23,2.5661895177194123
2020-09-24,2.486154538219537
2020-09-25,2.546058727534148
2020-09-28,2.589524379522297
2020-09-29,2.5882607072491624
2020-09-30,2.5944322218264517
2020-10-01,2.6360080051023402
2020-10-05,2.657233070813769
2020-10-06,2.6963246094422972
2020-10-07,2.715130716656505
2020-10-08,2.738694532222438
2020-10-09,2.758294164254855
2020-10-12,2.762420191834506
2020-10-13,2.7632946938073033
2020-10-14,2.7722989877248723
2020-10-15,2.7006690159139572
2020-10-16,2.7208667850794224
2020-10-19,2.7480878243785836
2020-10-20,2.7539367158146013
2020-10-21,2.7639982387336564
2020-10-22,2.7538483844138937
2020-10-23,2.7621978072419946
2020-10-26,2.722142254276066
2020-10-27,2.7520836829568207
2020-10-28,2.712726662831788
2020-10-29,2.698257601425982
2020-10-30,2.6912715175185937
2020-11-02,2.6978508282587823
2020-11-03,2.733359623414048
2020-11-04,2.756747103054687
2020-11-05,2.8089154468319726
2020-11-06,2.8442387706337198
2020-11-09,2.892975746858378
2020-11-10,2.934981417841898
2020-11-11,2.9641674253225134
2020-11-12,2.9497327062678895
2020-11-13,2.956941783482501
2020-11-17,2.995094385649729
2020-11-18,3.010948781324171
2020-11-19,2.9697092629142907
2020-11-20,2.991319912105292
2020-11-23,3.008002292699066
2020-11-24,3.0398677180271054
2020-11-25,2.991122818980656
2020-11-26,3.022952228250197
2020-11-27,3.01848192918754
2020-12-01,3.053176563164554
2020-12-02,3.0543413279699996
2020-12-03,3.0593349511362002
2020-12-04,3.0902283135642263
2020-12-07,3.114333101136585
2020-12-08,3.123562717055333
2020-12-09,3.1573482972354676
2020-12-10,3.1447341682043803
2020-12-11,3.1535594315586444
2020-12-14,3.1645589824054703
2020-12-15,3.166967729090308
2020-12-16,3.1954915341758947
2020-12-17,3.2099039067881825
2020-12-18,3.2148376524774847
2020-12-21,3.107414271718279
2020-12-22,3.141622074067054
2020-12-23,3.1750828919018423
2020-12-24,3.2118809987021164
2020-12-28,3.2426894083858917
2020-12-29,3.257461857021651
2020-12-30,3.269738542334708
2020-12-31,3.269688729551468
2021-01-01,3.2788328902397166
2021-01-04,3.3073028512410736
2021-01-05,3.323885579236772
2021-01-06,3.310622808776657
2021-01-07,3.308406557139114
2021-01-08,3.3606709307410783
2021-01-11,3.3949399479511646
2021-01-12,3.414566252370955
2021-01-13,3.4149153598319404
2021-01-14,3.4225865135849496
2021-01-15,3.3821922775837723
2021-01-18,3.3441953639715454
2021-01-19,3.4039547760091216
2021-01-20,3.4347700795050025
2021-01-21,3.421206852072481
2021-01-22,3.366705690482526
2021-01-25,3.333555637760038
2021-01-27,3.2659499317578686
2021-01-28,3.228643861288751
2021-01-29,3.183159341999725
2021-02-01,3.343777156305507
2021-02-02,3.4351180470655494
2021-02-03,3.4705753167322335
2021-02-04,3.496966093912394
2021-02-05,3.504109966170877
2021-02-08,3.5519628981922153
2021-02-09,3.5503377526014224
2021-02-10,3.549637757991169
2021-02-11,3.56633854744721
2021-02-12,3.5638377175266727
2021-02-15,3.6016987821363604
2021-02-16,3.6013859938140853
2021-02-17,3.575224564084509
2021-02-18,3.552726287647825
2021-02-19,3.5184229426898144
2021-02-22,3.441947987207244
2021-02-23,3.449958251536042
2021-02-24,3.5183928175653816
2021-02-25,3.547215360103798
2021-02-26,3.4051693287405427
2021-03-01,3.463122225708304
2021-03-02,3.5024496370362233
2021-03-03,3.5840052956192148
2021-03-04,3.5427714649429216
2021-03-05,3.507115286814855
2021-03-08,3.5116368536321225
2021-03-09,3.5471615315641936
2021-03-10,3.5662592586838002
2021-03-12,3.5302892736823708
2021-03-15,3.5049369148695315
2021-03-16,3.500178447476439
2021-03-17,3.4529342691258043
2021-03-18,3.412142811399852
2021-03-19,3.458566062446257
2021-03-22,3.4566692969049626
2021-03-23,3.47622371437587
2021-03-24,3.409975607630149
2021-03-25,3.35399157862726
2021-03-26,3.3994312753287987
2021-03-30,3.483652335032449
2021-03-31,3.445101040486608
2021-04-01,3.489178169330794
2021-04-05,3.431857909809962
2021-04-06,3.4432581284153874
2021-04-07,3.477078666888521
2021-04-08,3.490747137089414
2021-04-09,3.4810208356214956
2021-04-12,3.3501817000301743
2021-04-13,3.3985040240953124
2021-04-15,3.417612764031259
2021-04-16,3.4266900946715553
2021-04-19,3.3622398616057123
2021-04-20,3.3465320293572365
2021-04-22,3.373866737431894
2021-04-23,3.3577193654457473
2021-04-26,3.3935045129482577
2021-04-27,3.4353944368644442
2021-04-28,3.48815392603556
2021-04-29,3.4957318909229693
2021-04-30,3.42985725641175
2021-05-03,3.4306181987971205
2021-05-04,3.3962842346387974
2021-05-05,3.4265339212647192
2021-05-06,3.4532083271971787
2021-05-07,3.4777493105128956
2021-05-10,3.5075051902854586
2021-05-11,3.48462736819004
2021-05-12,3.4461172584028517
2021-05-14,3.4414516970778264
2021-05-17,3.5026598742222896
2021-05-18,3.5488481319633354
2021-05-19,3.5293662472076495
2021-05-20,3.4983600245160758
2021-05-21,3.565595622791633
2021-05-24,3.571195674380716
2021-05-25,3.5738834057873508
2021-05-26,3.5971364595980844
2021-05-27,3.60624104850029
2021-05-28,3.6307076827260287
2021-05-31,3.667534697479609
2021-06-01,3.665543803349707
2021-06-02,3.665882007087702
2021-06-03,3.6944666174335365
2021-06-04,3.6894310505200254
2021-06-07,3.7098226639871297
2021-06-08,3.706928120536655
2021-06-09,3.680679750005365
2021-06-10,3.7063283507090072
2021-06-11,3.721763855457194
2021-06-14,3.7248968615936113
2021-06-15,3.7392844515812866
2021-06-16,3.7137870739210745
2021-06-17,3.694703444138661
2021-06-18,3.692686482976872
2021-06-21,3.7085070222138534
2021-06-22,3.7150849030845507
2021-06-23,3.6935823885031756
2021-06-24,3.7195117158668256
2021-06-25,3.737030605717745
2021-06-28,3.72558626618967
2021-06-29,3.7089804138712337
2021-06-30,3.702227048236829
2021-07-01,3.691828833210149
2021-07-02,3.702400697705199
2021-07-05,3.730500853904187
2021-07-06,3.7264651073838206
2021-07-07,3.741855559784775
2021-07-08,3.7038089109271493
2021-07-09,3.694262258639245
2021-07-12,3.6949636811267252
2021-07-13,3.7249644530947945
2021-07-14,3.7353916314056907
2021-07-15,3.7530027364893694
2021-07-16,3.7528021753328122
2021-07-19,3.70992189711091
2021-07-20,3.6797760077867743
2021-07-22,3.7278526641847325
2021-07-23,3.73587374153704
2021-07-26,3.727952002509215
2021-07-27,3.7084006001683054
2021-07-28,3.6991166771714337
2021-07-29,3.7164165337858175
2021-07-30,3.712557012816533
2021-08-02,3.7431549578404515
2021-08-03,3.804731567739179
2021-08-04,3.8368674338782096
2021-08-05,3.8458564176410945
2021-08-06,3.831693080513364
2021-08-09,3.83672698067276
2021-08-10,3.842213190375392
2021-08-11,3.842753177477749
2021-08-12,3.8633822324167153
2021-08-13,3.9047536829750795
2021-08-16,3.913287451202788
2021-08-17,3.926246163309811
2021-08-18,3.9147429182584075
2021-08-20,3.8849907002292223
2021-08-23,3.8965366759702778
2021-08-24,3.928743645038591
2021-08-25,3.931270870253061
2021-08-26,3.931836644840587
2021-08-27,3.9490109007396446
2021-08-30,4.0058178413753
2021-08-31,4.056454562436501
2021-09-01,4.042359430208915
2021-09-02,4.08213049830604
2021-09-03,4.104673678658611
2021-09-06,4.118338086102357
2021-09-07,4.114378945933841
2021-09-08,4.112210630815559
2021-09-09,4.116181727467601
2021-09-13,4.112664463304301
2021-09-14,4.118891995453536
2021-09-15,4.154055191783688
2021-09-16,4.181819481766067
2021-09-17,4.170626218635255
2021-09-20,4.1231220419984975
2021-09-21,4.164755452315443
2021-09-22,4.160882389966456
2021-09-23,4.230595087518082
2021-09-24,4.23823500904934
2021-09-27,4.238715022592331
2021-09-28,4.211814347602656
2021-09-29,4.202396710693327
2021-09-30,4.178880199196124
2021-10-01,4.157151065248155
2021-10-04,4.197315868756616
2021-10-05,4.230398068220972
2021-10-06,4.185872104195948
2021-10-07,4.2223052708815985
2021-10-08,4.248782564492389
2021-10-11,4.26160308457227
2021-10-12,4.273225757679657
2021-10-13,4.316135799017602
2021-10-14,4.3608415314964235
2021-10-18,4.395884161588246
2021-10-19,4.381126090784017
2021-10-20,4.342619036340044
2021-10-21,4.320232911517554
2021-10-22,4.304251614619776
2021-10-25,4.306906175119783
2021-10-26,4.343060101335712
2021-10-27,4.32852775171677
2021-10-28,4.239077132469181
2021-10-29,4.192198446908406
2021-11-01,4.257320195846368
2021-11-02,4.247037356864767
2021-11-03,4.231944175615064
2021-11-04,4.254068069816796
2021-11-08,4.292404731985166
2021-11-09,4.286262316235751
2021-11-10,4.279425382811996
2021-11-11,4.243134873425089
2021-11-12,4.301016008798365
2021-11-15,4.30270953645046
2021-11-16,4.2748382500968
2021-11-17,4.249429392213339
2021-11-18,4.215617531725741
2021-11-22,4.1276882321965696
2021-11-23,4.149575937190448
2021-11-24,4.127302916683627
2021-11-25,4.157865006489227
2021-11-26,4.029254697576363
2021-11-29,4.036178982900707
2021-11-30,4.018362846733212
2021-12-01,4.064609807835241
2021-12-02,4.123748838588671
2021-12-03,4.072072254193059
2021-12-06,4.000405662070279
2021-12-07,4.066961561950348
2021-12-08,4.140788502023547
2021-12-09,4.1526668294346765
2021-12-10,4.1512671970320785
2021-12-13,4.115184902940305
2021-12-14,4.104256414223051
2021-12-15,4.078168118003785
2021-12-16,4.084971142789028
2021-12-17,4.018647310188395
2021-12-20,3.925252060984497
2021-12-21,3.964630749372341
2021-12-22,4.0110630375507865
2021-12-23,4.040550374732311
2021-12-24,4.023212974342785
2021-12-27,4.043982371380957
2021-12-28,4.081001096656716
2021-12-29,4.076049875343584
2021-12-30,4.07361848709487
2021-12-31,4.111434787739901
2022-01-03,4.179911260492814
2022-01-04,4.225216625558831
2022-01-05,4.255515310427135
2022-01-06,4.210212097966179
2022-01-07,4.227074382252145
2022-01-10,4.275200213064497
2022-01-11,4.2884523212411665
2022-01-12,4.328026996104453
2022-01-13,4.3395193951027755
2022-01-14,4.339000769281213
2022-01-17,4.3522394625724825
2022-01-18,4.3029045356599775
2022-01-19,4.258759558596632
2022-01-20,4.212937008589472
2022-01-21,4.177633468517897
2022-01-24,4.059539076545123
2022-01-25,4.091992471678677
2022-01-27,4.049708752074755
2022-01-28,4.047643431338588
2022-01-31,4.1075526172062515
2022-02-01,4.167287467952342
2022-02-02,4.218534853343081
2022-02-03,4.1630466395685675
2022-02-04,4.151973455271038
2022-02-07,4.07563068690021
2022-02-08,4.089020398263182
2022-02-09,4.138671451444733
2022-02-10,4.1744894624840425
2022-02-11,4.116186956698851
2022-02-14,3.98209944512378
2022-02-15,4.110305965931896
2022-02-16,4.10268201001929
2022-02-17,4.098246848049091
2022-02-18,4.091115910421237
2022-02-21,4.073566755329991
2022-02-22,4.044737038628373
2022-02-23,4.037447990433269
2022-02-24,3.8321880713820624
2022-02-25,3.935191179599842
2022-02-28,3.969248734313472
2022-03-02,3.92198332666644
2022-03-03,3.894869000181432
2022-03-04,3.831393065720318
2022-03-07,3.7354841304348847
2022-03-08,3.773142151872076
2022-03-09,3.8563503979383276
2022-03-10,3.91899488186451
2022-03-11,3.927927257185816
2022-03-14,3.988454452738089
2022-03-15,3.9360596034392814
2022-03-16,4.014563473517064
2022-03-17,4.0929966248107075
2022-03-21,4.05030853875924
2022-03-22,4.100131957376378
2022-03-23,4.08253375097127
2022-03-24,4.076765625159104
2022-03-25,4.059198565072558
2022-03-28,4.0765722094410854
2022-03-29,4.102589183780707
2022-03-30,4.146164192246481
2022-03-31,4.137718440444533
2022-04-01,4.189571314344574
2022-04-04,4.286177965539249
2022-04-05,4.261927278541835
2022-04-06,4.2241116757136155
2022-04-07,4.181685185776976
2022-04-08,4.218208525957512
2022-04-11,4.190599533470704
2022-04-12,4.154109575739924
2022-04-13,4.140330392397193
2022-04-18,4.0642013754742
2022-04-19,4.010064562070743
2022-04-20,4.054823379893474
2022-04-21,4.119286741649067
2022-04-22,4.063683020929078
2022-04-25,4.008792373859069
2022-04-26,4.070896462644422
2022-04-27,4.030001474328487
2022-04-28,4.082007569197919
2022-04-29,4.046118200387553
2022-05-02,4.037697840729398
2022-05-04,3.93916146211344
2022-05-05,3.9404307800783758
2022-05-06,3.872223496985523
2022-05-09,3.8447585189978866
2022-05-10,3.8292503360347623
2022-05-11,3.8109485072027534
2022-05-12,3.7208832015409627
2022-05-13,3.714409320377224
2022-05-16,3.72947180483939
2022-05-17,3.833921405373775
2022-05-18,3.8291544992915902
2022-05-19,3.7210543288058715
2022-05-20,3.8354397817730885
2022-05-23,3.8225317792712192
2022-05-24,3.80006977774112
2022-05-25,3.775158278904315
2022-05-26,3.8113388677326685
2022-05-27,3.8570573006799598
2022-05-30,3.9345932944937876
2022-05-31,3.91528376735421
2022-06-01,3.8997600715270173
2022-06-02,3.926191418086762
2022-06-03,3.9152128233380323
2022-06-06,3.911507792245077
2022-06-07,3.8730276046436045
2022-06-08,3.8579411470215614
2022-06-09,3.8885211573264127
2022-06-10,3.819146708080771
2022-06-13,3.711950695639849
2022-06-14,3.7013596374207927
2022-06-15,3.6913590729070163
2022-06-16,3.6083748532119033
2022-06-17,3.591603616122166
2022-06-20,3.605759143351654
2022-06-21,3.6779025069469675
2022-06-22,3.621475766064186
2022-06-23,3.657312717469575
2022-06-24,3.692982952275371
2022-06-27,3.726221149598308
2022-06-28,3.7307664132850062
2022-06-29,3.7179687460254756
2022-06-30,3.713249013577382
2022-07-01,3.70618853825778
2022-07-04,3.727041898388851
2022-07-05,3.7209064779147947
2022-07-06,3.7657156945405665
2022-07-07,3.8015738166682698
2022-07-08,3.823561948287052
2022-07-11,3.8224083255553163
2022-07-12,3.7828564391448287
2022-07-13,3.759884819391234
2022-07-14,3.752869291036892
2022-07-15,3.7805649371687986
2022-07-18,3.8380359195096814
2022-07-19,3.8536019077430743
2022-07-20,3.8988434152265734
2022-07-21,3.9200362718636144
2022-07-22,3.948720913457115
2022-07-25,3.926494463476265
2022-07-26,3.889529551774682
2022-07-27,3.9291850044925454
2022-07-28,4.001484090711673
2022-07-29,4.058986757077675
2022-08-01,4.1047463356585565
2022-08-02,4.106106043695333
2022-08-03,4.116861430431659
2022-08-04,4.115312053130367
2022-08-05,4.119216651357281
2022-08-08,4.151362046013146
2022-08-10,4.153794343192826
2022-08-11,4.185111580094337
2022-08-12,4.194983887324235
2022-08-16,4.227038332164544
2022-08-17,4.257063755957497
2022-08-18,4.260155920243838
2022-08-19,4.210161447513674
2022-08-22,4.142620862220337
2022-08-23,4.16449511761877
2022-08-24,4.1714146519248265
2022-08-25,4.150615570166841
2022-08-26,4.159802508980235
2022-08-29,4.097793879528025
2022-08-30,4.21021462816477
2022-09-01,4.155603908247831
2022-09-02,4.154759166097085
2022-09-05,4.186604964986088
2022-09-06,4.184032672504148
2022-09-07,4.176165875515182
2022-09-08,4.2201226681896475
2022-09-09,4.22885134463981
2022-09-12,4.254839074747346
2022-09-13,4.288585355887218
2022-09-14,4.271843062075962
2022-09-15,4.239944739385096
2022-09-16,4.152493828061792
2022-09-19,4.17552922558444
2022-09-20,4.224438759873661
2022-09-21,4.1997397938248096
2022-09-22,4.177408002417847
2022-09-23,4.101155098205349
2022-09-26,4.022822189535599
2022-09-27,4.020583383964327
2022-09-28,3.9831552671031
2022-09-29,3.9729739868813105
2022-09-30,4.042409670524965
2022-10-03,3.9903262239207433
2022-10-04,4.087610959338447
2022-10-06,4.102087958532751
2022-10-07,4.0977690209851065
2022-10-10,4.07922301350915
2022-10-11,4.014412090956933
2022-10-12,4.0496341357476195
2022-10-13,4.022143562390027
2022-10-14,4.065242539412965
2022-10-17,4.0969806705842995
2022-10-18,4.141083816027977
2022-10-19,4.147458747660809
2022-10-20,4.160486387237861
2022-10-21,4.1635994326839905
2022-10-24,4.202528034758672
2022-10-25,4.1837651177950885
2022-10-27,4.204085924277648
2022-10-28,4.216658175886464
2022-10-31,4.273512445480503
2022-11-01,4.307137879988167
2022-11-02,4.291340080937621
2022-11-03,4.2837269967267515
2022-11-04,4.299999414483656
2022-11-07,4.321629064035552
2022-11-09,4.3100593190754015
2022-11-10,4.277528179348976
2022-11-11,4.358692122110223
2022-11-14,4.353498672391616
2022-11-15,4.372263050160713
2022-11-16,4.373842951084804
2022-11-17,4.357222032236296
2022-11-18,4.348060509866209
2022-11-21,4.3107364791684875
2022-11-22,4.332015340403775
2022-11-23,4.337838952738869
2022-11-24,4.392628854782624
2022-11-25,4.399873187450909
2022-11-28,4.4125170817168815
2022-11-29,4.426503837072601
2022-11-30,4.461995169654184
2022-12-01,4.475700127114033
2022-12-02,4.446234849735912
2022-12-05,4.447487676480263
2022-12-06,4.4327352062710474
2022-12-07,4.411926774637217
2022-12-08,4.424281734746168
2022-12-09,4.395760405751243
2022-12-12,4.395899677456296
2022-12-13,4.42392939619258
2022-12-14,4.437159348970264
2022-12-15,4.375071979003163
2022-12-16,4.338190025920063
2022-12-19,4.376455091418358
2022-12-20,4.3675698361220965
2022-12-21,4.320505367837459
2022-12-22,4.302381612933589
2022-12-23,4.221432808371419
2022-12-26,4.2738481840838505
2022-12-27,4.303559158261908
2022-12-28,4.3010841469586
2022-12-29,4.318381993114866
2022-12-30,4.296735727999659
2023-01-02,4.3200039127004475
2023-01-03,4.328870197979899
2023-01-04,4.280972937783474
2023-01-05,4.268148737936138
2023-01-06,4.234654287306844
2023-01-09,4.295644199803478
2023-01-10,4.2484142402325675
2023-01-11,4.2437584197950935
2023-01-12,4.234296595538883
2023-01-13,4.259121184272059
2023-01-16,4.243537344005167
2023-01-17,4.283516816447424
2023-01-18,4.31180420168821
2023-01-19,4.297282258167611
2023-01-20,4.277031617518705
2023-01-23,4.2999778141582246
2023-01-24,4.299914685814662
2023-01-25,4.242757939475702
2023-01-27,4.170194055917753
2023-01-30,4.181435159847253
2023-01-31,4.184762985970612
2023-02-01,4.173204404053598
2023-02-02,4.1717171768099055
2023-02-03,4.233129336044157
2023-02-06,4.210563447717101
2023-02-07,4.199694193298699
2023-02-08,4.237566912717427
2023-02-09,4.2430541230992596
2023-02-10,4.2337316445116615
2023-02-13,4.212137281418851
2023-02-14,4.252223317242597
2023-02-15,4.2739243047521365
2023-02-16,4.278972587857131
2023-02-17,4.255837090124908
2023-02-20,4.230703173153
2023-02-21,4.226187631168058
2023-02-22,4.157476977874954
2023-02-23,4.146628495628763
2023-02-24,4.135177426675406
2023-02-27,4.116762332931712
2023-02-28,4.09441123824483
2023-03-01,4.131407761258135
2023-03-02,4.098913133990428
2023-03-03,4.167509383701689
2023-03-06,4.197021506091192
2023-03-08,4.207850889796322
2023-03-09,4.166292833591339
2023-03-10,4.121761049454326
2023-03-13,4.0566310330346935
2023-03-14,4.028701923149364
2023-03-15,4.010806979132763
2023-03-16,4.014188667440532
2023-03-17,4.042967870917195
2023-03-20,4.014880909041533
2023-03-21,4.0448292069462495
2023-03-22,4.055998921083032
2023-03-23,4.037128200840316
2023-03-24,4.003962897711284
2023-03-27,4.014182468446944
2023-03-28,4.005633096230448
2023-03-29,4.038066256420554
2023-03-31,4.108259072477363
2023-04-03,4.117903214939362
2023-04-05,4.15794507957407
2023-04-06,4.1685534060662075
2023-04-10,4.174828806674909
2023-04-11,4.199592027072373
2023-04-12,4.2223090562334304
2023-04-13,4.226243496185649
2023-04-17,4.195685959856989
2023-04-18,4.183912261121343
2023-04-19,4.173476257101022
2023-04-20,4.17491267169354
2023-04-21,4.174812248581374
2023-04-24,4.204893357582457
2023-04-25,4.211411348421834
2023-04-26,4.222595163884278
2023-04-27,4.248182581379874
2023-04-28,4.286015597520834
2023-05-02,4.306879825509484
2023-05-03,4.292284368898988
2023-05-04,4.334180650689705
2023-05-05,4.2869932084529125
2023-05-08,4.336320325447814
2023-05-09,4.336711581250277
2023-05-10,4.349127729674766
2023-05-11,4.344554703284013
2023-05-12,4.349051943369684
2023-05-15,4.370287599600682
2023-05-16,4.341893209600108
2023-05-17,4.315429897004326
2023-05-18,4.302348132649383
2023-05-19,4.320894092645103
2023-05-22,4.348928133811421
2023-05-23,4.3574173067854565
2023-05-24,4.341599230207567
2023-05-25,4.350630793530803
2023-05-26,4.395655087717127
2023-05-29,4.420760157955742
2023-05-30,4.429662210943978
2023-05-31,4.404507980949225
2023-06-01,4.392712496749293
2023-06-02,4.404430036247261
2023-06-05,4.419537715661196
2023-06-06,4.420840250437259
2023-06-07,4.453060404659711
2023-06-08,4.42982109499156
2023-06-09,4.4118246726829184
2023-06-12,4.421459032546038
2023-06-13,4.450454813184563
2023-06-14,4.460511771049313
2023-06-15,4.443355492126264
2023-06-16,4.478241642189275
2023-06-19,4.460385282524045
2023-06-20,4.475883888047792
2023-06-21,4.486045597463998
2023-06-22,4.464378139787068
2023-06-23,4.437617913401902
2023-06-26,4.4441187885752695
2023-06-27,4.476045450103318
2023-06-28,4.515198410975514
2023-06-30,4.570135427621306
2023-07-03,4.603965152920451
2023-07-04,4.620811241413267
2023-07-05,4.623220192882047
2023-07-06,4.648274271498031
2023-07-07,4.60629287508834
2023-07-10,4.612402729584889
2023-07-11,4.633573757531784
2023-07-12,4.619599673082118
2023-07-13,4.627067076390978
2023-07-14,4.66529628532377
2023-07-17,4.702580018084893
2023-07-18,4.712175350887875
2023-07-19,4.733475196056755
2023-07-20,4.770550343291246
2023-07-21,4.711062533167762
2023-07-24,4.692619119269346
2023-07-25,4.69471301305666
2023-07-26,4.719510754299843
2023-07-27,4.689449799816272
2023-07-28,4.685934845131639
2023-07-31,4.713279968700578
2023-08-01,4.708139067902287
2023-08-02,4.655591088832417
2023-08-03,4.618832360610816
2023-08-04,4.653151791636606
2023-08-07,4.673522003989346
2023-08-08,4.666810272418768
2023-08-09,4.682464999692042
2023-08-10,4.659765019782816
2023-08-11,4.630641111546333
2023-08-14,4.6322261067416655
2023-08-16,4.639948164140281
2023-08-17,4.6146485875436785
2023-08-18,4.600678289407096
2023-08-21,4.621832660205968
2023-08-22,4.622555234905448
2023-08-23,4.634612787366317
2023-08-24,4.620080632601258
2023-08-25,4.589425161198191
2023-08-28,4.599627006643658
2023-08-29,4.608904854560515
2023-08-30,4.610121484736304
2023-08-31,4.586378745750106
2023-09-01,4.632380214651083
2023-09-04,4.656092104601299
2023-09-05,4.667786690845352
2023-09-06,4.676958733442147
2023-09-07,4.706393614885026
2023-09-08,4.729975369779794
2023-09-11,4.77476706633066
2023-09-12,4.773966665551281
2023-09-13,4.793478780894122
2023-09-14,4.801890174058418
2023-09-15,4.824573098760053
2023-09-18,4.809561569227289
2023-09-20,4.750618382078917
2023-09-21,4.710221863166874
2023-09-22,4.6929344992554345
2023-09-25,4.6930108368893455
2023-09-26,4.690510529082962
2023-09-27,4.703644159446661
2023-09-28,4.654680249303772
2023-09-29,4.683789120775262
2023-10-03,4.655988753526305
2023-10-04,4.632485587984608
2023-10-05,4.660292756697659
2023-10-06,4.687627800038762
2023-10-09,4.651806863983342
2023-10-10,4.696831695022131
2023-10-11,4.727669290344167
2023-10-12,4.7232641032695515
2023-10-13,4.7123596082008845
2023-10-16,4.70745996183538
2023-10-17,4.727703823003374
2023-10-18,4.6920551928050775
2023-10-19,4.6802791943717335
2023-10-20,4.659459096711832
2023-10-23,4.593272751805742
2023-10-25,4.552819891079654
2023-10-26,4.485712868987238
2023-10-27,4.5338021563220545
2023-10-30,4.557520344139467
2023-10-31,4.541990257085974
2023-11-01,4.519080346743334
2023-11-02,4.555568254420068
2023-11-03,4.580230331621385
2023-11-06,4.626136959835606
2023-11-07,4.624856240447147
2023-11-08,4.634187606561316
2023-11-09,4.621964522631132
2023-11-10,4.629583545131975
2023-11-13,4.634198995239678
2023-11-15,4.693007285109791
2023-11-16,4.71578460687265
2023-11-17,4.707306077251036
2023-11-20,4.697711007868911
2023-11-21,4.7204009509933265
2023-11-22,4.7276234904179315
2023-11-23,4.725122693102823
2023-11-24,4.723269097469044
2023-11-28,4.747388081803998
2023-11-29,4.799932847302372
2023-11-30,4.809221460403984
2023-12-01,4.843469320489757
2023-12-04,4.94998172408896
2023-12-05,4.992829963634323
2023-12-06,5.013870370268187
2023-12-07,5.004558021576158
2023-12-08,5.021945628842685
2023-12-11,5.029003848051644
2023-12-12,5.005890235256318
2023-12-13,5.010972643883063
2023-12-14,5.076286126725106
2023-12-15,5.146138245571391
2023-12-18,5.136441081393527
2023-12-19,5.145231128733112
2023-12-20,5.067922796558104
2023-12-21,5.0946673446466155
2023-12-22,5.118729549486952
2023-12-26,5.142186209515873
2023-12-27,5.196640552081902
2023-12-28,5.228289182839341
2023-12-29,5.216207715819815
2024-01-01,5.218889341097231
2024-01-02,5.199453441713491
2024-01-03,5.161547420050971
2024-01-04,5.197598744951202
2024-01-05,5.210927643325802
2024-01-08,5.160413983986117
2024-01-09,5.168542837630789
2024-01-10,5.187392973445822
2024-01-11,5.194669197742903
2024-01-12,5.257824885444202
2024-01-15,5.309667919370582
2024-01-16,5.293011914175721
2024-01-17,5.175339606853662
2024-01-18,5.14733724735165
2024-01-19,5.188204646966129
2024-01-23,5.090270763246557
2024-01-24,5.145135173739435
2024-01-25,5.119273701310959
2024-01-29,5.217484660040514
2024-01-30,5.1624497199290005
2024-01-31,5.214412187460644
2024-02-01,5.207197929362317
2024-02-02,5.24712240849575
2024-02-05,5.226148118593054
2024-02-06,5.266425936763152
2024-02-07,5.266706912802094
2024-02-08,5.212395018420186
2024-02-09,5.228878981704961
2024-02-12,5.186365736576282
2024-02-13,5.218838022278125
2024-02-14,5.243559239392919
2024-02-15,5.26161969814888
2024-02-16,5.294822712411679
2024-02-19,5.315667420089025
2024-02-20,5.334765345500503
2024-02-21,5.298479163534538
2024-02-22,5.339990493050443
2024-02-23,5.338775758105574
2024-02-26,5.315594217531651
2024-02-27,5.335101013030236
2024-02-28,5.271887390106996
2024-02-29,5.27997517407108
2024-03-01,5.370941054741859
2024-03-04,5.388042468716263
2024-03-05,5.375428473464322
2024-03-06,5.405552684903242
2024-03-07,5.410543080635548
2024-03-11,5.369363533312566
2024-03-12,5.370143465981036
2024-03-13,5.283677606280684
2024-03-14,5.321744251392025
2024-03-15,5.290219374003404
2024-03-18,5.298487383703254
2024-03-19,5.237589021721052
2024-03-20,5.243119144941782
2024-03-21,5.287272634028248
2024-03-22,5.3089454171020884
2024-03-26,5.285413952160576
2024-03-27,5.315813975925728
2024-03-28,5.367775893534628
2024-04-01,5.402334932909593
2024-04-02,5.400108780148662
2024-04-03,5.395336214900729
2024-04-04,5.415806826682772
2024-04-05,5.415563382957044
2024-04-08,5.454620248969732
2024-04-09,5.448590061425031
2024-04-10,5.477022768350925
2024-04-12,5.416989698219787
2024-04-15,5.353797335738652
2024-04-16,5.321929595505848
2024-04-18,5.283054913710057
2024-04-19,5.321682296651796
2024-04-22,5.370105836767258
2024-04-23,5.378189216872301
2024-04-24,5.386989850176582
2024-04-25,5.429960430432183
2024-04-26,5.391461472829747
2024-04-29,5.448635152765693
2024-04-30,5.438765067747078
2024-05-02,5.449862576438311
2024-05-03,5.40573563705296
2024-05-06,5.397252256216704
2024-05-07,5.361377839460827
2024-05-08,5.361377839460827
2024-05-09,5.2731341637603775
2024-05-10,5.298098420975714
2024-05-13,5.31058458753106
2024-05-14,5.339674999983388
2024-05-15,5.335251448222962
2024-05-16,5.387235203132768
2024-05-17,5.4031618471098355
2024-05-21,5.4192707418483606
2024-05-22,5.43686667425649
2024-05-23,5.531544723214139
2024-05-24,5.528841038123699
2024-05-27,5.522524450592893
2024-05-28,5.511173791703258
2024-05-29,5.46417404402915
2024-05-30,5.408851478232956
2024-05-31,5.419612095584057
2024-06-03,5.607266305454535
2024-06-04,5.253512903181023
2024-06-05,5.441463568006905
2024-06-06,5.492922859913879
2024-06-07,5.612967871591054
2024-06-10,5.605031189433367
2024-06-11,5.606479972548064
2024-06-12,5.621377180016022
2024-06-13,5.640854776606092
2024-06-14,5.657963273109195
2024-06-18,5.6816429336841106
2024-06-19,5.6708907405834905
2024-06-20,5.683976521122145
2024-06-21,5.667065197893895
2024-06-24,5.676494270875639
2024-06-25,5.723567667731956
2024-06-26,5.761434761027441
2024-06-27,5.8065591679799144
2024-06-28,5.797848540604984
2024-07-01,5.831595470845453
2024-07-02,5.8269436188578085
2024-07-03,5.868745029911774
2024-07-04,5.872768929359501
2024-07-05,5.878348283586908
2024-07-08,5.877500032703138
2024-07-09,5.9064658664917005
2024-07-10,5.878494205503184
2024-07-11,5.876308540326701
2024-07-12,5.924186694717099
2024-07-15,5.945937420627441
2024-07-16,5.952704953638237
2024-07-18,6.001044406426705
2024-07-19,5.931544537660269
2024-07-22,5.925974454602814
2024-07-23,5.918205419402284
2024-07-24,5.901343191213203
2024-07-25,5.899439848042577
2024-07-26,6.009710047187578
2024-07-29,6.01003188985981
2024-07-30,6.015490660891657
2024-07-31,6.039655905007585
2024-08-01,6.055044577613606
2024-08-02,5.979518775222339
2024-08-05,5.809097759133973
2024-08-06,5.792897903462099
2024-08-07,5.871238812157208
2024-08-08,5.824831438709223
2024-08-09,5.889205281766903
2024-08-12,5.883933696844121
2024-08-13,5.8304492784633775
2024-08-14,5.831670003872604
2024-08-16,5.933801132861983
2024-08-19,5.941904961558007
2024-08-20,5.97437419187099
2024-08-21,5.992737415461303
2024-08-22,6.003368942399477
2024-08-23,6.006368271549774
2024-08-26,6.05462749407944
2024-08-27,6.056469261222088
2024-08-28,6.065381444162212
2024-08-29,6.091038623964282
2024-08-30,6.112670196723614
2024-09-02,6.123700454593485
2024-09-03,6.123996969258832
2024-09-04,6.103080290632508
2024-09-05,6.089267729492243
2024-09-06,6.013785332844667
2024-09-09,6.035477127572024
2024-09-10,6.062439798722253
2024-09-11,6.030845799225415
2024-09-12,6.1519930034296255
2024-09-13,6.143639593094319
2024-09-16,6.150664564457172
2024-09-17,6.1596367218295445
2024-09-18,6.149065387741084
2024-09-19,6.158926649188551
2024-09-20,6.255653267392038
2024-09-23,6.293874669190515
2024-09-24,6.294223097734004
2024-09-25,6.310681484894196
2024-09-26,6.365396557149144
2024-09-27,6.3558115592246285
2024-09-30,6.26072354314145
2024-10-01,6.2571234499796216
2024-10-03,6.116006899730724
2024-10-04,6.055314066649371
2024-10-07,5.998946339813521
2024-10-08,6.054909170838238
2024-10-09,6.046872951675989
2024-10-10,6.051122375954697
2024-10-11,6.042314307502455
2024-10-14,6.084471630394239
2024-10-15,6.066282591532244
2024-10-16,6.044117267056525
2024-10-17,5.98708622238943
2024-10-18,6.013906123948329
2024-10-21,5.995124490348592
2024-10-22,5.915585927471698
2024-10-23,5.9061725686494615
2024-10-24,5.896888699030347
2024-10-25,5.840675954929653
2024-10-28,5.881371892389791
2024-10-29,5.914204327587599
2024-10-30,5.881797953181721
2024-10-31,5.846959786555873
2024-11-01,5.872404383143649
2024-11-04,5.792965696056639
2024-11-05,5.848951086489788
2024-11-06,5.918539043386543
2024-11-07,5.845313580102289
2024-11-08,5.8321675475538255
2024-11-11,5.830394837924391
2024-11-12,5.7641352554661855
2024-11-13,5.6808328586349806
2024-11-14,5.674071994276675
2024-11-18,5.653830940043232
2024-11-19,5.67042567233675
2024-11-21,5.627173867469939
2024-11-22,5.7700878201265535
2024-11-25,5.85088993041871
2024-11-26,5.843847669749617
2024-11-27,5.864510129567614
2024-11-28,5.771779704194485
2024-11-29,5.827492443058594
2024-12-02,5.864737441928126
2024-12-03,5.911288513032386
2024-12-04,5.9139370481805775
2024-12-05,5.975903791529127
2024-12-06,5.968029409570151
2024-12-09,5.952899050840415
2024-12-10,5.950596629185027
2024-12-11,5.958764960779054
2024-12-12,5.934810719988068
2024-12-13,5.991298621532604
2024-12-16,5.965548050416819
2024-12-17,5.880057399337191
2024-12-18,5.844798313700834
2024-12-19,5.7812831037180095
2024-12-20,5.687749310903147
2024-12-23,5.730326341876501
2024-12-24,5.723704264045746
2024-12-26,5.729491724756925
2024-12-27,5.745714143168842
2024-12-30,5.702456372436972
2024-12-31,5.702430812114677
2025-01-01,5.727603713325095
2025-01-02,5.842015869770018
2025-01-03,5.794757865786363
2025-01-06,5.694920433694203
2025-01-07,5.718487163809925
2025-01-08,5.713623475278876
2025-01-09,5.671934129941614
2025-01-10,5.647565052439457
2025-01-13,5.558948539238996
2025-01-14,5.582032953960017
2025-01-15,5.591552914359813
2025-01-16,5.616823939835247
2025-01-17,5.588982435996154
2025-01-20,5.625260054931602
2025-01-21,5.543190864506593
2025-01-22,5.576670552930913
2025-01-23,5.589483094240839
2025-01-24,5.560484214786523
2025-01-27,5.493089581274963
2025-01-28,5.525885240557429
2025-01-29,5.578605030714607
2025-01-30,5.600745472032388
2025-01-31,5.667105498815433
2025-02-01,5.660372490446006
2025-02-03,5.629313200950874
2025-02-04,5.7262804989808735
2025-02-05,5.715257430126711
2025-02-06,5.691403950507248
2025-02-07,5.68026918595458
2025-02-10,5.634517367771906
2025-02-11,5.55508383076931
2025-02-12,5.548281965006706
2025-02-13,5.544734188508537
2025-02-14,5.518567904830781
2025-02-17,5.526314369568393
2025-02-18,5.522677906021795
2025-02-19,5.519502253661489
2025-02-20,5.51444459334017
2025-02-21,5.484420392867108
2025-02-24,5.42233087433074
2025-02-25,5.420847479274028
2025-02-27,5.420207966165276
2025-02-28,5.312680595480513
2025-03-03,5.311301335812565
2025-03-04,5.3019375863916975
2025-03-05,5.36699089487546
2025-03-06,5.42001181673685
2025-03-07,5.422007242225466
2025-03-10,5.398422329642622
2025-03-11,5.408037926578421
2025-03-12,5.401029893852054
2025-03-13,5.382283658020031
2025-03-17,5.410806126804072
2025-03-18,5.49407275245529
2025-03-19,5.512837613290493
2025-03-20,5.585314845878448
2025-03-21,5.626251960173315
2025-03-24,5.705200768677954
2025-03-25,5.707843775470256
2025-03-26,5.661195460982527
2025-03-27,5.688149640265514
2025-03-28,5.669525205541595
2025-04-01,5.578818968062223
2025-04-02,5.621520634088747
2025-04-03,5.600435669864914
2025-04-04,5.511847511134882
2025-04-07,5.321643413656216
2025-04-08,5.417263273592152
2025-04-09,5.382299872922307
2025-04-11,5.492084216156511
2025-04-15,5.620072577353535
2025-04-16,5.64792219754318
2025-04-17,5.754189093194161
2025-04-21,5.824496320990771
2025-04-22,5.835207830671828
2025-04-23,5.876748992967959
2025-04-24,5.855609657818447
2025-04-25,5.802329642276579
2025-04-28,5.87658795824988
2025-04-29,5.878502488636616
2025-04-30,5.8780527107571725
2025-05-02,5.881265395109359
2025-05-05,5.91068200078573
2025-05-06,5.889715281979506
2025-05-07,5.898660652904748
2025-05-08,5.862516912732226
2025-05-09,5.794213216443841
2025-05-12,6.029613498659237
2025-05-13,5.940464621300362
2025-05-14,5.963236649944454
2025-05-15,6.064890813189476
2025-05-16,6.053999619079605
2025-05-19,6.03485748871543
2025-05-20,5.967533460063608
2025-05-21,6.00085738859151
2025-05-22,5.948429132374324
2025-05-23,6.011039965613433
2025-05-26,6.049126504767927
2025-05-27,6.004087253910711
2025-05-28,5.985109692236327
2025-05-29,6.005987561743977
2025-05-30,5.984655002588326
2025-06-02,5.975882112684303
2025-06-03,5.931095035236772
2025-06-04,5.951074063591926
2025-06-05,5.9846884278515695
2025-06-06,6.049559610600556
2025-06-09,6.0753416081867195
2025-06-10,6.075612188112139
2025-06-11,6.08517857203132
2025-06-12,6.019972025134644
2025-06-13,5.976323710999358
2025-06-16,6.034950613318525
2025-06-17,6.010986929292389
2025-06-18,6.00034616050973
2025-06-19,5.995508546998301
2025-06-20,6.07762488527728
2025-06-23,6.041445297296154
2025-06-24,6.060094685452733
2025-06-25,6.111689950023134
2025-06-26,6.190062225209119
2025-06-27,6.212954003076202
2025-06-30,6.1818191989946065
2025-07-01,6.188198934183515
2025-07-02,6.165410810627665
2025-07-03,6.153014301976979
2025-07-04,6.167367686353352
2025-07-07,6.167445206890248
2025-07-08,6.18321813117285
2025-07-09,6.171257485634647
2025-07-10,6.140109669121364
2025-07-11,6.087185856353318
2025-07-14,6.069790208135688
2025-07-15,6.099014486685255
2025-07-16,6.103199785711482
2025-07-17,6.077288094029567
2025-07-18,6.040452813670673
2025-07-21,6.071933391816985
2025-07-22,6.064260571150624
2025-07-23,6.105197940933584
2025-07-24,6.064552938011556
2025-07-25,6.006597030731171
2025-07-28,5.966429715556993
2025-07-29,6.0024909634447
2025-07-30,6.011226848169498
2025-07-31,5.988916052532813
2025-08-01,5.936689805067014
2025-08-04,5.977163126105976
2025-08-05,5.958333295843272
2025-08-06,5.9389534787303315
2025-08-07,5.944598036040333
2025-08-08,5.884719317771394
2025-08-11,5.941708822508049
2025-08-12,5.9165982931464995
2025-08-13,5.950520012178477
2025-08-14,5.953593492697095
2025-08-18,6.016768814735758
2025-08-19,6.043455307266601
2025-08-20,6.061448275120646
2025-08-21,6.069995568604123
2025-08-22,6.01498562122859
2025-08-25,6.040114475147382
2025-08-26,5.974297670837306
2025-08-28,5.919983695961219
2025-08-29,5.900946203747964
2025-09-01,5.951891259603748
2025-09-02,5.940202603898376
2025-09-03,5.97503239328983
2025-09-04,5.979984056734204
2025-09-05,5.98170737771501
2025-09-08,5.989977954467811
2025-09-09,6.014533975172519
2025-09-10,6.041425075360539
2025-09-11,6.049764936479223
2025-09-12,6.077695154364364
2025-09-15,6.066159287415802
2025-09-16,6.109902366891067
2025-09-17,6.133380338601184
2025-09-18,6.157430309403571
2025-09-19,6.1325502679494255
2025-09-22,6.1004233800167125
2025-09-23,6.0919629822377726
2025-09-24,6.062965440694911
2025-09-25,6.020215029395055
2025-09-26,5.959443162345485
2025-09-29,5.954351177681824
2025-09-30,5.948230260896851
2025-10-01,6.006142322819306
2025-10-03,6.021053019017993
2025-10-06,6.0682501162635045
2025-10-07,6.076141520144067
2025-10-08,6.060138717529728
2025-10-09,6.095061131650325
2025-10-10,6.12172837341624
2025-10-13,6.1067875437573065
2025-10-14,6.085706144941057
2025-10-15,6.1315558149222795
2025-10-16,6.198989113369189
2025-10-17,6.23109699256708
2025-10-20,6.2654717227502275
2025-10-21,6.272036566623681
2025-10-23,6.277918593691443
2025-10-24,6.253087119399588
2025-10-27,6.297167069936922
2025-10-28,6.289464280793772
2025-10-29,6.319833227990559
2025-10-30,6.274395934520231
2025-10-31,6.234215611921087
2025-11-03,6.244853146467742
2025-11-04,6.20211831537332
2025-11-06,6.17944457329856
2025-11-07,6.174960259675546
2025-11-10,6.196106791165357
2025-11-11,6.2271954384450945
2025-11-12,6.273830078133876
2025-11-13,6.274694199501901
2025-11-14,6.282665848138714
2025-11-17,6.309342498799021
2025-11-18,6.282659061928464
2025-11-19,6.319449519759346
2025-11-20,6.355452891364731
2025-11-21,6.323438985665136
2025-11-24,6.295396530471788
2025-11-25,6.276121971273392
2025-11-26,6.358804968285993
2025-11-27,6.3614513461147775
2025-11-28,6.358197752934488
2025-12-01,6.351175411947597
2025-12-02,6.314115689550176
2025-12-03,6.302192898436322
2025-12-04,6.314514502854006
2025-12-05,6.353922256365473
2025-12-08,6.295601904187396
2025-12-09,6.264406351252342
2025-12-10,6.243344662884832
2025-12-11,6.279592330252651
2025-12-12,6.317877179720788
2025-12-15,6.312806292364935
2025-12-16,6.269656940444963
2025-12-17,6.258938934547085
2025-12-18,6.258165129183324
2025-12-19,6.297074252084554
2025-12-22,6.350228247328624
2025-12-23,6.351454502967501
2025-12-24,6.3424057203772675
2025-12-26,6.316643658163941
2025-12-29,6.290784078831034
2025-12-30,6.289945537168171
2025-12-31,6.339161087801965
