Date,PortfolioValue
2007-10-17,1.2534195547099678
2007-10-18,1.2034498410234795
2007-10-19,1.1709773845297164
2007-10-22,1.163499952330386
2007-10-23,1.2326817420480003
2007-10-24,1.2380609986633253
2007-10-25,1.2555095039149007
2007-10-26,1.2874969853231677
2007-10-29,1.3364090261245056
2007-10-30,1.3274645970902743
2007-10-31,1.3351418936929118
2007-11-01,1.3269082591007033
2007-11-02,1.342779833450711
2007-11-05,1.322284920525717
2007-11-06,1.3076559590699004
2007-11-07,1.3066581279493195
2007-11-08,1.2865576675912724
2007-11-12,1.2669445356544073
2007-11-13,1.2857354427909815
2007-11-14,1.343983408629589
2007-11-15,1.3377701550117806
2007-11-16,1.336506173691698
2007-11-19,1.3366987223925377
2007-11-20,1.3061840734070278
2007-11-21,1.2533301506947847
2007-11-22,1.2433305344250714
2007-11-23,1.2647223925462314
2007-11-26,1.2942576498204414
2007-11-27,1.2861969041346617
2007-11-28,1.2668393364823842
2007-11-29,1.2709305117220575
2007-11-30,1.301685715942598
2007-12-03,1.326260024350955
2007-12-04,1.32466003328163
2007-12-05,1.3443038742314812
2007-12-06,1.3478436498879172
2007-12-07,1.3525639396578089
2007-12-10,1.3492638654967175
2007-12-11,1.3821761370585026
2007-12-12,1.3971423332857342
2007-12-13,1.3727175796858546
2007-12-14,1.3702102257677982
2007-12-17,1.3049532192635027
2007-12-18,1.2966132178781167
2007-12-19,1.298739467611904
2007-12-20,1.3024277156645807
2007-12-24,1.3549608499206962
2007-12-26,1.3755920185539634
2007-12-27,1.3781837941184687
2007-12-28,1.3777498203950986
2007-12-31,1.3919516534154153
2008-01-01,1.3933389339158744
2008-01-02,1.4017957726622348
2008-01-03,1.4015905861114086
2008-01-04,1.4247013888475986
2008-01-07,1.4258611483850405
2008-01-08,1.4279752677787445
2008-01-09,1.4241453268438518
2008-01-10,1.3963497447697446
2008-01-11,1.406762124896079
2008-01-14,1.4083795322223929
2008-01-15,1.376377858926124
2008-01-16,1.3429863214025137
2008-01-17,1.337557814420695
2008-01-18,1.2875213155667191
2008-01-21,1.1683046865048257
2008-01-22,1.094442742462111
2008-01-23,1.1667225882054257
2008-01-24,1.1261771078688925
2008-01-25,1.2094735340657206
2008-01-28,1.1833575245184174
2008-01-29,1.1849569538219693
2008-01-30,1.1579304541974789
2008-01-31,1.1507422382403056
2008-02-01,1.193593269006838
2008-02-04,1.2285239283871858
2008-02-05,1.23340463147654
2008-02-06,1.1947922208190858
2008-02-07,1.149579104051249
2008-02-08,1.1465053119113549
2008-02-11,1.0837642988901846
2008-02-12,1.0793127654821428
2008-02-13,1.100959700067214
2008-02-14,1.165727693464113
2008-02-15,1.1897856723755798
2008-02-18,1.183578836220507
2008-02-19,1.184509544751734
2008-02-20,1.1543548877793315
2008-02-21,1.1632547788376006
2008-02-22,1.1439328486691611
2008-02-25,1.165354829803937
2008-02-26,1.1818889849645067
2008-02-27,1.1814952882114882
2008-02-28,1.1854801791453222
2008-02-29,1.1707785958570758
2008-03-03,1.1062693340152425
2008-03-04,1.0851780735244168
2008-03-05,1.0987437746020463
2008-03-07,1.0631592927689077
2008-03-10,1.069986851917963
2008-03-11,1.0855208751662049
2008-03-12,1.0869688246970182
2008-03-13,1.0280026632234163
2008-03-14,1.056911177239256
2008-03-17,0.9994016289179842
2008-03-18,1.0064622003306023
2008-03-19,1.0161362732169004
2008-03-24,1.0246221245422378
2008-03-25,1.0879194912965275
2008-03-26,1.0763737165475695
2008-03-27,1.0767057323305798
2008-03-28,1.1032100468040686
2008-03-31,1.0539249974043516
2008-04-01,1.0551210541742881
2008-04-02,1.058591266358253
2008-04-03,1.062713563373411
2008-04-04,1.0331870480378373
2008-04-07,1.060202656622258
2008-04-08,1.0479890139159707
2008-04-09,1.0568438433823402
2008-04-10,1.05351572360097
2008-04-11,1.0641258917324503
2008-04-15,1.0882620497066318
2008-04-16,1.0900773243430988
2008-04-17,1.1069506290673634
2008-04-21,1.1256209341519705
2008-04-22,1.1285454909062553
2008-04-23,1.1222435342206865
2008-04-24,1.116787714428008
2008-04-25,1.1433699583911339
2008-04-28,1.1381221569449032
2008-04-29,1.1633066874666593
2008-04-30,1.1562548604985936
2008-05-02,1.1710916283539654
2008-05-05,1.162523587087014
2008-05-06,1.1511840415346024
2008-05-07,1.149005594419194
2008-05-08,1.1361981719160819
2008-05-09,1.1126226803333543
2008-05-12,1.1197623013281572
2008-05-13,1.1067253062389573
2008-05-14,1.1195393293748372
2008-05-15,1.1441391496188784
2008-05-16,1.1542417529929898
2008-05-20,1.1416813151669678
2008-05-21,1.1447032751865347
2008-05-22,1.1227604005515355
2008-05-23,1.1040047170791674
2008-05-26,1.0870255566193
2008-05-27,1.0834075265707155
2008-05-28,1.0972956692505067
2008-05-29,1.0775811122558157
2008-05-30,1.0858329578235455
2008-06-02,1.0548746459128164
2008-06-03,1.049262193039346
2008-06-04,1.018415767967617
2008-06-05,1.0400021361771004
2008-06-06,1.028373197297644
2008-06-09,0.9983810923055592
2008-06-10,0.9863089951239618
2008-06-11,1.0037139232861993
2008-06-12,1.0074322532807416
2008-06-13,1.0021782079546315
2008-06-16,1.0152560433722884
2008-06-17,1.0342738040342725
2008-06-18,1.0175763828461184
2008-06-19,0.9991116044709172
2008-06-20,0.9621285581241579
2008-06-23,0.9430204289175622
2008-06-24,0.9253113889526041
2008-06-25,0.9397700534822366
2008-06-26,0.9546301633054172
2008-06-27,0.9124557638367758
2008-06-30,0.8899015649506266
2008-07-01,0.8562037189370348
2008-07-02,0.9021658252515511
2008-07-03,0.8628630356726871
2008-07-04,0.8839691391850109
2008-07-07,0.8872479251156135
2008-07-08,0.8775382299055673
2008-07-09,0.9169949980815899
2008-07-10,0.9181920048464514
2008-07-11,0.8916215281736439
2008-07-14,0.8894425161538592
2008-07-15,0.8476025328539266
2008-07-16,0.8372318532781292
2008-07-17,0.8676904480795574
2008-07-18,0.9016166464473458
2008-07-21,0.9173816357612669
2008-07-22,0.9362957544279227
2008-07-23,0.9919087505614732
2008-07-24,0.9817127045297646
2008-07-25,0.9530403089018517
2008-07-28,0.9578025817152688
2008-07-29,0.9243390770212376
2008-07-30,0.9533755008700815
2008-07-31,0.9579377739112008
2008-08-01,0.976897330089846
2008-08-04,0.9726111845295495
2008-08-05,0.997921402103756
2008-08-06,1.0013876462950375
2008-08-07,1.0028735875933459
2008-08-08,1.004206251259073
2008-08-11,1.0256488639499812
2008-08-12,1.0095525659749636
2008-08-13,1.0040781713397344
2008-08-14,0.9808788812007285
2008-08-18,0.9720103002597962
2008-08-19,0.9661718897387597
2008-08-20,0.9773503541827353
2008-08-21,0.9462881765427507
2008-08-22,0.9565356838900226
2008-08-25,0.9583936271572101
2008-08-26,0.9588993121950996
2008-08-27,0.9482203249952056
2008-08-28,0.929862018201842
2008-08-29,0.9641402539293091
2008-09-01,0.961469739355284
2008-09-02,0.9980152751461673
2008-09-04,0.9847534602666163
2008-09-05,0.9622678024925498
2008-09-08,0.9928495382216505
2008-09-09,0.9896443716931267
2008-09-10,0.9735151184838859
2008-09-11,0.9476328116213983
2008-09-12,0.933097276087895
2008-09-15,0.8965749724000102
2008-09-16,0.8970434129674224
2008-09-17,0.8814321635692159
2008-09-18,0.8884280941355763
2008-09-19,0.9369080011905363
2008-09-22,0.9316949486693148
2008-09-23,0.9091246132600664
2008-09-24,0.9171759702750824
2008-09-25,0.9052860177651572
2008-09-26,0.8759245393098289
2008-09-29,0.8443069112911571
2008-09-30,0.8609085097509773
2008-10-01,0.867811509266618
2008-10-03,0.8368559049083075
2008-10-06,0.7864971052280046
2008-10-07,0.787484388477391
2008-10-08,0.7658902492383725
2008-10-10,0.7116891239044595
2008-10-13,0.7603446668675677
2008-10-14,0.7668223644047533
2008-10-15,0.7250262783884177
2008-10-16,0.7090588806507716
2008-10-17,0.6640713372651876
2008-10-20,0.6752064953002492
2008-10-21,0.7009957687428443
2008-10-22,0.6618571080121091
2008-10-23,0.633827696657336
2008-10-24,0.5515321733789498
2008-10-27,0.5379514935972791
2008-10-29,0.5771464892717109
2008-10-31,0.6200769282905914
2008-11-03,0.6562591120646061
2008-11-04,0.678797677649631
2008-11-05,0.6449738573482241
2008-11-06,0.621533187855069
2008-11-07,0.6399026519397168
2008-11-10,0.6800372257360813
2008-11-11,0.6318650143375854
2008-11-12,0.6112290679554421
2008-11-14,0.6025302480332488
2008-11-17,0.600066559649619
2008-11-18,0.5735201162512988
2008-11-19,0.5625694445911915
2008-11-20,0.543976149990502
2008-11-21,0.5757817062080898
2008-11-24,0.5791480132722748
2008-11-25,0.5668044033315005
2008-11-26,0.5891301752664921
2008-11-28,0.589779294916882
2008-12-01,0.5733343607161235
2008-12-02,0.5676272497657232
2008-12-03,0.5673204551436289
2008-12-04,0.5972127629919775
2008-12-05,0.5804380024435034
2008-12-08,0.5962735645808929
2008-12-10,0.6291461433305354
2008-12-11,0.6272944235341054
2008-12-12,0.6275687450266246
2008-12-15,0.641248629176896
2008-12-16,0.6551063392184777
2008-12-17,0.6350781880564479
2008-12-18,0.659414126341839
2008-12-19,0.663253733810487
2008-12-22,0.6544940974491951
2008-12-23,0.6383063339133694
2008-12-24,0.6264557453414088
2008-12-26,0.612836128638457
2008-12-29,0.6276584619785007
2008-12-30,0.6407535999674698
2008-12-31,0.6360971408883495
2009-01-02,0.6561327567251835
2009-01-05,0.6732493308853789
2009-01-06,0.6712642766048843
2009-01-07,0.627118482116817
2009-01-09,0.6162885346521654
2009-01-12,0.5934874685363725
2009-01-13,0.5870773170318437
2009-01-14,0.6076376964474103
2009-01-15,0.5851541582578353
2009-01-16,0.6060274436952783
2009-01-19,0.6100739831424008
2009-01-20,0.5987619903511199
2009-01-21,0.5781568777661912
2009-01-22,0.5798959003640745
2009-01-23,0.5718814647948633
2009-01-27,0.5929627016619538
2009-01-28,0.61075393482758
2009-01-29,0.6049271232467236
2009-01-30,0.6165170177096608
2009-02-02,0.5918392333281157
2009-02-03,0.5957655043316503
2009-02-04,0.6001259960488557
2009-02-05,0.5948866021317021
2009-02-06,0.609241781674015
2009-02-09,0.6267523109272167
2009-02-10,0.6300867698292274
2009-02-11,0.6280763213104876
2009-02-12,0.6206185999874235
2009-02-13,0.6332408268950593
2009-02-16,0.6104227007177029
2009-02-17,0.5926378312151706
2009-02-18,0.5939237507269404
2009-02-19,0.5969285105606752
2009-02-20,0.5848832056564433
2009-02-24,0.5843032807433574
2009-02-25,0.5908070460245413
2009-02-26,0.596074905371623
2009-02-27,0.5910660485970516
2009-03-02,0.5708019361371757
2009-03-03,0.5589486071770198
2009-03-04,0.5641193193472867
2009-03-05,0.5485759679068435
2009-03-06,0.5584184322362031
2009-03-09,0.5477604966217986
2009-03-12,0.5577944355674931
2009-03-13,0.5808770717032842
2009-03-16,0.5940597823216359
2009-03-17,0.5895534515594112
2009-03-18,0.5980273538651178
2009-03-19,0.600861975763783
2009-03-20,0.6008392345257052
2009-03-23,0.6310951874622764
2009-03-24,0.6308211136588309
2009-03-25,0.6412475231707504
2009-03-26,0.6636295709145549
2009-03-27,0.6696774321327889
2009-03-30,0.6397653951625286
2009-03-31,0.6495481255409654
2009-04-01,0.6585619120577793
2009-04-02,0.6930667695062925
2009-04-06,0.7035274148072648
2009-04-08,0.7233755553784619
2009-04-09,0.7231683643409932
2009-04-13,0.7325043350261007
2009-04-15,0.755902417237292
2009-04-16,0.729436666407237
2009-04-17,0.7328686656182549
2009-04-20,0.7311867765494193
2009-04-21,0.7284683986693137
2009-04-22,0.7204072561938034
2009-04-23,0.741904499156491
2009-04-24,0.7550582604588041
2009-04-27,0.752577083590851
2009-04-28,0.7277356426899289
2009-04-29,0.7534358109782807
2009-05-04,0.7949845236758714
2009-05-05,0.7968132700656768
2009-05-06,0.788281729045883
2009-05-07,0.8018978834527682
2009-05-08,0.7872602921605085
2009-05-11,0.7719681637608747
2009-05-12,0.8011989700724113
2009-05-13,0.7905809229538157
2009-05-14,0.7809086072292563
2009-05-15,0.7989902014618284
2009-05-18,0.9498370486350806
2009-05-19,0.9487383939184765
2009-05-20,0.9374830180259796
2009-05-21,0.9236080368743782
2009-05-22,0.9300492108874719
2009-05-25,0.9298273665986394
2009-05-26,0.9016127347739206
2009-05-27,0.9387460246942826
2009-05-28,0.9530065241471101
2009-05-29,0.9791566885652502
2009-06-01,0.9981129007024041
2009-06-02,0.9970227751402936
2009-06-03,0.9983004377804303
2009-06-04,1.0081352596115851
2009-06-05,1.0114780361487516
2009-06-08,0.9746415263970911
2009-06-09,1.0029788266036475
2009-06-10,1.0274364810867076
2009-06-11,1.0233152602318698
2009-06-12,1.0105670099527209
2009-06-15,0.9872482768827713
2009-06-16,0.9951662969694479
2009-06-17,0.95727968659653
2009-06-18,0.9327872672395824
2009-06-19,0.9473078493627908
2009-06-22,0.929000206762464
2009-06-23,0.9317425149107299
2009-06-24,0.9424686346601385
2009-06-25,0.9305322058056275
2009-06-26,0.9617273046061491
2009-06-29,0.9653405699870004
2009-06-30,0.9419838330542859
2009-07-01,0.9536155565906491
2009-07-02,0.9554738444168593
2009-07-03,0.9730999665989635
2009-07-06,0.9125932425419749
2009-07-07,0.9210894460791998
2009-07-08,0.8923446771901692
2009-07-09,0.8928218716829448
2009-07-10,0.8748861812952984
2009-07-13,0.867946297833943
2009-07-14,0.89986383342306
2009-07-15,0.9282982757733869
2009-07-16,0.9278083062154843
2009-07-17,0.9612986723623587
2009-07-20,0.9910601571684772
2009-07-21,0.9832960004774363
2009-07-22,0.9668619680680529
2009-07-23,0.9960598206896858
2009-07-24,1.0065553555205446
2009-07-27,1.0074344432048696
2009-07-28,1.0055121392507724
2009-07-29,0.9936510345250822
2009-07-30,1.007225319869201
2009-07-31,1.022463307848066
2009-08-03,1.0400495763859552
2009-08-04,1.0327918129624079
2009-08-05,1.0359965449058364
2009-08-06,1.0104829109095377
2009-08-07,0.9860747509778364
2009-08-10,0.9758320186490362
2009-08-11,0.9837169165311126
2009-08-12,0.9804748201024067
2009-08-13,1.0149954523552103
2009-08-14,1.009144183689993
2009-08-17,0.9640972932955191
2009-08-18,0.9806956131172211
2009-08-19,0.9655313317346391
2009-08-20,0.97940717837413
2009-08-21,0.9970386805932456
2009-08-24,1.0237426218175991
2009-08-25,1.0276255391205764
2009-08-26,1.0326708697654545
2009-08-27,1.0343961987980836
2009-08-28,1.0447607891678836
2009-08-31,1.0282591169890187
2009-09-01,1.0196348946106282
2009-09-02,1.0156474870448609
2009-09-03,1.012176847799702
2009-09-04,1.0325388232153747
2009-09-07,1.0565984519670715
2009-09-08,1.0618518430326105
2009-09-09,1.0639679229969996
2009-09-10,1.0651789128870006
2009-09-11,1.067565806637667
2009-09-14,1.0626385227158357
2009-09-15,1.0822718993732503
2009-09-16,1.097878018753108
2009-09-17,1.0995624538336932
2009-09-18,1.1020363615010038
2009-09-22,1.1124400510477648
2009-09-23,1.1005923721793294
2009-09-24,1.1045036076076056
2009-09-25,1.097999143207662
2009-09-29,1.1092838040411157
2009-09-30,1.1274588132346897
2009-10-01,1.1273289653167922
2009-10-05,1.1084050585673633
2009-10-06,1.1141093585248465
2009-10-07,1.1042887136816342
2009-10-08,1.1081771743259494
2009-10-09,1.0947297348734781
2009-10-12,1.1204153255145726
2009-10-14,1.1354989538960798
2009-10-15,1.1332918272993666
2009-10-16,1.1411514538516552
2009-10-20,1.1346108874563727
2009-10-21,1.1226081194464859
2009-10-22,1.1049163337201025
2009-10-23,1.1069076212868767
2009-10-26,1.1007443767564484
2009-10-27,1.0714817264858474
2009-10-28,1.0666478198477678
2009-10-29,1.0488697655892893
2009-10-30,1.0397432294988715
2009-11-03,1.0050403609363647
2009-11-04,1.0394603340756277
2009-11-05,1.052314355645593
2009-11-06,1.0595038264229601
2009-11-09,1.0835371993656056
2009-11-10,1.079606769344975
2009-11-11,1.1083731346065329
2009-11-12,1.0962829067624955
2009-11-13,1.1071875228547416
2009-11-16,1.1211148767574932
2009-11-17,1.1221054306935765
2009-11-18,1.120324826385549
2009-11-19,1.1048310655857203
2009-11-20,1.1197816085202261
2009-11-23,1.131831704256972
2009-11-24,1.1287641342846162
2009-11-25,1.1329164963635514
2009-11-26,1.1087048863892668
2009-11-27,1.0936691344583749
2009-11-30,1.1150857306752942
2009-12-01,1.1361380202766476
2009-12-02,1.1364330346395852
2009-12-03,1.138427408970884
2009-12-04,1.133045626712033
2009-12-07,1.1230876508548495
2009-12-08,1.1422502070894232
2009-12-09,1.133762902446307
2009-12-10,1.139107799676108
2009-12-11,1.1350123882292709
2009-12-14,1.1322749474508107
2009-12-15,1.1151323680235856
2009-12-16,1.1172540453307025
2009-12-17,1.1171833607231083
2009-12-18,1.1044401487106466
2009-12-21,1.0961704098103804
2009-12-22,1.1040007041999118
2009-12-23,1.1414019006446394
2009-12-24,1.1493807963520786
2009-12-29,1.151636212436524
2009-12-30,1.1472667010973285
2009-12-31,1.1547284971570388
2010-01-04,1.1620870768264568
2010-01-05,1.172886718915757
2010-01-06,1.173808844940995
2010-01-07,1.169387118485731
2010-01-08,1.165049047208508
2010-01-11,1.1661480653905165
2010-01-12,1.1569297773915703
2010-01-13,1.162493607807297
2010-01-14,1.1686260727597026
2010-01-15,1.1668058945084054
2010-01-18,1.1721597334808738
2010-01-19,1.160526910195004
2010-01-20,1.159593609872305
2010-01-21,1.1294554335933098
2010-01-22,1.1157375221091028
2010-01-25,1.1091134389750423
2010-01-27,1.072635325975456
2010-01-28,1.0759629014705587
2010-01-29,1.079443959440356
2010-02-01,1.0835963083994218
2010-02-02,1.067218737557448
2010-02-03,1.0911394084813297
2010-02-04,1.0707770485939698
2010-02-05,1.0409855188592714
2010-02-08,1.050785495478812
2010-02-09,1.0583597863433478
2010-02-10,1.0500304211670985
2010-02-11,1.0663877578651912
2010-02-15,1.0605345949689284
2010-02-16,1.0731769946326402
2010-02-17,1.086874850529946
2010-02-18,1.0806973139863354
2010-02-19,1.070616664094382
2010-02-22,1.0733205518456068
2010-02-23,1.0765304124739599
2010-02-24,1.0738374586725943
2010-02-25,1.0741078731766902
2010-02-26,1.0888174966947846
2010-03-02,1.1111059294689063
2010-03-03,1.1278601099467904
2010-03-04,1.1260086416593695
2010-03-05,1.128001447622482
2010-03-08,1.1363270702633612
2010-03-09,1.1310180011645898
2010-03-10,1.1344974084977815
2010-03-11,1.138543680089266
2010-03-12,1.1393932527111121
2010-03-15,1.1374816573832465
2010-03-16,1.1538110160045316
2010-03-17,1.1617936434597302
2010-03-18,1.1651014433863351
2010-03-19,1.1690950893656862
2010-03-22,1.1554808258483968
2010-03-23,1.1602282119161715
2010-03-25,1.168520648535712
2010-03-26,1.1736258745390697
2010-03-29,1.1785551262994234
2010-03-30,1.1690016266068328
2010-03-31,1.1658462355712387
2010-04-01,1.1756298057536094
2010-04-05,1.1940482273909756
2010-04-06,1.19348027464158
2010-04-07,1.1955272726001396
2010-04-08,1.1789128124174104
2010-04-09,1.192462712138952
2010-04-12,1.187244945854926
2010-04-13,1.183282348957894
2010-04-15,1.1716098020501347
2010-04-16,1.1690095819217088
2010-04-19,1.1550765838258783
2010-04-20,1.161323608497543
2010-04-21,1.1648201675401442
2010-04-22,1.1705977431512962
2010-04-23,1.178811598779247
2010-04-26,1.1831508290428818
2010-04-27,1.1798158565615928
2010-04-28,1.157846792446437
2010-04-29,1.1669881058700613
2010-04-30,1.1726244274021036
2010-05-03,1.1595638174003493
2010-05-04,1.1420236593031279
2010-05-05,1.1364537283411078
2010-05-06,1.1284198986019756
2010-05-07,1.1112504961087317
2010-05-10,1.1526142730025941
2010-05-11,1.139048372597127
2010-05-12,1.143885638560052
2010-05-13,1.1491371776639503
2010-05-14,1.1289751892692814
2010-05-17,1.1210510836613437
2010-05-18,1.1225362867724091
2010-05-19,1.0879864213239507
2010-05-20,1.094563238236925
2010-05-21,1.090691027764779
2010-05-24,1.0937034446509737
2010-05-25,1.0614094439449129
2010-05-26,1.0874064943019461
2010-05-27,1.1075706403237142
2010-05-28,1.1225159009170929
2010-05-31,1.1271716430002057
2010-06-01,1.0997962422581111
2010-06-02,1.1114858079513816
2010-06-03,1.1328419175917739
2010-06-04,1.1387383259682422
2010-06-07,1.1147914494710625
2010-06-08,1.1037406427247125
2010-06-09,1.106848956618306
2010-06-10,1.1252905028099458
2010-06-11,1.1348975489806712
2010-06-14,1.153378443889286
2010-06-15,1.1591983695285144
2010-06-16,1.161796291434028
2010-06-17,1.171598860741886
2010-06-18,1.1687038742933242
2010-06-21,1.1901353278045308
2010-06-22,1.1814422462873955
2010-06-23,1.1830027851884415
2010-06-24,1.1823998569649485
2010-06-25,1.1702106201081106
2010-06-28,1.1854405392378926
2010-06-29,1.1671481695500374
2010-06-30,1.18046174033606
2010-07-01,1.1660161097325221
2010-07-02,1.1626377865558466
2010-07-05,1.162354290439894
2010-07-06,1.1749085552924252
2010-07-07,1.1635753176461088
2010-07-08,1.1767444919427412
2010-07-09,1.1898871035590404
2010-07-12,1.1971131906021417
2010-07-13,1.2012895202485638
2010-07-14,1.197857804611831
2010-07-15,1.196106771143309
2010-07-16,1.1996913657842856
2010-07-19,1.1979283854316332
2010-07-20,1.1935625153983989
2010-07-21,1.200979257706007
2010-07-22,1.2110612472105151
2010-07-23,1.2127542328823397
2010-07-26,1.2055317007834294
2010-07-27,1.2083723290782287
2010-07-28,1.2005475895402995
2010-07-29,1.2032337004942235
2010-07-30,1.1934583875738194
2010-08-02,1.208610966911164
2010-08-03,1.2104812963587324
2010-08-04,1.2171821122441249
2010-08-05,1.2122673932605808
2010-08-06,1.2104085201067745
2010-08-09,1.2215132121209213
2010-08-10,1.2154840784317968
2010-08-11,1.2059870442923084
2010-08-12,1.2050046749997483
2010-08-13,1.2134433439571883
2010-08-16,1.2054391468333674
2010-08-17,1.204456806978439
2010-08-18,1.2198424601785045
2010-08-19,1.2343041800281802
2010-08-20,1.2320402913693425
2010-08-23,1.2350860592255335
2010-08-24,1.2259830514073227
2010-08-25,1.2158533418494428
2010-08-26,1.2195360578384227
2010-08-27,1.2031442657385525
2010-08-30,1.2047418736303752
2010-08-31,1.201652849301642
2010-09-01,1.2180892753885992
2010-09-02,1.2214762868158044
2010-09-03,1.219877234138049
2010-09-06,1.2429847539857581
2010-09-07,1.249399431047733
2010-09-08,1.2503127375519718
2010-09-09,1.257951373418986
2010-09-13,1.2864171805169404
2010-09-14,1.2948648749271694
2010-09-15,1.3104120603462417
2010-09-16,1.3027400143570635
2010-09-17,1.3161167514076277
2010-09-20,1.3388413711419722
2010-09-21,1.345653721495861
2010-09-22,1.341352996747624
2010-09-23,1.333860807495498
2010-09-24,1.3478517366443674
2010-09-27,1.3519861305856578
2010-09-28,1.3505203868617124
2010-09-29,1.3414164957140327
2010-09-30,1.3506239189323157
2010-10-01,1.3776613682408345
2010-10-04,1.3814910111966228
2010-10-05,1.378233448200548
2010-10-06,1.3879329790233716
2010-10-07,1.3721422923778939
2010-10-08,1.3681229230066114
2010-10-11,1.3758503523675094
2010-10-12,1.365126034709122
2010-10-13,1.399227179000319
2010-10-14,1.3857219751117942
2010-10-15,1.3583453647987842
2010-10-18,1.3615160312000598
2010-10-19,1.3499166047980626
2010-10-20,1.3391454716869429
2010-10-21,1.3675848226561675
2010-10-22,1.3591305175492225
2010-10-25,1.3686067117711702
2010-10-26,1.3629305975554151
2010-10-27,1.346395147091478
2010-10-28,1.340450669436083
2010-10-29,1.347596515749814
2010-11-01,1.3713877695727588
2010-11-02,1.371733669828576
2010-11-03,1.381632390522309
2010-11-04,1.4105777050948238
2010-11-08,1.4085230767458417
2010-11-09,1.415295803066697
2010-11-10,1.4091185490799722
2010-11-11,1.3896596125426806
2010-11-12,1.3603943684734379
2010-11-15,1.3723023162787664
2010-11-16,1.340602909795436
2010-11-18,1.343008456483683
2010-11-19,1.3171629084910412
2010-11-22,1.3456428163125687
2010-11-23,1.3277159880711573
2010-11-24,1.3112914382619436
2010-11-25,1.2955928268379133
2010-11-26,1.2842315534281403
2010-11-29,1.3027729169135707
2010-11-30,1.3105477691050094
2010-12-01,1.3339042274708242
2010-12-02,1.34599963943278
2010-12-03,1.3414970739519956
2010-12-06,1.341366122588127
2010-12-07,1.3376267039127954
2010-12-08,1.3202785509547206
2010-12-09,1.2876319755722805
2010-12-10,1.3092166987375486
2010-12-13,1.3211790976215618
2010-12-14,1.3298524787649566
2010-12-15,1.317521680381114
2010-12-16,1.3309518040348554
2010-12-20,1.3305470631713865
2010-12-21,1.3433066283298682
2010-12-22,1.3394360856416918
2010-12-23,1.3383882671627991
2010-12-24,1.3459133448786453
2010-12-27,1.3426974457882561
2010-12-28,1.3421972436177894
2010-12-29,1.357523834214454
2010-12-30,1.3674148176490173
2010-12-31,1.3751998829908387
2011-01-03,1.3807097624750617
2011-01-04,1.378025746690549
2011-01-05,1.3621500922438177
2011-01-06,1.3546291199628753
2011-01-07,1.3203966972611805
2011-01-10,1.2866696255915218
2011-01-11,1.2845909849863932
2011-01-12,1.3105179950812855
2011-01-13,1.2840368471917265
2011-01-14,1.2609138468049992
2011-01-17,1.2609613456350626
2011-01-18,1.2774036242449285
2011-01-19,1.2695678789972618
2011-01-20,1.2744456699653004
2011-01-21,1.2708607049844358
2011-01-24,1.2819578968017509
2011-01-25,1.2686936801916182
2011-01-27,1.2489700808238948
2011-01-28,1.2271192888626286
2011-01-31,1.225638860460733
2011-02-01,1.2046302163511518
2011-02-02,1.208131896540509
2011-02-03,1.2305539526925404
2011-02-04,1.1995195233910347
2011-02-07,1.1995786573748595
2011-02-08,1.1798396288465647
2011-02-09,1.1658979971888022
2011-02-10,1.1593454174008877
2011-02-11,1.1792207684550455
2011-02-14,1.2137188609324243
2011-02-15,1.219636185291076
2011-02-16,1.2198019649820901
2011-02-17,1.2351324342856353
2011-02-18,1.2144001053936937
2011-02-21,1.2285191083498863
2011-02-22,1.216818169493662
2011-02-23,1.2092784660969158
2011-02-24,1.1679500275378936
2011-02-25,1.1775959811099597
2011-02-28,1.1846126437546913
2011-03-01,1.2292915242541664
2011-03-03,1.2325838556187125
2011-03-04,1.2331878782791579
2011-03-07,1.2152784604567073
2011-03-08,1.2289234399484874
2011-03-09,1.2313393065197407
2011-03-10,1.2226697285493802
2011-03-11,1.2110798037275905
2011-03-14,1.2314422751764664
2011-03-15,1.2120543215667716
2011-03-16,1.2266079145511455
2011-03-17,1.2113334891677938
2011-03-18,1.1940711580249022
2011-03-21,1.1919550837086479
2011-03-22,1.203562468603885
2011-03-23,1.2192686814450986
2011-03-24,1.2292465378254351
2011-03-25,1.260473750771437
2011-03-28,1.2683010938031543
2011-03-29,1.2799515795119434
2011-03-30,1.2921306804865202
2011-03-31,1.303081526176914
2011-04-01,1.3012514585318675
2011-04-04,1.3208334985988073
2011-04-05,1.3212139770495477
2011-04-06,1.316861163135062
2011-04-07,1.315422435249608
2011-04-08,1.305030603314769
2011-04-11,1.2916490151540683
2011-04-13,1.3215310512776217
2011-04-15,1.300849082989808
2011-04-18,1.2781671125748288
2011-04-19,1.2809325583134292
2011-04-20,1.3072613192847216
2011-04-21,1.3151173110152525
2011-04-25,1.3126918725091121
2011-04-26,1.3112415309096188
2011-04-27,1.3030394562525378
2011-04-28,1.2915253196811225
2011-04-29,1.2829862875530456
2011-05-02,1.2715421686243584
2011-05-03,1.239257492133868
2011-05-04,1.232599759782327
2011-05-05,1.214291130866534
2011-05-06,1.2359671571252415
2011-05-09,1.2358842233731897
2011-05-10,1.2335508679656364
2011-05-11,1.239188079604234
2011-05-12,1.220494767145371
2011-05-13,1.2343657814452074
2011-05-16,1.2235291418295007
2011-05-17,1.2093129319913318
2011-05-18,1.2049717936803224
2011-05-19,1.2067457070368395
2011-05-20,1.2205243190898898
2011-05-23,1.1969012476253575
2011-05-24,1.1988636257296852
2011-05-25,1.1880107759602452
2011-05-26,1.2029931985576552
2011-05-27,1.218069649117182
2011-05-30,1.2173596404886609
2011-06-01,1.2454986388506748
2011-06-02,1.2356283080093375
2011-06-03,1.2276694704810862
2011-06-06,1.2312921145593556
2011-06-07,1.23699947692449
2011-06-08,1.2300587986298324
2011-06-09,1.2286852635861165
2011-06-10,1.220338468841223
2011-06-13,1.2196283954642813
2011-06-14,1.2238177279072582
2011-06-15,1.2112709541026685
2011-06-16,1.1992643072041582
2011-06-17,1.1920882758287903
2011-06-20,1.1664436273830654
2011-06-21,1.1706806642924783
2011-06-22,1.171259028987472
2011-06-23,1.181104547986119
2011-06-24,1.216832960562699
2011-06-27,1.2299309436347925
2011-06-28,1.2343588570307977
2011-06-29,1.2474207652356881
2011-06-30,1.2585474182413536
2011-07-01,1.2537577245582971
2011-07-04,1.2592812348077516
2011-07-05,1.254918156592482
2011-07-06,1.2533416277025495
2011-07-07,1.2778770850645444
2011-07-08,1.2616672636493793
2011-07-11,1.251102349524818
2011-07-12,1.2297816358163534
2011-07-13,1.2438228223540628
2011-07-15,1.2427921017155046
2011-07-18,1.23946316391409
2011-07-19,1.2504786356000408
2011-07-20,1.2394573241077504
2011-07-21,1.233428523970611
2011-07-22,1.2552989776594208
2011-07-25,1.2662870593112097
2011-07-26,1.241275088346652
2011-07-27,1.2346297993170836
2011-07-28,1.220645060594371
2011-07-29,1.2192842284717862
2011-08-01,1.2275196220511306
2011-08-02,1.2132556690934126
2011-08-03,1.2010127159375132
2011-08-04,1.1837530461914862
2011-08-05,1.1552759688848337
2011-08-08,1.1333983839934223
2011-08-09,1.1226431128825893
2011-08-10,1.1433995663770953
2011-08-11,1.138048561017763
2011-08-12,1.1226483746194353
2011-08-16,1.1139007897260647
2011-08-17,1.1187962004527578
2011-08-18,1.0923237456113692
2011-08-19,1.0691691285192004
2011-08-22,1.0816469416120875
2011-08-23,1.0934169300208922
2011-08-24,1.0793120303078318
2011-08-25,1.0677316532805725
2011-08-26,1.0461820968073026
2011-08-29,1.0864612575983865
2011-08-30,1.105588393987136
2011-09-02,1.1147620584536206
2011-09-05,1.109396383043512
2011-09-06,1.1204775181071414
2011-09-07,1.134684549638277
2011-09-08,1.1414223801785326
2011-09-09,1.1193164530662063
2011-09-12,1.0927994833610528
2011-09-13,1.0914245405337726
2011-09-14,1.1082526573952451
2011-09-15,1.1231085157455227
2011-09-16,1.1251214221427301
2011-09-19,1.1128069956318454
2011-09-20,1.1382784091331717
2011-09-21,1.1366408118784936
2011-09-22,1.0872593504689227
2011-09-23,1.0741253005155285
2011-09-26,1.066530018485392
2011-09-27,1.098411777085828
2011-09-28,1.0924521259018967
2011-09-29,1.1087976060760492
2011-09-30,1.0918142952581174
2011-10-03,1.069782539641469
2011-10-04,1.051627339706919
2011-10-05,1.0467385932712319
2011-10-07,1.0787935182515271
2011-10-10,1.1002918159483837
2011-10-11,1.0990575340857136
2011-10-12,1.1284549208046781
2011-10-13,1.1233809249309314
2011-10-14,1.1361978647340245
2011-10-17,1.1328884296562354
2011-10-18,1.1138710881627163
2011-10-19,1.1377859824802792
2011-10-20,1.1266555321976115
2011-10-21,1.1167795145787787
2011-10-24,1.1281680127748568
2011-10-25,1.1501230711265678
2011-10-28,1.1899822703840102
2011-10-31,1.181928185133854
2011-11-01,1.1657204418846647
2011-11-02,1.1658383896118296
2011-11-03,1.1675603908341812
2011-11-04,1.1719131206740008
2011-11-08,1.1731283458981783
2011-11-09,1.1570104847692064
2011-11-11,1.1447024375996673
2011-11-14,1.1398719145438245
2011-11-15,1.1210612100635071
2011-11-16,1.112106656580005
2011-11-17,1.0895956954139225
2011-11-18,1.0827943732155736
2011-11-21,1.052863689468112
2011-11-22,1.0608347246689194
2011-11-23,1.0359960911282688
2011-11-25,1.0368391572772602
2011-11-28,1.0699230021215587
2011-11-29,1.0590818544636031
2011-11-30,1.0654019372105812
2011-12-01,1.0899878425303984
2011-12-02,1.116603825047618
2011-12-05,1.1140160343045566
2011-12-07,1.1195320088863516
2011-12-08,1.091544149751947
2011-12-09,1.0734664904389435
2011-12-12,1.0495045665544316
2011-12-13,1.0579418376985672
2011-12-14,1.0491839447521891
2011-12-15,1.0452232252845595
2011-12-16,1.0230223483863572
2011-12-19,1.0140131716300804
2011-12-20,0.9978988898952458
2011-12-21,1.0327013836953283
2011-12-22,1.042230408427006
2011-12-23,1.037580402415347
2011-12-27,1.0461284449499675
2011-12-28,1.0356548267743766
2011-12-29,1.0217103072215403
2011-12-30,1.0165745413442693
2012-01-03,1.0495547946652237
2012-01-04,1.0458873113420646
2012-01-05,1.0459576687914216
2012-01-06,1.0469299783548636
2012-01-09,1.0442822059889292
2012-01-10,1.0692909911802004
2012-01-11,1.0719655727296364
2012-01-12,1.0649967310263773
2012-01-13,1.073147248828803
2012-01-16,1.0750009962616118
2012-01-17,1.0969199747895444
2012-01-18,1.0942179206878655
2012-01-19,1.108924331979873
2012-01-20,1.1160248171776228
2012-01-23,1.1154720650560752
2012-01-24,1.134546555338371
2012-01-25,1.1418331987962032
2012-01-27,1.1527616684470914
2012-01-30,1.1250951202001842
2012-01-31,1.1514383119084783
2012-02-01,1.1600272893660653
2012-02-02,1.1680895614309974
2012-02-03,1.1812847928577501
2012-02-06,1.189733455323064
2012-02-07,1.1834768505246747
2012-02-08,1.1912656174639817
2012-02-09,1.2017019951824979
2012-02-10,1.1944376303189967
2012-02-13,1.1964685701888629
2012-02-14,1.2025736593631517
2012-02-15,1.2299550540444208
2012-02-16,1.2275893925122328
2012-02-17,1.2376067155392445
2012-02-21,1.2477473605427885
2012-02-22,1.2236442514832868
2012-02-23,1.218429588757663
2012-02-24,1.205662442523599
2012-02-27,1.1706697428451838
2012-02-28,1.192910736399408
2012-02-29,1.1952011356236651
2012-03-01,1.1844682493875243
2012-03-02,1.1890942145981953
2012-03-05,1.1704444713492936
2012-03-06,1.1567771115211913
2012-03-07,1.1563176061966773
2012-03-09,1.1829721905373107
2012-03-12,1.1891080182463276
2012-03-13,1.2056209260443895
2012-03-14,1.2137482912925996
2012-03-15,1.194036183424157
2012-03-16,1.1792549222559674
2012-03-19,1.164897699231364
2012-03-20,1.1690944625197897
2012-03-21,1.1903418907467505
2012-03-22,1.1581178274189037
2012-03-23,1.1698428715116163
2012-03-26,1.1476874003704938
2012-03-27,1.161561150875266
2012-03-28,1.1501524572571202
2012-03-29,1.1464068102668195
2012-03-30,1.1738931437002937
2012-04-02,1.179164696517071
2012-04-03,1.1887433180940126
2012-04-04,1.1803402540988734
2012-04-09,1.1594596135221031
2012-04-10,1.1616279536235086
2012-04-11,1.1576798010176812
2012-04-12,1.169462914032871
2012-04-13,1.1530980581813284
2012-04-16,1.1575156340385924
2012-04-17,1.1724799261390613
2012-04-18,1.174909023796041
2012-04-19,1.182551141087049
2012-04-20,1.172747038785071
2012-04-23,1.1514623293210358
2012-04-24,1.1566568161504647
2012-04-25,1.1517908034570896
2012-04-26,1.1487282178374398
2012-04-27,1.1491051140174529
2012-04-30,1.1626609925566258
2012-05-02,1.1605395513112546
2012-05-03,1.1485782950273544
2012-05-04,1.1246590271293495
2012-05-07,1.1310810685395492
2012-05-08,1.1042074036321525
2012-05-09,1.0982976232903126
2012-05-10,1.0961601100545484
2012-05-11,1.0875166744167337
2012-05-14,1.0825631761045658
2012-05-15,1.0907775805795867
2012-05-16,1.0709249793652384
2012-05-17,1.073727803320208
2012-05-18,1.0787126057224656
2012-05-22,1.0714503232033612
2012-05-23,1.0656217692570569
2012-05-24,1.0857276910973357
2012-05-25,1.0854929582395614
2012-05-28,1.100809077988861
2012-05-29,1.1018545464205487
2012-05-30,1.0926096414130129
2012-05-31,1.0863869031512785
2012-06-01,1.0669857117361448
2012-06-04,1.0685215294284944
2012-06-05,1.0720742307613025
2012-06-06,1.1034570898166394
2012-06-07,1.1158037681773745
2012-06-08,1.120200341548201
2012-06-11,1.1168492554449723
2012-06-12,1.1313797183656522
2012-06-13,1.132685720498748
2012-06-14,1.1169898572800139
2012-06-15,1.136810500540758
2012-06-18,1.1192050419708335
2012-06-19,1.1285168155232481
2012-06-20,1.1324456217044927
2012-06-21,1.1429052454887816
2012-06-22,1.138443598365115
2012-06-25,1.131052525912243
2012-06-26,1.1324995531626791
2012-06-27,1.1374646341289045
2012-06-28,1.1391710855095838
2012-06-29,1.1697134328914998
2012-07-02,1.1696427497087136
2012-07-03,1.1718471590689834
2012-07-04,1.17528959986107
2012-07-05,1.1811264288325547
2012-07-06,1.178684939474708
2012-07-09,1.168825412130529
2012-07-10,1.1853752898128531
2012-07-11,1.1761613443096783
2012-07-12,1.1594049861637492
2012-07-13,1.1575199080409804
2012-07-16,1.1504515574809981
2012-07-17,1.1494152720468944
2012-07-18,1.154937956456452
2012-07-19,1.1611573507507775
2012-07-20,1.1522966788912432
2012-07-23,1.131768815106483
2012-07-24,1.134180536640791
2012-07-25,1.1298035615840647
2012-07-26,1.1141348775841624
2012-07-27,1.1274984214855779
2012-07-30,1.1510099944478398
2012-07-31,1.157887324316872
2012-08-01,1.1605968116567726
2012-08-02,1.1575923929282286
2012-08-03,1.15475341190847
2012-08-06,1.1705011120375957
2012-08-07,1.183267600353597
2012-08-08,1.183574241121697
2012-08-09,1.1800237418567274
2012-08-10,1.1794221941934127
2012-08-13,1.1859085286862197
2012-08-14,1.193564968369564
2012-08-16,1.1894579753340788
2012-08-17,1.1902484375767666
2012-08-21,1.2031574551746484
2012-08-22,1.2012328701953616
2012-08-23,1.2018231838706108
2012-08-24,1.195058012335948
2012-08-27,1.1864538683241561
2012-08-29,1.1717187981016983
2012-08-30,1.1781435524583295
2012-08-31,1.16480638482895
2012-09-03,1.1636868770855013
2012-09-04,1.1684592391989792
2012-09-05,1.157073520648906
2012-09-06,1.160065453175448
2012-09-07,1.184500042621886
2012-09-10,1.1895369568229095
2012-09-11,1.1958021814407127
2012-09-12,1.2054804141611521
2012-09-13,1.2065077702292526
2012-09-14,1.2401162240103676
2012-09-17,1.247769164958636
2012-09-18,1.2454144159572789
2012-09-20,1.234576962311168
2012-09-21,1.2669540298492015
2012-09-24,1.2618496169360272
2012-09-25,1.2628678460950238
2012-09-26,1.2603931493979998
2012-09-27,1.2570898581677143
2012-09-28,1.2698271950878097
2012-10-01,1.2734991027234865
2012-10-03,1.2764490315790413
2012-10-04,1.2898023875394335
2012-10-05,1.2801635248009797
2012-10-08,1.2633475038911668
2012-10-09,1.2701206365818138
2012-10-10,1.2576952901815184
2012-10-11,1.2709300005132238
2012-10-12,1.2633490181920923
2012-10-15,1.2660014508940176
2012-10-16,1.2567050857628494
2012-10-17,1.2596052086537546
2012-10-18,1.2734449007825561
2012-10-19,1.2652825332527398
2012-10-22,1.2730745625926294
2012-10-23,1.2669736736074353
2012-10-25,1.2702659922844246
2012-10-29,1.2608612883077686
2012-10-30,1.2448305714435965
2012-10-31,1.2499886633372526
2012-11-01,1.2559880358170483
2012-11-02,1.2684521365470114
2012-11-05,1.269991813026229
2012-11-06,1.2747769333277887
2012-11-07,1.283235883191132
2012-11-08,1.2781750973612098
2012-11-09,1.2657335620201344
2012-11-12,1.265129662215304
2012-11-15,1.2526484223547412
2012-11-16,1.2391687134328977
2012-11-19,1.2385419103957085
2012-11-20,1.2385773669416604
2012-11-21,1.2488073487725626
2012-11-22,1.2518719863043724
2012-11-23,1.2515998241640645
2012-11-26,1.2538008994612297
2012-11-27,1.2754712867153144
2012-11-29,1.2985854084942818
2012-11-30,1.311595897559523
2012-12-03,1.3094835729216094
2012-12-04,1.3138264720384119
2012-12-05,1.3164968465122924
2012-12-06,1.3237136490894124
2012-12-07,1.3181330227718526
2012-12-10,1.3184891422726688
2012-12-11,1.3160912088244883
2012-12-12,1.3135274341077023
2012-12-13,1.3048636855630342
2012-12-14,1.311530945581821
2012-12-17,1.306380604105205
2012-12-18,1.3156109487358683
2012-12-19,1.3233972364246966
2012-12-20,1.3202626026857414
2012-12-21,1.3039508993765787
2012-12-24,1.3058607663145239
2012-12-26,1.317689056982111
2012-12-27,1.3092611664650946
2012-12-28,1.3183384070685502
2012-12-31,1.3175668187001748
2013-01-02,1.3384939090264536
2013-01-03,1.3423553464247044
2013-01-04,1.343935815683387
2013-01-07,1.3373400610000787
2013-01-08,1.3405004016342754
2013-01-09,1.3333233837099185
2013-01-10,1.3326462827521366
2013-01-11,1.3285245261889422
2013-01-14,1.3458040739934714
2013-01-15,1.3535413807354448
2013-01-16,1.340522657636346
2013-01-17,1.3493987616785006
2013-01-18,1.3553897434830648
2013-01-21,1.3596464004451232
2013-01-22,1.351607179353245
2013-01-23,1.3529861588265617
2013-01-24,1.344675899083405
2013-01-25,1.3578200713673354
2013-01-28,1.357855722310333
2013-01-29,1.351933824234425
2013-01-30,1.35332477573871
2013-01-31,1.348331391139097
2013-02-01,1.3398088455462849
2013-02-04,1.3370404054019758
2013-02-05,1.329829017450202
2013-02-06,1.3303754043557237
2013-02-07,1.3255295947894037
2013-02-08,1.3171464942754412
2013-02-11,1.3158052524688464
2013-02-12,1.321656584148669
2013-02-13,1.3241378859442943
2013-02-14,1.3155890567929418
2013-02-15,1.3133220589084613
2013-02-18,1.315885509002013
2013-02-19,1.3257366904830465
2013-02-20,1.3265321691595586
2013-02-21,1.3049678893296874
2013-02-22,1.3045051923216273
2013-02-25,1.3055610086871647
2013-02-26,1.2834006458978124
2013-02-27,1.2918265562455045
2013-02-28,1.2672026502745446
2013-03-01,1.2735143495190584
2013-03-04,1.2684919406251491
2013-03-05,1.2888016129386977
2013-03-06,1.2969450664175188
2013-03-07,1.3075461284595076
2013-03-08,1.3270978866017942
2013-03-11,1.3263022787767482
2013-03-12,1.3195934862552179
2013-03-13,1.3046606228860789
2013-03-14,1.318361431943694
2013-03-15,1.309732215350725
2013-03-18,1.30086911938731
2013-03-19,1.2796871530250216
2013-03-20,1.267471555410994
2013-03-21,1.2590286829086217
2013-03-22,1.2572768901245617
2013-03-25,1.2531344294223254
2013-03-26,1.2549685830341362
2013-03-28,1.2646607967667511
2013-04-01,1.2698347895137145
2013-04-02,1.2801853117666062
2013-04-03,1.2623652537280214
2013-04-04,1.2391265760970067
2013-04-05,1.2340418172190668
2013-04-08,1.231606512733594
2013-04-09,1.2202940944038139
2013-04-10,1.2353216489186711
2013-04-11,1.2436684628374919
2013-04-12,1.228186189365969
2013-04-15,1.2376056058783533
2013-04-16,1.2661132775843968
2013-04-17,1.2660540775351303
2013-04-18,1.2884079301406874
2013-04-22,1.3005683905853687
2013-04-23,1.3011613413561183
2013-04-25,1.319993950894784
2013-04-26,1.3093470782224617
2013-04-29,1.3170940668191775
2013-04-30,1.323289145717318
2013-05-02,1.3397070830828364
2013-05-03,1.3265558744786727
2013-05-06,1.3329790902020329
2013-05-07,1.350199848759006
2013-05-08,1.3563208830272444
2013-05-09,1.351767522385437
2013-05-10,1.3623701451645076
2013-05-13,1.3351853328981038
2013-05-14,1.338736588933592
2013-05-15,1.374695067674763
2013-05-16,1.38020379931173
2013-05-17,1.3843452599596455
2013-05-20,1.3771082849282266
2013-05-21,1.3669226193459725
2013-05-22,1.3622602008952802
2013-05-23,1.3319489317664814
2013-05-24,1.3358677352307533
2013-05-27,1.3595272559411082
2013-05-28,1.3662092926531653
2013-05-29,1.3645560910344001
2013-05-30,1.369253563736343
2013-05-31,1.3364002452346377
2013-06-03,1.3253186990657995
2013-06-04,1.3206059027536698
2013-06-05,1.3216503259975751
2013-06-06,1.3210686852287394
2013-06-07,1.311478589348541
2013-06-10,1.3107667648871908
2013-06-11,1.2896024958962002
2013-06-12,1.282823442357623
2013-06-13,1.2683453000044658
2013-06-14,1.2942269662723969
2013-06-17,1.3041013397715642
2013-06-18,1.2954558928752442
2013-06-19,1.297506725930395
2013-06-20,1.2580624983062765
2013-06-21,1.2608433638847685
2013-06-24,1.242522744080857
2013-06-25,1.246980623830468
2013-06-26,1.2421551914815527
2013-06-27,1.264302145450212
2013-06-28,1.3021444364552341
2013-07-01,1.3155789986525428
2013-07-02,1.3057785866761138
2013-07-03,1.28522615287677
2013-07-04,1.3008775239884673
2013-07-05,1.308216721793075
2013-07-08,1.2948497417327847
2013-07-09,1.306098563686293
2013-07-10,1.2960655259918172
2013-07-11,1.3241355801901504
2013-07-12,1.341678016158715
2013-07-15,1.3468569496090301
2013-07-16,1.3289045902407337
2013-07-17,1.3331901537810562
2013-07-18,1.3485667137157367
2013-07-19,1.3464637030557163
2013-07-22,1.3470814131073834
2013-07-23,1.358012073079203
2013-07-24,1.3372575795328128
2013-07-25,1.317543717357084
2013-07-26,1.3124892132566772
2013-07-29,1.2995472718472372
2013-07-30,1.2813849407104658
2013-07-31,1.2782933914633243
2013-08-01,1.2749417124034423
2013-08-02,1.2631119095988415
2013-08-05,1.2648871492494096
2013-08-06,1.2310009042356658
2013-08-07,1.2255299503876647
2013-08-08,1.2365279867095778
2013-08-12,1.2475792343076357
2013-08-13,1.2681324814936403
2013-08-14,1.2783126087516552
2013-08-16,1.2227807088986888
2013-08-19,1.2007890378326098
2013-08-20,1.1976508770138825
2013-08-21,1.1743184725772302
2013-08-22,1.1992724815117266
2013-08-23,1.2142069245806462
2013-08-26,1.2153284308257832
2013-08-27,1.1706900506491336
2013-08-28,1.1701128351680754
2013-08-29,1.1993355435615463
2013-08-30,1.214139407418011
2013-09-02,1.232778861668407
2013-09-03,1.183320017553979
2013-09-04,1.2084588508519927
2013-09-05,1.2426447658874742
2013-09-06,1.2633178860850776
2013-09-10,1.3145134648644925
2013-09-11,1.3184033359918648
2013-09-12,1.3035883434309252
2013-09-13,1.3035646134078371
2013-09-16,1.301182005942458
2013-09-17,1.3034695572201238
2013-09-18,1.315145125483955
2013-09-19,1.3664026644311693
2013-09-20,1.3418095185544963
2013-09-23,1.3127552053470826
2013-09-24,1.3133955646086577
2013-09-25,1.3089843673663768
2013-09-26,1.3109760836130655
2013-09-27,1.2993447315648392
2013-09-30,1.2761417625120697
2013-10-01,1.2867361892987197
2013-10-03,1.3174457350543083
2013-10-04,1.316876369962812
2013-10-07,1.316603623843964
2013-10-08,1.321881050713626
2013-10-09,1.3406353135091968
2013-10-10,1.3438408141820566
2013-10-11,1.3617110763729092
2013-10-14,1.3656325682680055
2013-10-15,1.3600106993413636
2013-10-17,1.349744369149069
2013-10-18,1.3838312826402004
2013-10-21,1.3875424200921265
2013-10-22,1.3870307771880592
2013-10-23,1.3812135822059444
2013-10-24,1.3778834767254629
2013-10-25,1.373257634769084
2013-10-28,1.362842832926639
2013-10-29,1.391315972845157
2013-10-30,1.3986453831273251
2013-10-31,1.4099403415448493
2013-11-01,1.411857562234223
2013-11-05,1.3989841419358062
2013-11-06,1.3899385045034542
2013-11-07,1.3832997243140288
2013-11-08,1.3722382451172677
2013-11-11,1.3575085957018844
2013-11-12,1.3430737329940658
2013-11-13,1.3363181395684707
2013-11-14,1.352116079190808
2013-11-18,1.383674907232953
2013-11-19,1.3870884870885138
2013-11-20,1.36794828117175
2013-11-21,1.3385074206493734
2013-11-22,1.3376528749006613
2013-11-25,1.3661159674544703
2013-11-26,1.3527459985489312
2013-11-27,1.3522709043206604
2013-11-28,1.360525492095378
2013-11-29,1.3805457198106557
2013-12-02,1.3904753843231694
2013-12-03,1.3866683686230579
2013-12-04,1.3769383147899792
2013-12-05,1.3959978107954505
2013-12-06,1.4004720433612117
2013-12-09,1.4252281316130628
2013-12-10,1.417829327205067
2013-12-11,1.411885853785408
2013-12-12,1.3950126762924806
2013-12-13,1.3786753684045558
2013-12-16,1.3754174334993368
2013-12-17,1.3716961356510726
2013-12-18,1.3902634873281274
2013-12-19,1.378248072085694
2013-12-20,1.403835839477621
2013-12-23,1.4062760090063047
2013-12-24,1.4024427340177537
2013-12-26,1.4049422698592033
2013-12-27,1.4132511168071038
2013-12-30,1.4078449379460312
2013-12-31,1.4109164786776087
2014-01-02,1.3911868117362984
2014-01-03,1.3888074722397052
2014-01-06,1.3841207261130648
2014-01-07,1.377175138844091
2014-01-08,1.3801118543768218
2014-01-09,1.3786254838125014
2014-01-10,1.3793626990275292
2014-01-13,1.4034529589029043
2014-01-14,1.3960970114836557
2014-01-15,1.4149094326079568
2014-01-16,1.4144330878913642
2014-01-17,1.4007979965863324
2014-01-20,1.4108666579184461
2014-01-21,1.4132121492488168
2014-01-22,1.4192018195527851
2014-01-23,1.4207977878484332
2014-01-24,1.4020014060472665
2014-01-27,1.370842153587191
2014-01-28,1.368560078192615
2014-01-29,1.3671339386228651
2014-01-30,1.3560702130944442
2014-01-31,1.3598235899528583
2014-02-03,1.3389862093349272
2014-02-04,1.3387725944016162
2014-02-05,1.3438761226003737
2014-02-06,1.3471763436066115
2014-02-07,1.3535641811236274
2014-02-10,1.3512482630667189
2014-02-11,1.353445189608776
2014-02-12,1.3585045058820806
2014-02-13,1.3388089825607585
2014-02-14,1.3500248066086773
2014-02-18,1.3687271926675755
2014-02-19,1.3748238145991132
2014-02-20,1.3602498236326692
2014-02-21,1.3754559845664591
2014-02-24,1.382743132710712
2014-02-25,1.3860607881671787
2014-02-26,1.3952780183663502
2014-02-28,1.4043562303455503
2014-03-03,1.391144393142143
2014-03-04,1.409344906763471
2014-03-05,1.4166545120737
2014-03-06,1.4339221332484615
2014-03-07,1.463834647908808
2014-03-10,1.4663642557538088
2014-03-11,1.46031407936216
2014-03-12,1.4615071061314155
2014-03-13,1.455828066467598
2014-03-14,1.4584761179079333
2014-03-18,1.4614464580303472
2014-03-19,1.463212195510642
2014-03-20,1.4534402177167767
2014-03-21,1.4558494664931205
2014-03-24,1.4773914712534766
2014-03-25,1.478883785870904
2014-03-26,1.4816656058475153
2014-03-27,1.4913016853688028
2014-03-28,1.5042383491137452
2014-03-31,1.5062223540722635
2014-04-01,1.5102502067679455
2014-04-02,1.5177814031436567
2014-04-03,1.5138473409019269
2014-04-04,1.5038640975411368
2014-04-07,1.5040313444255806
2014-04-09,1.5282088931571252
2014-04-10,1.5282566737509518
2014-04-11,1.5234476472380098
2014-04-15,1.5131139114903485
2014-04-16,1.4992932693816865
2014-04-17,1.5241708751020902
2014-04-21,1.5333207566798768
2014-04-22,1.532770416904988
2014-04-23,1.5388603616880563
2014-04-25,1.524966124035876
2014-04-28,1.5198229114667199
2014-04-29,1.5088210682308054
2014-04-30,1.5043146573527588
2014-05-02,1.503932197879352
2014-05-05,1.5050198040173488
2014-05-06,1.5088322515793982
2014-05-07,1.493830882014538
2014-05-08,1.4955750777323522
2014-05-09,1.543111741354439
2014-05-12,1.5803236673811198
2014-05-13,1.6029773201747664
2014-05-14,1.6029773201747664
2014-05-15,1.6064322188207203
2014-05-16,1.6255927436830901
2014-05-19,1.6401323521534275
2014-05-20,1.643003440840354
2014-05-21,1.6375730939696027
2014-05-22,1.6432185431268955
2014-05-23,1.6650121251826353
2014-05-26,1.6630762643037191
2014-05-27,1.6532056735438982
2014-05-28,1.6560059337883064
2014-05-29,1.6334090714987708
2014-05-30,1.6320400458678619
2014-06-02,1.663875879424198
2014-06-03,1.6767042785898465
2014-06-04,1.6734325355673398
2014-06-05,1.6907153095525693
2014-06-06,1.717022386143283
2014-06-09,1.7341751777666141
2014-06-10,1.7346090256325781
2014-06-11,1.7274858568432119
2014-06-12,1.7330407814320818
2014-06-13,1.7070563850886478
2014-06-16,1.7049972814879493
2014-06-17,1.7286323947290063
2014-06-18,1.7109186527923905
2014-06-19,1.7067037200714033
2014-06-20,1.6996598074637812
2014-06-23,1.6953020730462967
2014-06-24,1.7162086537075116
2014-06-25,1.7135707866437115
2014-06-26,1.6952523278855023
2014-06-27,1.6990074353050963
2014-06-30,1.7236964232291954
2014-07-01,1.7293228077694747
2014-07-02,1.751121622197342
2014-07-03,1.7486253297048278
2014-07-04,1.7575002611771078
2014-07-07,1.7660762239217094
2014-07-08,1.7265137736210503
2014-07-09,1.7173084315049707
2014-07-10,1.7131529299951695
2014-07-11,1.6871035664866059
2014-07-14,1.6857920314667025
2014-07-15,1.7032376153375681
2014-07-16,1.7267735753887503
2014-07-17,1.730641289090423
2014-07-18,1.736292833711313
2014-07-21,1.7411863054276464
2014-07-22,1.7613538784469123
2014-07-23,1.7680850412552833
2014-07-24,1.7764949420703233
2014-07-25,1.7668033516696011
2014-07-28,1.7567288455088286
2014-07-30,1.7670289681971723
2014-07-31,1.7501133285572088
2014-08-01,1.7214869090317297
2014-08-04,1.741013893381573
2014-08-05,1.7561783295546907
2014-08-06,1.7382079108086699
2014-08-07,1.7327117040318587
2014-08-08,1.7132615221181409
2014-08-11,1.7270865960981985
2014-08-12,1.751448501617953
2014-08-13,1.7544631405371152
2014-08-14,1.7670416083566063
2014-08-18,1.7869608234048373
2014-08-19,1.7925747976689752
2014-08-20,1.7872133005749293
2014-08-21,1.7910284895952429
2014-08-22,1.796365533339917
2014-08-25,1.7946988316909682
2014-08-26,1.794324516976692
2014-08-27,1.8018840698241212
2014-08-28,1.8063050862800265
2014-09-01,1.8240277389960033
2014-09-02,1.8374089827508764
2014-09-03,1.8450398799826147
2014-09-04,1.8405280074059458
2014-09-05,1.8383267933184892
2014-09-08,1.8593816724748828
2014-09-09,1.8543110787710393
2014-09-10,1.8400695497385149
2014-09-11,1.8380377470409206
2014-09-12,1.84282668626967
2014-09-15,1.8274656669332783
2014-09-16,1.8010870558389833
2014-09-17,1.8113779936394034
2014-09-18,1.845028220746619
2014-09-19,1.8466491234977802
2014-09-22,1.8526610268890698
2014-09-23,1.8215062645849014
2014-09-24,1.8178440780276626
2014-09-25,1.7959581218603917
2014-09-26,1.8097249737130137
2014-09-29,1.8073206654125211
2014-09-30,1.8087461700119623
2014-10-01,1.8040948617603245
2014-10-07,1.7815908758513035
2014-10-08,1.7792493130189373
2014-10-09,1.807696607509507
2014-10-10,1.783390220893421
2014-10-13,1.7892566117842899
2014-10-14,1.7843669491077507
2014-10-16,1.7564099778175486
2014-10-17,1.7640075921450857
2014-10-20,1.7880608052521063
2014-10-21,1.7997350319978564
2014-10-22,1.8161963835468455
2014-10-27,1.815181406826846
2014-10-28,1.823857330973423
2014-10-29,1.8390506521411742
2014-10-30,1.858097064939338
2014-10-31,1.8951243540452125
2014-11-03,1.8955968730603785
2014-11-05,1.8990252309295506
2014-11-07,1.8987102581989268
2014-11-10,1.9004670833076889
2014-11-11,1.9049261268708366
2014-11-12,1.9099308903527217
2014-11-13,1.9037615972693136
2014-11-14,1.9115294012520274
2014-11-17,1.9214321033295407
2014-11-18,1.9202561036105592
2014-11-19,1.9096836256819432
2014-11-20,1.9144348869944456
2014-11-21,1.932726813449981
2014-11-24,1.945535138903169
2014-11-25,1.9292636287513496
2014-11-26,1.9323319984724114
2014-11-27,1.9368075463069223
2014-11-28,1.959624806880441
2014-12-01,1.9517710234864216
2014-12-02,1.9441981258419043
2014-12-03,1.947340655262441
2014-12-04,1.9538325127635328
2014-12-05,1.9474969929337616
2014-12-08,1.9232161774416492
2014-12-09,1.8995600447506202
2014-12-10,1.9031828001266191
2014-12-11,1.887975377975996
2014-12-12,1.8713096275077006
2014-12-15,1.8702201671506917
2014-12-16,1.8334220249139164
2014-12-17,1.8242818422420137
2014-12-18,1.8555857542439174
2014-12-19,1.8715319743883043
2014-12-22,1.8954512756150879
2014-12-23,1.8816411688198567
2014-12-24,1.859143073404056
2014-12-26,1.865580284041149
2014-12-29,1.8766176580355252
2014-12-30,1.877089869378034
2014-12-31,1.8854316077864013
2015-01-02,1.9127400558680685
2015-01-05,1.9086069835964241
2015-01-06,1.8477573793118438
2015-01-07,1.8416493798832347
2015-01-08,1.8736947470907612
2015-01-09,1.8857757204103698
2015-01-12,1.895100232041837
2015-01-13,1.8893828299974265
2015-01-14,1.8840901216535035
2015-01-15,1.9365468408651596
2015-01-16,1.941313337519002
2015-01-19,1.95026584713154
2015-01-20,1.9854300189388137
2015-01-21,1.993665735280704
2015-01-22,2.00141750039187
2015-01-23,2.0194520427289278
2015-01-27,2.0376667932566006
2015-01-28,2.038591350904978
2015-01-29,2.0478497735206824
2015-01-30,2.0129356715725373
2015-02-02,2.010139603983492
2015-02-03,2.0002081741155395
2015-02-04,1.9922242938878485
2015-02-05,1.9893084761482585
2015-02-06,1.9770022854993639
2015-02-09,1.9442873183308305
2015-02-10,1.9537983398893224
2015-02-11,1.9688093507028444
2015-02-12,1.9892416119970764
2015-02-13,2.012067696822306
2015-02-16,2.01300363434404
2015-02-18,2.0275307786537162
2015-02-19,2.0339036342812333
2015-02-20,2.018893037841703
2015-02-23,1.9997675413013574
2015-02-24,2.0015050937120233
2015-02-25,2.0027568803471953
2015-02-26,1.9824859092512044
2015-02-27,2.021533156750797
2015-03-02,2.0488069227514107
2015-03-03,2.0584205948254777
2015-03-04,2.0405025862532433
2015-03-05,2.044176683212409
2015-03-09,2.0001302820085516
2015-03-10,1.9892668667039435
2015-03-11,1.9863272840415636
2015-03-12,2.00480182995462
2015-03-13,1.9736291717832495
2015-03-16,1.970083934615602
2015-03-17,1.9919726341285584
2015-03-18,1.9828858754342826
2015-03-19,1.9704373367768353
2015-03-20,1.9549584512971536
2015-03-23,1.9501046420183636
2015-03-24,1.9481754942504734
2015-03-25,1.9452273273228784
2015-03-26,1.899457665840913
2015-03-27,1.899275966021758
2015-03-30,1.935833617313141
2015-03-31,1.9355183619841234
2015-04-01,1.9586201219551092
2015-04-06,1.97649583461667
2015-04-07,1.976592829312648
2015-04-08,1.9897307878044006
2015-04-09,2.0052544903925047
2015-04-10,2.0057527012618985
2015-04-13,2.01879277638789
2015-04-16,1.987839707629503
2015-04-17,1.9633772710891215
2015-04-20,1.925048292180875
2015-04-21,1.9079919491747463
2015-04-22,1.9205805642440457
2015-04-23,1.9129685940465593
2015-04-24,1.8904171913682692
2015-04-27,1.8682693597267668
2015-04-28,1.8856457782582994
2015-04-29,1.8745434659912121
2015-04-30,1.8604434684263342
2015-05-04,1.8968448550323271
2015-05-05,1.8951128205197583
2015-05-06,1.8399360539552883
2015-05-07,1.8303373441578783
2015-05-08,1.8627740238979598
2015-05-11,1.8951357856437838
2015-05-12,1.8471064075778976
2015-05-13,1.8733447069388822
2015-05-14,1.8706218520116775
2015-05-15,1.8798544054453334
2015-05-18,1.9067983072869246
2015-05-19,1.904860004822112
2015-05-20,1.9188148338002533
2015-05-21,1.9182694810311773
2015-05-22,1.9274676544501348
2015-05-25,1.9059627837886213
2015-05-26,1.8984762362917043
2015-05-27,1.8973256790722985
2015-05-28,1.8935472393809538
2015-05-29,1.921313806302973
2015-06-01,1.9212532074580122
2015-06-02,1.8735134806277514
2015-06-03,1.8489843280218015
2015-06-04,1.8479081328756721
2015-06-05,1.8440511345187816
2015-06-08,1.8269926309738007
2015-06-09,1.8217366046715464
2015-06-10,1.8463934301722087
2015-06-11,1.8079216449385522
2015-06-12,1.812159915238998
2015-06-15,1.8196474552777615
2015-06-16,1.827716649443142
2015-06-17,1.8384099947114465
2015-06-18,1.858486746860637
2015-06-19,1.870666399359412
2015-06-22,1.9016777956984046
2015-06-23,1.9085693337025527
2015-06-24,1.9035540017573813
2015-06-25,1.9125535312119146
2015-06-26,1.9084583219380518
2015-06-29,1.8932673544197332
2015-06-30,1.9053997927820576
2015-07-01,1.9258827533929832
2015-07-02,1.9239072197568825
2015-07-03,1.9336031886239338
2015-07-06,1.9426352839049337
2015-07-07,1.9398823106788283
2015-07-08,1.9040500568917504
2015-07-09,1.8956925950661367
2015-07-10,1.9034423886064822
2015-07-13,1.9274485514884059
2015-07-14,1.9261029200672217
2015-07-15,1.9429990699001833
2015-07-16,1.963432952278346
2015-07-17,1.9638697479346912
2015-07-20,1.9623166496005542
2015-07-21,1.9443581608297207
2015-07-22,1.969595184026749
2015-07-23,1.9589876340575412
2015-07-24,1.9424263908103632
2015-07-27,1.90348805439972
2015-07-28,1.8976744590215175
2015-07-29,1.9068896846000112
2015-07-30,1.9182152896893425
2015-07-31,1.9451276545346352
2015-08-03,1.9476016798131048
2015-08-04,1.9412587370550287
2015-08-05,1.9536392194862426
2015-08-06,1.9586612980570928
2015-08-07,1.9528254331020871
2015-08-10,1.9433638764773846
2015-08-11,1.9280236648616107
2015-08-12,1.9006549306158802
2015-08-13,1.902204914695458
2015-08-14,1.9416140028974749
2015-08-17,1.931610253369559
2015-08-18,1.92900402749728
2015-08-19,1.9359373791134606
2015-08-20,1.9062586933589718
2015-08-21,1.8886232835788819
2015-08-24,1.7697596729781309
2015-08-25,1.7870491094639898
2015-08-26,1.7656117535272684
2015-08-27,1.8034885033431647
2015-08-28,1.8162829379768726
2015-08-31,1.8088806615183888
2015-09-01,1.764104325618677
2015-09-02,1.7475059948263052
2015-09-03,1.7730458051308913
2015-09-04,1.7325445235019759
2015-09-07,1.7093663745442527
2015-09-08,1.7405141224719423
2015-09-09,1.7719121989821782
2015-09-10,1.7645576733684936
2015-09-11,1.764846888602427
2015-09-14,1.7848440178996319
2015-09-15,1.774434686494284
2015-09-16,1.7913272954756534
2015-09-18,1.811293900111255
2015-09-21,1.8101349950998782
2015-09-22,1.7702733809425004
2015-09-23,1.7784591975285278
2015-09-24,1.7838977430927836
2015-09-28,1.766336718584234
2015-09-29,1.7778120010616434
2015-09-30,1.8032798910620331
2015-10-01,1.8037626471232897
2015-10-05,1.8444113382939225
2015-10-06,1.8525325601160727
2015-10-07,1.8584558290578663
2015-10-08,1.8468367886689812
2015-10-09,1.8614246724582157
2015-10-12,1.8502760570034205
2015-10-13,1.8473992871734712
2015-10-14,1.8416461683453922
2015-10-15,1.8589504293875574
2015-10-16,1.8731329554150167
2015-10-19,1.8820598413753267
2015-10-20,1.878817264752705
2015-10-21,1.8764096280070537
2015-10-23,1.8869949457132575
2015-10-26,1.8785479418558892
2015-10-27,1.8718577143069155
2015-10-28,1.856931552701662
2015-10-29,1.8425566485179652
2015-10-30,1.8314512210211042
2015-11-02,1.8278272826398776
2015-11-03,1.8302188911287534
2015-11-04,1.825266376646635
2015-11-05,1.8047952980354718
2015-11-06,1.804517614486397
2015-11-09,1.7950797613194802
2015-11-10,1.7632638820120892
2015-11-13,1.7581778763494655
2015-11-16,1.7688662442306855
2015-11-17,1.7763278316564617
2015-11-18,1.7508263854209578
2015-11-19,1.7775584302908152
2015-11-20,1.7808863288652677
2015-11-23,1.7791257430423573
2015-11-24,1.7748691471966709
2015-11-26,1.7874562427890683
2015-11-27,1.8016651158502528
2015-11-30,1.7998670102819119
2015-12-01,1.8046092316973348
2015-12-02,1.7989249264294827
2015-12-03,1.7827076439195675
2015-12-04,1.7628692788467601
2015-12-07,1.7588922380922125
2015-12-08,1.743540608985892
2015-12-09,1.7220547415691927
2015-12-10,1.7390956732320624
2015-12-11,1.7215510296444265
2015-12-14,1.7310821089265012
2015-12-15,1.7433250800333122
2015-12-16,1.7553684639798486
2015-12-17,1.7778868886343866
2015-12-18,1.7580160826089914
2015-12-21,1.7754876402974644
2015-12-22,1.7638289943721346
2015-12-23,1.7830755745967346
2015-12-24,1.7818936469623539
2015-12-28,1.7973533643584965
2015-12-29,1.7982703967782074
2015-12-30,1.7903794106548392
2015-12-31,1.802466017214629
2016-01-04,1.7650451705417256
2016-01-05,1.7634422839217105
2016-01-06,1.7529215250112535
2016-01-07,1.7113113192652138
2016-01-08,1.7192627931503761
2016-01-11,1.7102382666431903
2016-01-12,1.697355261345437
2016-01-13,1.709883662249835
2016-01-14,1.70372494631113
2016-01-15,1.679913305350067
2016-01-18,1.6590538597794153
2016-01-19,1.6792492472761356
2016-01-20,1.6490183092459487
2016-01-21,1.6412168707145651
2016-01-22,1.6761694176251658
2016-01-25,1.67946114249101
2016-01-27,1.6798456545292333
2016-01-28,1.676697587544251
2016-01-29,1.710072668500802
2016-02-01,1.7082444765493137
2016-02-02,1.6840933180019235
2016-02-03,1.6615613367434692
2016-02-04,1.6716955132412548
2016-02-05,1.6921393522903851
2016-02-08,1.6676538189662962
2016-02-09,1.6462644631620806
2016-02-10,1.6264638149599142
2016-02-11,1.5690599462844153
2016-02-12,1.5701607755043834
2016-02-15,1.6137162350547236
2016-02-16,1.5862220391885633
2016-02-17,1.600637290161288
2016-02-18,1.620594674297264
2016-02-19,1.625150163842311
2016-02-22,1.6308574293698206
2016-02-23,1.6008757381848837
2016-02-24,1.5791096585323872
2016-02-25,1.5675952089080007
2016-02-26,1.5817485645394598
2016-02-29,1.5715257835173566
2016-03-01,1.627824556785753
2016-03-02,1.6629693022501617
2016-03-03,1.6886019826256595
2016-03-04,1.6909452803862297
2016-03-08,1.690933192055412
2016-03-09,1.7021098466708684
2016-03-10,1.691133184530001
2016-03-11,1.6969138959782113
2016-03-14,1.7037775133013773
2016-03-15,1.6849850544399085
2016-03-16,1.694152690201114
2016-03-17,1.697469940504785
2016-03-18,1.7195398434507259
2016-03-21,1.7435755466055833
2016-03-22,1.746140016800024
2016-03-23,1.7465253504060447
2016-03-28,1.7221060229946188
2016-03-29,1.717750835912964
2016-03-30,1.7509990503511308
2016-03-31,1.751769716345142
2016-04-01,1.7456638525860644
2016-04-04,1.756680950513338
2016-04-05,1.719196730701243
2016-04-06,1.7218792437451107
2016-04-07,1.7055419308316704
2016-04-08,1.7076460453444657
2016-04-11,1.7355906867590962
2016-04-12,1.7446298378560423
2016-04-13,1.778702504459592
2016-04-18,1.7941915092408052
2016-04-20,1.7942035220941694
2016-04-21,1.793552236742618
2016-04-22,1.7904770122124039
2016-04-25,1.7798052766442767
2016-04-26,1.805745746637898
2016-04-27,1.8099080114417339
2016-04-28,1.777896393772708
2016-04-29,1.7785110573843537
2016-05-02,1.7679281944636995
2016-05-03,1.7537344217452324
2016-05-04,1.7439914258140923
2016-05-05,1.7509621433045064
2016-05-06,1.7504684667800214
2016-05-09,1.7824033161054558
2016-05-10,1.7876471651231332
2016-05-11,1.7782548696128442
2016-05-12,1.7906815927935944
2016-05-13,1.7700621446804305
2016-05-16,1.7811117556403315
2016-05-17,1.788344282719814
2016-05-18,1.7833767154864695
2016-05-19,1.7624610735183528
2016-05-20,1.7543417855951227
2016-05-23,1.7498495878419766
2016-05-24,1.7541363661725067
2016-05-25,1.798948635678049
2016-05-26,1.8314534517268972
2016-05-27,1.8524622916606115
2016-05-30,1.8577422751513184
2016-05-31,1.8532952564883645
2016-06-01,1.858092076286609
2016-06-02,1.867517975828366
2016-06-03,1.8679651431805364
2016-06-06,1.8631902526040243
2016-06-07,1.8789994464411286
2016-06-08,1.880595573489838
2016-06-09,1.8637980649680779
2016-06-10,1.8556879684089758
2016-06-13,1.8413207863651118
2016-06-14,1.840898063106299
2016-06-15,1.8645097324850068
2016-06-16,1.8485914487887205
2016-06-17,1.8557069636356223
2016-06-20,1.8722128096409654
2016-06-21,1.8677155028193997
2016-06-22,1.8637989314275685
2016-06-23,1.8799344220667176
2016-06-24,1.8359530558559987
2016-06-27,1.8374262725235129
2016-06-28,1.8454325941944987
2016-06-29,1.8638290211451032
2016-06-30,1.8840735121341623
2016-07-01,1.8938938105430823
2016-07-04,1.9041408339496104
2016-07-05,1.8957301034788336
2016-07-07,1.896201993867205
2016-07-08,1.8926449220852608
2016-07-11,1.9276547155298018
2016-07-12,1.9405281258924467
2016-07-13,1.9401525952016792
2016-07-14,1.9511774989447277
2016-07-15,1.9454572378225616
2016-07-18,1.937532505837308
2016-07-19,1.9423417781480048
2016-07-20,1.9513803257018276
2016-07-21,1.9378671327976127
2016-07-22,1.9454024155385479
2016-07-25,1.968291848695178
2016-07-26,1.9573787374119984
2016-07-27,1.9634757672498677
2016-07-28,1.9757208846292744
2016-07-29,1.9689775415730464
2016-08-01,1.9685045840246986
2016-08-02,1.9651944026926293
2016-08-03,1.9462678712026247
2016-08-04,1.9477825475205433
2016-08-05,1.9797863150897923
2016-08-08,1.986627316806608
2016-08-09,1.978595839143612
2016-08-10,1.9536215153938088
2016-08-11,1.9577060986428227
2016-08-16,1.969924453639324
2016-08-17,1.9654378155728118
2016-08-18,1.9773682568263493
2016-08-19,1.9758279957884755
2016-08-22,1.9666711918906616
2016-08-23,1.967507615117635
2016-08-24,1.9717999590190505
2016-08-25,1.957708805901882
2016-08-26,1.9529449729635704
2016-08-29,1.9614046134198018
2016-08-30,1.9945968021565441
2016-08-31,2.00475392666771
2016-09-01,2.001949938049761
2016-09-02,2.0104463011382125
2016-09-06,2.042825580556727
2016-09-07,2.0367373088091028
2016-09-08,2.0451330143980933
2016-09-09,2.0242782562813866
2016-09-12,1.9875740394007158
2016-09-14,1.9902431118225516
2016-09-15,1.9941136264458224
2016-09-16,2.0031659479860795
2016-09-19,2.0100968454927837
2016-09-20,2.0022056114622413
2016-09-21,2.0025090485279224
2016-09-22,2.024429494534455
2016-09-23,2.015708927994954
2016-09-26,1.9893600417145483
2016-09-27,1.9853200021294932
2016-09-28,1.994721676761404
2016-09-29,1.957371180641021
2016-09-30,1.9621953224088446
2016-10-03,1.9929741960363452
2016-10-04,2.000509466485591
2016-10-05,1.9943926052659222
2016-10-06,1.9860441142899032
2016-10-07,1.983144703069409
2016-10-10,1.98586190689359
2016-10-13,1.9529985440774995
2016-10-14,1.9554346313028157
2016-10-17,1.9401636794375556
2016-10-18,1.9783229929080692
2016-10-19,1.9737626230960954
2016-10-20,1.9835367343520516
2016-10-21,1.9819960759616637
2016-10-24,1.9858533460032695
2016-10-25,1.9815710437704501
2016-10-26,1.9631223914087776
2016-10-27,1.9631223914087776
2016-10-28,1.968638115340926
2016-11-01,1.9657888546650761
2016-11-02,1.9385716947093519
2016-11-03,1.931533957175093
2016-11-04,1.919132683384085
2016-11-07,1.9344586641595858
2016-11-08,1.94572248855369
2016-11-09,1.9186920566463008
2016-11-10,1.9413900562490607
2016-11-11,1.8857983163376777
2016-11-15,1.8403662248642618
2016-11-16,1.8411269103300578
2016-11-17,1.8334834292251605
2016-11-18,1.832070979334829
2016-11-21,1.7970637454297376
2016-11-22,1.8147156086295668
2016-11-23,1.8221955307889408
2016-11-24,1.805832224008958
2016-11-25,1.8417251072044514
2016-11-28,1.844768018538552
2016-11-29,1.848451244150839
2016-11-30,1.8683430701920187
2016-12-01,1.8607052318415858
2016-12-02,1.8350663362218524
2016-12-05,1.8451949658691744
2016-12-06,1.8486728865164785
2016-12-07,1.8387451069895515
2016-12-08,1.8737103238004211
2016-12-09,1.8773124063116002
2016-12-12,1.855323189313061
2016-12-13,1.8676447808281442
2016-12-14,1.8581341475897648
2016-12-15,1.8511633477977294
2016-12-16,1.8477452033930668
2016-12-19,1.8392671340148654
2016-12-20,1.8339667585663006
2016-12-21,1.8288725441776774
2016-12-22,1.809030323990687
2016-12-23,1.8106344882240235
2016-12-26,1.7919380702421241
2016-12-27,1.8219782562115958
2016-12-28,1.8224609204816968
2016-12-29,1.8390527690803562
2016-12-30,1.8589012871736013
2017-01-02,1.857379114496214
2017-01-03,1.8604596457105
2017-01-04,1.8600367855853435
2017-01-05,1.880164605109387
2017-01-06,1.8729110027003597
2017-01-09,1.871037591834719
2017-01-10,1.883739713936413
2017-01-11,1.9059988774410113
2017-01-12,1.9124235037991808
2017-01-13,1.9107654369733915
2017-01-16,1.9137786359292053
2017-01-17,1.9101964447528752
2017-01-18,1.9147947456968053
2017-01-19,1.9191757706812367
2017-01-20,1.8984170639588172
2017-01-23,1.9086142939384545
2017-01-24,1.9290150737970921
2017-01-25,1.95975691907044
2017-01-27,1.9690887585906862
2017-01-30,1.9670278948576971
2017-01-31,1.9497055610685599
2017-02-01,1.9872879507363668
2017-02-02,1.9916180113138506
2017-02-03,1.993243595692838
2017-02-06,2.007825525686455
2017-02-07,1.9998759412822393
2017-02-08,2.000057949315346
2017-02-09,2.002327137409529
2017-02-10,2.00600382823726
2017-02-13,2.008795131338679
2017-02-14,2.005700167044754
2017-02-15,1.98929240547151
2017-02-16,2.002222906639442
2017-02-17,2.0128286681036
2017-02-20,2.026787979255436
2017-02-21,2.03374609812986
2017-02-22,2.038373937481826
2017-02-23,2.041435068217079
2017-02-27,2.031035728698893
2017-02-28,2.0268819703531253
2017-03-01,2.0429601166053555
2017-03-02,2.0317706306948575
2017-03-03,2.0312361897364415
2017-03-06,2.04724354614539
2017-03-07,2.043221668985986
2017-03-08,2.037730001792106
2017-03-09,2.038386010032869
2017-03-10,2.040220258816749
2017-03-14,2.077260516098373
2017-03-15,2.076725368844407
2017-03-16,2.0934835553220297
2017-03-17,2.0950286728031893
2017-03-20,2.0869493603745264
2017-03-21,2.085647828777198
2017-03-22,2.063496725514103
2017-03-23,2.0770753616311
2017-03-24,2.082353374714831
2017-03-27,2.067076612102108
2017-03-28,2.080595835920287
2017-03-29,2.091055512292466
2017-03-30,2.098343038678645
2017-03-31,2.098343038678645
2017-04-03,2.1139431105290165
2017-04-05,2.120590316116024
2017-04-06,2.1198109842877146
2017-04-07,2.1043107808538197
2017-04-10,2.1002093652008895
2017-04-11,2.113729327241928
2017-04-12,2.105560681655586
2017-04-13,2.092744450809266
2017-04-17,2.089946135727891
2017-04-18,2.0816371683582453
2017-04-19,2.081235704655133
2017-04-20,2.0892387550858977
2017-04-21,2.085102536336031
2017-04-24,2.1090775315108767
2017-04-25,2.130658736264441
2017-04-26,2.1416813116219164
2017-04-27,2.1393179198725196
2017-04-28,2.1300346332984774
2017-05-02,2.1324096183587145
2017-05-03,2.1319590451342485
2017-05-04,2.1436397814889583
2017-05-05,2.1254610134683425
2017-05-08,2.132463248589407
2017-05-09,2.133145292543529
2017-05-10,2.155179756453703
2017-05-11,2.1588606557954795
2017-05-12,2.1536193059998254
2017-05-15,2.1644660932928983
2017-05-16,2.1807654669665397
2017-05-17,2.184058538024124
2017-05-18,2.160565881496438
2017-05-19,2.160188048623325
2017-05-22,2.162711193337726
2017-05-23,2.150008870502548
2017-05-24,2.143769449698792
2017-05-25,2.1801264244726464
2017-05-26,2.2009452269432406
2017-05-29,2.203337231877059
2017-05-30,2.208133233708697
2017-05-31,2.2073277167037633
2017-06-01,2.2060704798190516
2017-06-02,2.21519979489584
2017-06-05,2.2204734973948095
2017-06-06,2.2112065944059105
2017-06-07,2.217737089369567
2017-06-08,2.213671498527434
2017-06-09,2.2187985840661204
2017-06-12,2.2061379013554925
2017-06-13,2.203818983569099
2017-06-14,2.2065648966274947
2017-06-15,2.1967763663657367
2017-06-16,2.1992167066244286
2017-06-19,2.216178203522573
2017-06-20,2.215189392203117
2017-06-21,2.210330589198731
2017-06-22,2.2094518385797017
2017-06-23,2.1960131879795166
2017-06-27,2.180505242397935
2017-06-28,2.1755900811653697
2017-06-29,2.178723981715466
2017-06-30,2.182821890994936
2017-07-03,2.20577649090639
2017-07-04,2.205361486548129
2017-07-05,2.2112928113963886
2017-07-06,2.22031341794568
2017-07-07,2.218176768867595
2017-07-10,2.2438761159115863
2017-07-11,2.2475412556382066
2017-07-12,2.2548844247863125
2017-07-13,2.273362303812826
2017-07-14,2.2720539033738736
2017-07-17,2.279292003761317
2017-07-18,2.257574031772489
2017-07-19,2.2752828562380274
2017-07-20,2.2688513615409924
2017-07-21,2.279108337450881
2017-07-24,2.2916181811531064
2017-07-25,2.291165434952709
2017-07-26,2.3048902908024553
2017-07-27,2.3048656739091036
2017-07-28,2.3033850762747057
2017-07-31,2.3187047857359833
2017-08-01,2.32789806624922
2017-08-02,2.319780172521301
2017-08-03,2.303168603412727
2017-08-04,2.316077746032302
2017-08-07,2.313874499624911
2017-08-08,2.294572575112945
2017-08-09,2.2773235277690596
2017-08-10,2.255851565774236
2017-08-11,2.2291001885978834
2017-08-14,2.2494577087245893
2017-08-16,2.2746646098259733
2017-08-17,2.2763398226598435
2017-08-18,2.260016342047314
2017-08-21,2.2397153817552855
2017-08-22,2.2424516693368273
2017-08-23,2.263695781328173
2017-08-24,2.264808040510339
2017-08-28,2.2784372587864916
2017-08-29,2.249885079912957
2017-08-30,2.2714754662304797
2017-08-31,2.279666602598762
2017-09-01,2.2934844906682343
2017-09-04,2.2784259041785213
2017-09-05,2.2880493193761495
2017-09-06,2.2792430816187275
2017-09-07,2.2825936134306053
2017-09-08,2.2837919242434466
2017-09-11,2.3012189755359356
2017-09-12,2.322508019892642
2017-09-13,2.3191415159133153
2017-09-14,2.3209286196194103
2017-09-15,2.320635018950771
2017-09-18,2.337209463463713
2017-09-19,2.3358501540751235
2017-09-20,2.3342828053792584
2017-09-21,2.3295682731439435
2017-09-22,2.29099952259834
2017-09-25,2.268542000600971
2017-09-26,2.268273159687762
2017-09-27,2.2350841976618305
2017-09-28,2.2431939341221963
2017-09-29,2.247994695930598
2017-10-03,2.26531936603296
2017-10-04,2.2788628064453325
2017-10-05,2.2724554928308702
2017-10-06,2.294705963195232
2017-10-09,2.296920028283339
2017-10-10,2.3038197007542016
2017-10-11,2.295952126414313
2017-10-12,2.3232564592493294
2017-10-13,2.3406518866892427
2017-10-16,2.3561811783433253
2017-10-17,2.3570634692245207
2017-10-18,2.3512802297842152
2017-10-19,2.335526122662354
2017-10-23,2.3449061590895486
2017-10-24,2.3505038616174487
2017-10-25,2.371978393622347
2017-10-26,2.3838553945344247
2017-10-27,2.3787672489405125
2017-10-30,2.388721712406597
2017-10-31,2.3817689647043405
2017-11-01,2.40756391687524
2017-11-02,2.40346640985469
2017-11-03,2.4105074768273895
2017-11-06,2.410335666552113
2017-11-07,2.385393570224667
2017-11-08,2.373868253474889
2017-11-09,2.3752900634932774
2017-11-10,2.3784280218891256
2017-11-13,2.3546950138688767
2017-11-14,2.345298060006634
2017-11-15,2.3285055097111815
2017-11-16,2.3521837506968244
2017-11-17,2.3690526448046754
2017-11-20,2.3727662438459958
2017-11-21,2.379666997006345
2017-11-22,2.3834426495736825
2017-11-23,2.3850242693133517
2017-11-24,2.395065859947124
2017-11-27,2.397481738395731
2017-11-28,2.3902947470482334
2017-11-29,2.388099737713809
2017-11-30,2.355054519618674
2017-12-01,2.329387970152571
2017-12-04,2.3308449613717164
2017-12-05,2.3285186617622724
2017-12-06,2.3103622765453133
2017-12-07,2.340367940941186
2017-12-08,2.364604022607472
2017-12-11,2.3784756372722935
2017-12-12,2.35834733930871
2017-12-13,2.346781241582212
2017-12-14,2.361271121313422
2017-12-15,2.381157938488619
2017-12-18,2.394765674542971
2017-12-19,2.413025944702329
2017-12-20,2.4083637255353905
2017-12-21,2.407406759285726
2017-12-22,2.420336516145839
2017-12-26,2.4297853548999986
2017-12-27,2.4197819713916897
2017-12-28,2.416628410273202
2017-12-29,2.429585562328427
2018-01-02,2.4078605591806843
2018-01-03,2.4081059062902064
2018-01-04,2.423219285018143
2018-01-05,2.436485306410433
2018-01-08,2.4523827976059507
2018-01-09,2.4556741596237632
2018-01-10,2.454495151562445
2018-01-11,2.4591621135338597
2018-01-12,2.4665440770311204
2018-01-15,2.4813598506688845
2018-01-16,2.4712579724975288
2018-01-17,2.4929066636258743
2018-01-18,2.4999013754691344
2018-01-19,2.5190078158818774
2018-01-22,2.53659765636996
2018-01-23,2.565516099709607
2018-01-24,2.5660824988129995
2018-01-25,2.5620558407709364
2018-01-29,2.5770162197885074
2018-01-30,2.557123666798385
2018-01-31,2.551718822201105
2018-02-01,2.549059901435099
2018-02-02,2.485962397929429
2018-02-05,2.462844006686614
2018-02-06,2.4214975612140024
2018-02-07,2.416208822742055
2018-02-08,2.4407841885073047
2018-02-09,2.4108535281954566
2018-02-12,2.4316593721631525
2018-02-14,2.422122615236939
2018-02-15,2.4330682831760817
2018-02-16,2.410188833618498
2018-02-19,2.392057830408582
2018-02-20,2.3876435960522584
2018-02-21,2.396728503584566
2018-02-22,2.3931108611406313
2018-02-23,2.4196826921608445
2018-02-26,2.4421493524898814
2018-02-27,2.435200630740229
2018-02-28,2.4201147657552324
2018-03-01,2.411648278944827
2018-03-05,2.3872355953444946
2018-03-06,2.3603614669506428
2018-03-07,2.3370709415173874
2018-03-08,2.3587313477931113
2018-03-09,2.3548597849048822
2018-03-12,2.402524586618343
2018-03-13,2.403861236392096
2018-03-14,2.3999488897496137
2018-03-15,2.3875011248794977
2018-03-16,2.347043247176956
2018-03-19,2.322328172268922
2018-03-20,2.329696213060333
2018-03-21,2.337261715186373
2018-03-22,2.327343960150228
2018-03-23,2.2987734081968663
2018-03-26,2.331212444214442
2018-03-27,2.344311498278855
2018-03-28,2.32705652293244
2018-04-02,2.351072804283449
2018-04-03,2.3592057158923256
2018-04-04,2.3306368781507496
2018-04-05,2.3788083728121814
2018-04-06,2.3803892997816614
2018-04-09,2.3920949468583217
2018-04-10,2.397710503231814
2018-04-11,2.4013648414550315
2018-04-12,2.4115436967046127
2018-04-13,2.4169286282233657
2018-04-16,2.428644988017864
2018-04-17,2.4336398360992857
2018-04-18,2.4281167539567
2018-04-19,2.4377132344895105
2018-04-20,2.437406365904444
2018-04-23,2.442475892435109
2018-04-24,2.4497555251418754
2018-04-25,2.438999714206589
2018-04-26,2.4505997041690457
2018-04-27,2.4688948444922145
2018-04-30,2.4804541280682044
2018-05-02,2.475219685148422
2018-05-03,2.4657842006614104
2018-05-04,2.450700399744248
2018-05-07,2.474582279824594
2018-05-08,2.475147375574307
2018-05-09,2.48102013281759
2018-05-10,2.4748393479964763
2018-05-11,2.4969415612209023
2018-05-14,2.496966049888906
2018-05-15,2.4957982758552317
2018-05-16,2.480863480909122
2018-05-17,2.4665117514238597
2018-05-18,2.445310885992782
2018-05-21,2.425741520934575
2018-05-22,2.4306498836916015
2018-05-23,2.404546350255241
2018-05-24,2.4250278800162435
2018-05-25,2.4474342290616358
2018-05-28,2.46793745991058
2018-05-29,2.4543394570423898
2018-05-30,2.4496855051595454
2018-05-31,2.4795949702669433
2018-06-01,2.4697776559654403
2018-06-04,2.4531450658924476
2018-06-05,2.4444639110834006
2018-06-06,2.4669296762006456
2018-06-07,2.4874913983085527
2018-06-08,2.4873195413450095
2018-06-11,2.4920631098577655
2018-06-12,2.505803822153043
2018-06-13,2.509209577188594
2018-06-14,2.497245834852219
2018-06-15,2.4996183034950454
2018-06-18,2.4952296341692257
2018-06-19,2.473252598549782
2018-06-20,2.4883875256736223
2018-06-21,2.4807803282938976
2018-06-22,2.500624077257953
2018-06-25,2.4860201149591714
2018-06-26,2.4876668456292275
2018-06-27,2.4636415262157527
2018-06-28,2.443425225612321
2018-06-29,2.4741640075367606
2018-07-02,2.4601590700733307
2018-07-03,2.4706224791800295
2018-07-04,2.4878200189263384
2018-07-05,2.4828674290096853
2018-07-06,2.488495242360698
2018-07-09,2.508219511417933
2018-07-10,2.5314202312309333
2018-07-11,2.531678522274032
2018-07-12,2.5501069204098967
2018-07-13,2.5490485418055484
2018-07-16,2.5288525959701715
2018-07-17,2.546369368414894
2018-07-18,2.5395764628219335
2018-07-19,2.5338302652054576
2018-07-20,2.546895669431408
2018-07-23,2.565244317767826
2018-07-24,2.577445064346329
2018-07-25,2.5768786175964844
2018-07-26,2.585572919057717
2018-07-27,2.6129298920539172
2018-07-30,2.62308590175912
2018-07-31,2.632196391531232
2018-08-01,2.6296563290392
2018-08-02,2.604626595734455
2018-08-03,2.6332400293596496
2018-08-06,2.6397260106669673
2018-08-07,2.640305791019097
2018-08-08,2.6552408122046702
2018-08-09,2.660348384225009
2018-08-10,2.6501814623355413
2018-08-13,2.631986463486119
2018-08-14,2.651554815379602
2018-08-16,2.6392065864448604
2018-08-17,2.660344488986551
2018-08-20,2.6803326440277484
2018-08-21,2.6850604558168634
2018-08-23,2.687986174570807
2018-08-24,2.681652569798523
2018-08-27,2.714945201014263
2018-08-28,2.7264461480251763
2018-08-29,2.714929973870841
2018-08-30,2.7111991138682767
2018-08-31,2.712113235226104
2018-09-03,2.6878650051196957
2018-09-04,2.6725438034215165
2018-09-05,2.661843702667163
2018-09-06,2.676637793620614
2018-09-07,2.689523436590502
2018-09-10,2.652237572461176
2018-09-11,2.615081994418606
2018-09-12,2.6353942637111256
2018-09-14,2.671228288917046
2018-09-17,2.63730276979344
2018-09-18,2.6129235282994774
2018-09-19,2.601942149046828
2018-09-21,2.5794555279219042
2018-09-24,2.5361808852723717
2018-09-25,2.5607978441094694
2018-09-26,2.55743726265268
2018-09-27,2.538666804639588
2018-09-28,2.5270774508361815
2018-10-01,2.5462278825367757
2018-10-03,2.5093000274228423
2018-10-04,2.4456154682759195
2018-10-05,2.376187609730986
2018-10-08,2.3839317602065773
2018-10-09,2.372411168238571
2018-10-10,2.4113859095190855
2018-10-11,2.3560864023012593
2018-10-12,2.4143453010845053
2018-10-15,2.4241571450581656
2018-10-16,2.4418841040469124
2018-10-17,2.4095565765480855
2018-10-19,2.372889445645631
2018-10-22,2.358603816958935
2018-10-23,2.334488629251768
2018-10-24,2.353570524468648
2018-10-25,2.3291158145006774
2018-10-26,2.305887914217966
2018-10-29,2.3599105193630403
2018-10-30,2.347063087421797
2018-10-31,2.3931472976440205
2018-11-01,2.3916397487571874
2018-11-02,2.433939291594662
2018-11-05,2.4268226772876926
2018-11-06,2.4282948205765376
2018-11-07,2.445077961924498
2018-11-09,2.441837742852592
2018-11-12,2.416556607212549
2018-11-13,2.441159503635105
2018-11-14,2.439637713101957
2018-11-15,2.4495533080445533
2018-11-16,2.4656330942308124
2018-11-19,2.4855749898899577
2018-11-20,2.459235062167179
2018-11-21,2.4454473540454518
2018-11-22,2.4274547154259656
2018-11-26,2.452444230202349
2018-11-27,2.466438156320529
2018-11-28,2.4770599796366466
2018-11-29,2.5089583801514257
2018-11-30,2.513395792108924
2018-12-03,2.51511687348522
2018-12-04,2.5116130993232093
2018-12-05,2.490321870200077
2018-12-06,2.445660099576495
2018-12-07,2.468377583906484
2018-12-10,2.4179685489425813
2018-12-11,2.4328577379758314
2018-12-12,2.4790995878833124
2018-12-13,2.4923528081735324
2018-12-14,2.495768623106795
2018-12-17,2.516141602383684
2018-12-18,2.52114530588725
2018-12-19,2.5355552142736517
2018-12-20,2.531717888169876
2018-12-21,2.483090326858694
2018-12-24,2.4608565781369274
2018-12-26,2.477148282787302
2018-12-27,2.48941807443685
2018-12-28,2.509099858553425
2018-12-31,2.50975116228917
2019-01-02,2.4925305955589954
2019-01-03,2.4629814346065384
2019-01-04,2.4765113567036745
2019-01-07,2.4874298620407878
2019-01-08,2.4948869845542476
2019-01-09,2.50791139744847
2019-01-10,2.4996639300052124
2019-01-11,2.493114259465931
2019-01-14,2.479021338154882
2019-01-15,2.5156721904957067
2019-01-16,2.516532715480594
2019-01-17,2.520196264667264
2019-01-18,2.5206265736355333
2019-01-21,2.534125975240197
2019-01-22,2.5245085591121685
2019-01-23,2.502068739835503
2019-01-24,2.5065665250809377
2019-01-25,2.4895441985840727
2019-01-28,2.4603048616338494
2019-01-29,2.458009222184648
2019-01-30,2.45791091851819
2019-01-31,2.5018957093178575
2019-02-01,2.5173060828300557
2019-02-04,2.5218791548729373
2019-02-05,2.527313362029419
2019-02-06,2.5588168675392304
2019-02-07,2.560527381068524
2019-02-08,2.5295652892719764
2019-02-11,2.516087882493223
2019-02-12,2.501975677380356
2019-02-14,2.4809985213676713
2019-02-15,2.4756803119949238
2019-02-18,2.455183301260808
2019-02-19,2.4461979889447636
2019-02-20,2.4783756022428953
2019-02-21,2.49173794825882
2019-02-22,2.4921804240994034
2019-02-25,2.5139138025301118
2019-02-26,2.5029000513800765
2019-02-27,2.4958586362849915
2019-02-28,2.4923813620818493
2019-03-01,2.5098272233389363
2019-03-05,2.5402965530488486
2019-03-06,2.5564215829781682
2019-03-07,2.557701298945839
2019-03-08,2.5520903265693953
2019-03-11,2.5847306843305025
2019-03-12,2.6175192205835542
2019-03-13,2.6274999426576726
2019-03-14,2.6278819600627776
2019-03-15,2.6484889341916147
2019-03-18,2.6572067942983915
2019-03-19,2.6745223850631663
2019-03-20,2.671721557097223
2019-03-22,2.655893286639873
2019-03-25,2.6305743350583004
2019-03-26,2.662374067399297
2019-03-27,2.6529505840849703
2019-03-28,2.683767561559727
2019-04-01,2.708238329460175
2019-04-02,2.7191159338149298
2019-04-03,2.7020113085293884
2019-04-04,2.690666013008634
2019-04-05,2.707438946539875
2019-04-08,2.6922648288015183
2019-04-09,2.7089149034279068
2019-04-10,2.687270410263265
2019-04-11,2.690331094843205
2019-04-12,2.7018707955395964
2019-04-15,2.713450352198618
2019-04-16,2.7373567901246703
2019-04-18,2.728868927141379
2019-04-22,2.6897488266272416
2019-04-23,2.685182416404122
2019-04-24,2.722252986962083
2019-04-25,2.701417543189761
2019-04-26,2.729279847766352
2019-04-30,2.7276740408048616
2019-05-02,2.721893243944953
2019-05-03,2.718805657416927
2019-05-06,2.6906487916548363
2019-05-07,2.665879028049018
2019-05-08,2.6317238072707694
2019-05-09,2.6175127339632525
2019-05-10,2.611869771115104
2019-05-13,2.5796663046825734
2019-05-14,2.5978485956083035
2019-05-15,2.581826132895918
2019-05-16,2.606472537285017
2019-05-17,2.643438884067043
2019-05-20,2.747267860642639
2019-05-21,2.7178224504402095
2019-05-22,2.7249352976173364
2019-05-23,2.7049647223830786
2019-05-24,2.7511466270588563
2019-05-27,2.771079036033277
2019-05-28,2.7720680473230197
2019-05-29,2.755340938333404
2019-05-30,2.7763009670386563
2019-05-31,2.770588650318525
2019-06-03,2.811570255411044
2019-06-04,2.79501489354484
2019-06-06,2.751006191276787
2019-06-07,2.7576543679261762
2019-06-10,2.7705198495957024
2019-06-11,2.781126533612672
2019-06-12,2.7664369301990255
2019-06-13,2.768377535735336
2019-06-14,2.745941084446509
2019-06-17,2.7085902241992827
2019-06-18,2.7133677854324625
2019-06-19,2.7133554869853476
2019-06-20,2.748000203062228
2019-06-21,2.721397546126758
2019-06-24,2.7153591847105294
2019-06-25,2.7392631808709287
2019-06-26,2.7518884786407734
2019-06-27,2.7504056356616546
2019-06-28,2.7373817055815772
2019-07-01,2.7563436969758377
2019-07-02,2.767391978429918
2019-07-03,2.768986617782383
2019-07-04,2.776403577342633
2019-07-05,2.742873628867062
2019-07-08,2.680470847965448
2019-07-09,2.679804830561022
2019-07-10,2.665740603813644
2019-07-11,2.6864602573555336
2019-07-12,2.678958139360054
2019-07-15,2.6878035094019515
2019-07-16,2.706127244878312
2019-07-17,2.7122747745809868
2019-07-18,2.689904051899424
2019-07-19,2.6460608102750665
2019-07-22,2.628050428174116
2019-07-23,2.6243166482974876
2019-07-24,2.6095926545392176
2019-07-25,2.6048753291113385
2019-07-26,2.612794251827247
2019-07-29,2.5893654026370956
2019-07-30,2.563807073360457
2019-07-31,2.5718291717018302
2019-08-01,2.5378638163376173
2019-08-02,2.542130567375456
2019-08-05,2.5089884521465127
2019-08-06,2.5300376653225767
2019-08-07,2.50723225833607
2019-08-08,2.5507170515769135
2019-08-09,2.5697081610359955
2019-08-13,2.524473390414203
2019-08-14,2.549930587615617
2019-08-16,2.554456666058846
2019-08-19,2.5559575113296327
2019-08-20,2.5468790828835277
2019-08-21,2.522700031393977
2019-08-22,2.479101794494477
2019-08-23,2.5007120453161713
2019-08-26,2.556854208718036
2019-08-27,2.5685403336223804
2019-08-28,2.5539594401424015
2019-08-29,2.5299000477027924
2019-08-30,2.5483277453789754
2019-09-03,2.4928978494456175
2019-09-04,2.504381723193405
2019-09-05,2.505180287617971
2019-09-06,2.5293342051923773
2019-09-09,2.5433111401244046
2019-09-11,2.551341156375855
2019-09-12,2.538328404520429
2019-09-13,2.561222779123173
2019-09-16,2.543409213758042
2019-09-17,2.497689097849133
2019-09-18,2.503351943866612
2019-09-19,2.469973220970849
2019-09-20,2.609762248513195
2019-09-23,2.6900546468107387
2019-09-24,2.6870937825883816
2019-09-25,2.650578877339945
2019-09-26,2.682872742825842
2019-09-27,2.668367026597938
2019-09-30,2.659007899972933
2019-10-01,2.6307640612210337
2019-10-03,2.6194539887811703
2019-10-04,2.585151041822907
2019-10-07,2.5732500624003207
2019-10-09,2.619241488412601
2019-10-10,2.5998425289487006
2019-10-11,2.6172014254930125
2019-10-14,2.626093857373639
2019-10-15,2.647565201565045
2019-10-16,2.6563650918885644
2019-10-17,2.68652956904805
2019-10-18,2.705156168504893
2019-10-22,2.6870154755541207
2019-10-23,2.6909011889522483
2019-10-24,2.685596421010689
2019-10-25,2.6859173290535225
2019-10-29,2.7359860893767407
2019-10-30,2.750125563635896
2019-10-31,2.7583649632779292
2019-11-01,2.7616141639832517
2019-11-04,2.774142993692876
2019-11-05,2.7681859762440415
2019-11-06,2.7802592139752456
2019-11-07,2.7916311378089147
2019-11-08,2.765939272536732
2019-11-11,2.7672490569648165
2019-11-13,2.7492074514493003
2019-11-14,2.7570263683794733
2019-11-15,2.7627960626200863
2019-11-18,2.7600900398986754
2019-11-19,2.773829058238018
2019-11-20,2.7884126797032214
2019-11-21,2.7808220581068506
2019-11-22,2.7674723282385436
2019-11-25,2.806854868667153
2019-11-26,2.797937795655958
2019-11-27,2.8135181277190076
2019-11-28,2.8259989642921624
2019-11-29,2.802465848970439
2019-12-02,2.800524404520453
2019-12-03,2.7871691375446663
2019-12-04,2.7992843138622847
2019-12-05,2.7931510027719963
2019-12-06,2.7691894530673102
2019-12-09,2.773143878370252
2019-12-10,2.753196986577042
2019-12-11,2.766378055165997
2019-12-12,2.781613841259384
2019-12-13,2.810019216187128
2019-12-16,2.801917920711525
2019-12-17,2.829383290030561
2019-12-18,2.843402521547124
2019-12-19,2.8528214727682335
2019-12-20,2.85581723763034
2019-12-23,2.8535764382115323
2019-12-24,2.8416422725531567
2019-12-26,2.819859345346
2019-12-27,2.8493639776790887
2019-12-30,2.8518520329501706
2019-12-31,2.830213205964485
2020-01-01,2.8336901347784123
2020-01-02,2.858364931029233
2020-01-03,2.844609770371456
2020-01-06,2.7867827574842416
2020-01-07,2.8015924062976363
2020-01-08,2.794766324008666
2020-01-09,2.8418857674236135
2020-01-10,2.8520094809755996
2020-01-13,2.870020923554598
2020-01-14,2.8781322293756872
2020-01-15,2.873425635775118
2020-01-16,2.8764475149497994
2020-01-17,2.8756671420782363
2020-01-20,2.8440107906785212
2020-01-21,2.8304704724752576
2020-01-22,2.8148926988019327
2020-01-23,2.833062814136847
2020-01-24,2.8498667242790643
2020-01-27,2.817868735043353
2020-01-28,2.8022331541288725
2020-01-29,2.82046029315737
2020-01-30,2.797277849373063
2020-01-31,2.7790527075023426
2020-02-03,2.7162171882045207
2020-02-04,2.7832977444125935
2020-02-05,2.8103666857449547
2020-02-06,2.822437231875401
2020-02-07,2.8126395760107505
2020-02-10,2.796103652494375
2020-02-11,2.81499533762095
2020-02-12,2.8380750930825314
2020-02-13,2.8315042017072036
2020-02-14,2.8163596944476215
2020-02-17,2.7996244446597114
2020-02-18,2.786443959961033
2020-02-19,2.8194230991169333
2020-02-20,2.8082778389229333
2020-02-24,2.7460858403370567
2020-02-25,2.738305411068835
2020-02-26,2.7088188221588743
2020-02-27,2.697663687100713
2020-02-28,2.5911862871141906
2020-03-02,2.574203714529124
2020-03-03,2.616163504962401
2020-03-04,2.6032839359305777
2020-03-05,2.607715372597624
2020-03-06,2.5388857117787373
2020-03-09,2.4066371097162937
2020-03-11,2.4083399451980325
2020-03-12,2.1956049466902927
2020-03-13,2.2845296717748256
2020-03-16,2.099499342315273
2020-03-17,2.043551724547365
2020-03-18,1.9227355756751057
2020-03-19,1.8731296904202515
2020-03-20,1.9893802628527648
2020-03-23,1.714622659698446
2020-03-24,1.7603619254745442
2020-03-25,1.8844450968748663
2020-03-26,1.962450260515414
2020-03-27,1.9669928866189283
2020-03-30,1.8753654586483126
2020-03-31,1.9516645841235372
2020-04-01,1.8685920312524975
2020-04-03,1.8276422948146207
2020-04-07,1.9980526847115965
2020-04-08,1.9875465557308285
2020-04-09,2.0753273381074377
2020-04-13,2.046719295952751
2020-04-15,2.030121114330579
2020-04-16,2.046457069606238
2020-04-17,2.112788743274437
2020-04-20,2.111599964736141
2020-04-21,2.0435805875535427
2020-04-22,2.0934158761699604
2020-04-23,2.1241092739938
2020-04-24,2.085406010961936
2020-04-27,2.1164066681339433
2020-04-28,2.1403268597066996
2020-04-29,2.1821906394018127
2020-04-30,2.256694893736718
2020-05-04,2.11876274847241
2020-05-05,2.097440379298332
2020-05-06,2.113270985590425
2020-05-07,2.0958446843359573
2020-05-08,2.1085593476061706
2020-05-11,2.1055766205122937
2020-05-12,2.095234697194412
2020-05-13,2.140565246811932
2020-05-14,2.0821186719929012
2020-05-15,2.080688951880695
2020-05-18,2.0047039592689195
2020-05-19,2.018205503116379
2020-05-20,2.0635394971535983
2020-05-21,2.073153516808087
2020-05-22,2.056923897820445
2020-05-26,2.05445424479251
2020-05-27,2.1236709307093142
2020-05-28,2.1661580222024788
2020-05-29,2.188064293932501
2020-06-01,2.24780823319117
2020-06-02,2.285035807721076
2020-06-03,2.3051237276740406
2020-06-04,2.2972135123991433
2020-06-05,2.3247656065155544
2020-06-08,2.3309359298483074
2020-06-09,2.301469593447956
2020-06-10,2.3184094755856983
2020-06-11,2.2661896562576103
2020-06-12,2.283454537160253
2020-06-15,2.244670223341364
2020-06-16,2.2690798689654175
2020-06-17,2.261080187290442
2020-06-18,2.312331168369355
2020-06-19,2.3495712550671186
2020-06-22,2.3658724295849254
2020-06-23,2.4048845877704026
2020-06-24,2.3643924479523317
2020-06-25,2.360389048809096
2020-06-26,2.383358154009018
2020-06-29,2.366115251131923
2020-06-30,2.3636005410633456
2020-07-01,2.394834779201815
2020-07-02,2.424554471600671
2020-07-03,2.4381598845042927
2020-07-06,2.4763858158214553
2020-07-07,2.485198391374061
2020-07-08,2.462207257297263
2020-07-09,2.4885624155506743
2020-07-10,2.477445470194835
2020-07-13,2.485927832364581
2020-07-14,2.4380964932861704
2020-07-15,2.4407501138600596
2020-07-16,2.4705272555068367
2020-07-17,2.510116143164138
2020-07-20,2.5396369523206523
2020-07-21,2.57397119545082
2020-07-22,2.5666963464291284
2020-07-23,2.587020623877602
2020-07-24,2.5817930469933192
2020-07-27,2.566492306243507
2020-07-28,2.6078884597560763
2020-07-29,2.5838986668595663
2020-07-30,2.5591862795948574
2020-07-31,2.5521471125268613
2020-08-03,2.507552840302592
2020-08-04,2.557439600587183
2020-08-05,2.559009299660209
2020-08-06,2.5831673663624413
2020-08-07,2.586578249279703
2020-08-10,2.600346290762464
2020-08-11,2.613197871508498
2020-08-12,2.6097354600589813
2020-08-13,2.6077833030887083
2020-08-14,2.577815530009228
2020-08-17,2.5946719599849195
2020-08-18,2.6286070249550675
2020-08-19,2.6342695035130315
2020-08-20,2.6106346436800183
2020-08-21,2.6252201934475026
2020-08-24,2.64851857870309
2020-08-25,2.6499439533551605
2020-08-26,2.6689542038252743
2020-08-27,2.6713270015320485
2020-08-28,2.6930511948588243
2020-08-31,2.629064525597494
2020-09-01,2.649391956132796
2020-09-02,2.6653050538792105
2020-09-03,2.663448931237242
2020-09-04,2.615854141242645
2020-09-07,2.6210603019324394
2020-09-08,2.6118011076376644
2020-09-09,2.6021388764846574
2020-09-10,2.6441796394465538
2020-09-11,2.647914760783447
2020-09-14,2.6419183803882285
2020-09-15,2.6620056482311334
2020-09-16,2.682347865009523
2020-09-17,2.6605944609457324
2020-09-18,2.6578537265996327
2020-09-21,2.595321234781847
2020-09-22,2.5715374945696206
2020-09-23,2.566189517719394
2020-09-24,2.4861545382195196
2020-09-25,2.54605872753413
2020-09-28,2.5895243795222793
2020-09-29,2.5882607072491446
2020-09-30,2.5944322218264335
2020-10-01,2.636008005102322
2020-10-05,2.6572330708137506
2020-10-06,2.6963246094422786
2020-10-07,2.715130716656486
2020-10-08,2.7386945322224183
2020-10-09,2.7582941642548353
2020-10-12,2.7624201918344866
2020-10-13,2.7632946938072838
2020-10-14,2.7722989877248527
2020-10-15,2.700669015913938
2020-10-16,2.7208667850794033
2020-10-19,2.748087824378564
2020-10-20,2.7539367158145818
2020-10-21,2.7639982387336364
2020-10-22,2.7538483844138737
2020-10-23,2.762197807241975
2020-10-26,2.7221422542760467
2020-10-27,2.752083682956801
2020-10-28,2.712726662831769
2020-10-29,2.6982576014259627
2020-10-30,2.691271517518575
2020-11-02,2.697850828258764
2020-11-03,2.73335962341403
2020-11-04,2.7567471030546686
2020-11-05,2.808915446831954
2020-11-06,2.8442387706337007
2020-11-09,2.892975746858359
2020-11-10,2.9349814178418785
2020-11-11,2.964167425322494
2020-11-12,2.94973270626787
2020-11-13,2.9569417834824816
2020-11-17,2.9950943856497094
2020-11-18,3.0109487813241516
2020-11-19,2.9697092629142716
2020-11-20,2.991319912105273
2020-11-23,3.0080022926990466
2020-11-24,3.039867718027086
2020-11-25,2.9911228189806365
2020-11-26,3.022952228250177
2020-11-27,3.01848192918752
2020-12-01,3.0531765631645342
2020-12-02,3.054341327969979
2020-12-03,3.05933495113618
2020-12-04,3.090228313564206
2020-12-07,3.1143331011365643
2020-12-08,3.1235627170553117
2020-12-09,3.157348297235446
2020-12-10,3.144734168204358
2020-12-11,3.1535594315586226
2020-12-14,3.1645589824054485
2020-12-15,3.1669677290902865
2020-12-16,3.195491534175873
2020-12-17,3.2099039067881603
2020-12-18,3.2148376524774624
2020-12-21,3.1074142717182576
2020-12-22,3.141622074067033
2020-12-23,3.1750828919018206
2020-12-24,3.2118809987020946
2020-12-28,3.2426894083858695
2020-12-29,3.257461857021629
2020-12-30,3.2697385423346854
2020-12-31,3.269688729551446
2021-01-01,3.2788328902396944
2021-01-04,3.307302851241051
2021-01-05,3.32388557923675
2021-01-06,3.310622808776635
2021-01-07,3.308406557139092
2021-01-08,3.3606709307410556
2021-01-11,3.3949399479511424
2021-01-12,3.4145662523709324
2021-01-13,3.414915359831918
2021-01-14,3.4225865135849274
2021-01-15,3.38219227758375
2021-01-18,3.3441953639715236
2021-01-19,3.4039547760090993
2021-01-20,3.43477007950498
2021-01-21,3.4212068520724586
2021-01-22,3.3667056904825032
2021-01-25,3.333555637760016
2021-01-27,3.2659499317578464
2021-01-28,3.228643861288729
2021-01-29,3.183159341999703
2021-02-01,3.3437771563054843
2021-02-02,3.4351180470655263
2021-02-03,3.4705753167322104
2021-02-04,3.4969660939123703
2021-02-05,3.504109966170854
2021-02-08,3.551962898192192
2021-02-09,3.550337752601399
2021-02-10,3.5496377579911456
2021-02-11,3.5663385474471863
2021-02-12,3.5638377175266496
2021-02-15,3.601698782136337
2021-02-16,3.6013859938140618
2021-02-17,3.5752245640844853
2021-02-18,3.5527262876478014
2021-02-19,3.518422942689791
2021-02-22,3.441947987207221
2021-02-23,3.449958251536019
2021-02-24,3.5183928175653585
2021-02-25,3.547215360103775
2021-02-26,3.4051693287405205
2021-03-01,3.463122225708281
2021-03-02,3.5024496370362
2021-03-03,3.5840052956191912
2021-03-04,3.5427714649428985
2021-03-05,3.5071152868148325
2021-03-08,3.5116368536321
2021-03-09,3.5471615315641705
2021-03-10,3.566259258683777
2021-03-12,3.530289273682348
2021-03-15,3.5049369148695093
2021-03-16,3.5001784474764173
2021-03-17,3.4529342691257825
2021-03-18,3.4121428113998302
2021-03-19,3.4585660624462347
2021-03-22,3.4566692969049404
2021-03-23,3.4762237143758474
2021-03-24,3.409975607630127
2021-03-25,3.3539915786272383
2021-03-26,3.399431275328777
2021-03-30,3.4836523350324264
2021-03-31,3.445101040486586
2021-04-01,3.489178169330772
2021-04-05,3.43185790980994
2021-04-06,3.443258128415365
2021-04-07,3.4770786668884983
2021-04-08,3.4907471370893917
2021-04-09,3.481020835621473
2021-04-12,3.350181700030152
2021-04-13,3.39850402409529
2021-04-15,3.417612764031236
2021-04-16,3.426690094671532
2021-04-19,3.3622398616056897
2021-04-20,3.3465320293572134
2021-04-22,3.3738667374318707
2021-04-23,3.3577193654457242
2021-04-26,3.393504512948234
2021-04-27,3.4353944368644203
2021-04-28,3.4881539260355354
2021-04-29,3.495731890922945
2021-04-30,3.429857256411726
2021-05-03,3.430618198797096
2021-05-04,3.3962842346387734
2021-05-05,3.4265339212646952
2021-05-06,3.4532083271971548
2021-05-07,3.477749310512871
2021-05-10,3.507505190285434
2021-05-11,3.484627368190016
2021-05-12,3.446117258402828
2021-05-14,3.441451697077803
2021-05-17,3.502659874222266
2021-05-18,3.5488481319633114
2021-05-19,3.529366247207626
2021-05-20,3.4983600245160518
2021-05-21,3.5655956227916086
2021-05-24,3.571195674380691
2021-05-25,3.573883405787326
2021-05-26,3.59713645959806
2021-05-27,3.606241048500265
2021-05-28,3.630707682726004
2021-05-31,3.6675346974795833
2021-06-01,3.665543803349682
2021-06-02,3.6658820070876765
2021-06-03,3.694466617433511
2021-06-04,3.68943105052
2021-06-07,3.709822663987104
2021-06-08,3.7069281205366296
2021-06-09,3.6806797500053396
2021-06-10,3.7063283507089815
2021-06-11,3.721763855457169
2021-06-14,3.724896861593586
2021-06-15,3.7392844515812618
2021-06-16,3.7137870739210497
2021-06-17,3.6947034441386366
2021-06-18,3.692686482976847
2021-06-21,3.7085070222138286
2021-06-22,3.7150849030845254
2021-06-23,3.6935823885031502
2021-06-24,3.7195117158668
2021-06-25,3.737030605717719
2021-06-28,3.725586266189644
2021-06-29,3.7089804138712075
2021-06-30,3.7022270482368027
2021-07-01,3.691828833210123
2021-07-02,3.7024006977051727
2021-07-05,3.7305008539041604
2021-07-06,3.7264651073837936
2021-07-07,3.7418555597847485
2021-07-08,3.703808910927123
2021-07-09,3.6942622586392186
2021-07-12,3.6949636811266986
2021-07-13,3.724964453094768
2021-07-14,3.735391631405664
2021-07-15,3.7530027364893424
2021-07-16,3.7528021753327856
2021-07-19,3.7099218971108834
2021-07-20,3.679776007786748
2021-07-22,3.727852664184706
2021-07-23,3.735873741537013
2021-07-26,3.727952002509188
2021-07-27,3.7084006001682788
2021-07-28,3.699116677171407
2021-07-29,3.7164165337857904
2021-07-30,3.712557012816506
2021-08-02,3.7431549578404235
2021-08-03,3.8047315677391507
2021-08-04,3.8368674338781807
2021-08-05,3.8458564176410657
2021-08-06,3.8316930805133356
2021-08-09,3.836726980672731
2021-08-10,3.842213190375363
2021-08-11,3.8427531774777197
2021-08-12,3.863382232416686
2021-08-13,3.9047536829750498
2021-08-16,3.9132874512027582
2021-08-17,3.926246163309781
2021-08-18,3.9147429182583777
2021-08-20,3.8849907002291926
2021-08-23,3.896536675970248
2021-08-24,3.9287436450385607
2021-08-25,3.9312708702530315
2021-08-26,3.9318366448405566
2021-08-27,3.949010900739615
2021-08-30,4.0058178413752685
2021-08-31,4.056454562436471
2021-09-01,4.042359430208885
2021-09-02,4.08213049830601
2021-09-03,4.104673678658581
2021-09-06,4.118338086102327
2021-09-07,4.114378945933811
2021-09-08,4.112210630815529
2021-09-09,4.116181727467571
2021-09-13,4.112664463304271
2021-09-14,4.118891995453506
2021-09-15,4.154055191783657
2021-09-16,4.181819481766037
2021-09-17,4.170626218635225
2021-09-20,4.123122041998467
2021-09-21,4.164755452315412
2021-09-22,4.160882389966426
2021-09-23,4.23059508751805
2021-09-24,4.238235009049308
2021-09-27,4.238715022592299
2021-09-28,4.211814347602624
2021-09-29,4.202396710693296
2021-09-30,4.178880199196093
2021-10-01,4.157151065248124
2021-10-04,4.197315868756585
2021-10-05,4.230398068220941
2021-10-06,4.1858721041959175
2021-10-07,4.222305270881567
2021-10-08,4.248782564492358
2021-10-11,4.26160308457224
2021-10-12,4.273225757679627
2021-10-13,4.316135799017571
2021-10-14,4.360841531496392
2021-10-18,4.395884161588214
2021-10-19,4.381126090783985
2021-10-20,4.342619036340013
2021-10-21,4.320232911517523
2021-10-22,4.304251614619744
2021-10-25,4.306906175119751
2021-10-26,4.34306010133568
2021-10-27,4.328527751716738
2021-10-28,4.239077132469149
2021-10-29,4.192198446908374
2021-11-01,4.257320195846336
2021-11-02,4.247037356864735
2021-11-03,4.231944175615032
2021-11-04,4.254068069816764
2021-11-08,4.292404731985134
2021-11-09,4.286262316235719
2021-11-10,4.279425382811964
2021-11-11,4.243134873425058
2021-11-12,4.301016008798333
2021-11-15,4.302709536450429
2021-11-16,4.274838250096769
2021-11-17,4.249429392213308
2021-11-18,4.21561753172571
2021-11-22,4.127688232196539
2021-11-23,4.149575937190417
2021-11-24,4.127302916683596
2021-11-25,4.157865006489196
2021-11-26,4.029254697576333
2021-11-29,4.036178982900677
2021-11-30,4.018362846733181
2021-12-01,4.06460980783521
2021-12-02,4.123748838588639
2021-12-03,4.072072254193027
2021-12-06,4.000405662070248
2021-12-07,4.066961561950316
2021-12-08,4.140788502023515
2021-12-09,4.152666829434644
2021-12-10,4.151267197032046
2021-12-13,4.115184902940272
2021-12-14,4.104256414223019
2021-12-15,4.078168118003753
2021-12-16,4.084971142788996
2021-12-17,4.018647310188363
2021-12-20,3.925252060984466
2021-12-21,3.9646307493723096
2021-12-22,4.0110630375507546
2021-12-23,4.040550374732279
2021-12-24,4.023212974342753
2021-12-27,4.043982371380926
2021-12-28,4.081001096656684
2021-12-29,4.076049875343552
2021-12-30,4.073618487094838
2021-12-31,4.111434787739869
2022-01-03,4.179911260492781
2022-01-04,4.225216625558798
2022-01-05,4.255515310427102
2022-01-06,4.210212097966146
2022-01-07,4.227074382252112
2022-01-10,4.275200213064464
2022-01-11,4.288452321241134
2022-01-12,4.328026996104419
2022-01-13,4.339519395102742
2022-01-14,4.33900076928118
2022-01-17,4.352239462572449
2022-01-18,4.302904535659945
2022-01-19,4.258759558596599
2022-01-20,4.21293700858944
2022-01-21,4.177633468517865
2022-01-24,4.059539076545092
2022-01-25,4.091992471678646
2022-01-27,4.049708752074725
2022-01-28,4.047643431338558
2022-01-31,4.107552617206221
2022-02-01,4.1672874679523115
2022-02-02,4.21853485334305
2022-02-03,4.163046639568536
2022-02-04,4.1519734552710075
2022-02-07,4.07563068690018
2022-02-08,4.089020398263152
2022-02-09,4.138671451444702
2022-02-10,4.174489462484011
2022-02-11,4.11618695669882
2022-02-14,3.98209944512375
2022-02-15,4.110305965931865
2022-02-16,4.102682010019259
2022-02-17,4.098246848049061
2022-02-18,4.091115910421206
2022-02-21,4.07356675532996
2022-02-22,4.044737038628342
2022-02-23,4.037447990433238
2022-02-24,3.8321880713820327
2022-02-25,3.9351911795998116
2022-02-28,3.969248734313441
2022-03-02,3.9219833266664095
2022-03-03,3.894869000181402
2022-03-04,3.831393065720288
2022-03-07,3.7354841304348563
2022-03-08,3.7731421518720474
2022-03-09,3.8563503979382983
2022-03-10,3.91899488186448
2022-03-11,3.927927257185786
2022-03-14,3.988454452738059
2022-03-15,3.9360596034392517
2022-03-16,4.0145634735170335
2022-03-17,4.092996624810676
2022-03-21,4.050308538759209
2022-03-22,4.100131957376346
2022-03-23,4.082533750971239
2022-03-24,4.076765625159073
2022-03-25,4.059198565072527
2022-03-28,4.076572209441054
2022-03-29,4.102589183780676
2022-03-30,4.146164192246449
2022-03-31,4.137718440444502
2022-04-01,4.189571314344543
2022-04-04,4.286177965539217
2022-04-05,4.261927278541803
2022-04-06,4.224111675713584
2022-04-07,4.181685185776946
2022-04-08,4.218208525957481
2022-04-11,4.190599533470673
2022-04-12,4.154109575739894
2022-04-13,4.1403303923971615
2022-04-18,4.06420137547417
2022-04-19,4.0100645620707125
2022-04-20,4.054823379893444
2022-04-21,4.119286741649036
2022-04-22,4.063683020929047
2022-04-25,4.0087923738590385
2022-04-26,4.070896462644391
2022-04-27,4.030001474328457
2022-04-28,4.082007569197889
2022-04-29,4.0461182003875225
2022-05-02,4.037697840729367
2022-05-04,3.93916146211341
2022-05-05,3.940430780078346
2022-05-06,3.8722234969854936
2022-05-09,3.8447585189978573
2022-05-10,3.829250336034733
2022-05-11,3.810948507202724
2022-05-12,3.720883201540934
2022-05-13,3.7144093203771957
2022-05-16,3.7294718048393616
2022-05-17,3.8339214053737454
2022-05-18,3.829154499291561
2022-05-19,3.721054328805843
2022-05-20,3.8354397817730597
2022-05-23,3.82253177927119
2022-05-24,3.8000697777410912
2022-05-25,3.7751582789042857
2022-05-26,3.8113388677326387
2022-05-27,3.8570573006799296
2022-05-30,3.934593294493757
2022-05-31,3.9152837673541794
2022-06-01,3.8997600715269867
2022-06-02,3.926191418086731
2022-06-03,3.915212823338002
2022-06-06,3.9115077922450467
2022-06-07,3.8730276046435743
2022-06-08,3.8579411470215312
2022-06-09,3.888521157326382
2022-06-10,3.8191467080807415
2022-06-13,3.7119506956398203
2022-06-14,3.701359637420764
2022-06-15,3.6913590729069874
2022-06-16,3.6083748532118753
2022-06-17,3.591603616122138
2022-06-20,3.605759143351626
2022-06-21,3.6779025069469387
2022-06-22,3.621475766064158
2022-06-23,3.6573127174695466
2022-06-24,3.692982952275343
2022-06-27,3.7262211495982798
2022-06-28,3.7307664132849774
2022-06-29,3.717968746025447
2022-06-30,3.713249013577354
2022-07-01,3.706188538257752
2022-07-04,3.727041898388823
2022-07-05,3.7209064779147667
2022-07-06,3.7657156945405386
2022-07-07,3.8015738166682413
2022-07-08,3.823561948287024
2022-07-11,3.822408325555288
2022-07-12,3.7828564391448003
2022-07-13,3.759884819391206
2022-07-14,3.752869291036864
2022-07-15,3.7805649371687706
2022-07-18,3.838035919509653
2022-07-19,3.8536019077430463
2022-07-20,3.898843415226545
2022-07-21,3.920036271863586
2022-07-22,3.9487209134570866
2022-07-25,3.926494463476236
2022-07-26,3.8895295517746535
2022-07-27,3.929185004492517
2022-07-28,4.001484090711644
2022-07-29,4.058986757077646
2022-08-01,4.104746335658527
2022-08-02,4.106106043695304
2022-08-03,4.11686143043163
2022-08-04,4.115312053130337
2022-08-05,4.1192166513572515
2022-08-08,4.151362046013116
2022-08-10,4.1537943431927955
2022-08-11,4.185111580094307
2022-08-12,4.194983887324205
2022-08-16,4.227038332164515
2022-08-17,4.257063755957468
2022-08-18,4.2601559202438075
2022-08-19,4.210161447513645
2022-08-22,4.1426208622203085
2022-08-23,4.164495117618742
2022-08-24,4.171414651924797
2022-08-25,4.150615570166813
2022-08-26,4.1598025089802055
2022-08-29,4.0977938795279965
2022-08-30,4.21021462816474
2022-09-01,4.1556039082478025
2022-09-02,4.154759166097056
2022-09-05,4.186604964986061
2022-09-06,4.18403267250412
2022-09-07,4.176165875515154
2022-09-08,4.220122668189619
2022-09-09,4.22885134463978
2022-09-12,4.254839074747316
2022-09-13,4.288585355887188
2022-09-14,4.2718430620759325
2022-09-15,4.239944739385066
2022-09-16,4.152493828061763
2022-09-19,4.175529225584412
2022-09-20,4.224438759873633
2022-09-21,4.199739793824781
2022-09-22,4.1774080024178195
2022-09-23,4.1011550982053215
2022-09-26,4.022822189535573
2022-09-27,4.0205833839643015
2022-09-28,3.983155267103074
2022-09-29,3.9729739868812843
2022-09-30,4.042409670524938
2022-10-03,3.9903262239207167
2022-10-04,4.087610959338419
2022-10-06,4.1020879585327235
2022-10-07,4.097769020985079
2022-10-10,4.0792230135091225
2022-10-11,4.014412090956905
2022-10-12,4.049634135747592
2022-10-13,4.022143562389999
2022-10-14,4.065242539412939
2022-10-17,4.096980670584272
2022-10-18,4.141083816027949
2022-10-19,4.147458747660782
2022-10-20,4.1604863872378335
2022-10-21,4.163599432683963
2022-10-24,4.202528034758645
2022-10-25,4.183765117795061
2022-10-27,4.20408592427762
2022-10-28,4.216658175886436
2022-10-31,4.273512445480475
2022-11-01,4.307137879988138
2022-11-02,4.291340080937593
2022-11-03,4.283726996726723
2022-11-04,4.2999994144836275
2022-11-07,4.321629064035522
2022-11-09,4.310059319075373
2022-11-10,4.277528179348947
2022-11-11,4.3586921221101935
2022-11-14,4.353498672391588
2022-11-15,4.372263050160684
2022-11-16,4.373842951084774
2022-11-17,4.357222032236266
2022-11-18,4.34806050986618
2022-11-21,4.310736479168458
2022-11-22,4.332015340403745
2022-11-23,4.3378389527388395
2022-11-24,4.392628854782595
2022-11-25,4.39987318745088
2022-11-28,4.412517081716851
2022-11-29,4.426503837072571
2022-11-30,4.461995169654154
2022-12-01,4.475700127114003
2022-12-02,4.446234849735883
2022-12-05,4.447487676480233
2022-12-06,4.432735206271018
2022-12-07,4.4119267746371875
2022-12-08,4.424281734746138
2022-12-09,4.395760405751214
2022-12-12,4.395899677456266
2022-12-13,4.42392939619255
2022-12-14,4.4371593489702335
2022-12-15,4.375071979003134
2022-12-16,4.338190025920034
2022-12-19,4.37645509141833
2022-12-20,4.367569836122068
2022-12-21,4.3205053678374306
2022-12-22,4.30238161293356
2022-12-23,4.22143280837139
2022-12-26,4.273848184083822
2022-12-27,4.303559158261879
2022-12-28,4.301084146958571
2022-12-29,4.318381993114836
2022-12-30,4.296735727999629
2023-01-02,4.320003912700418
2023-01-03,4.32887019797987
2023-01-04,4.280972937783446
2023-01-05,4.26814873793611
2023-01-06,4.234654287306816
2023-01-09,4.295644199803449
2023-01-10,4.248414240232538
2023-01-11,4.243758419795064
2023-01-12,4.234296595538853
2023-01-13,4.25912118427203
2023-01-16,4.243537344005138
2023-01-17,4.283516816447395
2023-01-18,4.31180420168818
2023-01-19,4.297282258167582
2023-01-20,4.277031617518675
2023-01-23,4.299977814158196
2023-01-24,4.299914685814634
2023-01-25,4.242757939475673
2023-01-27,4.170194055917725
2023-01-30,4.181435159847226
2023-01-31,4.184762985970584
2023-02-01,4.17320440405357
2023-02-02,4.171717176809877
2023-02-03,4.233129336044128
2023-02-06,4.210563447717072
2023-02-07,4.1996941932986696
2023-02-08,4.237566912717398
2023-02-09,4.24305412309923
2023-02-10,4.233731644511632
2023-02-13,4.212137281418822
2023-02-14,4.252223317242568
2023-02-15,4.273924304752107
2023-02-16,4.278972587857102
2023-02-17,4.255837090124879
2023-02-20,4.23070317315297
2023-02-21,4.226187631168029
2023-02-22,4.157476977874927
2023-02-23,4.146628495628735
2023-02-24,4.135177426675378
2023-02-27,4.1167623329316845
2023-02-28,4.094411238244803
2023-03-01,4.1314077612581075
2023-03-02,4.0989131339904
2023-03-03,4.167509383701661
2023-03-06,4.197021506091164
2023-03-08,4.207850889796293
2023-03-09,4.166292833591311
2023-03-10,4.121761049454298
2023-03-13,4.056631033034665
2023-03-14,4.028701923149336
2023-03-15,4.0108069791327345
2023-03-16,4.014188667440504
2023-03-17,4.042967870917167
2023-03-20,4.014880909041506
2023-03-21,4.044829206946222
2023-03-22,4.055998921083004
2023-03-23,4.0371282008402885
2023-03-24,4.003962897711258
2023-03-27,4.014182468446917
2023-03-28,4.005633096230421
2023-03-29,4.038066256420526
2023-03-31,4.108259072477335
2023-04-03,4.117903214939335
2023-04-05,4.157945079574041
2023-04-06,4.168553406066179
2023-04-10,4.17482880667488
2023-04-11,4.1995920270723435
2023-04-12,4.222309056233401
2023-04-13,4.22624349618562
2023-04-17,4.195685959856959
2023-04-18,4.183912261121313
2023-04-19,4.173476257100993
2023-04-20,4.1749126716935105
2023-04-21,4.174812248581345
2023-04-24,4.204893357582428
2023-04-25,4.211411348421804
2023-04-26,4.2225951638842485
2023-04-27,4.248182581379844
2023-04-28,4.2860155975208025
2023-05-02,4.306879825509453
2023-05-03,4.292284368898957
2023-05-04,4.334180650689674
2023-05-05,4.2869932084528815
2023-05-08,4.336320325447782
2023-05-09,4.336711581250245
2023-05-10,4.349127729674734
2023-05-11,4.344554703283981
2023-05-12,4.349051943369652
2023-05-15,4.37028759960065
2023-05-16,4.341893209600076
2023-05-17,4.315429897004294
2023-05-18,4.302348132649352
2023-05-19,4.320894092645072
2023-05-22,4.34892813381139
2023-05-23,4.357417306785426
2023-05-24,4.341599230207537
2023-05-25,4.350630793530772
2023-05-26,4.395655087717096
2023-05-29,4.42076015795571
2023-05-30,4.429662210943946
2023-05-31,4.404507980949192
2023-06-01,4.39271249674926
2023-06-02,4.404430036247228
2023-06-05,4.419537715661163
2023-06-06,4.420840250437226
2023-06-07,4.453060404659677
2023-06-08,4.429821094991526
2023-06-09,4.411824672682886
2023-06-12,4.4214590325460055
2023-06-13,4.45045481318453
2023-06-14,4.46051177104928
2023-06-15,4.44335549212623
2023-06-16,4.478241642189241
2023-06-19,4.460385282524011
2023-06-20,4.4758838880477585
2023-06-21,4.486045597463964
2023-06-22,4.464378139787034
2023-06-23,4.437617913401867
2023-06-26,4.444118788575235
2023-06-27,4.4760454501032845
2023-06-28,4.51519841097548
2023-06-30,4.570135427621271
2023-07-03,4.603965152920416
2023-07-04,4.620811241413233
2023-07-05,4.623220192882013
2023-07-06,4.648274271497997
2023-07-07,4.6062928750883065
2023-07-10,4.612402729584855
2023-07-11,4.6335737575317495
2023-07-12,4.619599673082084
2023-07-13,4.627067076390944
2023-07-14,4.665296285323734
2023-07-17,4.702580018084858
2023-07-18,4.71217535088784
2023-07-19,4.73347519605672
2023-07-20,4.770550343291211
2023-07-21,4.711062533167726
2023-07-24,4.69261911926931
2023-07-25,4.694713013056624
2023-07-26,4.719510754299807
2023-07-27,4.689449799816237
2023-07-28,4.685934845131604
2023-07-31,4.713279968700544
2023-08-01,4.708139067902253
2023-08-02,4.6555910888323835
2023-08-03,4.618832360610783
2023-08-04,4.653151791636573
2023-08-07,4.673522003989313
2023-08-08,4.6668102724187355
2023-08-09,4.6824649996920105
2023-08-10,4.659765019782784
2023-08-11,4.6306411115463
2023-08-14,4.632226106741633
2023-08-16,4.639948164140249
2023-08-17,4.6146485875436465
2023-08-18,4.600678289407064
2023-08-21,4.621832660205936
2023-08-22,4.622555234905416
2023-08-23,4.634612787366285
2023-08-24,4.620080632601226
2023-08-25,4.58942516119816
2023-08-28,4.599627006643627
2023-08-29,4.608904854560484
2023-08-30,4.610121484736273
2023-08-31,4.586378745750075
2023-09-01,4.632380214651051
2023-09-04,4.656092104601267
2023-09-05,4.66778669084532
2023-09-06,4.676958733442115
2023-09-07,4.706393614884994
2023-09-08,4.729975369779762
2023-09-11,4.774767066330628
2023-09-12,4.7739666655512485
2023-09-13,4.793478780894089
2023-09-14,4.801890174058385
2023-09-15,4.824573098760019
2023-09-18,4.809561569227255
2023-09-20,4.750618382078884
2023-09-21,4.710221863166841
2023-09-22,4.692934499255402
2023-09-25,4.693010836889313
2023-09-26,4.690510529082929
2023-09-27,4.703644159446628
2023-09-28,4.654680249303739
2023-09-29,4.683789120775229
2023-10-03,4.655988753526272
2023-10-04,4.632485587984575
2023-10-05,4.660292756697626
2023-10-06,4.687627800038729
2023-10-09,4.6518068639833094
2023-10-10,4.696831695022097
2023-10-11,4.727669290344134
2023-10-12,4.723264103269518
2023-10-13,4.712359608200851
2023-10-16,4.7074599618353465
2023-10-17,4.72770382300334
2023-10-18,4.692055192805044
2023-10-19,4.680279194371701
2023-10-20,4.6594590967117995
2023-10-23,4.59327275180571
2023-10-25,4.552819891079621
2023-10-26,4.485712868987206
2023-10-27,4.5338021563220225
2023-10-30,4.5575203441394345
2023-10-31,4.541990257085941
2023-11-01,4.519080346743302
2023-11-02,4.555568254420035
2023-11-03,4.580230331621352
2023-11-06,4.626136959835573
2023-11-07,4.624856240447113
2023-11-08,4.634187606561282
2023-11-09,4.621964522631099
2023-11-10,4.629583545131942
2023-11-13,4.634198995239644
2023-11-15,4.693007285109756
2023-11-16,4.7157846068726155
2023-11-17,4.707306077251001
2023-11-20,4.697711007868877
2023-11-21,4.720400950993293
2023-11-22,4.727623490417898
2023-11-23,4.725122693102789
2023-11-24,4.72326909746901
2023-11-28,4.747388081803964
2023-11-29,4.799932847302338
2023-11-30,4.80922146040395
2023-12-01,4.843469320489723
2023-12-04,4.949981724088924
2023-12-05,4.992829963634287
2023-12-06,5.013870370268151
2023-12-07,5.0045580215761225
2023-12-08,5.02194562884265
2023-12-11,5.029003848051609
2023-12-12,5.005890235256282
2023-12-13,5.010972643883027
2023-12-14,5.076286126725069
2023-12-15,5.146138245571354
2023-12-18,5.136441081393491
2023-12-19,5.145231128733075
2023-12-20,5.067922796558067
2023-12-21,5.094667344646578
2023-12-22,5.118729549486915
2023-12-26,5.1421862095158355
2023-12-27,5.196640552081865
2023-12-28,5.228289182839304
2023-12-29,5.2162077158197775
2024-01-01,5.218889341097194
2024-01-02,5.1994534417134535
2024-01-03,5.161547420050933
2024-01-04,5.197598744951165
2024-01-05,5.210927643325765
2024-01-08,5.160413983986079
2024-01-09,5.168542837630752
2024-01-10,5.187392973445785
2024-01-11,5.194669197742866
2024-01-12,5.257824885444165
2024-01-15,5.309667919370543
2024-01-16,5.293011914175683
2024-01-17,5.1753396068536235
2024-01-18,5.147337247351612
2024-01-19,5.188204646966093
2024-01-23,5.0902707632465205
2024-01-24,5.145135173739399
2024-01-25,5.119273701310923
2024-01-29,5.217484660040476
2024-01-30,5.162449719928963
2024-01-31,5.214412187460606
2024-02-01,5.207197929362279
2024-02-02,5.247122408495712
2024-02-05,5.2261481185930165
2024-02-06,5.266425936763114
2024-02-07,5.266706912802055
2024-02-08,5.212395018420148
2024-02-09,5.228878981704923
2024-02-12,5.186365736576246
2024-02-13,5.218838022278088
2024-02-14,5.243559239392882
2024-02-15,5.2616196981488415
2024-02-16,5.294822712411641
2024-02-19,5.315667420088987
2024-02-20,5.334765345500465
2024-02-21,5.2984791635345
2024-02-22,5.339990493050406
2024-02-23,5.338775758105537
2024-02-26,5.315594217531613
2024-02-27,5.335101013030198
2024-02-28,5.271887390106958
2024-02-29,5.279975174071042
2024-03-01,5.370941054741822
2024-03-04,5.388042468716225
2024-03-05,5.375428473464285
2024-03-06,5.4055526849032045
2024-03-07,5.4105430806355095
2024-03-11,5.369363533312528
2024-03-12,5.3701434659809975
2024-03-13,5.283677606280646
2024-03-14,5.321744251391986
2024-03-15,5.290219374003365
2024-03-18,5.298487383703216
2024-03-19,5.237589021721014
2024-03-20,5.243119144941744
2024-03-21,5.28727263402821
2024-03-22,5.308945417102049
2024-03-26,5.285413952160538
2024-03-27,5.315813975925689
2024-03-28,5.3677758935345885
2024-04-01,5.402334932909553
2024-04-02,5.4001087801486225
2024-04-03,5.39533621490069
2024-04-04,5.415806826682733
2024-04-05,5.415563382957005
2024-04-08,5.454620248969692
2024-04-09,5.448590061424991
2024-04-10,5.477022768350884
2024-04-12,5.416989698219746
2024-04-15,5.353797335738611
2024-04-16,5.321929595505808
2024-04-18,5.283054913710017
2024-04-19,5.321682296651756
2024-04-22,5.370105836767217
2024-04-23,5.3781892168722605
2024-04-24,5.386989850176541
2024-04-25,5.429960430432141
2024-04-26,5.391461472829707
2024-04-29,5.448635152765651
2024-04-30,5.438765067747037
2024-05-02,5.449862576438271
2024-05-03,5.405735637052919
2024-05-06,5.397252256216663
2024-05-07,5.361377839460786
2024-05-08,5.361377839460786
2024-05-09,5.2731341637603375
2024-05-10,5.298098420975674
2024-05-13,5.31058458753102
2024-05-14,5.339674999983348
2024-05-15,5.335251448222922
2024-05-16,5.387235203132728
2024-05-17,5.4031618471097955
2024-05-21,5.419270741848321
2024-05-22,5.43686667425645
2024-05-23,5.531544723214098
2024-05-24,5.528841038123658
2024-05-27,5.522524450592852
2024-05-28,5.511173791703216
2024-05-29,5.464174044029108
2024-05-30,5.408851478232915
2024-05-31,5.419612095584016
2024-06-03,5.607266305454493
2024-06-04,5.253512903180984
2024-06-05,5.441463568006865
2024-06-06,5.492922859913839
2024-06-07,5.612967871591013
2024-06-10,5.605031189433325
2024-06-11,5.606479972548022
2024-06-12,5.621377180015981
2024-06-13,5.640854776606051
2024-06-14,5.657963273109153
2024-06-18,5.681642933684068
2024-06-19,5.670890740583448
2024-06-20,5.683976521122103
2024-06-21,5.667065197893853
2024-06-24,5.676494270875597
2024-06-25,5.723567667731914
2024-06-26,5.761434761027398
2024-06-27,5.806559167979871
2024-06-28,5.79784854060494
2024-07-01,5.831595470845409
2024-07-02,5.826943618857765
2024-07-03,5.86874502991173
2024-07-04,5.872768929359457
2024-07-05,5.878348283586863
2024-07-08,5.877500032703095
2024-07-09,5.906465866491657
2024-07-10,5.878494205503141
2024-07-11,5.876308540326657
2024-07-12,5.924186694717055
2024-07-15,5.945937420627398
2024-07-16,5.952704953638192
2024-07-18,6.001044406426661
2024-07-19,5.931544537660225
2024-07-22,5.925974454602771
2024-07-23,5.91820541940224
2024-07-24,5.90134319121316
2024-07-25,5.899439848042534
2024-07-26,6.009710047187535
2024-07-29,6.010031889859767
2024-07-30,6.015490660891612
2024-07-31,6.039655905007541
2024-08-01,6.055044577613561
2024-08-02,5.979518775222295
2024-08-05,5.8090977591339295
2024-08-06,5.792897903462055
2024-08-07,5.871238812157164
2024-08-08,5.82483143870918
2024-08-09,5.889205281766857
2024-08-12,5.883933696844076
2024-08-13,5.830449278463333
2024-08-14,5.83167000387256
2024-08-16,5.933801132861937
2024-08-19,5.941904961557961
2024-08-20,5.974374191870946
2024-08-21,5.992737415461258
2024-08-22,6.003368942399432
2024-08-23,6.0063682715497295
2024-08-26,6.054627494079395
2024-08-27,6.056469261222044
2024-08-28,6.065381444162168
2024-08-29,6.091038623964238
2024-08-30,6.1126701967235695
2024-09-02,6.123700454593441
2024-09-03,6.123996969258787
2024-09-04,6.103080290632462
2024-09-05,6.089267729492198
2024-09-06,6.0137853328446225
2024-09-09,6.03547712757198
2024-09-10,6.062439798722208
2024-09-11,6.030845799225371
2024-09-12,6.15199300342958
2024-09-13,6.1436395930942735
2024-09-16,6.150664564457126
2024-09-17,6.159636721829499
2024-09-18,6.1490653877410395
2024-09-19,6.158926649188506
2024-09-20,6.255653267391993
2024-09-23,6.29387466919047
2024-09-24,6.294223097733958
2024-09-25,6.3106814848941495
2024-09-26,6.365396557149098
2024-09-27,6.355811559224582
2024-09-30,6.2607235431414034
2024-10-01,6.2571234499795745
2024-10-03,6.116006899730678
2024-10-04,6.055314066649325
2024-10-07,5.998946339813476
2024-10-08,6.054909170838193
2024-10-09,6.046872951675944
2024-10-10,6.051122375954652
2024-10-11,6.0423143075024095
2024-10-14,6.0844716303941935
2024-10-15,6.0662825915321985
2024-10-16,6.04411726705648
2024-10-17,5.987086222389386
2024-10-18,6.013906123948285
2024-10-21,5.995124490348547
2024-10-22,5.915585927471653
2024-10-23,5.906172568649416
2024-10-24,5.896888699030302
2024-10-25,5.840675954929608
2024-10-28,5.881371892389747
2024-10-29,5.914204327587554
2024-10-30,5.881797953181677
2024-10-31,5.846959786555829
2024-11-01,5.872404383143605
2024-11-04,5.792965696056596
2024-11-05,5.848951086489745
2024-11-06,5.918539043386499
2024-11-07,5.845313580102244
2024-11-08,5.832167547553781
2024-11-11,5.830394837924346
2024-11-12,5.764135255466141
2024-11-13,5.680832858634936
2024-11-14,5.674071994276631
2024-11-18,5.653830940043187
2024-11-19,5.670425672336706
2024-11-21,5.627173867469896
2024-11-22,5.770087820126509
2024-11-25,5.850889930418664
2024-11-26,5.8438476697495725
2024-11-27,5.864510129567569
2024-11-28,5.771779704194442
2024-11-29,5.82749244305855
2024-12-02,5.864737441928082
2024-12-03,5.911288513032343
2024-12-04,5.913937048180534
2024-12-05,5.975903791529083
2024-12-06,5.968029409570106
2024-12-09,5.952899050840371
2024-12-10,5.950596629184984
2024-12-11,5.958764960779011
2024-12-12,5.934810719988025
2024-12-13,5.991298621532561
2024-12-16,5.965548050416777
2024-12-17,5.88005739933715
2024-12-18,5.844798313700793
2024-12-19,5.781283103717969
2024-12-20,5.687749310903106
2024-12-23,5.73032634187646
2024-12-24,5.723704264045705
2024-12-26,5.729491724756885
2024-12-27,5.745714143168801
2024-12-30,5.702456372436931
2024-12-31,5.7024308121146365
2025-01-01,5.727603713325054
2025-01-02,5.842015869769976
2025-01-03,5.7947578657863215
2025-01-06,5.694920433694162
2025-01-07,5.718487163809884
2025-01-08,5.713623475278834
2025-01-09,5.671934129941573
2025-01-10,5.6475650524394165
2025-01-13,5.558948539238956
2025-01-14,5.582032953959976
2025-01-15,5.591552914359771
2025-01-16,5.616823939835205
2025-01-17,5.588982435996113
2025-01-20,5.6252600549315614
2025-01-21,5.5431908645065535
2025-01-22,5.576670552930873
2025-01-23,5.589483094240799
2025-01-24,5.5604842147864835
2025-01-27,5.493089581274923
2025-01-28,5.525885240557388
2025-01-29,5.5786050307145665
2025-01-30,5.600745472032347
2025-01-31,5.667105498815392
2025-02-01,5.660372490445965
2025-02-03,5.6293132009508335
2025-02-04,5.726280498980831
2025-02-05,5.715257430126669
2025-02-06,5.691403950507206
2025-02-07,5.680269185954538
2025-02-10,5.634517367771865
2025-02-11,5.55508383076927
2025-02-12,5.548281965006667
2025-02-13,5.544734188508498
2025-02-14,5.518567904830742
2025-02-17,5.526314369568353
2025-02-18,5.522677906021756
2025-02-19,5.51950225366145
2025-02-20,5.514444593340131
2025-02-21,5.484420392867069
2025-02-24,5.422330874330701
2025-02-25,5.420847479273988
2025-02-27,5.420207966165236
2025-02-28,5.312680595480473
2025-03-03,5.311301335812526
2025-03-04,5.301937586391658
2025-03-05,5.36699089487542
2025-03-06,5.42001181673681
2025-03-07,5.422007242225426
2025-03-10,5.398422329642583
2025-03-11,5.408037926578381
2025-03-12,5.401029893852014
2025-03-13,5.382283658019991
2025-03-17,5.410806126804032
2025-03-18,5.494072752455249
2025-03-19,5.5128376132904515
2025-03-20,5.585314845878406
2025-03-21,5.626251960173272
2025-03-24,5.70520076867791
2025-03-25,5.707843775470212
2025-03-26,5.6611954609824835
2025-03-27,5.68814964026547
2025-03-28,5.669525205541552
2025-04-01,5.578818968062181
2025-04-02,5.6215206340887045
2025-04-03,5.600435669864871
2025-04-04,5.511847511134841
2025-04-07,5.321643413656175
2025-04-08,5.41726327359211
2025-04-09,5.382299872922265
2025-04-11,5.492084216156468
2025-04-15,5.620072577353492
2025-04-16,5.647922197543136
2025-04-17,5.754189093194116
2025-04-21,5.8244963209907255
2025-04-22,5.8352078306717825
2025-04-23,5.876748992967913
2025-04-24,5.855609657818402
2025-04-25,5.802329642276534
2025-04-28,5.876587958249834
2025-04-29,5.8785024886365695
2025-04-30,5.878052710757126
2025-05-02,5.881265395109313
2025-05-05,5.910682000785683
2025-05-06,5.889715281979459
2025-05-07,5.8986606529047005
2025-05-08,5.862516912732178
2025-05-09,5.794213216443794
2025-05-12,6.029613498659187
2025-05-13,5.940464621300314
2025-05-14,5.963236649944405
2025-05-15,6.064890813189426
2025-05-16,6.053999619079555
2025-05-19,6.034857488715381
2025-05-20,5.967533460063559
2025-05-21,6.00085738859146
2025-05-22,5.948429132374275
2025-05-23,6.011039965613384
2025-05-26,6.0491265047678775
2025-05-27,6.0040872539106624
2025-05-28,5.9851096922362785
2025-05-29,6.005987561743928
2025-05-30,5.984655002588278
2025-06-02,5.975882112684255
2025-06-03,5.931095035236725
2025-06-04,5.951074063591879
2025-06-05,5.984688427851523
2025-06-06,6.049559610600509
2025-06-09,6.075341608186672
2025-06-10,6.075612188112091
2025-06-11,6.085178572031272
2025-06-12,6.019972025134595
2025-06-13,5.97632371099931
2025-06-16,6.034950613318477
2025-06-17,6.010986929292342
2025-06-18,6.000346160509683
2025-06-19,5.995508546998253
2025-06-20,6.077624885277232
2025-06-23,6.041445297296107
2025-06-24,6.060094685452686
2025-06-25,6.111689950023087
2025-06-26,6.190062225209072
2025-06-27,6.212954003076154
2025-06-30,6.181819198994559
2025-07-01,6.188198934183467
2025-07-02,6.165410810627617
2025-07-03,6.153014301976932
2025-07-04,6.167367686353305
2025-07-07,6.167445206890201
2025-07-08,6.1832181311728025
2025-07-09,6.171257485634599
2025-07-10,6.140109669121316
2025-07-11,6.08718585635327
2025-07-14,6.0697902081356405
2025-07-15,6.099014486685208
2025-07-16,6.103199785711435
2025-07-17,6.0772880940295195
2025-07-18,6.040452813670625
2025-07-21,6.071933391816938
2025-07-22,6.064260571150576
2025-07-23,6.105197940933535
2025-07-24,6.064552938011508
2025-07-25,6.006597030731123
2025-07-28,5.966429715556946
2025-07-29,6.002490963444653
2025-07-30,6.011226848169451
2025-07-31,5.988916052532767
2025-08-01,5.936689805066968
2025-08-04,5.97716312610593
2025-08-05,5.958333295843225
2025-08-06,5.9389534787302845
2025-08-07,5.944598036040286
2025-08-08,5.8847193177713475
2025-08-11,5.941708822508002
2025-08-12,5.916598293146453
2025-08-13,5.95052001217843
2025-08-14,5.953593492697048
2025-08-18,6.01676881473571
2025-08-19,6.043455307266553
2025-08-20,6.061448275120598
2025-08-21,6.0699955686040745
2025-08-22,6.014985621228542
2025-08-25,6.040114475147333
2025-08-26,5.974297670837257
2025-08-28,5.919983695961171
2025-08-29,5.900946203747916
2025-09-01,5.9518912596037
2025-09-02,5.940202603898328
2025-09-03,5.975032393289782
2025-09-04,5.979984056734156
2025-09-05,5.981707377714961
2025-09-08,5.989977954467762
2025-09-09,6.014533975172469
2025-09-10,6.04142507536049
2025-09-11,6.049764936479173
2025-09-12,6.077695154364314
2025-09-15,6.0661592874157515
2025-09-16,6.109902366891016
2025-09-17,6.133380338601134
2025-09-18,6.1574303094035185
2025-09-19,6.132550267949374
2025-09-22,6.100423380016661
2025-09-23,6.091962982237722
2025-09-24,6.062965440694861
2025-09-25,6.020215029395005
2025-09-26,5.959443162345436
2025-09-29,5.954351177681774
2025-09-30,5.9482302608968025
2025-10-01,6.006142322819257
2025-10-03,6.021053019017945
2025-10-06,6.068250116263456
2025-10-07,6.076141520144018
2025-10-08,6.0601387175296795
2025-10-09,6.095061131650275
2025-10-10,6.1217283734161905
2025-10-13,6.106787543757257
2025-10-14,6.085706144941008
2025-10-15,6.131555814922229
2025-10-16,6.198989113369137
2025-10-17,6.2310969925670285
2025-10-20,6.265471722750176
2025-10-21,6.272036566623629
2025-10-23,6.277918593691391
2025-10-24,6.253087119399536
2025-10-27,6.2971670699368705
2025-10-28,6.28946428079372
2025-10-29,6.319833227990507
2025-10-30,6.2743959345201805
2025-10-31,6.234215611921036
2025-11-03,6.244853146467691
2025-11-04,6.20211831537327
2025-11-06,6.179444573298509
2025-11-07,6.174960259675496
2025-11-10,6.196106791165306
2025-11-11,6.227195438445044
2025-11-12,6.273830078133825
2025-11-13,6.274694199501851
2025-11-14,6.282665848138662
2025-11-17,6.309342498798969
2025-11-18,6.282659061928412
2025-11-19,6.319449519759295
2025-11-20,6.355452891364679
2025-11-21,6.323438985665083
2025-11-24,6.295396530471736
2025-11-25,6.276121971273341
2025-11-26,6.3588049682859396
2025-11-27,6.361451346114723
2025-11-28,6.358197752934434
2025-12-01,6.351175411947543
2025-12-02,6.314115689550124
2025-12-03,6.302192898436268
2025-12-04,6.314514502853954
2025-12-05,6.3539222563654185
2025-12-08,6.295601904187342
2025-12-09,6.264406351252289
2025-12-10,6.2433446628847795
2025-12-11,6.279592330252599
2025-12-12,6.317877179720735
2025-12-15,6.312806292364883
2025-12-16,6.269656940444912
2025-12-17,6.258938934547032
2025-12-18,6.258165129183271
2025-12-19,6.297074252084501
2025-12-22,6.3502282473285705
2025-12-23,6.351454502967448
2025-12-24,6.342405720377214
2025-12-26,6.316643658163888
2025-12-29,6.290784078830981
2025-12-30,6.289945537168119
2025-12-31,6.339161087801912
